,Gross,Diff,CapPct,DiffPct,Date,Show,Theater,Avg_Ticket,Top_Ticket,Seats_Sold,Capacity,Performances,Previews
0,652162,42518.9,86.57,1.93,3/8/26,& Juliet,Stephen Sondheim Theatre,91.78,324,7106,1026,8,0
1,878121.4,16460.1,86.94,0.75,3/8/26,Aladdin,New Amsterdam Theatre,73.11,169.5,12011,1727,8,0
2,695210.37,104705.71,91.97,11.3,3/8/26,All Out: Comedy About Ambition,Nederlander Theatre,79.33,349,8763,1191,8,0
3,727652.87,54312.14,91.85,5.83,3/8/26,The Book of Mormon,Eugene O'Neill Theatre,92.9,269,7833,1066,8,0
4,823768.86,54091.9,96.03,11.29,3/8/26,Buena Vista Social Club,Gerald Schoenfeld Theatre,102.22,297,8059,1049,8,0
5,424743.4,113356.5,96.17,13.32,3/8/26,Bug,Samuel J. Friedman Theatre,86.66,375,4901,637,8,0
6,1160240.29,-6721.71,84.22,0.73,3/8/26,Chess,Imperial Theatre,119.1,427,9742,1446,8,0
7,1442265.73,260988.53,96.93,-0.87,3/8/26,Chicago,Ambassador Theatre,153.07,475,9422,1080,9,0
8,811693.6,56933.7,77.05,4.42,3/8/26,Death Becomes Her,Lunt-Fontanne Theatre,88.31,275,9191,1491,8,0
9,329821,0,100,0,3/8/26,Death of a Salesman,Winter Garden Theatre,112.11,227,2942,1471,0,2
10,1155640.3,174825.7,95.93,-1.59,3/8/26,Every Brilliant Thing,Hudson Theatre,135.75,349,8513,986,0,9
11,1166386.86,492810.56,91.02,14.08,3/8/26,The Great Gatsby,Broadway Theatre,107.87,424,10813,1485,8,0
12,876405.8,-427126.19,100.89,-0.32,3/8/26,Hadestown,Walter Kerr Theatre,118.29,0,7409,918,8,0
13,1795742,39298,100.15,0.6,3/8/26,Hamilton,Richard Rodgers Theatre,169.28,550,10608,1324,8,0
14,2453970,294572,99.99,0.1,3/8/26,Harry Potter and the Cursed Child,Lyric Theatre,189.13,384,12975,1622,8,0
15,1597793.5,112942,102.45,0.71,3/8/26,Just in Time,Circle in the Square Theatre,282.55,974.5,5655,690,8,0
16,1328698.7,2663,94.5,3.07,3/8/26,The Lion King,Minskoff Theatre,103.63,239,12822,1696,8,0
17,918449.51,100596.4,92.99,10.58,3/8/26,Maybe Happy Ending,Belasco Theatre,126.89,475,7238,973,8,0
18,1056027.5,65177,87.02,3.03,3/8/26,MJ The Musical,Neil Simon Theatre,109.36,329,9656,1387,8,0
19,932842.47,60140.29,92.35,2.5,3/8/26,Moulin Rouge! The Musical,Al Hirschfeld Theatre,97.13,0,9604,1300,8,0
20,712062.06,30887.89,93.83,11.13,3/8/26,"Oh, Mary!",Lyceum Theatre,105.99,375,6718,895,8,0
21,665336.95,1643.8,90.21,0.76,3/8/26,Operation Mincemeat,John Golden Theatre,116.71,475,5701,790,8,0
22,988919.85,117398.3,94.3,1.09,3/8/26,The Outsiders,Bernard B. Jacobs Theatre,128.02,497,7725,1024,8,0
23,1036926,49998,99.56,1.58,3/8/26,Ragtime,Vivian Beaumont Theater,123.63,329,8387,1053,8,0
24,503270.54,62421.33,68.04,0.66,3/8/26,SIX: The Musical,Lena Horne Theatre,89.68,269,5612,1031,8,0
25,1027728.8,-253302.59,87.12,-2.82,3/8/26,Stranger Things: The First Shadow,Marquis Theatre,105.72,299,9721,1594,7,0
26,548915.19,30036.59,73.1,3.94,3/8/26,Two Strangers (Carry a Cake Across New York),Longacre Theatre,89.65,275,6123,1047,8,0
27,1413078,105836,95.03,-1.17,3/8/26,Wicked,Gershwin Theatre,102.86,277,13738,1807,8,0
0,609643.1,-53164.2,84.64,-10.22,3/1/26,& Juliet,Stephen Sondheim Theatre,87.76,324,6947,1026,8,0
1,861661.3,-331924.3,86.19,-10.56,3/1/26,Aladdin,New Amsterdam Theatre,72.36,199.5,11908,1727,8,0
2,590504.66,-31687.91,80.67,-8.09,3/1/26,All Out: Comedy About Ambition,Nederlander Theatre,76.83,349,7686,1191,8,0
3,673340.73,-80579.46,86.02,-10.68,3/1/26,The Book of Mormon,Eugene O'Neill Theatre,91.79,249,7336,1066,8,0
4,769676.96,-51229.42,84.74,-10.83,3/1/26,Buena Vista Social Club,Gerald Schoenfeld Theatre,108.24,297,7111,1049,8,0
5,311386.9,-148237.1,82.85,3.3,3/1/26,Bug,Samuel J. Friedman Theatre,73.75,375,4222,637,8,0
6,1166962,381594.98,83.49,3.91,3/1/26,Chess,Imperial Theatre,120.83,427,9658,1446,8,0
7,1181277.2,-59705.63,97.8,-2.82,3/1/26,Chicago,Ambassador Theatre,159.76,475,7394,1080,7,0
8,754759.9,-229598.8,72.63,-15.14,3/1/26,Death Becomes Her,Lunt-Fontanne Theatre,87.12,299,8663,1491,8,0
9,980814.6,676387.85,97.52,-2.48,3/1/26,Every Brilliant Thing,Hudson Theatre,145.72,349,6731,986,0,7
10,673576.3,-473715.38,76.94,-16.89,3/1/26,The Great Gatsby,Broadway Theatre,84.22,304,7998,1485,7,0
11,1303531.99,160566.19,101.21,-0.17,3/1/26,Hadestown,Walter Kerr Theatre,175.37,0,7433,918,8,0
12,1756444,-383238,99.55,-1.21,3/1/26,Hamilton,Richard Rodgers Theatre,166.58,550,10544,1324,8,0
13,2159398,-411507.92,99.89,0.39,3/1/26,Harry Potter and the Cursed Child,Lyric Theatre,190.39,320,11342,1622,7,0
14,1484851.5,-23208.1,101.74,-1.47,3/1/26,Just in Time,Circle in the Square Theatre,264.4,974.5,5616,690,8,0
15,1326035.7,-597646.1,91.43,-6.03,3/1/26,The Lion King,Minskoff Theatre,106.9,239,12405,1696,8,0
16,817853.11,-196297.96,82.41,-13.66,3/1/26,Maybe Happy Ending,Belasco Theatre,127.49,475,6415,973,8,0
17,990850.5,-295274.29,83.99,-9.62,3/1/26,MJ The Musical,Neil Simon Theatre,106.33,309,9319,1387,8,0
18,872702.18,-177164.8,89.85,-8.81,3/1/26,Moulin Rouge! The Musical,Al Hirschfeld Theatre,93.4,0,9344,1300,8,0
19,681174.17,-30406.66,82.7,-12.72,3/1/26,"Oh, Mary!",Lyceum Theatre,115.04,375,5921,895,8,0
20,663693.15,-444132.2,89.45,-10.34,3/1/26,Operation Mincemeat,John Golden Theatre,117.41,475,5653,790,8,0
21,871521.55,-187738.81,93.21,-4.69,3/1/26,The Outsiders,Bernard B. Jacobs Theatre,114.13,398,7636,1024,8,0
22,986928,-140330.5,97.98,-1.31,3/1/26,Ragtime,Vivian Beaumont Theater,119.57,329,8254,1053,8,0
23,440849.21,-256189.64,67.38,-16.22,3/1/26,SIX: The Musical,Lena Horne Theatre,90.65,269,4863,1031,7,0
24,1281031.39,-303306.86,89.94,-10.79,3/1/26,Stranger Things: The First Shadow,Marquis Theatre,111.7,299,11469,1594,8,0
25,518878.6,-82923.91,69.16,-8.54,3/1/26,Two Strangers (Carry a Cake Across New York),Longacre Theatre,89.57,275,5793,1047,8,0
26,1307242,-308864,96.2,2.37,3/1/26,Wicked,Gershwin Theatre,94.01,277,13906,1807,8,0
0,662807.3,-195291.5,94.86,-1.33,2/22/26,& Juliet,Stephen Sondheim Theatre,97.29,324,6813,1026,7,0
1,1193585.6,-102678.4,96.75,0.78,2/22/26,Aladdin,New Amsterdam Theatre,89.29,179.5,13367,1727,8,0
2,622192.57,-77149.45,88.76,1.22,2/22/26,All Out: Comedy About Ambition,Nederlander Theatre,84.08,349,7400,1191,7,0
3,753920.19,-234495.91,96.7,-1.66,2/22/26,The Book of Mormon,Eugene O'Neill Theatre,104.48,269,7216,1066,7,0
4,820906.38,-243902.82,95.57,-5.2,2/22/26,Buena Vista Social Club,Gerald Schoenfeld Theatre,102.36,297,8020,1049,8,0
5,459624,-30556,79.55,-2.08,2/22/26,Bug,Samuel J. Friedman Theatre,113.38,375,4054,637,8,0
6,785367.02,-802674.78,79.58,-15.55,2/22/26,Chess,Imperial Theatre,85.31,397,9206,1446,8,0
7,1240982.83,-169109.98,100.62,1.49,2/22/26,Chicago,Ambassador Theatre,163.14,475,7607,1080,7,0
8,984358.7,-202006.3,87.77,-7.64,2/22/26,Death Becomes Her,Lunt-Fontanne Theatre,94.03,299,10469,1491,8,0
9,304426.75,0,100,0,2/22/26,Every Brilliant Thing,Hudson Theatre,154.37,349,1972,986,0,2
10,1147291.68,-120710.52,93.83,-1.97,2/22/26,The Great Gatsby,Broadway Theatre,102.92,304,11147,1485,8,0
11,1142965.8,-12682.2,101.38,0.71,2/22/26,Hadestown,Walter Kerr Theatre,153.52,0,7445,918,8,0
12,2139682,-58377.5,100.76,-0.37,2/22/26,Hamilton,Richard Rodgers Theatre,200.48,550,10673,1324,8,0
13,2570905.92,-111966.38,99.5,0.8,2/22/26,Harry Potter and the Cursed Child,Lyric Theatre,199.13,400,12911,1622,8,0
14,1438729.82,213600.79,98.66,1.6,2/22/26,Hell's Kitchen,Sam S. Shubert Theatre,125.11,397,11500,1457,8,0
15,1508059.6,45279.1,103.21,1,2/22/26,Just in Time,Circle in the Square Theatre,264.71,674.5,5697,690,8,0
16,1923681.8,4934,97.46,-0.56,2/22/26,The Lion King,Minskoff Theatre,145.47,289,13224,1696,8,0
17,1014151.07,-209744.78,96.07,-2.2,2/22/26,Maybe Happy Ending,Belasco Theatre,135.62,475,7478,973,8,0
18,1286124.79,-147716.66,93.61,-3.02,2/22/26,MJ The Musical,Neil Simon Theatre,123.82,329,10387,1387,8,0
19,1049866.98,-161628.6,98.66,-0.91,2/22/26,Moulin Rouge! The Musical,Al Hirschfeld Theatre,102.32,0,10261,1300,8,0
20,711580.83,-216344.63,95.42,-3.99,2/22/26,"Oh, Mary!",Lyceum Theatre,119.03,375,5978,895,7,0
21,1107825.35,150104.55,99.79,0.23,2/22/26,Operation Mincemeat,John Golden Theatre,175.65,975,6307,790,8,0
22,1059260.36,-161532.82,97.9,-2.3,2/22/26,The Outsiders,Bernard B. Jacobs Theatre,132.08,398,8020,1024,8,0
23,1127258.5,-39306,99.29,-0.71,2/22/26,Ragtime,Vivian Beaumont Theater,134.78,279,8364,1053,8,0
24,697038.85,-55849.19,83.6,-1.46,2/22/26,SIX: The Musical,Lena Horne Theatre,101.09,269,6895,1031,8,0
25,1584338.25,0,100.73,0,2/22/26,Stranger Things: The First Shadow,Marquis Theatre,140.97,399,11239,1594,7,0
26,601802.51,-159062.64,77.7,-14.66,2/22/26,Two Strangers (Carry a Cake Across New York),Longacre Theatre,92.47,375,6508,1047,8,0
27,1616106,-408222.5,93.83,-5.28,2/22/26,Wicked,Gershwin Theatre,136.16,277,11869,1807,7,0
0,858098.8,182811.7,96.19,4.01,2/15/26,& Juliet,Stephen Sondheim Theatre,108.69,324,7895,1026,8,0
1,1296264,314283.8,95.97,4.57,2/15/26,Aladdin,New Amsterdam Theatre,97.76,199.5,13259,1727,8,0
2,699342.02,123861.98,87.54,10.35,2/15/26,All Out: Comedy About Ambition,Nederlander Theatre,83.84,349,8341,1191,8,0
3,988416.1,233296.35,98.36,4.91,2/15/26,The Book of Mormon,Eugene O'Neill Theatre,117.84,349,8388,1066,8,0
4,1064809.2,153475.33,100.77,1.1,2/15/26,Buena Vista Social Club,Gerald Schoenfeld Theatre,125.91,325,8457,1049,8,0
5,490180,-69587.4,81.63,-8.07,2/15/26,Bug,Samuel J. Friedman Theatre,117.83,375,4160,637,8,0
6,1588041.8,208569.32,95.13,1.09,2/15/26,Chess,Imperial Theatre,144.3,427,11005,1446,8,0
7,1410092.81,93115.84,99.13,0.91,2/15/26,Chicago,Ambassador Theatre,164.63,475,8565,1080,8,0
8,1186365,194795.3,95.41,3.59,2/15/26,Death Becomes Her,Lunt-Fontanne Theatre,104.25,399,11380,1491,8,0
9,1268002.2,452541.5,95.8,12.66,2/15/26,The Great Gatsby,Broadway Theatre,111.41,424,11381,1485,8,0
10,1155648,265001,100.67,2.2,2/15/26,Hadestown,Walter Kerr Theatre,156.32,0,7393,918,8,0
11,2198059.5,349162,101.13,1.89,2/15/26,Hamilton,Richard Rodgers Theatre,205.2,800,10712,1324,8,0
12,2682872.3,342935.25,98.7,1,2/15/26,Harry Potter and the Cursed Child,Lyric Theatre,209.48,450,12807,1622,8,0
13,1225129.03,310754.98,97.06,4.43,2/15/26,Hell's Kitchen,Sam S. Shubert Theatre,108.29,297,11313,1457,8,0
14,1462780.5,148471,102.21,0.89,2/15/26,Just in Time,Circle in the Square Theatre,259.27,674.5,5642,690,8,0
15,1918747.8,404691,98.02,4.53,2/15/26,The Lion King,Minskoff Theatre,144.28,279,13299,1696,8,0
16,405194.26,49626.67,94.71,0.05,2/15/26,Marjorie Prime,Helen Hayes Theater,92.05,269,4402,581,8,0
17,1223895.85,201155.22,98.27,-0.61,2/15/26,Maybe Happy Ending,Belasco Theatre,160.01,475,7649,973,8,0
18,1433841.45,350975.29,96.63,7.19,2/15/26,MJ The Musical,Neil Simon Theatre,133.73,352,10722,1387,8,0
19,1211495.58,267043.68,99.57,2.96,2/15/26,Moulin Rouge! The Musical,Al Hirschfeld Theatre,117,0,10355,1300,8,0
20,927925.46,82661.48,99.41,2.86,2/15/26,"Oh, Mary!",Lyceum Theatre,130.36,375,7118,895,8,0
21,957720.8,200820.96,99.56,0.08,2/15/26,Operation Mincemeat,John Golden Theatre,152.21,675,6292,790,8,0
22,1220793.18,289010.18,100.2,4.57,2/15/26,The Outsiders,Bernard B. Jacobs Theatre,148.73,497,8208,1024,8,0
23,1166564.5,76554,100,0,2/15/26,Ragtime,Vivian Beaumont Theater,138.48,329,8424,1053,8,0
24,752888.04,227452.03,85.06,18.69,2/15/26,SIX: The Musical,Lena Horne Theatre,107.31,269,7016,1031,8,0
25,760865.15,140261.73,92.36,9.64,2/15/26,Two Strangers (Carry a Cake Across New York),Longacre Theatre,98.35,375,7736,1047,8,0
26,2024328.5,428070,99.11,0.76,2/15/26,Wicked,Gershwin Theatre,136.79,277,14799,1867,8,0
0,675287.1,17229,92.18,5.61,2/8/26,& Juliet,Stephen Sondheim Theatre,89.25,324,7566,1026,8,0
1,981980.2,12659.8,91.4,-0.7,2/8/26,Aladdin,New Amsterdam Theatre,77.76,189.5,12628,1727,8,0
2,575480.04,-56631.24,77.19,-3.9,2/8/26,All Out: Comedy About Ambition,Nederlander Theatre,78.24,349,7355,1191,8,0
3,755119.75,-1786.25,93.45,1.73,2/8/26,The Book of Mormon,Eugene O'Neill Theatre,94.76,269,7969,1066,8,0
4,911333.87,17887.78,99.67,5.85,2/8/26,Buena Vista Social Club,Gerald Schoenfeld Theatre,108.96,325,8364,1049,8,0
5,559767.4,-5698.6,89.7,-1.65,2/8/26,Bug,Samuel J. Friedman Theatre,122.46,375,4571,637,8,0
6,1379472.48,-46692.42,94.04,3.33,2/8/26,Chess,Imperial Theatre,126.8,427,10879,1446,8,0
7,1316976.97,657211.58,98.22,12.88,2/8/26,Chicago,Ambassador Theatre,155.19,523,8486,1080,8,0
8,991569.7,62680.6,91.82,4.63,2/8/26,Death Becomes Her,Lunt-Fontanne Theatre,90.54,275,10952,1491,8,0
9,815460.7,-75031.04,83.14,-0.26,2/8/26,The Great Gatsby,Broadway Theatre,82.56,304,9877,1485,8,0
10,890647,51106.5,98.47,1.26,2/8/26,Hadestown,Walter Kerr Theatre,123.15,0,7232,918,8,0
11,1848897.5,-50765.5,99.24,-0.47,2/8/26,Hamilton,Richard Rodgers Theatre,175.9,550,10511,1324,8,0
12,2339937.05,-24761.05,97.7,-0.95,2/8/26,Harry Potter and the Cursed Child,Lyric Theatre,184.57,320,12678,1622,8,0
13,914374.05,123188.95,92.63,10.78,2/8/26,Hell's Kitchen,Sam S. Shubert Theatre,84.69,247,10797,1457,8,0
14,1314309.5,-108304.15,101.32,0.76,2/8/26,Just in Time,Circle in the Square Theatre,234.99,674.5,5593,690,8,0
15,1514056.8,12866.5,93.49,-0.51,2/8/26,The Lion King,Minskoff Theatre,119.36,249,12685,1696,8,0
16,355567.59,1425.53,94.66,-0.97,2/8/26,Marjorie Prime,Helen Hayes Theater,80.81,269,4400,581,8,0
17,1022740.63,311685.98,98.88,9.99,2/8/26,Maybe Happy Ending,Belasco Theatre,132.88,475,7697,973,8,0
18,1082866.16,49196.79,89.44,4.95,2/8/26,MJ The Musical,Neil Simon Theatre,109.12,309,9924,1387,8,0
19,944451.9,22762.1,96.61,4.75,2/8/26,Moulin Rouge! The Musical,Al Hirschfeld Theatre,94,0,10047,1300,8,0
20,1212949,279616,100.16,2.61,2/8/26,Oedipus,Studio 54,149.14,327,8133,1015,8,0
21,845263.98,-208845.78,96.55,-3.17,2/8/26,"Oh, Mary!",Lyceum Theatre,122.27,375,6913,895,8,0
22,756899.84,-4444.53,99.48,1.14,2/8/26,Operation Mincemeat,John Golden Theatre,120.39,475,6287,790,8,0
23,931783,1280.5,95.63,3.63,2/8/26,The Outsiders,Bernard B. Jacobs Theatre,118.94,398,7834,1024,8,0
24,1090010.5,-15366,100,0.99,2/8/26,Ragtime,Vivian Beaumont Theater,129.39,279,8424,1053,8,0
25,525436.01,-9072.94,66.37,-0.57,2/8/26,SIX: The Musical,Lena Horne Theatre,95.99,269,5474,1031,8,0
26,1400513.6,-32484.45,93.01,0.58,2/8/26,Stranger Things: The First Shadow,Marquis Theatre,118.08,399,11861,1594,8,0
27,620603.42,-13083.62,82.72,2.37,2/8/26,Two Strangers (Carry a Cake Across New York),Longacre Theatre,89.57,275,6929,1047,8,0
28,1596258.5,-8905,98.35,-0.14,2/8/26,Wicked,Gershwin Theatre,108.69,277,14686,1867,8,0
0,658058.1,98019.9,86.57,4.63,2/1/26,& Juliet,Stephen Sondheim Theatre,92.61,324,7106,1026,8,0
1,969320.4,264562.8,92.1,3.56,2/1/26,Aladdin,New Amsterdam Theatre,76.18,199.5,12724,1727,8,0
2,632111.28,-26439.46,81.09,-0.29,2/1/26,All Out: Comedy About Ambition,Nederlander Theatre,81.82,349,7726,1191,8,0
3,756906,171400.5,91.72,2.46,2/1/26,The Book of Mormon,Eugene O'Neill Theatre,96.77,249,7822,1066,8,0
4,893446.09,30978.38,93.82,5.8,2/1/26,Buena Vista Social Club,Gerald Schoenfeld Theatre,113.48,325,7873,1049,8,0
5,565466,23112,91.35,-0.98,2/1/26,Bug,Samuel J. Friedman Theatre,121.47,375,4655,637,8,0
6,1426164.9,16404.92,90.71,0.3,2/1/26,Chess,Imperial Theatre,135.92,427,10493,1446,8,0
7,659765.39,34765.94,85.34,5.46,2/1/26,Chicago,Ambassador Theatre,89.48,237,7373,1080,8,0
8,928889.1,-20523.2,87.19,1.4,2/1/26,Death Becomes Her,Lunt-Fontanne Theatre,89.32,275,10400,1491,8,0
9,890491.74,-2331.51,83.4,0.84,2/1/26,The Great Gatsby,Broadway Theatre,89.88,374,9908,1485,8,0
10,839540.5,-12900,97.21,-1.36,2/1/26,Hadestown,Walter Kerr Theatre,117.6,0,7139,918,8,0
11,1899663,-48712,99.71,0.44,2/1/26,Hamilton,Richard Rodgers Theatre,179.88,500,10561,1324,8,0
12,2364698.1,240645.55,98.65,2.93,2/1/26,Harry Potter and the Cursed Child,Lyric Theatre,184.73,350,12801,1622,8,0
13,791185.1,-145937.6,81.85,-8.32,2/1/26,Hell's Kitchen,Sam S. Shubert Theatre,82.92,247,9541,1457,8,0
14,1422613.65,29149.65,100.56,-1.18,2/1/26,Just in Time,Circle in the Square Theatre,256.28,674.5,5551,690,8,0
15,734237.46,194680.69,94.1,9.42,2/1/26,Liberation,James Earl Jones Theatre,91.93,297,7987,1061,8,0
16,1501190.3,342971.9,94,0.1,2/1/26,The Lion King,Minskoff Theatre,117.7,239,12754,1696,8,0
17,1821527.92,392258.77,98.71,5.66,2/1/26,Mamma Mia!,Winter Garden Theatre,152.86,428,11916,1509,8,0
18,354142.06,14711.23,95.63,2.32,2/1/26,Marjorie Prime,Helen Hayes Theater,79.67,269,4445,581,8,0
19,711054.65,-297969.62,88.89,-5.8,2/1/26,Maybe Happy Ending,Belasco Theatre,117.45,475,6054,973,7,0
20,1033669.37,153343.08,84.49,1.6,2/1/26,MJ The Musical,Neil Simon Theatre,110.26,329,9375,1387,8,0
21,921689.8,111846.4,91.86,5.47,2/1/26,Moulin Rouge! The Musical,Al Hirschfeld Theatre,96.48,0,9553,1300,8,0
22,933333,43039.5,97.55,0.79,2/1/26,Oedipus,Studio 54,117.83,327,7921,1015,8,0
23,1054109.76,64975.74,99.72,2.65,2/1/26,"Oh, Mary!",Lyceum Theatre,147.63,375,7140,895,8,0
24,761344.37,19039.47,98.34,-0.65,2/1/26,Operation Mincemeat,John Golden Theatre,122.5,475,6215,790,8,0
25,930502.5,51499.35,92,2.52,2/1/26,The Outsiders,Bernard B. Jacobs Theatre,123.46,497,7537,1024,8,0
26,1105376.5,113742,99.01,-0.73,2/1/26,Ragtime,Vivian Beaumont Theater,132.52,279,8341,1053,8,0
27,534508.95,15390.94,66.94,2.35,2/1/26,SIX: The Musical,Lena Horne Theatre,96.81,269,5521,1031,8,0
28,1432998.05,118671.65,92.43,-3.16,2/1/26,Stranger Things: The First Shadow,Marquis Theatre,121.57,399,11787,1594,8,0
29,633687.04,13151.14,80.35,1.57,2/1/26,Two Strangers (Carry a Cake Across New York),Longacre Theatre,94.16,275,6730,1047,8,0
30,1605163.5,-187060.5,98.49,-0.39,2/1/26,Wicked,Gershwin Theatre,109.15,277,14706,1867,8,0
0,560038.2,-207197.7,81.94,-4.6,1/25/26,& Juliet,Stephen Sondheim Theatre,95.16,324,5885,1026,7,0
1,704757.6,-334840.5,88.54,-2.76,1/25/26,Aladdin,New Amsterdam Theatre,76.82,199.5,9174,1727,6,0
2,658550.74,51375.96,81.38,0.43,1/25/26,All Out: Comedy About Ambition,Nederlander Theatre,97.06,349,6785,1191,7,0
3,585505.5,-295742.3,89.26,0,1/25/26,The Book of Mormon,Eugene O'Neill Theatre,102.56,269,5709,1066,6,0
4,862467.71,-132140.59,88.02,-7.48,1/25/26,Buena Vista Social Club,Gerald Schoenfeld Theatre,116.75,397,7387,1049,8,0
5,542354,-30948,92.33,-3.84,1/25/26,Bug,Samuel J. Friedman Theatre,115.27,375,4705,637,8,0
6,1409759.98,-280481.3,90.41,-2.19,1/25/26,Chess,Imperial Theatre,134.79,427,10459,1446,8,0
7,624999.45,-19830.5,79.88,4.35,1/25/26,Chicago,Ambassador Theatre,90.55,237,6902,1080,8,0
8,949412.3,-212506,85.79,-6.46,1/25/26,Death Becomes Her,Lunt-Fontanne Theatre,92.78,275,10233,1491,8,0
9,892823.25,-133554.9,82.56,-0.41,1/25/26,The Great Gatsby,Broadway Theatre,91.03,404,9808,1485,8,0
10,852440.5,-163115.5,98.57,-1.87,1/25/26,Hadestown,Walter Kerr Theatre,117.76,0,7239,918,8,0
11,1948375,-246230,99.27,-1.76,1/25/26,Hamilton,Richard Rodgers Theatre,185.29,550,10515,1324,8,0
12,2124052.55,-528620.4,95.72,-2.71,1/25/26,Harry Potter and the Cursed Child,Lyric Theatre,195.44,370,10868,1622,7,0
13,937122.7,-18293.61,90.17,7.73,1/25/26,Hell's Kitchen,Sam S. Shubert Theatre,89.16,247,10510,1457,8,0
14,1393464,849085.65,101.74,9.33,1/25/26,Just in Time,Circle in the Square Theatre,248.12,674.5,5616,690,8,0
15,539556.77,13345.22,84.68,-2.66,1/25/26,Liberation,James Earl Jones Theatre,75.06,297,7188,1061,8,0
16,1158218.4,-509980.4,93.9,-1.22,1/25/26,The Lion King,Minskoff Theatre,121.22,279,9555,1696,6,0
17,1429269.15,-512576.25,93.05,-6.93,1/25/26,Mamma Mia!,Winter Garden Theatre,145.41,398,9829,1509,7,0
18,339430.83,-48943.67,93.31,-2.77,1/25/26,Marjorie Prime,Helen Hayes Theater,78.26,249,4337,581,8,0
19,1009024.27,-113499.28,94.69,-1.96,1/25/26,Maybe Happy Ending,Belasco Theatre,136.89,475,7371,973,8,0
20,880326.29,-304325.87,82.89,-10.73,1/25/26,MJ The Musical,Neil Simon Theatre,109.38,329,8048,1387,7,0
21,809843.4,-131377.6,86.39,-8.37,1/25/26,Moulin Rouge! The Musical,Al Hirschfeld Theatre,90.13,0,8985,1300,8,0
22,890293.5,29540,96.76,8,1/25/26,Oedipus,Studio 54,113.31,327,7857,1015,8,0
23,989134.02,-121884.94,97.07,-2.34,1/25/26,"Oh, Mary!",Lyceum Theatre,142.32,375,6950,895,8,0
24,742304.9,-64088.35,98.99,1.68,1/25/26,Operation Mincemeat,John Golden Theatre,118.65,475,6256,790,8,0
25,879003.15,-227942.3,89.48,-6.33,1/25/26,The Outsiders,Bernard B. Jacobs Theatre,119.92,497,7330,1024,8,0
26,991634.5,-187884,99.74,-0.03,1/25/26,Ragtime,Vivian Beaumont Theater,134.88,279,7352,1053,7,0
27,519118.01,-172783.34,64.59,-14.47,1/25/26,SIX: The Musical,Lena Horne Theatre,97.45,269,5327,1031,8,0
28,1314326.4,-429657,95.59,-3.4,1/25/26,Stranger Things: The First Shadow,Marquis Theatre,123.23,399,10666,1594,7,0
29,620535.9,-109774.5,78.78,-6.54,1/25/26,Two Strangers (Carry a Cake Across New York),Longacre Theatre,94.03,375,6599,1047,8,0
30,1792224,-150376,98.88,-1.12,1/25/26,Wicked,Gershwin Theatre,117.64,277,15235,1926,8,0
0,767235.9,85469.5,86.54,-1.58,1/18/26,& Juliet,Stephen Sondheim Theatre,108.02,324,7103,1026,8,0
1,1039598.1,-31472.4,91.3,-2.35,1/18/26,Aladdin,New Amsterdam Theatre,82.42,199.5,12614,1727,8,0
2,607174.78,-22825.68,80.95,1.34,1/18/26,All Out: Comedy About Ambition,Nederlander Theatre,78.72,349,7713,1191,8,0
3,881247.8,14368.4,89.26,-1.39,1/18/26,The Book of Mormon,Eugene O'Neill Theatre,115.77,279,7612,1066,8,0
4,994608.3,44632.8,95.5,2.04,1/18/26,Buena Vista Social Club,Gerald Schoenfeld Theatre,124.11,297,8014,1049,8,0
5,573302,255972,96.17,-2.31,1/18/26,Bug,Samuel J. Friedman Theatre,116.98,375,4901,637,8,0
6,1690241.28,18551.48,92.6,-2.48,1/18/26,Chess,Imperial Theatre,157.79,475,10712,1446,8,0
7,644829.95,-21032.7,75.53,-1.33,1/18/26,Chicago,Ambassador Theatre,98.81,237,6526,1080,8,0
8,1161918.3,93959.9,92.25,1.09,1/18/26,Death Becomes Her,Lunt-Fontanne Theatre,105.59,399,11004,1491,8,0
9,1026378.15,-74345.55,82.97,-7.89,1/18/26,The Great Gatsby,Broadway Theatre,104.13,404,9857,1485,8,0
10,1015556,75628,100.44,0.09,1/18/26,Hadestown,Walter Kerr Theatre,137.68,0,7376,918,8,0
11,2194605,12060,101.03,0.47,1/18/26,Hamilton,Richard Rodgers Theatre,205.08,800,10701,1324,8,0
12,2652672.95,4637.45,98.43,-1.55,1/18/26,Harry Potter and the Cursed Child,Lyric Theatre,207.69,500,12772,1622,8,0
13,955416.31,127227.45,82.44,3.73,1/18/26,Hell's Kitchen,Sam S. Shubert Theatre,99.43,397,9609,1457,8,0
14,544378.35,-911969.65,92.41,-10.42,1/18/26,Just in Time,Circle in the Square Theatre,106.72,674.5,5101,690,8,0
15,526211.55,-112823.04,87.34,1.6,1/18/26,Liberation,James Earl Jones Theatre,70.98,347,7413,1061,8,0
16,1668198.8,-39595,95.12,-0.16,1/18/26,The Lion King,Minskoff Theatre,129.26,279,12906,1696,8,0
17,1941845.4,164295.5,99.98,-0.38,1/18/26,Mamma Mia!,Winter Garden Theatre,160.88,398,12070,1509,8,0
18,388374.5,5457,96.08,-1.12,1/18/26,Marjorie Prime,Helen Hayes Theater,86.96,269,4466,581,8,0
19,1122523.55,68971.16,96.65,3.5,1/18/26,Maybe Happy Ending,Belasco Theatre,149.21,575,7523,973,8,0
20,1184652.16,76071.49,93.62,6.1,1/18/26,MJ The Musical,Neil Simon Theatre,114.04,349,10388,1387,8,0
21,941221,59987.6,94.76,5.15,1/18/26,Moulin Rouge! The Musical,Al Hirschfeld Theatre,95.51,0,9855,1300,8,0
22,860753.5,-3952,88.76,-3.95,1/18/26,Oedipus,Studio 54,119.43,327,7207,1015,8,0
23,1111018.96,129625.21,99.41,2.86,1/18/26,"Oh, Mary!",Lyceum Theatre,156.09,375,7118,895,8,0
24,806393.25,155390.9,97.31,9,1/18/26,Operation Mincemeat,John Golden Theatre,131.12,475,6150,790,8,0
25,1106945.45,51548.3,95.81,-0.86,1/18/26,The Outsiders,Bernard B. Jacobs Theatre,141.03,497,7849,1024,8,0
26,1179518.5,30021.5,99.77,-0.23,1/18/26,Ragtime,Vivian Beaumont Theater,140.34,279,8405,1053,8,0
27,691901.35,94932.15,79.06,2.93,1/18/26,SIX: The Musical,Lena Horne Theatre,106.1,269,6521,1031,8,0
28,1743983.4,82317.1,98.99,-1.07,1/18/26,Stranger Things: The First Shadow,Marquis Theatre,138.16,399,12623,1594,8,0
29,730310.4,74577.45,85.32,4.96,1/18/26,Two Strangers (Carry a Cake Across New York),Longacre Theatre,102.2,375,7146,1047,8,0
30,1942600,-132300,100,0,1/18/26,Wicked,Gershwin Theatre,126.08,277,15408,1926,8,0
0,681766.4,-523478.9,88.12,-12.2,1/11/26,& Juliet,Stephen Sondheim Theatre,94.26,324,7233,1026,8,0
1,1071070.5,-1084841.5,93.65,-6.15,1/11/26,Aladdin,New Amsterdam Theatre,82.78,189.5,12939,1727,8,0
2,630000.46,-192586.94,79.61,-17.36,1/11/26,All Out: Comedy About Ambition,Nederlander Theatre,83.06,349,7585,1191,8,0
3,866879.4,-498539.4,90.65,-9.09,1/11/26,The Book of Mormon,Eugene O'Neill Theatre,112.13,299,7731,1066,8,0
4,949975.5,-269176.22,93.46,-7.37,1/11/26,Buena Vista Social Club,Gerald Schoenfeld Theatre,121.12,297,7843,1049,8,0
5,317330,-129476,98.48,2.07,1/11/26,Bug,Samuel J. Friedman Theatre,84.31,375,3764,637,5,1
6,1671689.8,-238372.92,95.08,-4.72,1/11/26,Chess,Imperial Theatre,151.99,427,10999,1446,8,0
7,665862.65,-456695.35,76.86,-11.68,1/11/26,Chicago,Ambassador Theatre,100.27,237,6641,1080,8,0
8,1067958.4,-561784.7,91.16,-8.28,1/11/26,Death Becomes Her,Lunt-Fontanne Theatre,98.22,399,10873,1491,8,0
9,1100723.7,-518255.69,90.86,-9.05,1/11/26,The Great Gatsby,Broadway Theatre,101.98,324,10794,1485,8,0
10,939928,-339078,100.35,-0.97,1/11/26,Hadestown,Walter Kerr Theatre,127.53,0,7370,918,8,0
11,2182545,-1150209,100.56,-0.78,1/11/26,Hamilton,Richard Rodgers Theatre,204.91,550,10651,1324,8,0
12,2648035.5,-622683,99.98,-0.02,1/11/26,Harry Potter and the Cursed Child,Lyric Theatre,204.12,500,12973,1622,8,0
13,828188.86,-331381.84,78.71,-19.24,1/11/26,Hell's Kitchen,Sam S. Shubert Theatre,90.27,347,9175,1457,8,0
14,1456348,-143806.5,102.83,-0.25,1/11/26,Just in Time,Circle in the Square Theatre,256.58,674.5,5676,690,8,0
15,639034.59,214311.44,85.74,20.19,1/11/26,Liberation,James Earl Jones Theatre,87.8,347,7278,1061,8,0
16,1707793.8,-1438105.2,95.28,-3.77,1/11/26,The Lion King,Minskoff Theatre,132.1,259,12928,1696,8,0
17,1777549.9,-816653.8,100.36,-1.59,1/11/26,Mamma Mia!,Winter Garden Theatre,146.71,398,12116,1509,8,0
18,382917.5,29000.5,97.2,-1.44,1/11/26,Marjorie Prime,Helen Hayes Theater,84.75,269,4518,581,8,0
19,1053552.39,-327157.13,93.15,-8.75,1/11/26,Maybe Happy Ending,Belasco Theatre,145.3,575,7251,973,8,0
20,1108580.67,-882828.03,87.52,-12.26,1/11/26,MJ The Musical,Neil Simon Theatre,114.16,329,9711,1387,8,0
21,881233.4,-573787.2,89.61,-10.39,1/11/26,Moulin Rouge! The Musical,Al Hirschfeld Theatre,94.56,0,9319,1300,8,0
22,864705.5,51006,92.71,-5.48,1/11/26,Oedipus,Studio 54,114.87,327,7528,1015,8,0
23,981393.75,-338376.29,96.55,-3.45,1/11/26,"Oh, Mary!",Lyceum Theatre,141.96,375,6913,895,8,0
24,651002.35,-210106.65,88.31,-11.45,1/11/26,Operation Mincemeat,John Golden Theatre,116.65,475,5581,790,8,0
25,1055397.15,-736627.8,96.67,-5.62,1/11/26,The Outsiders,Bernard B. Jacobs Theatre,133.27,398,7919,1024,8,0
26,1149497,-387072,100,0,1/11/26,Ragtime,Vivian Beaumont Theater,136.46,279,8424,1053,8,0
27,596969.2,-535459.05,76.13,-19.9,1/11/26,SIX: The Musical,Lena Horne Theatre,95.07,269,6279,1031,8,0
28,1661666.3,-339972.7,100.06,-0.94,1/11/26,Stranger Things: The First Shadow,Marquis Theatre,130.22,399,12760,1594,8,0
29,655732.95,-230235.45,80.36,-9.24,1/11/26,Two Strangers (Carry a Cake Across New York),Longacre Theatre,97.42,275,6731,1047,8,0
30,2074900,-1211625,100,0,1/11/26,Wicked,Gershwin Theatre,134.66,277,15408,1926,8,0
0,1205245.3,56983,100.32,3.2,1/4/26,& Juliet,Stephen Sondheim Theatre,146.37,408,8234,1026,8,0
1,2155912,-287138.7,99.8,1.74,1/4/26,Aladdin,New Amsterdam Theatre,156.35,349.5,13789,1727,8,0
2,822587.4,114208.86,96.97,4.15,1/4/26,All Out: Comedy About Ambition,Nederlander Theatre,89.03,349,9239,1191,8,0
3,1373690.5,311281.97,96.47,20.14,1/4/26,Beetlejuice,Palace Theatre,108,299,12719,1648,8,0
4,1365418.8,-64913,99.74,1.52,1/4/26,The Book of Mormon,Eugene O'Neill Theatre,160.52,349,8506,1066,8,0
5,1219151.72,-184206.78,100.83,1.32,1/4/26,Buena Vista Social Club,Gerald Schoenfeld Theatre,144.07,425,8462,1049,8,0
6,446806,101589,96.41,8.5,1/4/26,Bug,Samuel J. Friedman Theatre,90.94,375,4913,637,0,8
7,1910062.72,46760.28,99.8,4.69,1/4/26,Chess,Imperial Theatre,165.45,447,11545,1446,8,0
8,1122558,10956.84,88.54,3.79,1/4/26,Chicago,Ambassador Theatre,146.74,277,7650,1080,8,0
9,1629743.1,45563.4,99.44,5.03,1/4/26,Death Becomes Her,Lunt-Fontanne Theatre,137.4,499,11861,1491,8,0
10,1618979.39,-190150.37,99.91,9.79,1/4/26,The Great Gatsby,Broadway Theatre,155.88,424,10386,1485,7,0
11,1279006,-31534,101.32,2.63,1/4/26,Hadestown,Walter Kerr Theatre,171.89,0,7441,918,8,0
12,3332754,-435634,101.34,-0.12,1/4/26,Hamilton,Richard Rodgers Theatre,310.49,850,10734,1324,8,0
13,3270718.5,-439156.5,100,0,1/4/26,Harry Potter and the Cursed Child,Lyric Theatre,252.06,550,12976,1622,8,0
14,1159570.7,-103077.48,97.95,3.77,1/4/26,Hell's Kitchen,Sam S. Shubert Theatre,101.57,397,11417,1457,8,0
15,1600154.5,-40120,103.08,0.22,1/4/26,Just in Time,Circle in the Square Theatre,281.22,974.5,5690,690,8,0
16,424723.15,78296.77,65.55,14.05,1/4/26,Liberation,James Earl Jones Theatre,76.33,347,5564,1061,8,0
17,3145899,-769660,99.05,2.35,1/4/26,The Lion King,Minskoff Theatre,234.09,399,13439,1696,8,0
18,2594203.7,521812.57,101.95,0.27,1/4/26,Mamma Mia!,Winter Garden Theatre,187.36,398,13846,1509,9,0
19,353917,91341.5,98.64,2.08,1/4/26,Marjorie Prime,Helen Hayes Theater,77.19,269,4585,581,8,0
20,1380709.52,-31335.08,101.9,0.74,1/4/26,Maybe Happy Ending,Belasco Theatre,174.07,575,7932,973,8,0
21,1991408.7,-230143.55,99.78,0.45,1/4/26,MJ The Musical,Neil Simon Theatre,179.86,399,11072,1387,8,0
22,1455020.6,35395.4,100,1.94,1/4/26,Moulin Rouge! The Musical,Al Hirschfeld Theatre,139.91,0,10400,1300,8,0
23,813699.5,36126.5,98.19,8.62,1/4/26,Oedipus,Studio 54,102.06,327,7973,1015,8,0
24,1319770.04,45305.86,100,0.04,1/4/26,"Oh, Mary!",Lyceum Theatre,184.33,425,7160,895,8,0
25,861109,-51094.55,99.76,2.77,1/4/26,Operation Mincemeat,John Golden Theatre,136.58,475,6305,790,8,0
26,1792024.95,135669.7,102.29,1.34,1/4/26,The Outsiders,Bernard B. Jacobs Theatre,190.09,548,9427,1024,9,0
27,1536569,-51538,100,0,1/4/26,Ragtime,Vivian Beaumont Theater,182.4,449,8424,1053,8,0
28,1132428.25,212856.05,96.03,3.07,1/4/26,SIX: The Musical,Lena Horne Theatre,127.08,349,8911,1031,9,0
29,2001639,-509309,101,0.01,1/4/26,Stranger Things: The First Shadow,Marquis Theatre,177.61,399,11270,1594,7,0
30,885968.4,231993.8,89.6,8.88,1/4/26,Two Strangers (Carry a Cake Across New York),Longacre Theatre,104.94,375,8443,1047,9,0
31,1549151.5,242684.2,100,0,1/4/26,Waiting for Godot,Hudson Theatre,198.81,599,7792,974,8,0
32,3286525,-1114546,100,0,1/4/26,Wicked,Gershwin Theatre,213.3,277,15408,1926,8,0
0,1148262.3,222109.2,97.12,2.99,12/28/25,& Juliet,Stephen Sondheim Theatre,144.04,378,7972,1026,8,0
1,2443050.7,840927.8,98.06,2.66,12/28/25,Aladdin,New Amsterdam Theatre,160.29,349.5,15241,1727,9,0
2,708378.54,-364796.46,92.82,-2.37,12/28/25,All Out: Comedy About Ambition,Nederlander Theatre,80.1,349,8844,1191,8,0
3,1062408.53,292830.29,76.33,11.77,12/28/25,Beetlejuice,Palace Theatre,105.58,299,10063,1648,8,0
4,1430331.8,245986.3,98.22,1.8,12/28/25,The Book of Mormon,Eugene O'Neill Theatre,170.77,329,8376,1066,8,0
5,1403358.5,361123.75,99.51,6.74,12/28/25,Buena Vista Social Club,Gerald Schoenfeld Theatre,168.05,425,8351,1049,8,0
6,345217,-3554,87.91,-2.33,12/28/25,Bug,Samuel J. Friedman Theatre,88.07,375,3920,637,0,7
7,1863302.44,135324.22,95.11,0.17,12/28/25,Chess,Imperial Theatre,169.36,447,11002,1446,8,0
8,1111601.16,226381.88,84.75,-8.46,12/28/25,Chicago,Ambassador Theatre,151.82,277,7322,1080,8,0
9,1584179.7,279629,94.41,1.97,12/28/25,Death Becomes Her,Lunt-Fontanne Theatre,140.68,499,11261,1491,8,0
10,1809129.76,293101.38,90.12,-8.97,12/28/25,The Great Gatsby,Broadway Theatre,150.2,424,12045,1485,9,0
11,1310540,246870,98.69,-1.62,12/28/25,Hadestown,Walter Kerr Theatre,180.81,0,7248,918,8,0
12,3768388,784409,101.46,0.45,12/28/25,Hamilton,Richard Rodgers Theatre,350.65,850,10747,1324,8,0
13,3709875,670912.5,100,0,12/28/25,Harry Potter and the Cursed Child,Lyric Theatre,254.14,600,14598,1622,9,0
14,1262648.18,206677.05,94.18,5.53,12/28/25,Hell's Kitchen,Sam S. Shubert Theatre,115.02,397,10978,1457,8,0
15,1640274.5,179869.5,102.86,0.5,12/28/25,Just in Time,Circle in the Square Theatre,288.88,974.5,5678,690,8,0
16,346426.38,-18953.47,51.5,-5.76,12/28/25,Liberation,James Earl Jones Theatre,79.26,347,4371,1061,8,0
17,3915559,1161456,96.7,-0.8,12/28/25,The Lion King,Minskoff Theatre,265.28,375,14760,1696,9,0
18,2072391.13,-12990.82,101.68,1.04,12/28/25,Mamma Mia!,Winter Garden Theatre,192.96,398,10740,1509,7,0
19,262575.5,-64310,96.56,3.57,12/28/25,Marjorie Prime,Helen Hayes Theater,66.86,269,3927,581,7,0
20,1412044.6,138543.46,101.16,2.32,12/28/25,Maybe Happy Ending,Belasco Theatre,179.33,575,7874,973,8,0
21,2221552.25,562166.25,99.33,7.38,12/28/25,MJ The Musical,Neil Simon Theatre,201.56,399,11022,1387,8,0
22,1419625.2,246997.6,98.06,1.59,12/28/25,Moulin Rouge! The Musical,Al Hirschfeld Theatre,139.21,0,10198,1300,8,0
23,777573,81836.57,89.57,-1.01,12/28/25,Oedipus,Studio 54,106.91,327,7273,1015,8,0
24,1274464.18,101496.04,99.96,-0.04,12/28/25,"Oh, Mary!",Lyceum Theatre,178.07,425,7157,895,8,0
25,912203.55,215386.05,96.99,11.5,12/28/25,Operation Mincemeat,John Golden Theatre,148.81,475,6130,790,8,0
26,1656355.25,222732.3,100.95,1.95,12/28/25,The Outsiders,Bernard B. Jacobs Theatre,228.9,548,7236,1024,7,0
27,1588107,164839,100,0,12/28/25,Ragtime,Vivian Beaumont Theater,188.52,449,8424,1053,8,0
28,919572.2,43555.35,92.96,2.36,12/28/25,SIX: The Musical,Lena Horne Theatre,137.07,349,6709,1031,7,0
29,2510948,593407.4,100.99,1.5,12/28/25,Stranger Things: The First Shadow,Marquis Theatre,173.31,399,14488,1594,9,0
30,653974.6,58086.1,80.72,9.15,12/28/25,Two Strangers (Carry a Cake Across New York),Longacre Theatre,110.54,375,5916,1047,7,0
31,1306467.3,78015.7,100,0.21,12/28/25,Waiting for Godot,Hudson Theatre,167.67,599,7792,974,8,0
32,4401071,1399350,100,0,12/28/25,Wicked,Gershwin Theatre,253.9,277,17334,1926,9,0
0,926153.1,48318.9,94.13,2.43,12/21/25,& Juliet,Stephen Sondheim Theatre,119.87,324,7726,1026,8,0
1,1602122.9,273949.3,95.4,1.89,12/21/25,Aladdin,New Amsterdam Theatre,121.55,249.5,13181,1727,8,0
2,1073175,664134,95.19,-4.81,12/21/25,All Out: Comedy About Ambition,Nederlander Theatre,135.23,399,7936,1191,7,0
3,1590503.02,47084.32,96.17,-3.67,12/21/25,Art,Music Box Theatre,183.94,547,8647,999,9,0
4,769578.24,106538.13,64.56,6.38,12/21/25,Beetlejuice,Palace Theatre,90.41,299,8512,1648,8,0
5,1184345.5,66008.4,96.42,-0.68,12/21/25,The Book of Mormon,Eugene O'Neill Theatre,144.03,279,8223,1066,8,0
6,1042234.75,-52416.85,92.77,-0.2,12/21/25,Buena Vista Social Club,Gerald Schoenfeld Theatre,133.88,397,7785,1049,8,0
7,348771,0,90.24,0,12/21/25,Bug,Samuel J. Friedman Theatre,86.67,375,4024,637,0,7
8,1727978.22,-159510.06,94.94,-1.7,12/21/25,Chess,Imperial Theatre,157.33,475,10983,1446,8,0
9,885219.28,178164.83,93.21,15.73,12/21/25,Chicago,Ambassador Theatre,109.92,237,8053,1080,8,0
10,1304550.7,-45809,92.44,-1.92,12/21/25,Death Becomes Her,Lunt-Fontanne Theatre,118.32,325,11026,1491,8,0
11,1516028.38,195558.55,99.09,4.22,12/21/25,The Great Gatsby,Broadway Theatre,128.78,474,11772,1485,8,0
12,1063670,124727,100.31,1.47,12/21/25,Hadestown,Walter Kerr Theatre,144.38,0,7367,918,8,0
13,2983979,179317,101.01,0.33,12/21/25,Hamilton,Richard Rodgers Theatre,278.9,850,10699,1324,8,0
14,3038962.5,52229,100,0,12/21/25,Harry Potter and the Cursed Child,Lyric Theatre,234.2,600,12976,1622,8,0
15,1055971.13,44849.95,88.65,1.22,12/21/25,Hell's Kitchen,Sam S. Shubert Theatre,102.19,397,10333,1457,8,0
16,1460405,-9617.5,102.36,-0.92,12/21/25,Just in Time,Circle in the Square Theatre,258.48,674.5,5650,690,8,0
17,365379.85,-64313.75,57.26,-5.15,12/21/25,Liberation,James Earl Jones Theatre,75.18,347,4860,1061,8,0
18,2754103,383145.25,97.5,0.5,12/21/25,The Lion King,Minskoff Theatre,208.19,339,13229,1696,8,0
19,553954.66,120160.24,94.5,20.99,12/21/25,Little Bear Ridge Road,Booth Theatre,95.16,0,5821,770,8,0
20,2085381.95,171322.35,100.64,2.93,12/21/25,Mamma Mia!,Winter Garden Theatre,171.65,398,12149,1509,8,0
21,326885.5,34043,92.99,6.26,12/21/25,Marjorie Prime,Helen Hayes Theater,75.63,269,4322,581,8,0
22,1273501.14,9395.87,98.84,0.14,12/21/25,Maybe Happy Ending,Belasco Theatre,165.52,475,7694,973,8,0
23,1659386,217446.65,91.95,2.2,12/21/25,MJ The Musical,Neil Simon Theatre,162.64,375,10203,1387,8,0
24,1172627.6,48918.8,96.47,2.59,12/21/25,Moulin Rouge! The Musical,Al Hirschfeld Theatre,116.88,0,10033,1300,8,0
25,695736.43,-154018.07,90.58,0.65,12/21/25,Oedipus,Studio 54,94.59,327,7355,1015,8,0
26,1172968.14,-41148.62,100,0,12/21/25,"Oh, Mary!",Lyceum Theatre,163.82,375,7160,895,8,0
27,696817.5,-32890.88,85.49,-2.93,12/21/25,Operation Mincemeat,John Golden Theatre,128.97,475,5403,790,8,0
28,1433622.95,228382.65,99,2.94,12/21/25,The Outsiders,Bernard B. Jacobs Theatre,176.77,548,8110,1024,8,0
29,630613.12,-161576.86,81.39,4.46,12/21/25,The Queen of Versailles,St. James Theatre,73.88,229,8536,1311,8,0
30,1423268,80253,100,0,12/21/25,Ragtime,Vivian Beaumont Theater,168.95,349,8424,1053,8,0
31,876016.85,144849.95,90.6,8.29,12/21/25,SIX: The Musical,Lena Horne Theatre,117.22,279,7473,1031,8,0
32,1917540.6,307408.5,99.49,0.75,12/21/25,Stranger Things: The First Shadow,Marquis Theatre,151.14,379,12687,1594,8,0
33,595888.5,-38548.6,71.57,-4.86,12/21/25,Two Strangers (Carry a Cake Across New York),Longacre Theatre,99.4,375,5995,1047,8,0
34,1228451.6,-57258.31,99.79,0.25,12/21/25,Waiting for Godot,Hudson Theatre,157.98,599,7776,974,8,0
35,3001721,237766,100,0,12/21/25,Wicked,Gershwin Theatre,194.82,277,15408,1926,8,0
0,877834.2,28707.8,91.7,4.46,12/14/25,& Juliet,Stephen Sondheim Theatre,116.62,324,7527,1026,8,0
1,1328173.6,-119211.5,93.51,-0.9,12/14/25,Aladdin,New Amsterdam Theatre,102.8,239.5,12920,1727,8,0
2,409041,0,100,0,12/14/25,All Out: Comedy About Ambition,Nederlander Theatre,171.72,449,2382,1191,2,0
3,1543418.7,-50615.6,99.84,1.29,12/14/25,Art,Music Box Theatre,193.44,523,7979,999,8,0
4,663040.11,38255.29,58.18,1.49,12/14/25,Beetlejuice,Palace Theatre,86.43,299,7671,1648,8,0
5,1118337.1,100542.3,97.1,3.16,12/14/25,The Book of Mormon,Eugene O'Neill Theatre,135.05,279,8281,1066,8,0
6,1094651.6,-24979.9,92.97,-1.63,12/14/25,Buena Vista Social Club,Gerald Schoenfeld Theatre,140.3,397,7802,1049,8,0
7,1887488.28,-68219.12,96.64,4.37,12/14/25,Chess,Imperial Theatre,168.84,497,11179,1446,8,0
8,707054.45,44166.7,77.48,4.17,12/14/25,Chicago,Ambassador Theatre,105.63,237,6694,1080,8,0
9,1350359.7,-141205.4,94.36,-1.1,12/14/25,Death Becomes Her,Lunt-Fontanne Theatre,119.98,349,11255,1491,8,0
10,1320469.83,163657.43,94.87,6.84,12/14/25,The Great Gatsby,Broadway Theatre,117.17,474,11270,1485,8,0
11,938943,91528,98.84,1.88,12/14/25,Hadestown,Walter Kerr Theatre,129.35,0,7259,918,8,0
12,2804662,58669,100.68,0.57,12/14/25,Hamilton,Richard Rodgers Theatre,263,575,10664,1324,8,0
13,2986733.5,47106.5,100,0,12/14/25,Harry Potter and the Cursed Child,Lyric Theatre,230.17,600,12976,1622,8,0
14,1011121.18,113182.69,87.43,6.03,12/14/25,Hell's Kitchen,Sam S. Shubert Theatre,99.22,347,10191,1457,8,0
15,1470022.5,21287,103.28,0.25,12/14/25,Just in Time,Circle in the Square Theatre,257.85,674.5,5701,690,8,0
16,429693.6,50789.6,62.41,7.34,12/14/25,Liberation,James Earl Jones Theatre,81.12,297,5297,1061,8,0
17,2370957.75,-39245.25,97,-0.74,12/14/25,The Lion King,Minskoff Theatre,180.15,315,13161,1696,8,0
18,433794.42,11703.92,73.51,5.18,12/14/25,Little Bear Ridge Road,Booth Theatre,95.8,0,4528,770,8,0
19,1914059.6,42603.18,97.71,0.57,12/14/25,Mamma Mia!,Winter Garden Theatre,162.26,398,11796,1509,8,0
20,292842.5,9835.1,86.73,-6.02,12/14/25,Marjorie Prime,Helen Hayes Theater,72.65,269,4031,581,8,0
21,1264105.27,35070.05,98.7,2.07,12/14/25,Maybe Happy Ending,Belasco Theatre,164.53,475,7683,973,8,0
22,1441939.35,-20321.7,89.75,2.05,12/14/25,MJ The Musical,Neil Simon Theatre,144.79,352,9959,1387,8,0
23,1123708.8,-38572.6,93.88,-3.5,12/14/25,Moulin Rouge! The Musical,Al Hirschfeld Theatre,115.1,0,9763,1300,8,0
24,849754.5,57461,89.93,4.45,12/14/25,Oedipus,Studio 54,116.37,327,7302,1015,8,0
25,1214116.76,-21331.74,100,0,12/14/25,"Oh, Mary!",Lyceum Theatre,169.57,375,7160,895,8,0
26,729708.38,39968.28,88.42,6.46,12/14/25,Operation Mincemeat,John Golden Theatre,130.58,475,5588,790,8,0
27,1205240.3,5309.84,96.06,3.04,12/14/25,The Outsiders,Bernard B. Jacobs Theatre,153.16,497,7869,1024,8,0
28,792189.98,97466.48,76.93,3.41,12/14/25,The Queen of Versailles,St. James Theatre,98.19,249,8068,1311,8,0
29,1343015,73483,100,0,12/14/25,Ragtime,Vivian Beaumont Theater,159.43,349,8424,1053,8,0
30,731166.9,-21607,82.31,0.31,12/14/25,SIX: The Musical,Lena Horne Theatre,107.7,279,6789,1031,8,0
31,1610132.1,275084.5,98.74,9.33,12/14/25,Stranger Things: The First Shadow,Marquis Theatre,127.88,305,12591,1594,8,0
32,634437.1,6871.9,76.43,3.66,12/14/25,Two Strangers (Carry a Cake Across New York),Longacre Theatre,99.1,375,6402,1047,8,0
33,1285709.91,-27726.14,99.54,1.03,12/14/25,Waiting for Godot,Hudson Theatre,165.77,599,7756,974,8,0
34,2763955,63772,100,0,12/14/25,Wicked,Gershwin Theatre,179.38,277,15408,1926,8,0
0,849126.4,-150479.8,87.24,-8.37,12/7/25,& Juliet,Stephen Sondheim Theatre,118.58,324,7161,1026,8,0
1,1447385.1,-267749.8,94.41,-2.33,12/7/25,Aladdin,New Amsterdam Theatre,110.96,239.5,13044,1727,8,0
2,1594034.3,155514.9,98.55,4.53,12/7/25,Art,Music Box Theatre,202.39,523,7876,999,8,0
3,624784.82,-167472.89,56.69,-6.5,12/7/25,Beetlejuice,Palace Theatre,83.59,299,7474,1648,8,0
4,1017794.8,-93209.1,93.94,-3,12/7/25,The Book of Mormon,Eugene O'Neill Theatre,127.05,309,8011,1066,8,0
5,1119631.5,-175298.8,94.6,-1.68,12/7/25,Buena Vista Social Club,Gerald Schoenfeld Theatre,141.03,397,7939,1049,8,0
6,1955707.4,-111034.7,92.27,-6.11,12/7/25,Chess,Imperial Theatre,183.22,475,10674,1446,8,0
7,662887.75,-92337.32,73.31,-2.66,12/7/25,Chicago,Ambassador Theatre,104.66,267,6334,1080,8,0
8,1491565.1,70402,95.46,1.34,12/7/25,Death Becomes Her,Lunt-Fontanne Theatre,131,349,11386,1491,8,0
9,1156812.4,-209941.65,88.03,-4.52,12/7/25,The Great Gatsby,Broadway Theatre,110.62,474,10458,1485,8,0
10,847415,-319295,96.96,-2.02,12/7/25,Hadestown,Walter Kerr Theatre,119,0,7121,918,8,0
11,2745993,-2131807,100.11,-1.15,12/7/25,Hamilton,Richard Rodgers Theatre,258.96,575,10604,1324,8,0
12,2939627,-212905.5,100,0,12/7/25,Harry Potter and the Cursed Child,Lyric Theatre,226.54,600,12976,1622,8,0
13,897938.49,-116921.48,81.4,-5.67,12/7/25,Hell's Kitchen,Sam S. Shubert Theatre,94.64,347,9488,1457,8,0
14,1448735.5,196473.25,103.03,14.17,12/7/25,Just in Time,Circle in the Square Theatre,254.75,674.5,5687,690,8,0
15,378904,55162.19,55.07,9.9,12/7/25,Liberation,James Earl Jones Theatre,81.07,347,4674,1061,8,0
16,2410203,-376897,97.74,-1,12/7/25,The Lion King,Minskoff Theatre,181.74,325,13262,1696,8,0
17,422090.5,-10992.5,68.33,-4.12,12/7/25,Little Bear Ridge Road,Booth Theatre,100.28,287,4209,770,8,0
18,1871456.42,-148663.03,97.14,-2.14,12/7/25,Mamma Mia!,Winter Garden Theatre,159.59,398,11727,1509,8,0
19,283007.4,39539.5,92.75,6.61,12/7/25,Marjorie Prime,Helen Hayes Theater,75.03,249,3772,581,0,7
20,1229035.22,-215941.51,96.63,-3.76,12/7/25,Maybe Happy Ending,Belasco Theatre,163.39,575,7522,973,8,0
21,1462261.05,-133161.2,87.7,-1.6,12/7/25,MJ The Musical,Neil Simon Theatre,150.27,369,9731,1387,8,0
22,1162281.4,-11823.1,97.38,-0.97,12/7/25,Moulin Rouge! The Musical,Al Hirschfeld Theatre,114.77,0,10127,1300,8,0
23,792293.5,-54256.5,85.48,-12.98,12/7/25,Oedipus,Studio 54,114.15,327,6941,1015,8,0
24,1235448.5,-25528.22,100,0,12/7/25,"Oh, Mary!",Lyceum Theatre,172.55,425,7160,895,8,0
25,689740.1,-164372.14,81.96,-14.59,12/7/25,Operation Mincemeat,John Golden Theatre,133.15,475,5180,790,8,0
26,1199930.46,-362183.49,93.02,-5.39,12/7/25,The Outsiders,Bernard B. Jacobs Theatre,157.47,497,7620,1024,8,0
27,694723.5,-2533,73.52,-3.9,12/7/25,The Queen of Versailles,St. James Theatre,90.1,249,7711,1311,8,0
28,1269532,-191688,100,0,12/7/25,Ragtime,Vivian Beaumont Theater,150.7,349,8424,1053,8,0
29,752773.9,-39608.1,82,5.52,12/7/25,SIX: The Musical,Lena Horne Theatre,111.31,279,6763,1031,8,0
30,1335047.6,-59843.6,89.41,6.06,12/7/25,Stranger Things: The First Shadow,Marquis Theatre,117.09,305,11402,1594,8,0
31,627565.2,-16128.84,72.77,-0.96,12/7/25,Two Strangers (Carry a Cake Across New York),Longacre Theatre,102.96,375,6095,1047,8,0
32,1313436.05,-71326.25,98.51,-1.49,12/7/25,Waiting for Godot,Hudson Theatre,171.11,599,7676,974,8,0
33,2700183,-311906,100,0,12/7/25,Wicked,Gershwin Theatre,175.25,277,15408,1926,8,0
0,999606.2,299071.7,95.61,15.04,11/30/25,& Juliet,Stephen Sondheim Theatre,127.37,348,7848,1026,8,0
1,1715134.9,593087.4,96.74,4.82,11/30/25,Aladdin,New Amsterdam Theatre,128.33,249.5,13365,1727,8,0
2,1438519.4,-88868.52,94.02,-2.14,11/30/25,Art,Music Box Theatre,170.18,523,8453,999,9,0
3,792257.71,-177059.89,63.19,-19.24,11/30/25,Beetlejuice,Palace Theatre,95.1,299,8331,1648,8,0
4,1111003.9,277873.84,96.94,8.81,11/30/25,The Book of Mormon,Eugene O'Neill Theatre,134.39,299,8267,1066,8,0
5,1294930.3,301398.3,96.28,2.35,11/30/25,Buena Vista Social Club,Gerald Schoenfeld Theatre,160.26,397,8080,1049,8,0
6,2066742.1,64938.32,98.38,1.72,11/30/25,Chess,Imperial Theatre,181.6,475,11381,1446,8,0
7,755225.07,201618.52,75.97,11.28,11/30/25,Chicago,Ambassador Theatre,115.06,267,6564,1080,8,0
8,1421163.1,316354.7,94.12,7.45,11/30/25,Death Becomes Her,Lunt-Fontanne Theatre,126.58,399,11227,1491,8,0
9,1366754.05,371684.51,92.55,9.16,11/30/25,The Great Gatsby,Broadway Theatre,124.31,474,10995,1485,8,0
10,1166710,345366,98.98,3.34,11/30/25,Hadestown,Walter Kerr Theatre,160.5,0,7269,918,8,0
11,4877800,1197101,101.26,-0.06,11/30/25,Hamilton,Richard Rodgers Theatre,454.81,1500,10725,1324,8,0
12,3152532.5,179085,100,0,11/30/25,Harry Potter and the Cursed Child,Lyric Theatre,242.95,500,12976,1622,8,0
13,1014859.97,23377.26,87.07,5.18,11/30/25,Hell's Kitchen,Sam S. Shubert Theatre,100,347,10149,1457,8,0
14,1252262.25,-107181.75,88.86,-12.03,11/30/25,Just in Time,Circle in the Square Theatre,255.3,674.5,4905,690,8,0
15,323741.81,-75848.69,45.17,-17.35,11/30/25,Liberation,James Earl Jones Theatre,84.44,347,3834,1061,8,0
16,2787100,812327.6,98.74,3.27,11/30/25,The Lion King,Minskoff Theatre,208.04,339,13397,1696,8,0
17,433083,2361.74,72.45,2.6,11/30/25,Little Bear Ridge Road,Booth Theatre,86.25,287,5021,770,9,0
18,2020119.45,377432,99.28,3.33,11/30/25,Mamma Mia!,Winter Garden Theatre,168.55,398,11985,1509,8,0
19,243467.9,40727.9,86.14,-5.34,11/30/25,Marjorie Prime,Helen Hayes Theater,81.07,249,3003,581,0,6
20,1444976.73,300478.33,100.39,7.01,11/30/25,Maybe Happy Ending,Belasco Theatre,184.92,575,7814,973,8,0
21,1595422.25,438488.12,89.3,9.31,11/30/25,MJ The Musical,Neil Simon Theatre,161.01,399,9909,1387,8,0
22,1174104.5,77477.1,98.35,4.6,11/30/25,Moulin Rouge! The Musical,Al Hirschfeld Theatre,114.79,0,10228,1300,8,0
23,846550,-90348,98.46,3.61,11/30/25,Oedipus,Studio 54,105.88,327,7995,1015,8,0
24,1260976.72,76727.72,100,0,11/30/25,"Oh, Mary!",Lyceum Theatre,176.11,425,7160,895,8,0
25,854112.24,253328.54,96.55,17.28,11/30/25,Operation Mincemeat,John Golden Theatre,139.97,475,6102,790,8,0
26,1562113.95,561909.9,98.41,4.61,11/30/25,The Outsiders,Bernard B. Jacobs Theatre,193.76,497,8062,1024,8,0
27,697256.5,-179987.5,77.42,-8.69,11/30/25,The Queen of Versailles,St. James Theatre,85.87,249,8120,1311,8,0
28,1461220,139268,100,0,11/30/25,Ragtime,Vivian Beaumont Theater,173.46,379,8424,1053,8,0
29,792382,129086.85,76.48,1.9,11/30/25,SIX: The Musical,Lena Horne Theatre,125.62,349,6308,1031,8,0
30,1394891.2,411691.05,83.35,5.28,11/30/25,Stranger Things: The First Shadow,Marquis Theatre,131.23,305,10629,1594,8,0
31,643694.04,96732.64,73.73,-8.62,11/30/25,Two Strangers (Carry a Cake Across New York),Longacre Theatre,104.23,375,6176,1047,8,0
32,1384762.3,-3601.7,100,0.76,11/30/25,Waiting for Godot,Hudson Theatre,177.72,599,7792,974,8,0
33,3012089,550918,100,0,11/30/25,Wicked,Gershwin Theatre,195.49,277,15408,1926,8,0
0,700534.5,-13438.6,80.57,-5.75,11/23/25,& Juliet,Stephen Sondheim Theatre,105.93,348,6613,1026,8,0
1,1122047.5,146264.85,91.92,0.87,11/23/25,Aladdin,New Amsterdam Theatre,88.35,199.5,12700,1727,8,0
2,1527387.92,-7905.1,96.16,-0.6,11/23/25,Art,Music Box Theatre,176.66,473,8646,999,9,0
3,969317.6,19179.41,82.43,-0.13,11/23/25,Beetlejuice,Palace Theatre,89.19,299,10868,1648,8,0
4,833130.06,-14915.69,88.13,-2.27,11/23/25,The Book of Mormon,Eugene O'Neill Theatre,110.85,269,7516,1066,8,0
5,993532,-61407.22,93.93,-2.9,11/23/25,Buena Vista Social Club,Gerald Schoenfeld Theatre,126.03,397,7883,1049,8,0
6,2001803.78,222243.38,96.66,-2.85,11/23/25,Chess,Imperial Theatre,179.02,497,11182,1446,8,0
7,553606.55,51556.45,64.69,5.04,11/23/25,Chicago,Ambassador Theatre,99.05,237,5589,1080,8,0
8,1104808.4,-182160.2,86.67,-7.03,11/23/25,Death Becomes Her,Lunt-Fontanne Theatre,106.87,299,10338,1491,8,0
9,995069.54,-190079.79,83.39,-8.61,11/23/25,The Great Gatsby,Broadway Theatre,100.44,424,9907,1485,8,0
10,821344,22019,95.64,-0.55,11/23/25,Hadestown,Walter Kerr Theatre,116.93,0,7024,918,8,0
11,3680699,-171627,101.32,-0.19,11/23/25,Hamilton,Richard Rodgers Theatre,342.96,1500,10732,1324,8,0
12,2973447.5,378979.5,100,0,11/23/25,Harry Potter and the Cursed Child,Lyric Theatre,229.15,750,12976,1622,8,0
13,991482.71,270927.49,81.89,7.84,11/23/25,Hell's Kitchen,Sam S. Shubert Theatre,103.87,397,9545,1457,8,0
14,1359444,-66870,100.89,-2.55,11/23/25,Just in Time,Circle in the Square Theatre,244.11,674.5,5569,690,8,0
15,399590.5,20809.79,62.52,5.92,11/23/25,Liberation,James Earl Jones Theatre,75.29,297,5307,1061,8,0
16,1974772.4,214062.7,95.47,-0.96,11/23/25,The Lion King,Minskoff Theatre,152.44,307,12954,1696,8,0
17,430721.26,-59248.56,69.85,-8.09,11/23/25,Little Bear Ridge Road,Booth Theatre,100.1,287,4303,770,8,0
18,1642687.45,60594.9,95.95,-2.4,11/23/25,Mamma Mia!,Winter Garden Theatre,141.82,348,11583,1509,8,0
19,202740,0,91.48,0,11/23/25,Marjorie Prime,Helen Hayes Theater,95.36,269,2126,581,0,4
20,1144498.4,-73883.17,93.38,-2.32,11/23/25,Maybe Happy Ending,Belasco Theatre,157.45,475,7269,973,8,0
21,1156934.13,-14157.25,79.99,-5.83,11/23/25,MJ The Musical,Neil Simon Theatre,130.34,369,8876,1387,8,0
22,1096627.4,173995,93.75,2.66,11/23/25,Moulin Rouge! The Musical,Al Hirschfeld Theatre,112.47,0,9750,1300,8,0
23,936898,79920,94.85,-5.27,11/23/25,Oedipus,Studio 54,121.64,327,7702,1015,8,0
24,1184249,-62832.06,100,0,11/23/25,"Oh, Mary!",Lyceum Theatre,165.4,375,7160,895,8,0
25,600783.7,-45534.61,79.27,-6.27,11/23/25,Operation Mincemeat,John Golden Theatre,119.92,475,5010,790,8,0
26,1000204.05,149.55,93.8,-1.92,11/23/25,The Outsiders,Bernard B. Jacobs Theatre,130.17,398,7684,1024,8,0
27,877244,-188057.5,86.11,-4.75,11/23/25,The Queen of Versailles,St. James Theatre,97.14,249,9031,1311,8,0
28,1321952,35776,100,0,11/23/25,Ragtime,Vivian Beaumont Theater,156.93,349,8424,1053,8,0
29,663295.15,83480.7,74.58,3.54,11/23/25,SIX: The Musical,Lena Horne Theatre,107.84,279,6151,1031,8,0
30,983200.15,47832.8,78.07,1.23,11/23/25,Stranger Things: The First Shadow,Marquis Theatre,98.75,279,9956,1594,8,0
31,546961.4,-69179,82.35,-7.82,11/23/25,Two Strangers (Carry a Cake Across New York),Longacre Theatre,79.29,275,6898,1047,5,3
32,1388364,-150749.5,99.24,-0.09,11/23/25,Waiting for Godot,Hudson Theatre,179.54,599,7733,974,8,0
33,2461171,71521,100,0,11/23/25,Wicked,Gershwin Theatre,159.73,277,15408,1926,8,0
0,713973.1,-119396,86.32,-6.74,11/16/25,& Juliet,Stephen Sondheim Theatre,100.77,348,7085,1026,8,0
1,975782.65,-159204.7,91.05,-2.98,11/16/25,Aladdin,New Amsterdam Theatre,77.57,159.5,12580,1727,8,0
2,1535293.02,-112266.68,96.76,-2.98,11/16/25,Art,Music Box Theatre,198.54,497,7733,999,8,0
3,950138.19,-68372.72,82.56,-4.04,11/16/25,Beetlejuice,Palace Theatre,87.29,299,10885,1648,8,0
4,848045.75,-106813.05,90.4,-5.46,11/16/25,The Book of Mormon,Eugene O'Neill Theatre,110.01,269,7709,1066,8,0
5,1054939.22,-106329.74,96.83,-1.28,11/16/25,Buena Vista Social Club,Gerald Schoenfeld Theatre,129.82,347,8126,1049,8,0
6,1779560.4,-232090.16,99.51,3.07,11/16/25,Chess,Imperial Theatre,154.6,497,11511,1446,1,7
7,502050.1,-42170.8,59.65,-3.48,11/16/25,Chicago,Ambassador Theatre,97.41,237,5154,1080,8,0
8,1286968.6,-97681.3,93.7,-4.67,11/16/25,Death Becomes Her,Lunt-Fontanne Theatre,115.14,325,11177,1491,8,0
9,1185149.33,224260.98,92,5.01,11/16/25,The Great Gatsby,Broadway Theatre,108.43,404,10930,1485,8,0
10,799325,-118745,96.19,-4.03,11/16/25,Hadestown,Walter Kerr Theatre,113.15,0,7064,918,8,0
11,3852326,-37316,101.51,0,11/16/25,Hamilton,Richard Rodgers Theatre,358.29,1500,10752,1324,8,0
12,2594468,1311503.7,100,6.83,11/16/25,Harry Potter and the Cursed Child,Lyric Theatre,228.51,900,11354,1622,7,0
13,720555.22,-142332.81,74.05,-9.36,11/16/25,Hell's Kitchen,Sam S. Shubert Theatre,83.48,247,8631,1457,8,0
14,1426314,35318.5,103.44,0.14,11/16/25,Just in Time,Circle in the Square Theatre,249.79,674.5,5710,690,8,0
15,378780.71,-14834.91,56.6,2.23,11/16/25,Liberation,James Earl Jones Theatre,78.85,297,4804,1061,8,0
16,1760709.7,-181356.4,96.43,-1.35,11/16/25,The Lion King,Minskoff Theatre,134.58,249,13083,1696,8,0
17,489969.82,-38211.18,77.94,-6.3,11/16/25,Little Bear Ridge Road,Booth Theatre,102.06,287,4801,770,8,0
18,1582092.55,-40822.5,98.35,-0.88,11/16/25,Mamma Mia!,Winter Garden Theatre,133.25,348,11873,1509,8,0
19,1218381.57,-71833.11,95.7,-4.51,11/16/25,Maybe Happy Ending,Belasco Theatre,163.56,475,7449,973,8,0
20,1171091.38,-47170.41,85.82,-0.81,11/16/25,MJ The Musical,Neil Simon Theatre,122.98,329,9523,1387,8,0
21,922632.4,-162316.6,91.09,-6.36,11/16/25,Moulin Rouge! The Musical,Al Hirschfeld Theatre,97.4,0,9473,1300,8,0
22,856978,97898,100.12,0.07,11/16/25,Oedipus,Studio 54,105.41,327,8130,1015,4,4
23,1247081.06,-25007.94,100,0.03,11/16/25,"Oh, Mary!",Lyceum Theatre,174.17,375,7160,895,8,0
24,646318.31,-42817.49,85.54,-2.94,11/16/25,Operation Mincemeat,John Golden Theatre,119.56,475,5406,790,8,0
25,1000054.5,-51932.55,95.72,-1.58,11/16/25,The Outsiders,Bernard B. Jacobs Theatre,127.54,398,7841,1024,8,0
26,1065301.5,29830,90.86,-4.22,11/16/25,The Queen of Versailles,St. James Theatre,111.8,0,9529,1311,8,0
27,1286176,-21748,100,0,11/16/25,Ragtime,Vivian Beaumont Theater,152.68,379,8424,1053,8,0
28,285712.95,8808.95,68.27,-13.37,11/16/25,Rob Lake Magic with Special Guests The Muppets,Broadhurst Theatre,39.21,297,7287,1186,4,5
29,579814.45,-115745.06,71.04,-12.16,11/16/25,SIX: The Musical,Lena Horne Theatre,98.96,269,5859,1031,8,0
30,935367.35,45341.6,76.84,1.97,11/16/25,Stranger Things: The First Shadow,Marquis Theatre,95.47,279,9798,1594,8,0
31,616140.4,-60475.6,90.17,-3.22,11/16/25,Two Strangers (Carry a Cake Across New York),Longacre Theatre,81.58,275,7553,1047,0,8
32,1539113.5,-131456.1,99.33,0.13,11/16/25,Waiting for Godot,Hudson Theatre,198.85,599,7740,974,8,0
33,2389650,98292,100,0,11/16/25,Wicked,Gershwin Theatre,155.09,277,15408,1926,8,0
0,833369.1,229656.8,93.06,11.31,11/9/25,& Juliet,Stephen Sondheim Theatre,109.11,348,7638,1026,8,0
1,1134987.35,232429.25,94.03,7.62,11/9/25,Aladdin,New Amsterdam Theatre,87.37,199.5,12991,1727,8,0
2,1647559.7,225613.2,99.74,1.33,11/9/25,Art,Music Box Theatre,206.69,497,7971,999,8,0
3,1018510.91,215716.39,86.6,19.5,11/9/25,Beetlejuice,Palace Theatre,89.2,299,11418,1648,8,0
4,954858.8,206340.5,95.86,9.92,11/9/25,The Book of Mormon,Eugene O'Neill Theatre,116.8,309,8175,1066,8,0
5,1161268.96,176779.9,98.11,0.87,11/9/25,Buena Vista Social Club,Gerald Schoenfeld Theatre,141.05,397,8233,1049,8,0
6,2011650.56,296018.36,96.44,4.98,11/9/25,Chess,Imperial Theatre,180.32,497,11156,1446,0,8
7,544220.9,74174.59,63.13,9.04,11/9/25,Chicago,Ambassador Theatre,99.78,237,5454,1080,8,0
8,1384649.9,311195.8,98.37,8.08,11/9/25,Death Becomes Her,Lunt-Fontanne Theatre,118,325,11734,1491,8,0
9,960888.35,237955.35,86.99,14.13,11/9/25,The Great Gatsby,Broadway Theatre,92.98,277,10334,1485,8,0
10,918070,214400,100.22,4.11,11/9/25,Hadestown,Walter Kerr Theatre,124.74,0,7360,918,8,0
11,3889642,455353.5,101.51,0.19,11/9/25,Hamilton,Richard Rodgers Theatre,361.76,1500,10752,1324,8,0
12,1282964.3,357899.7,93.17,4.7,11/9/25,Harry Potter and the Cursed Child,Lyric Theatre,106.12,239,12090,1622,8,0
13,862888.03,114494.38,83.41,4.99,11/9/25,Hell's Kitchen,Sam S. Shubert Theatre,88.76,247,9722,1457,8,0
14,1390995.5,100798,103.3,1.96,11/9/25,Just in Time,Circle in the Square Theatre,243.95,674.5,5702,690,8,0
15,393615.62,179214.92,54.37,-3.54,11/9/25,Liberation,James Earl Jones Theatre,85.29,297,4615,1061,8,0
16,1942066.1,213238,97.78,4.05,11/9/25,The Lion King,Minskoff Theatre,146.38,259,13267,1696,8,0
17,528181,176240.5,84.24,2.29,11/9/25,Little Bear Ridge Road,Booth Theatre,101.79,287,5189,770,8,0
18,1622915.05,219485.05,99.23,4.23,11/9/25,Mamma Mia!,Winter Garden Theatre,135.48,348,11979,1509,8,0
19,1290214.68,209741.39,100.21,5.9,11/9/25,Maybe Happy Ending,Belasco Theatre,165.41,475,7800,973,8,0
20,1218261.79,38870.74,86.63,2.58,11/9/25,MJ The Musical,Neil Simon Theatre,126.73,329,9613,1387,8,0
21,1084949,234754.6,97.45,5.93,11/9/25,Moulin Rouge! The Musical,Al Hirschfeld Theatre,107.05,0,10135,1300,8,0
22,759080,273982,100.05,0.03,11/9/25,Oedipus,Studio 54,124.58,327,6093,1015,0,6
23,1272089,168722,99.97,-0.03,11/9/25,"Oh, Mary!",Lyceum Theatre,177.72,375,7158,895,8,0
24,689135.8,129011.95,88.48,10.11,11/9/25,Operation Mincemeat,John Golden Theatre,123.24,475,5592,790,8,0
25,1051987.05,315512.65,97.3,13.39,11/9/25,The Outsiders,Bernard B. Jacobs Theatre,131.98,497,7971,1024,8,0
26,1035471.5,206548,95.08,17.65,11/9/25,The Queen of Versailles,St. James Theatre,87.6,299,11820,1554,1,7
27,1307924,42567,100,0,11/9/25,Ragtime,Vivian Beaumont Theater,155.26,379,8424,1053,8,0
28,276904,57794.6,81.64,19.34,11/9/25,Rob Lake Magic with Special Guests The Muppets,Broadhurst Theatre,35.75,297,7746,1186,0,8
29,695559.51,227590.86,83.2,22.49,11/9/25,SIX: The Musical,Lena Horne Theatre,101.36,269,6862,1031,8,0
30,890025.75,134228.55,74.87,10.98,11/9/25,Stranger Things: The First Shadow,Marquis Theatre,93.22,279,9548,1594,8,0
31,676616,488197.5,93.39,-1.5,11/9/25,Two Strangers (Carry a Cake Across New York),Longacre Theatre,86.5,275,7822,1047,0,8
32,1670569.6,89095.06,99.2,-0.25,11/9/25,Waiting for Godot,Hudson Theatre,216.12,599,7730,974,8,0
33,2291358,289702,100,0,11/9/25,Wicked,Gershwin Theatre,148.71,277,15408,1926,8,0
0,603712.3,-91757.78,81.75,-1.9,11/2/25,& Juliet,Stephen Sondheim Theatre,89.97,324,6710,1026,8,0
1,902558.1,-208442.38,86.41,-4.22,11/2/25,Aladdin,New Amsterdam Theatre,75.6,199.5,11938,1727,8,0
2,1421946.5,-249754,98.41,-1.2,11/2/25,Art,Music Box Theatre,180.79,473,7865,999,8,0
3,802794.52,-40892.65,67.1,-2.86,11/2/25,Beetlejuice,Palace Theatre,90.75,299,8846,1648,8,0
4,748518.3,-175523.97,85.94,-10.92,11/2/25,The Book of Mormon,Eugene O'Neill Theatre,102.13,0,7329,1066,8,0
5,984489.06,-235466.62,97.24,-1.51,11/2/25,Buena Vista Social Club,Gerald Schoenfeld Theatre,120.65,397,8160,1049,8,0
6,1715632.2,-143241.86,91.46,-8.38,11/2/25,Chess,Imperial Theatre,162.16,475,10580,1446,0,8
7,470046.31,-127522.55,54.09,-14.02,11/2/25,Chicago,Ambassador Theatre,100.59,267,4673,1080,8,0
8,1073454.1,-228025.16,90.29,-6.97,11/2/25,Death Becomes Her,Lunt-Fontanne Theatre,99.67,299,10770,1491,8,0
9,722933,-197462.64,72.86,-7.08,11/2/25,The Great Gatsby,Broadway Theatre,83.52,277,8656,1485,8,0
10,703670,-98280.04,96.11,-2.01,11/2/25,Hadestown,Walter Kerr Theatre,99.7,0,7058,918,8,0
11,3434288.5,-12994.5,101.32,0,11/2/25,Hamilton,Richard Rodgers Theatre,320,1500,10732,1324,8,0
12,925064.6,-52460.64,88.47,4.98,11/2/25,Harry Potter and the Cursed Child,Lyric Theatre,80.58,203.5,11480,1622,8,0
13,748393.65,-64345.41,78.42,0.04,11/2/25,Hell's Kitchen,Sam S. Shubert Theatre,81.87,297,9141,1457,8,0
14,1290197.5,-86690.5,101.34,-2.07,11/2/25,Just in Time,Circle in the Square Theatre,230.64,674.5,5594,690,8,0
15,214400.7,-31541.49,57.91,-10.37,11/2/25,Liberation,James Earl Jones Theatre,43.62,297,4915,1061,8,0
16,1728828.1,-148363.62,93.73,-1.66,11/2/25,The Lion King,Minskoff Theatre,135.95,232,12717,1696,8,0
17,351940.5,-75969.5,81.95,-4.9,11/2/25,Little Bear Ridge Road,Booth Theatre,69.72,0,5048,770,5,3
18,1403430,-206308.1,95,-4.56,11/2/25,Mamma Mia!,Winter Garden Theatre,122.38,348,11468,1509,8,0
19,1080473.29,-123184.47,94.31,-5.15,11/2/25,Maybe Happy Ending,Belasco Theatre,147.18,355,7341,973,8,0
20,1179391.05,-88255.17,84.05,-3.37,11/2/25,MJ The Musical,Neil Simon Theatre,126.46,329,9326,1387,8,0
21,850194.4,-148298.24,91.52,-1.87,11/2/25,Moulin Rouge! The Musical,Al Hirschfeld Theatre,89.32,0,9518,1300,8,0
22,485098,0,100.02,0,11/2/25,Oedipus,Studio 54,119.45,327,4061,1015,0,4
23,1103367,-127846.62,100,0.39,11/2/25,"Oh, Mary!",Lyceum Theatre,154.1,375,7160,895,8,0
24,560123.85,-106356.24,78.37,-8.2,11/2/25,Operation Mincemeat,John Golden Theatre,113.09,475,4953,790,8,0
25,736474.4,-254512.42,83.91,-11.05,11/2/25,The Outsiders,Bernard B. Jacobs Theatre,107.14,398,6874,1024,8,0
26,330873,-34331,89.84,3.77,11/2/25,Punch,Samuel J. Friedman Theatre,72.27,275,4578,637,8,0
27,828923.5,-133408.32,77.43,-11.21,11/2/25,The Queen of Versailles,St. James Theatre,102.07,249,8121,1311,0,8
28,1265357,1678,100,0,11/2/25,Ragtime,Vivian Beaumont Theater,150.21,379,8424,1053,8,0
29,219109.4,0,62.3,0,11/2/25,Rob Lake Magic with Special Guests The Muppets,Broadhurst Theatre,42.36,297,5172,1186,0,7
30,467968.65,-149255.67,60.71,-14.81,11/2/25,SIX: The Musical,Lena Horne Theatre,93.46,269,5007,1031,8,0
31,755797.2,-115497.57,63.89,-5.39,11/2/25,Stranger Things: The First Shadow,Marquis Theatre,92.77,279,8147,1594,8,0
32,188418.5,0,94.89,0,11/2/25,Two Strangers (Carry a Cake Across New York),Longacre Theatre,94.83,275,1987,1047,0,2
33,1581474.54,-227113.46,99.45,-0.55,11/2/25,Waiting for Godot,Hudson Theatre,204.09,599,7749,974,8,0
34,2001656,-796,100,0,11/2/25,Wicked,Gershwin Theatre,129.91,277,15408,1926,8,0
0,695470.08,-99072.32,83.65,-7.29,10/26/25,& Juliet,Stephen Sondheim Theatre,101.29,324,6866,1026,8,0
1,1111000.48,-90320.87,90.63,-2.97,10/26/25,Aladdin,New Amsterdam Theatre,88.73,199.5,12521,1727,8,0
2,1671700.5,-116091,99.61,-0.79,10/26/25,Art,Music Box Theatre,209.99,525,7961,999,8,0
3,843687.17,-31748.16,69.96,2.15,10/26/25,Beetlejuice,Palace Theatre,91.47,299,9224,1648,8,0
4,924042.27,-47485.73,96.86,-1.51,10/26/25,The Book of Mormon,Eugene O'Neill Theatre,111.87,269,8260,1066,8,0
5,1219955.68,48754.97,98.75,-0.86,10/26/25,Buena Vista Social Club,Gerald Schoenfeld Theatre,147.21,447,8287,1049,8,0
6,1858874.06,655676.26,99.84,-0.16,10/26/25,Chess,Imperial Theatre,183.94,497,10106,1446,0,7
7,597568.86,-60871.24,68.11,-2.62,10/26/25,Chicago,Ambassador Theatre,101.54,267,5885,1080,8,0
8,1301479.26,-128443.64,97.26,-0.95,10/26/25,Death Becomes Her,Lunt-Fontanne Theatre,112.19,299,11601,1491,8,0
9,920395.64,-106257.55,79.94,-5.93,10/26/25,The Great Gatsby,Broadway Theatre,96.91,277,9497,1485,8,0
10,801950.04,-100190.96,98.12,-2.17,10/26/25,Hadestown,Walter Kerr Theatre,111.29,0,7206,918,8,0
11,3447283,-316897,101.32,-0.19,10/26/25,Hamilton,Richard Rodgers Theatre,321.22,1500,10732,1324,8,0
12,977525.24,-105815.56,83.49,-3.58,10/26/25,Harry Potter and the Cursed Child,Lyric Theatre,90.23,203.5,10834,1622,8,0
13,812739.06,-76187.84,78.38,-5.19,10/26/25,Hell's Kitchen,Sam S. Shubert Theatre,88.96,297,9136,1457,8,0
14,1376888,12284.5,103.41,0.24,10/26/25,Just in Time,Circle in the Square Theatre,241.22,674.5,5708,690,8,0
15,245942.19,20237.09,68.28,4.78,10/26/25,Liberation,James Earl Jones Theatre,42.43,297,5796,1061,0,8
16,1877191.72,-169619.18,95.39,-2.29,10/26/25,The Lion King,Minskoff Theatre,145.04,249,12943,1696,8,0
17,427910,65266.5,86.85,9.14,10/26/25,Little Bear Ridge Road,Booth Theatre,79.98,0,5350,770,0,8
18,1609738.1,-36231.87,99.56,-0.5,10/26/25,Mamma Mia!,Winter Garden Theatre,133.93,348,12019,1509,8,0
19,1203657.76,-22075.61,99.46,-0.87,10/26/25,Maybe Happy Ending,Belasco Theatre,155.47,375,7742,973,8,0
20,1267646.22,-81932.05,87.42,-3.18,10/26/25,MJ The Musical,Neil Simon Theatre,130.69,329,9700,1387,8,0
21,998492.64,-63595.56,93.39,-4.29,10/26/25,Moulin Rouge! The Musical,Al Hirschfeld Theatre,102.8,0,9713,1300,8,0
22,1231213.62,-48902.3,99.61,-0.39,10/26/25,"Oh, Mary!",Lyceum Theatre,172.63,375,7132,895,8,0
23,666480.09,-50407.32,86.57,-4.43,10/26/25,Operation Mincemeat,John Golden Theatre,121.82,475,5471,790,8,0
24,990986.82,-112250.65,94.96,-2.4,10/26/25,The Outsiders,Bernard B. Jacobs Theatre,127.39,398,7779,1024,8,0
25,365204,63242.5,86.07,14.68,10/26/25,Punch,Samuel J. Friedman Theatre,83.27,275,4386,637,8,0
26,962331.82,63558.32,88.64,-2.55,10/26/25,The Queen of Versailles,St. James Theatre,110.5,269,8709,1404,0,7
27,1263679,211634,100,0,10/26/25,Ragtime,Vivian Beaumont Theater,150.01,379,8424,1053,8,0
28,617224.32,-168300.21,75.52,-14,10/26/25,SIX: The Musical,Lena Horne Theatre,99.09,269,6229,1031,8,0
29,871294.77,-37900.88,69.28,-2.42,10/26/25,Stranger Things: The First Shadow,Marquis Theatre,98.63,279,8834,1594,8,0
30,1808588,-25120,100,0,10/26/25,Waiting for Godot,Hudson Theatre,232.11,599,7792,974,8,0
31,2002452,-263774,100,0,10/26/25,Wicked,Gershwin Theatre,129.96,277,15408,1926,8,0
0,794542.4,-146592.3,90.94,-5.15,10/19/25,& Juliet,Stephen Sondheim Theatre,106.45,324,7464,1026,8,0
1,1201321.35,-177201.2,93.6,-4.45,10/19/25,Aladdin,New Amsterdam Theatre,92.9,199.5,12932,1727,8,0
2,1787791.5,23474.25,100.4,0.6,10/19/25,Art,Music Box Theatre,198.05,473,9027,999,9,0
3,875435.33,-287799.17,67.81,-25.57,10/19/25,Beetlejuice,Palace Theatre,97.92,299,8940,1648,8,0
4,971528,-91472,98.37,-0.25,10/19/25,The Book of Mormon,Eugene O'Neill Theatre,115.81,299,8389,1066,8,0
5,1171200.71,-32316.57,99.61,-0.35,10/19/25,Buena Vista Social Club,Gerald Schoenfeld Theatre,140.11,397,8359,1049,8,0
6,1203197.8,0,100,0,10/19/25,Chess,Imperial Theatre,208.02,497,5784,1446,0,4
7,658440.1,-129433.3,70.73,-14.44,10/19/25,Chicago,Ambassador Theatre,107.75,267,6111,1080,8,0
8,1429922.9,-178746.6,98.21,-1.3,10/19/25,Death Becomes Her,Lunt-Fontanne Theatre,122.06,325,11715,1491,8,0
9,1026653.19,-14022.53,85.87,-3.68,10/19/25,The Great Gatsby,Broadway Theatre,100.64,277,10201,1485,8,0
10,902141,-146609.5,100.29,0.26,10/19/25,Hadestown,Walter Kerr Theatre,122.49,0,7365,918,8,0
11,3764180,-278726,101.51,0,10/19/25,Hamilton,Richard Rodgers Theatre,350.09,1500,10752,1324,8,0
12,1083340.8,-195159.7,87.07,-5.63,10/19/25,Harry Potter and the Cursed Child,Lyric Theatre,95.89,203.5,11298,1622,8,0
13,888926.9,-10485.29,83.57,-0.16,10/19/25,Hell's Kitchen,Sam S. Shubert Theatre,91.26,297,9741,1457,8,0
14,1364603.5,2825,103.17,-0.34,10/19/25,Just in Time,Circle in the Square Theatre,239.61,674.5,5695,690,8,0
15,225705.1,29513.3,63.5,3.97,10/19/25,Liberation,James Earl Jones Theatre,41.87,247,5390,1061,0,8
16,2046810.9,-225424.8,97.68,-2.12,10/19/25,The Lion King,Minskoff Theatre,154.44,249,13253,1696,8,0
17,362643.5,-8991.5,77.71,-5.11,10/19/25,Little Bear Ridge Road,Booth Theatre,75.76,0,4787,770,0,8
18,1645969.97,-117718.68,100.06,-0.88,10/19/25,Mamma Mia!,Winter Garden Theatre,136.27,348,12079,1509,8,0
19,1225733.37,-58863.02,100.33,-0.42,10/19/25,Maybe Happy Ending,Belasco Theatre,156.94,375,7810,973,8,0
20,1349578.27,-113291.31,90.6,-3.2,10/19/25,MJ The Musical,Neil Simon Theatre,134.25,269,10053,1387,8,0
21,1062088.2,-45236.8,97.68,-0.54,10/19/25,Moulin Rouge! The Musical,Al Hirschfeld Theatre,104.55,0,10159,1300,8,0
22,1280115.92,274201.4,100,0.1,10/19/25,"Oh, Mary!",Lyceum Theatre,178.79,375,7160,895,8,0
23,716887.41,-59750.79,91,-6.18,10/19/25,Operation Mincemeat,John Golden Theatre,124.65,475,5751,790,8,0
24,1103237.47,-126082.38,97.36,-1.57,10/19/25,The Outsiders,Bernard B. Jacobs Theatre,138.32,497,7976,1024,8,0
25,301961.5,-182.5,71.39,0.14,10/19/25,Punch,Samuel J. Friedman Theatre,83,275,3638,637,8,0
26,898773.5,123021.6,91.19,-8.86,10/19/25,The Queen of Versailles,St. James Theatre,115.76,299,7764,1419,0,6
27,1052045,-70210,100,0,10/19/25,Ragtime,Vivian Beaumont Theater,124.89,319,8424,1053,5,3
28,785524.53,2346.48,89.52,0.78,10/19/25,SIX: The Musical,Lena Horne Theatre,106.38,269,7384,1031,8,0
29,909195.65,-105452.95,71.7,-3.56,10/19/25,Stranger Things: The First Shadow,Marquis Theatre,99.44,279,9143,1594,8,0
30,1833708,9957,100,0,10/19/25,Waiting for Godot,Hudson Theatre,235.33,599,7792,974,8,0
31,2266226,-276074,100,0,10/19/25,Wicked,Gershwin Theatre,147.08,277,15408,1926,8,0
0,941134.7,274825.9,96.09,6.68,10/12/25,& Juliet,Stephen Sondheim Theatre,119.33,324,7887,1026,8,0
1,1378522.55,255512.65,98.05,3.29,10/12/25,Aladdin,New Amsterdam Theatre,101.76,199.5,13547,1727,8,0
2,1764317.25,271575.95,99.8,0.39,10/12/25,Art,Music Box Theatre,196.63,497,8973,999,9,0
3,1163234.5,0,93.38,0,10/12/25,Beetlejuice,Palace Theatre,107.99,299,10772,1648,7,0
4,1063000,171188.55,98.62,3.3,10/12/25,The Book of Mormon,Eugene O'Neill Theatre,126.4,299,8410,1066,8,0
5,1203517.28,182384.27,99.96,4.75,10/12/25,Buena Vista Social Club,Gerald Schoenfeld Theatre,143.46,425,8389,1049,8,0
6,787873.4,188905.35,85.17,18.77,10/12/25,Chicago,Ambassador Theatre,107.06,267,7359,1080,8,0
7,1608669.5,297255.2,99.51,3.94,10/12/25,Death Becomes Her,Lunt-Fontanne Theatre,135.52,349,11870,1491,8,0
8,1040675.72,150384.75,89.55,12.87,10/12/25,The Great Gatsby,Broadway Theatre,97.82,277,10639,1485,8,0
9,1048750.5,253888.5,100.03,5.04,10/12/25,Hadestown,Walter Kerr Theatre,142.76,0,7346,918,8,0
10,4042906,299304,101.51,0,10/12/25,Hamilton,Richard Rodgers Theatre,376.01,1500,10752,1324,8,0
11,1278500.5,338116.1,92.7,7.25,10/12/25,Harry Potter and the Cursed Child,Lyric Theatre,106.28,239,12029,1622,8,0
12,899412.19,159095.09,83.73,12.03,10/12/25,Hell's Kitchen,Sam S. Shubert Theatre,92.16,323,9759,1457,8,0
13,1361778.5,23530.5,103.51,0.7,10/12/25,Just in Time,Circle in the Square Theatre,238.32,674.5,5714,690,8,0
14,196191.8,0,59.53,0,10/12/25,Liberation,James Earl Jones Theatre,44.38,297,4421,1061,0,7
15,2272235.7,335787.6,99.8,1.58,10/12/25,The Lion King,Minskoff Theatre,167.8,277,13541,1696,8,0
16,371635,0,82.82,0,10/12/25,Little Bear Ridge Road,Booth Theatre,72.84,0,5102,770,0,8
17,1763688.65,150225.4,100.94,2.03,10/12/25,Mamma Mia!,Winter Garden Theatre,144.74,398,12185,1509,8,0
18,1284596.39,122778.6,100.75,3.64,10/12/25,Maybe Happy Ending,Belasco Theatre,163.81,455,7842,973,8,0
19,1462869.58,208240.5,93.8,3.21,10/12/25,MJ The Musical,Neil Simon Theatre,140.55,329,10408,1387,8,0
20,1107325,134896.8,98.22,4.15,10/12/25,Moulin Rouge! The Musical,Al Hirschfeld Theatre,108.4,0,10215,1300,8,0
21,1005914.52,55729.65,99.9,0.96,10/12/25,"Oh, Mary!",Lyceum Theatre,140.63,375,7160,895,8,0
22,776638.2,143182.25,97.18,12.77,10/12/25,Operation Mincemeat,John Golden Theatre,126.45,475,6142,790,8,0
23,1229319.85,333523.74,98.93,12.64,10/12/25,The Outsiders,Bernard B. Jacobs Theatre,151.69,497,8104,1024,8,0
24,302144,71967.6,71.25,-10.28,10/12/25,Punch,Samuel J. Friedman Theatre,83.21,275,3631,637,8,0
25,775751.9,0,100.05,0,10/12/25,The Queen of Versailles,St. James Theatre,131.59,259,5895,1473,0,4
26,1122255,143555,100,0,10/12/25,Ragtime,Vivian Beaumont Theater,133.22,279,8424,1053,0,8
27,783178.05,219048.45,88.74,16.66,10/12/25,SIX: The Musical,Lena Horne Theatre,107.01,279,7319,1031,8,0
28,1014648.6,251819.85,75.26,6.72,10/12/25,Stranger Things: The First Shadow,Marquis Theatre,105.73,305,9597,1594,8,0
29,1823751,-42219,100,0,10/12/25,Waiting for Godot,Hudson Theatre,234.05,599,7792,974,8,0
30,2542300,487379,100,0,10/12/25,Wicked,Gershwin Theatre,165,277,15408,1926,8,0
0,666308.8,-13813.7,89.41,-3.18,10/5/25,& Juliet,Stephen Sondheim Theatre,90.79,324,7339,1026,8,0
1,1123009.9,162071.35,94.76,2.22,10/5/25,Aladdin,New Amsterdam Theatre,85.78,199.5,13092,1727,8,0
2,1492741.3,-155321.56,99.41,-1.17,10/5/25,Art,Music Box Theatre,187.88,473,7945,999,8,0
3,891811.45,48796.85,95.32,0.76,10/5/25,The Book of Mormon,Eugene O'Neill Theatre,109.71,279,8129,1066,8,0
4,1021133.01,-34054.05,95.21,-3.18,10/5/25,Buena Vista Social Club,Gerald Schoenfeld Theatre,127.8,397,7990,1049,8,0
5,598968.05,96949.65,66.4,10.47,10/5/25,Chicago,Ambassador Theatre,104.4,267,5737,1080,8,0
6,1311414.3,16155.4,95.57,-1.59,10/5/25,Death Becomes Her,Lunt-Fontanne Theatre,115.04,325,11400,1491,8,0
7,890290.97,105737.96,76.68,7.08,10/5/25,The Great Gatsby,Broadway Theatre,97.74,277,9109,1485,8,0
8,794862,22266,94.99,1.25,10/5/25,Hadestown,Walter Kerr Theatre,113.94,0,6976,918,8,0
9,3743602,-29752,101.51,0.01,10/5/25,Hamilton,Richard Rodgers Theatre,348.18,1500,10752,1324,8,0
10,940384.4,138123.1,85.45,8.37,10/5/25,Harry Potter and the Cursed Child,Lyric Theatre,90.01,203.5,10447,1528,8,0
11,740317.1,-425236.96,71.7,-11.71,10/5/25,Hell's Kitchen,Sam S. Shubert Theatre,88.59,297,8357,1457,8,0
12,1338248,28764.5,102.81,-0.56,10/5/25,Just in Time,Circle in the Square Theatre,235.81,674.5,5675,690,8,0
13,1936448.1,349727.2,98.22,2.08,10/5/25,The Lion King,Minskoff Theatre,145.31,249,13326,1696,8,0
14,1613463.25,-32248.35,98.91,-1.74,10/5/25,Mamma Mia!,Winter Garden Theatre,135.12,348,11941,1509,8,0
15,1161817.79,-8090.78,97.11,0.19,10/5/25,Maybe Happy Ending,Belasco Theatre,153.7,375,7559,973,8,0
16,1254629.08,91306.46,90.59,3.45,10/5/25,MJ The Musical,Neil Simon Theatre,124.81,299,10052,1387,8,0
17,972428.2,-14570.9,94.07,-0.88,10/5/25,Moulin Rouge! The Musical,Al Hirschfeld Theatre,99.4,0,9783,1300,8,0
18,950184.87,-378500.47,98.94,-1.06,10/5/25,"Oh, Mary!",Lyceum Theatre,134.13,375,7084,895,8,0
19,633455.95,13294.35,84.41,-2.2,10/5/25,Operation Mincemeat,John Golden Theatre,118.74,475,5335,790,8,0
20,895796.11,24094.76,86.29,-0.98,10/5/25,The Outsiders,Bernard B. Jacobs Theatre,126.72,497,7069,1024,8,0
21,230176.4,-43184.6,81.53,-5.07,10/5/25,Punch,Samuel J. Friedman Theatre,55.4,275,4155,637,8,0
22,978700,527146,100,0,10/5/25,Ragtime,Vivian Beaumont Theater,132.78,279,7371,1053,0,7
23,564129.6,65393.6,72.08,9.48,10/5/25,SIX: The Musical,Lena Horne Theatre,94.89,269,5945,1031,8,0
24,762828.75,58860.25,68.54,-1.23,10/5/25,Stranger Things: The First Shadow,Marquis Theatre,87.28,279,8740,1594,8,0
25,1865970,247169.8,100,0,10/5/25,Waiting for Godot,Hudson Theatre,239.47,599,7792,974,8,0
26,2054921,51581.75,100,0,10/5/25,Wicked,Gershwin Theatre,133.37,277,15408,1926,8,0
0,680122.5,-106032.7,92.59,-0.99,9/28/25,& Juliet,Stephen Sondheim Theatre,89.49,324,7600,1026,8,0
1,960938.55,-168403.45,92.54,-2.81,9/28/25,Aladdin,New Amsterdam Theatre,75.16,189.5,12786,1727,8,0
2,1648062.86,1332801.36,100.58,0.58,9/28/25,Art,Music Box Theatre,205.03,473,8038,999,8,0
3,843014.6,-98483.8,94.56,-2.39,9/28/25,The Book of Mormon,Eugene O'Neill Theatre,104.54,279,8064,1066,8,0
4,1055187.06,-165441.53,98.39,-2.79,9/28/25,Buena Vista Social Club,Gerald Schoenfeld Theatre,127.79,397,8257,1049,8,0
5,502018.4,-239941.45,55.93,-33.7,9/28/25,Chicago,Ambassador Theatre,103.89,267,4832,1080,8,0
6,1295258.9,-92271.7,97.16,-0.43,9/28/25,Death Becomes Her,Lunt-Fontanne Theatre,111.77,325,11589,1491,8,0
7,784553.01,-177223.31,69.6,-21.91,9/28/25,The Great Gatsby,Broadway Theatre,94.88,277,8269,1485,8,0
8,772596,48288,93.74,-3.54,9/28/25,Hadestown,Walter Kerr Theatre,112.23,0,6884,918,8,0
9,3773354,175339,101.5,0.14,9/28/25,Hamilton,Richard Rodgers Theatre,350.98,1500,10751,1324,8,0
10,802261.3,-239092.75,77.08,-15.77,9/28/25,Harry Potter and the Cursed Child,Lyric Theatre,85.13,203.5,9424,1528,8,0
11,1165554.06,142601.15,83.41,-10.84,9/28/25,Hell's Kitchen,Sam S. Shubert Theatre,119.89,397,9722,1457,8,0
12,267033.8,26146.25,50.22,10.97,9/28/25,Jeff Ross: Take a Banana For the Ride,Nederlander Theatre,56.09,194.5,4761,1185,8,0
13,1309483.5,-22114.5,103.37,-0.33,9/28/25,Just in Time,Circle in the Square Theatre,229.49,674.5,5706,690,8,0
14,1586720.9,-190422.6,96.14,-3.15,9/28/25,The Lion King,Minskoff Theatre,121.64,239,13044,1696,8,0
15,1645711.6,37058.1,100.65,-0.46,9/28/25,Mamma Mia!,Winter Garden Theatre,135.45,348,12150,1509,8,0
16,1169908.57,-58819.67,96.92,-3.3,9/28/25,Maybe Happy Ending,Belasco Theatre,155.08,375,7544,973,8,0
17,1163322.62,-118814.48,87.14,-8.64,9/28/25,MJ The Musical,Neil Simon Theatre,120.31,299,9669,1387,8,0
18,986999.1,-125115.5,94.95,-4.43,9/28/25,Moulin Rouge! The Musical,Al Hirschfeld Theatre,99.95,0,9875,1300,8,0
19,1328685.34,28654.84,100,0,9/28/25,"Oh, Mary!",Lyceum Theatre,185.57,375,7160,895,8,0
20,620161.6,-83176.86,86.61,-12.87,9/28/25,Operation Mincemeat,John Golden Theatre,113.29,475,5474,790,8,0
21,871701.35,-338196.5,87.27,-12.5,9/28/25,The Outsiders,Bernard B. Jacobs Theatre,121.93,497,7149,1024,8,0
22,273361,-23028,86.6,-1.35,9/28/25,Punch,Samuel J. Friedman Theatre,62.12,275,4409,637,0,8
23,451554,0,100,0,9/28/25,Ragtime,Vivian Beaumont Theater,142.94,279,3159,1053,0,3
24,498736,-204024.45,62.6,-24.61,9/28/25,SIX: The Musical,Lena Horne Theatre,96.6,269,5163,1031,8,0
25,703968.5,-187141.25,69.77,-7.2,9/28/25,Stranger Things: The First Shadow,Marquis Theatre,79.12,279,8897,1594,8,0
26,1618800.2,-201336.8,100,0,9/28/25,Waiting for Godot,Hudson Theatre,207.75,599,7792,974,1,7
27,2003339.25,-2151.25,100,0,9/28/25,Wicked,Gershwin Theatre,130.02,262,15408,1926,8,0
0,786155.2,49582.5,93.58,3.57,9/21/25,& Juliet,Stephen Sondheim Theatre,102.35,348,7681,1026,8,0
1,1129342,32492.3,95.35,1.66,9/21/25,Aladdin,New Amsterdam Theatre,85.73,189.5,13173,1727,8,0
2,315261.5,-1039139.7,100,0.21,9/21/25,Art,Music Box Theatre,105.19,347,2997,999,1,2
3,941498.4,46308.6,96.95,1.37,9/21/25,The Book of Mormon,Eugene O'Neill Theatre,113.87,269,8268,1066,8,0
4,1220628.59,86512.04,101.18,2.56,9/21/25,Buena Vista Social Club,Gerald Schoenfeld Theatre,143.76,397,8491,1049,8,0
5,820805.16,191241.86,96.87,6.11,9/21/25,Cabaret,August Wilson Theatre,98.99,349,8292,1070,8,0
6,741959.85,68040.7,89.63,4.27,9/21/25,Chicago,Ambassador Theatre,95.81,237,7744,1080,8,0
7,1387530.6,25480.7,97.59,-0.76,9/21/25,Death Becomes Her,Lunt-Fontanne Theatre,119.2,299,11640,1491,8,0
8,961776.32,66483.17,91.51,6.45,9/21/25,The Great Gatsby,Broadway Theatre,88.47,304,10871,1485,8,0
9,724308,75914.5,97.28,5.63,9/21/25,Hadestown,Walter Kerr Theatre,101.39,0,7144,918,8,0
10,3598015,-181438,101.36,0.09,9/21/25,Hamilton,Richard Rodgers Theatre,335.14,1500,10736,1324,8,0
11,1041354.05,90396.9,92.85,6.41,9/21/25,Harry Potter and the Cursed Child,Lyric Theatre,86.43,203.5,12048,1622,8,0
12,1022952.91,115083.66,94.25,7.98,9/21/25,Hell's Kitchen,Sam S. Shubert Theatre,93.11,297,10986,1457,8,0
13,240887.55,31640.54,39.25,1.37,9/21/25,Jeff Ross: Take a Banana For the Ride,Nederlander Theatre,64.74,194.5,3721,1185,8,0
14,1331598,44427,103.7,0.22,9/21/25,Just in Time,Circle in the Square Theatre,232.63,574.5,5724,690,8,0
15,1777143.5,84334.5,99.29,1.13,9/21/25,The Lion King,Minskoff Theatre,131.92,237,13471,1696,8,0
16,1608653.5,32385.18,101.11,0.32,9/21/25,Mamma Mia!,Winter Garden Theatre,131.79,348,12206,1509,8,0
17,1228728.24,12620.44,100.22,1.45,9/21/25,Maybe Happy Ending,Belasco Theatre,157.51,375,7801,973,8,0
18,1282137.1,105894.7,95.78,5.54,9/21/25,MJ The Musical,Neil Simon Theatre,120.64,269,10628,1387,8,0
19,1112114.6,70282.9,99.38,2.21,9/21/25,Moulin Rouge! The Musical,Al Hirschfeld Theatre,107.61,0,10335,1300,8,0
20,1300030.5,150538,100,0,9/21/25,"Oh, Mary!",Lyceum Theatre,181.57,375,7160,895,8,0
21,703338.46,20210.5,99.48,1.6,9/21/25,Operation Mincemeat,John Golden Theatre,111.87,475,6287,790,8,0
22,1209897.85,209653.4,99.77,4.7,9/21/25,The Outsiders,Bernard B. Jacobs Theatre,148.04,497,8173,1024,8,0
23,296389,67777,87.95,0.53,9/21/25,Punch,Samuel J. Friedman Theatre,66.4,275,4475,637,0,8
24,702760.45,74183.71,87.21,5.97,9/21/25,SIX: The Musical,Lena Horne Theatre,97.7,269,7193,1031,8,0
25,891109.75,87899.25,76.97,5.38,9/21/25,Stranger Things: The First Shadow,Marquis Theatre,90.79,279,9815,1594,8,0
26,1820137,1452931,100,0,9/21/25,Waiting for Godot,Hudson Theatre,266.96,599,6818,974,0,7
27,2005490.5,2178,100,0,9/21/25,Wicked,Gershwin Theatre,130.16,262,15408,1926,8,0
0,736572.7,154006.2,90.01,4.8,9/14/25,& Juliet,Stephen Sondheim Theatre,99.7,348,7388,1026,8,0
1,1096849.7,312250.1,93.69,13.41,9/14/25,Aladdin,New Amsterdam Theatre,84.74,179.5,12944,1727,8,0
2,1354401.2,100721.1,99.79,2.96,9/14/25,Art,Music Box Theatre,169.83,397,7975,999,0,8
3,895189.8,192354.5,95.58,11.93,9/14/25,The Book of Mormon,Eugene O'Neill Theatre,109.83,259,8151,1066,8,0
4,1134116.55,243792.68,98.62,10.42,9/14/25,Buena Vista Social Club,Gerald Schoenfeld Theatre,137.04,397,8276,1049,8,0
5,629563.3,249511.7,90.76,22.83,9/14/25,Cabaret,August Wilson Theatre,81.04,299,7769,1070,8,0
6,673919.15,226388.25,85.36,32.07,9/14/25,Chicago,Ambassador Theatre,91.38,237,7375,1080,8,0
7,1362049.9,197827.9,98.35,5.6,9/14/25,Death Becomes Her,Lunt-Fontanne Theatre,116.11,299,11731,1491,8,0
8,895293.15,271708.6,85.06,26.81,9/14/25,The Great Gatsby,Broadway Theatre,88.6,277,10105,1485,8,0
9,648393.5,-88738.5,91.65,-2.8,9/14/25,Hadestown,Walter Kerr Theatre,96.33,0,6731,918,8,0
10,3779453,1629427,101.27,0.09,9/14/25,Hamilton,Richard Rodgers Theatre,352.36,1200,10726,1324,8,0
11,950957.15,167657.6,86.44,15.86,9/14/25,Harry Potter and the Cursed Child,Lyric Theatre,84.79,298.5,11216,1622,8,0
12,907869.25,283721.85,86.27,21.73,9/14/25,Hell's Kitchen,Sam S. Shubert Theatre,90.28,297,10056,1457,8,0
13,209247.01,68625.33,37.88,6.15,9/14/25,Jeff Ross: Take a Banana For the Ride,Nederlander Theatre,58.27,194.5,3591,1185,8,0
14,1287171,70111.04,103.48,0.6,9/14/25,Just in Time,Circle in the Square Theatre,225.35,574.5,5712,690,8,0
15,1692809,241165,98.16,6.06,9/14/25,The Lion King,Minskoff Theatre,127.1,232,13319,1696,8,0
16,1576268.32,73073.82,100.79,5.37,9/14/25,Mamma Mia!,Winter Garden Theatre,129.55,348,12167,1509,8,0
17,1216107.8,-18639.85,98.77,3.14,9/14/25,Maybe Happy Ending,Belasco Theatre,158.18,375,7688,973,8,0
18,1176242.4,155675.85,90.24,5.94,9/14/25,MJ The Musical,Neil Simon Theatre,117.47,269,10013,1387,8,0
19,1041831.7,184056.7,97.17,10.65,9/14/25,Moulin Rouge! The Musical,Al Hirschfeld Theatre,103.09,0,10106,1300,8,0
20,1149492.5,-63567,100,0,9/14/25,"Oh, Mary!",Lyceum Theatre,160.54,375,7160,895,8,0
21,683127.96,126395.94,97.88,15.38,9/14/25,Operation Mincemeat,John Golden Theatre,110.43,475,6186,790,8,0
22,1000244.45,249818.05,95.07,13.08,9/14/25,The Outsiders,Bernard B. Jacobs Theatre,128.43,497,7788,1024,8,0
23,228612,0,87.42,0,9/14/25,Punch,Samuel J. Friedman Theatre,58.65,325,3898,637,0,7
24,628576.74,220196.99,81.24,26.75,9/14/25,SIX: The Musical,Lena Horne Theatre,93.8,269,6701,1031,8,0
25,803210.5,204522.5,71.59,6.97,9/14/25,Stranger Things: The First Shadow,Marquis Theatre,87.98,279,9129,1594,8,0
26,367206,0,100,0,9/14/25,Waiting for Godot,Hudson Theatre,377.01,599,974,974,0,1
27,2003312.5,-1988.5,100,0,9/14/25,Wicked,Gershwin Theatre,130.02,262,15408,1926,8,0
0,582566.5,-257936,85.21,-10.26,9/7/25,& Juliet,Stephen Sondheim Theatre,83.3,324,6994,1026,8,0
1,784599.6,-362460.8,80.28,-10.25,9/7/25,Aladdin,New Amsterdam Theatre,70.74,159.5,11091,1727,8,0
2,1253680.1,585175.7,96.83,-3.17,9/7/25,Art,Music Box Theatre,162,397,7739,999,0,8
3,702835.3,-253587.9,83.65,-13.98,9/7/25,The Book of Mormon,Eugene O'Neill Theatre,98.52,259,7134,1066,8,0
4,890323.87,-249266.23,88.2,-10.3,9/7/25,Buena Vista Social Club,Gerald Schoenfeld Theatre,120.28,397,7402,1049,8,0
5,380051.6,-125090.5,67.93,-0.89,9/7/25,Cabaret,August Wilson Theatre,65.36,229,5815,1070,8,0
6,447530.9,-119971.5,53.29,-14.22,9/7/25,Chicago,Ambassador Theatre,97.2,237,4604,1080,8,0
7,1164222,-209683.5,92.75,-4.83,9/7/25,Death Becomes Her,Lunt-Fontanne Theatre,105.24,299,11063,1491,8,0
8,623584.55,-294318.15,58.25,-25.19,9/7/25,The Great Gatsby,Broadway Theatre,90.11,277,6920,1485,8,0
9,737132,15928,94.45,-5.26,9/7/25,Hadestown,Walter Kerr Theatre,107.27,0,6872,910,8,0
10,2150026,-114428,101.18,-0.15,9/7/25,Hamilton,Richard Rodgers Theatre,200.62,369,10717,1324,8,0
11,783299.55,-280876.05,70.58,-7.29,9/7/25,Harry Potter and the Cursed Child,Lyric Theatre,85.52,239,9159,1622,8,0
12,624147.4,-285697.93,64.54,-21.56,9/7/25,Hell's Kitchen,Sam S. Shubert Theatre,82.97,323,7523,1457,8,0
13,140621.68,3047.33,31.73,-7.82,9/7/25,Jeff Ross: Take a Banana For the Ride,Nederlander Theatre,46.75,194.5,3008,1185,8,0
14,1054846.75,216487.35,102.51,0.11,9/7/25,John Proctor is the Villain,Booth Theatre,166.62,675,6331,772,8,0
15,1217059.96,-60513.54,102.88,-0.73,9/7/25,Just in Time,Circle in the Square Theatre,214.31,574.5,5679,690,8,0
16,1451644,-424055.6,92.1,-5.03,9/7/25,The Lion King,Minskoff Theatre,116.17,215,12496,1696,8,0
17,1503194.5,-283910.65,95.42,-5.46,9/7/25,Mamma Mia!,Winter Garden Theatre,130.5,348,11519,1509,8,0
18,1234747.65,-332992.35,95.63,-6.82,9/7/25,Maybe Happy Ending,Belasco Theatre,165.87,475,7444,973,8,0
19,1020566.55,-313133.05,84.3,-7.15,9/7/25,MJ The Musical,Neil Simon Theatre,109.1,269,9354,1387,8,0
20,857775,-136476.1,86.52,-7.86,9/7/25,Moulin Rouge! The Musical,Al Hirschfeld Theatre,95.33,0,8998,1300,8,0
21,1213059.5,-21460.14,100,0,9/7/25,"Oh, Mary!",Lyceum Theatre,169.42,375,7160,895,8,0
22,556732.02,-194782.43,82.5,-17.07,9/7/25,Operation Mincemeat,John Golden Theatre,106.78,475,5214,790,8,0
23,750426.4,-447602.78,81.99,-19.13,9/7/25,The Outsiders,Bernard B. Jacobs Theatre,111.72,398,6717,1024,8,0
24,408379.75,-262002.75,54.49,-23.09,9/7/25,SIX: The Musical,Lena Horne Theatre,90.87,269,4494,1031,8,0
25,598688,-264311.25,64.62,-4.83,9/7/25,Stranger Things: The First Shadow,Marquis Theatre,72.66,279,8240,1594,8,0
26,2005301,104,100,0,9/7/25,Wicked,Gershwin Theatre,130.15,262,15408,1926,8,0
0,840502.5,69306.5,95.47,1.83,8/31/25,& Juliet,Stephen Sondheim Theatre,107.26,324,7836,1026,8,0
1,1147060.4,-13501.5,90.53,1.26,8/31/25,Aladdin,New Amsterdam Theatre,91.71,199.5,12507,1727,8,0
2,668504.4,0,100,0,8/31/25,Art,Music Box Theatre,223.06,447,2997,999,0,3
3,956423.2,157081.2,97.63,5.59,8/31/25,The Book of Mormon,Eugene O'Neill Theatre,114.87,279,8326,1066,8,0
4,1139590.1,127105.39,98.5,1.73,8/31/25,Buena Vista Social Club,Gerald Schoenfeld Theatre,137.86,397,8266,1049,8,0
5,505142.1,32640.8,68.82,0.96,8/31/25,Cabaret,August Wilson Theatre,85.75,229,5891,1070,8,0
6,567502.4,21351.51,67.51,0.76,8/31/25,Chicago,Ambassador Theatre,97.29,257,5833,1080,8,0
7,1373905.5,42342.7,97.58,-1.82,8/31/25,Death Becomes Her,Lunt-Fontanne Theatre,118.04,325,11639,1491,8,0
8,917902.7,59345.5,83.44,1.91,8/31/25,The Great Gatsby,Broadway Theatre,92.6,277,9913,1485,8,0
9,721204,39712,99.71,1.29,8/31/25,Hadestown,Walter Kerr Theatre,98.48,0,7323,918,8,0
10,2264454,157900,101.33,-0.01,8/31/25,Hamilton,Richard Rodgers Theatre,210.98,369,10733,1324,8,0
11,1064175.6,77462.95,77.87,1.63,8/31/25,Harry Potter and the Cursed Child,Lyric Theatre,105.32,239,10104,1622,8,0
12,909845.33,61010.88,86.1,-0.89,8/31/25,Hell's Kitchen,Sam S. Shubert Theatre,90.66,297,10036,1457,8,0
13,137574.35,21729.63,39.55,-4.33,8/31/25,Jeff Ross: Take a Banana For the Ride,Nederlander Theatre,36.7,194.5,3749,1185,8,0
14,838359.4,82679.41,102.4,0.26,8/31/25,John Proctor is the Villain,Booth Theatre,132.57,375,6324,772,8,0
15,1277573.5,1233.5,103.61,0.46,8/31/25,Just in Time,Circle in the Square Theatre,223.39,574.5,5719,690,8,0
16,1875699.6,54823.3,97.13,1.49,8/31/25,The Lion King,Minskoff Theatre,142.32,259,13179,1696,8,0
17,1787105.15,1998.2,100.88,0.02,8/31/25,Mamma Mia!,Winter Garden Theatre,146.75,398,12178,1509,8,0
18,1567740,130963.74,102.45,0.09,8/31/25,Maybe Happy Ending,Belasco Theatre,196.58,575,7975,973,8,0
19,1333699.6,94007.7,91.45,0.17,8/31/25,MJ The Musical,Neil Simon Theatre,131.44,329,10147,1387,8,0
20,994251.1,4123.5,94.38,-2.9,8/31/25,Moulin Rouge! The Musical,Al Hirschfeld Theatre,101.29,0,9816,1300,8,0
21,1234519.64,59917.64,100,0,8/31/25,"Oh, Mary!",Lyceum Theatre,172.42,375,7160,895,8,0
22,751514.45,130535.39,99.57,3.62,8/31/25,Operation Mincemeat,John Golden Theatre,119.42,475,6293,790,8,0
23,1198029.18,147059.93,101.12,1.12,8/31/25,The Outsiders,Bernard B. Jacobs Theatre,144.62,497,8284,1024,8,0
24,1020309.35,164068.35,100,0,8/31/25,Purpose,Helen Hayes Theater,219.52,580,4648,581,8,0
25,670382.5,39669.75,77.58,-2.23,8/31/25,SIX: The Musical,Lena Horne Theatre,104.76,279,6399,1031,8,0
26,862999.25,-30502.25,69.45,-8.03,8/31/25,Stranger Things: The First Shadow,Marquis Theatre,97.45,305,8856,1594,8,0
27,2005197,-2443,100,0,8/31/25,Wicked,Gershwin Theatre,130.14,262,15408,1926,8,0
0,771196,9606.8,93.64,0.46,8/24/25,& Juliet,Stephen Sondheim Theatre,100.34,324,7686,1026,8,0
1,1160561.9,-113327.8,89.27,-3.12,8/24/25,Aladdin,New Amsterdam Theatre,94.1,189.5,12333,1727,8,0
2,799342,74615.8,92.04,5.45,8/24/25,The Book of Mormon,Eugene O'Neill Theatre,101.84,229,7849,1066,8,0
3,1012484.71,42233.51,96.77,3.66,8/24/25,Buena Vista Social Club,Gerald Schoenfeld Theatre,124.67,397,8121,1049,8,0
4,472501.3,-25425.4,67.86,0.11,8/24/25,Cabaret,August Wilson Theatre,81.34,229,5809,1070,8,0
5,403002.25,-79400.5,81.26,11.29,8/24/25,Call Me Izzy,Studio 54,76.82,377.5,5246,807,8,0
6,546150.89,34322.82,66.75,5.7,8/24/25,Chicago,Ambassador Theatre,94.7,257,5767,1080,8,0
7,1331562.8,92872.3,99.4,4.09,8/24/25,Death Becomes Her,Lunt-Fontanne Theatre,112.3,299,11857,1491,8,0
8,858557.2,27132.9,81.53,0.65,8/24/25,The Great Gatsby,Broadway Theatre,88.64,277,9686,1485,8,0
9,681492,30239,98.42,2.63,8/24/25,Hadestown,Walter Kerr Theatre,94.29,0,7228,918,8,0
10,2106554,-91242,101.34,-0.08,8/24/25,Hamilton,Richard Rodgers Theatre,196.25,349,10734,1324,8,0
11,986712.65,-20441.3,76.24,0.46,8/24/25,Harry Potter and the Cursed Child,Lyric Theatre,99.74,239,9893,1622,8,0
12,848834.45,86922.35,86.99,9.49,8/24/25,Hell's Kitchen,Sam S. Shubert Theatre,83.72,297,10139,1457,8,0
13,115844.72,-16086.25,43.88,-4.17,8/24/25,Jeff Ross: Take a Banana For the Ride,Nederlander Theatre,27.85,194.5,4160,1185,8,0
14,755679.99,14194.66,102.14,-0.13,8/24/25,John Proctor is the Villain,Booth Theatre,119.8,375,6308,772,8,0
15,1276340,-17397,103.15,0.12,8/24/25,Just in Time,Circle in the Square Theatre,224.16,574.5,5694,690,8,0
16,1820876.3,-127343.5,95.64,1.5,8/24/25,The Lion King,Minskoff Theatre,140.32,229,12977,1696,8,0
17,1785106.95,179014.9,100.86,0.24,8/24/25,Mamma Mia!,Winter Garden Theatre,146.61,348,12176,1509,8,0
18,1436776.26,63693.08,102.36,0.14,8/24/25,Maybe Happy Ending,Belasco Theatre,180.32,575,7968,973,8,0
19,1239691.9,11307.3,91.28,3.27,8/24/25,MJ The Musical,Neil Simon Theatre,122.4,299,10128,1387,8,0
20,990127.6,70143.6,97.28,4.86,8/24/25,Moulin Rouge! The Musical,Al Hirschfeld Theatre,97.87,0,10117,1300,8,0
21,1174602,897.66,100,0,8/24/25,"Oh, Mary!",Lyceum Theatre,164.05,375,7160,895,8,0
22,620979.06,40397.06,95.95,6.01,8/24/25,Operation Mincemeat,John Golden Theatre,102.4,475,6064,790,8,0
23,1050969.25,-11880.73,100,0.38,8/24/25,The Outsiders,Bernard B. Jacobs Theatre,128.29,497,8192,1024,8,0
24,856241,92680.8,100,0.47,8/24/25,Purpose,Helen Hayes Theater,184.22,480,4648,581,8,0
25,630712.75,59183.5,79.81,7.99,8/24/25,SIX: The Musical,Lena Horne Theatre,95.81,269,6583,1031,8,0
26,893501.5,34577.25,77.48,4.85,8/24/25,Stranger Things: The First Shadow,Marquis Theatre,90.44,279,9880,1594,8,0
27,2007640,-10391,100,0,8/24/25,Wicked,Gershwin Theatre,130.3,262,15408,1926,8,0
0,761589.2,-53092.7,93.18,-1.5,8/17/25,& Juliet,Stephen Sondheim Theatre,99.58,324,7648,1026,8,0
1,1273889.7,-185385.3,92.39,-3.66,8/17/25,Aladdin,New Amsterdam Theatre,99.8,215.5,12765,1727,8,0
2,724726.2,-161839.8,86.59,-8.84,8/17/25,The Book of Mormon,Eugene O'Neill Theatre,98.15,229,7384,1066,8,0
3,970251.2,-59164.16,93.11,-3.35,8/17/25,Buena Vista Social Club,Gerald Schoenfeld Theatre,124.17,397,7814,1049,8,0
4,497926.7,-71239,67.75,-9.76,8/17/25,Cabaret,August Wilson Theatre,85.86,269,5799,1070,8,0
5,482402.75,90971.25,69.97,11.93,8/17/25,Call Me Izzy,Studio 54,106.8,377.5,4517,807,8,0
6,511828.07,-77865.08,61.05,-8.64,8/17/25,Chicago,Ambassador Theatre,97.03,257,5275,1080,8,0
7,1238690.5,-107463.1,95.31,-2.66,8/17/25,Death Becomes Her,Lunt-Fontanne Theatre,108.95,299,11369,1491,8,0
8,831424.3,-115387.45,80.88,-6.74,8/17/25,The Great Gatsby,Broadway Theatre,86.53,277,9609,1485,8,0
9,1607723.06,416583.48,93.92,10.04,8/17/25,Gypsy,Majestic Theatre,134.58,447,11946,1590,8,0
10,651253,-78306,95.79,-4.29,8/17/25,Hadestown,Walter Kerr Theatre,92.57,0,7035,918,8,0
11,2197796,493145,101.42,-0.01,8/17/25,Hamilton,Richard Rodgers Theatre,204.6,349,10742,1324,8,0
12,1007153.95,-201572.65,75.78,-11.17,8/17/25,Harry Potter and the Cursed Child,Lyric Theatre,102.43,239,9833,1622,8,0
13,761912.1,-78077.09,77.5,-5.46,8/17/25,Hell's Kitchen,Sam S. Shubert Theatre,84.35,297,9033,1457,8,0
14,131930.97,-40716.62,48.05,-7.36,8/17/25,Jeff Ross: Take a Banana For the Ride,Nederlander Theatre,28.96,194.5,4555,1185,0,8
15,741485.33,-5958.17,102.27,0.08,8/17/25,John Proctor is the Villain,Booth Theatre,117.4,375,6316,772,8,0
16,1293737,-5318.5,103.03,-0.21,8/17/25,Just in Time,Circle in the Square Theatre,227.49,574.5,5687,690,8,0
17,1948219.8,-282349.6,94.14,-3.49,8/17/25,The Lion King,Minskoff Theatre,152.53,269,12773,1696,8,0
18,1606092.05,32964.45,100.62,0.31,8/17/25,Mamma Mia!,Winter Garden Theatre,132.22,348,12147,1509,4,4
19,1373083.18,-36188.67,102.22,-0.25,8/17/25,Maybe Happy Ending,Belasco Theatre,172.56,475,7957,973,8,0
20,1228384.6,-106785.1,88.01,-5.75,8/17/25,MJ The Musical,Neil Simon Theatre,125.78,299,9766,1387,8,0
21,919984,-47229.8,92.42,-2.85,8/17/25,Moulin Rouge! The Musical,Al Hirschfeld Theatre,95.71,0,9612,1300,8,0
22,1173704.34,-18587.58,100,0,8/17/25,"Oh, Mary!",Lyceum Theatre,163.93,375,7160,895,8,0
23,580582,-49454.15,89.94,-2.88,8/17/25,Operation Mincemeat,John Golden Theatre,102.14,375,5684,790,8,0
24,1062849.98,-126771.17,99.62,-2.33,8/17/25,The Outsiders,Bernard B. Jacobs Theatre,130.24,497,8161,1024,8,0
25,763560.2,56568.8,99.53,0.78,8/17/25,Purpose,Helen Hayes Theater,165.06,430,4626,581,8,0
26,571529.25,-80058.75,71.82,-6.61,8/17/25,SIX: The Musical,Lena Horne Theatre,96.48,269,5924,1031,8,0
27,858924.25,-88360.75,72.63,-2.19,8/17/25,Stranger Things: The First Shadow,Marquis Theatre,92.74,279,9262,1594,8,0
28,2018031,-226257,100,0,8/17/25,Wicked,Gershwin Theatre,130.97,262,15408,1926,8,0
0,814681.9,-143827.9,94.68,-2.9,8/10/25,& Juliet,Stephen Sondheim Theatre,104.84,324,7771,1026,8,0
1,1459275,26658.6,96.05,0.56,8/10/25,Aladdin,New Amsterdam Theatre,109.97,215.5,13270,1727,8,0
2,886566,37541.8,95.43,0.45,8/10/25,The Book of Mormon,Eugene O'Neill Theatre,108.94,249,8138,1066,8,0
3,1029415.36,-35018.24,96.46,-0.57,8/10/25,Buena Vista Social Club,Gerald Schoenfeld Theatre,127.17,397,8095,1049,8,0
4,569165.7,-18482.4,77.51,-6.72,8/10/25,Cabaret,August Wilson Theatre,85.78,269,6635,1070,8,0
5,391431.5,-21819.75,58.04,2.11,8/10/25,Call Me Izzy,Studio 54,104.47,377.5,3747,807,8,0
6,589693.15,-9176.4,69.69,-0.74,8/10/25,Chicago,Ambassador Theatre,97.94,257,6021,1080,8,0
7,1346153.6,-47263.6,97.97,-0.91,8/10/25,Death Becomes Her,Lunt-Fontanne Theatre,115.19,299,11686,1491,8,0
8,946811.75,387.26,87.62,0.03,8/10/25,The Great Gatsby,Broadway Theatre,90.96,277,10409,1485,8,0
9,1191139.58,249027.22,83.88,16.8,8/10/25,Gypsy,Majestic Theatre,111.63,397,10670,1590,8,0
10,729559,13512,100.08,0.76,8/10/25,Hadestown,Walter Kerr Theatre,99.26,0,7350,918,8,0
11,1704651,-526748,101.43,-0.02,8/10/25,Hamilton,Richard Rodgers Theatre,158.68,369,10743,1324,8,0
12,1208726.6,3693.9,86.95,0.47,8/10/25,Harry Potter and the Cursed Child,Lyric Theatre,107.13,239,11283,1622,8,0
13,839989.19,197.34,82.96,-1.99,8/10/25,Hell's Kitchen,Sam S. Shubert Theatre,86.87,247,9670,1457,8,0
14,172647.59,0,55.41,0,8/10/25,Jeff Ross: Take a Banana For the Ride,Nederlander Theatre,37.56,194.5,4596,1185,0,7
15,747443.5,31542.7,102.19,0.51,8/10/25,John Proctor is the Villain,Booth Theatre,118.44,375,6311,772,8,0
16,1299055.5,-22454.5,103.24,-0.02,8/10/25,Just in Time,Circle in the Square Theatre,227.94,574.5,5699,690,8,0
17,2230569.4,29067.8,97.63,0.11,8/10/25,The Lion King,Minskoff Theatre,168.4,279,13246,1696,8,0
18,1573127.6,1311332.1,100.31,0.31,8/10/25,Mamma Mia!,Winter Garden Theatre,148.46,348,10596,1509,0,7
19,1409271.85,7597.85,102.47,-0.01,8/10/25,Maybe Happy Ending,Belasco Theatre,176.69,475,7976,973,8,0
20,1335169.7,42546.3,93.76,2.53,8/10/25,MJ The Musical,Neil Simon Theatre,128.33,299,10404,1387,8,0
21,967213.8,-18954.8,95.27,-1.29,8/10/25,Moulin Rouge! The Musical,Al Hirschfeld Theatre,97.62,0,9908,1300,8,0
22,1192291.92,79860.34,100,2.05,8/10/25,"Oh, Mary!",Lyceum Theatre,166.52,375,7160,895,8,0
23,630036.15,-27849.9,92.82,-1.52,8/10/25,Operation Mincemeat,John Golden Theatre,107.4,325,5866,790,8,0
24,1189621.15,-42291.15,101.95,-0.14,8/10/25,The Outsiders,Bernard B. Jacobs Theatre,142.44,497,8352,1024,8,0
25,706991.4,34299.1,98.75,0.82,8/10/25,Purpose,Helen Hayes Theater,154.03,430,4590,581,8,0
26,651588,-61472.75,78.43,-4.52,8/10/25,SIX: The Musical,Lena Horne Theatre,100.72,269,6469,1031,8,0
27,947285,-22866.5,74.82,-1.48,8/10/25,Stranger Things: The First Shadow,Marquis Theatre,99.29,281,9541,1594,8,0
28,2244288,-100553,100,0,8/10/25,Wicked,Gershwin Theatre,145.66,352,15408,1926,8,0
0,958509.8,-111739.1,97.58,-2.68,8/3/25,& Juliet,Stephen Sondheim Theatre,119.68,348,8009,1026,8,0
1,1432616.4,-178269.9,95.49,-2.45,8/3/25,Aladdin,New Amsterdam Theatre,108.59,215.5,13193,1727,8,0
2,849024.2,-14011.6,94.98,-0.46,8/3/25,The Book of Mormon,Eugene O'Neill Theatre,104.82,269,8100,1066,8,0
3,1064433.6,-70814.05,97.03,0.55,8/3/25,Buena Vista Social Club,Gerald Schoenfeld Theatre,130.72,397,8143,1049,8,0
4,587648.1,-61238.2,84.23,2.48,8/3/25,Cabaret,August Wilson Theatre,81.5,299,7210,1070,8,0
5,413251.25,-13727,55.93,-3.32,8/3/25,Call Me Izzy,Studio 54,114.44,377.5,3611,807,8,0
6,598869.55,-19847.7,70.43,-3.89,8/3/25,Chicago,Ambassador Theatre,98.42,257,6085,1080,8,0
7,1393417.2,142062.6,98.88,2.66,8/3/25,Death Becomes Her,Lunt-Fontanne Theatre,118.15,299,11794,1491,8,0
8,946424.49,-38871.11,87.59,-4.93,8/3/25,The Great Gatsby,Broadway Theatre,90.95,277,10406,1485,8,0
9,942112.36,-41997.18,67.08,-6.73,8/3/25,Gypsy,Majestic Theatre,110.41,397,8533,1590,8,0
10,716047,-27752,99.32,-1.03,8/3/25,Hadestown,Walter Kerr Theatre,98.17,0,7294,918,8,0
11,2231399,-5226,101.45,0.07,8/3/25,Hamilton,Richard Rodgers Theatre,207.65,369,10746,1324,8,0
12,1205032.7,-91087.25,86.48,-5.38,8/3/25,Harry Potter and the Cursed Child,Lyric Theatre,107.38,239,11222,1622,8,0
13,839791.85,-128412.63,84.95,-5.66,8/3/25,Hell's Kitchen,Sam S. Shubert Theatre,84.81,297,9902,1457,8,0
14,715900.8,5190.85,101.68,-0.2,8/3/25,John Proctor is the Villain,Booth Theatre,114,375,6280,772,8,0
15,1321510,4828.5,103.26,-0.27,8/3/25,Just in Time,Circle in the Square Theatre,231.84,574.5,5700,690,8,0
16,2201501.6,-122810.6,97.52,-0.48,8/3/25,The Lion King,Minskoff Theatre,166.38,292,13232,1696,8,0
17,261795.5,0,100,0,8/3/25,Mamma Mia!,Winter Garden Theatre,173.49,348,1509,1509,0,1
18,1401674,19389.6,102.48,-0.09,8/3/25,Maybe Happy Ending,Belasco Theatre,175.71,475,7977,973,8,0
19,1292623.4,-101643.6,91.23,-2.18,8/3/25,MJ The Musical,Neil Simon Theatre,127.69,299,10123,1387,8,0
20,986168.6,-99807.6,96.56,-1.16,8/3/25,Moulin Rouge! The Musical,Al Hirschfeld Theatre,98.2,0,10042,1300,8,0
21,1112431.58,12523.58,97.95,-2.05,8/3/25,"Oh, Mary!",Lyceum Theatre,158.62,375,7013,895,8,0
22,657886.05,-72134.48,94.34,-4.22,8/3/25,Operation Mincemeat,John Golden Theatre,110.35,325,5962,790,8,0
23,1231912.3,-5664.5,102.09,-0.12,8/3/25,The Outsiders,Bernard B. Jacobs Theatre,147.31,497,8363,1024,8,0
24,672692.3,21645.15,97.93,-0.18,8/3/25,Purpose,Helen Hayes Theater,147.78,349,4552,581,8,0
25,713060.75,-49708.75,82.95,-2.51,8/3/25,SIX: The Musical,Lena Horne Theatre,104.22,269,6842,1031,8,0
26,970151.5,-121256.25,76.3,-6.09,8/3/25,Stranger Things: The First Shadow,Marquis Theatre,99.71,281,9730,1594,8,0
27,2344841,-42141,100,0,8/3/25,Wicked,Gershwin Theatre,152.18,352,15408,1926,8,0
0,1070248.9,34822,100.26,-0.13,7/27/25,& Juliet,Stephen Sondheim Theatre,130.06,348,8229,1026,8,0
1,1610886.3,141012.8,97.94,1.59,7/27/25,Aladdin,New Amsterdam Theatre,119.04,215.5,13532,1727,8,0
2,863035.8,-19682.4,95.44,-1.15,7/27/25,The Book of Mormon,Eugene O'Neill Theatre,106.04,269,8139,1066,8,0
3,1135247.65,-65437.5,96.48,-3.67,7/27/25,Buena Vista Social Club,Gerald Schoenfeld Theatre,140.21,397,8097,1049,8,0
4,648886.3,-517378.9,81.75,-17.11,7/27/25,Cabaret,August Wilson Theatre,92.72,329,6998,1070,8,0
5,426978.25,370459.25,59.25,28.95,7/27/25,Call Me Izzy,Studio 54,111.63,377.5,3825,807,8,0
6,618717.25,-3825.16,74.32,0.07,7/27/25,Chicago,Ambassador Theatre,96.36,257,6421,1080,8,0
7,1251354.6,-233887.4,96.22,-2.29,7/27/25,Death Becomes Her,Lunt-Fontanne Theatre,109.03,299,11477,1491,8,0
8,985295.6,-57137.02,92.52,-3.48,7/27/25,The Great Gatsby,Broadway Theatre,89.65,277,10991,1485,8,0
9,984109.54,125207.91,73.81,6.97,7/27/25,Gypsy,Majestic Theatre,104.83,397,9388,1590,8,0
10,743799,-10738,100.35,-0.15,7/27/25,Hadestown,Walter Kerr Theatre,100.92,0,7370,918,8,0
11,2236625,48845,101.38,-0.11,7/27/25,Hamilton,Richard Rodgers Theatre,208.29,369,10738,1324,8,0
12,1296119.95,96300.95,91.86,4.66,7/27/25,Harry Potter and the Cursed Child,Lyric Theatre,108.73,239,11920,1622,8,0
13,968204.48,14542.88,90.61,-0.3,7/27/25,Hell's Kitchen,Sam S. Shubert Theatre,91.68,297,10561,1457,8,0
14,710709.95,29696.4,101.88,-0.48,7/27/25,John Proctor is the Villain,Booth Theatre,112.95,375,6292,772,8,0
15,1316681.5,-10903.5,103.53,-0.24,7/27/25,Just in Time,Circle in the Square Theatre,230.39,574.5,5715,690,8,0
16,2324312.2,105825.2,98,0.16,7/27/25,The Lion King,Minskoff Theatre,174.81,289,13296,1696,8,0
17,1382284.4,34483.95,102.57,0.06,7/27/25,Maybe Happy Ending,Belasco Theatre,173.13,475,7984,973,8,0
18,1394267,-11875.2,93.41,-0.39,7/27/25,MJ The Musical,Neil Simon Theatre,134.52,309,10365,1387,8,0
19,1085976.2,1388.6,97.72,1.59,7/27/25,Moulin Rouge! The Musical,Al Hirschfeld Theatre,106.86,0,10163,1300,8,0
20,1099908,-16541.52,100,0.7,7/27/25,"Oh, Mary!",Lyceum Theatre,153.62,375,7160,895,8,0
21,730020.53,9519.78,98.56,0.68,7/27/25,Operation Mincemeat,John Golden Theatre,117.2,325,6229,790,8,0
22,1237576.8,30523.85,102.21,0.17,7/27/25,The Outsiders,Bernard B. Jacobs Theatre,147.81,398,8373,1024,8,0
23,567633,82869,101.7,4.47,7/27/25,Pirates! The Penzance Musical,Todd Haimes Theatre,95.97,297,5915,727,8,0
24,651047.15,15457.35,98.11,-0.58,7/27/25,Purpose,Helen Hayes Theater,142.77,300,4560,581,8,0
25,762769.5,21416.12,85.46,0.48,7/27/25,SIX: The Musical,Lena Horne Theatre,108.21,269,7049,1031,8,0
26,1091407.75,25140.75,82.39,-0.68,7/27/25,Stranger Things: The First Shadow,Marquis Theatre,103.88,281,10506,1594,8,0
27,2386982,-25953,100,0,7/27/25,Wicked,Gershwin Theatre,154.92,352,15408,1926,8,0
0,1035426.9,105259.2,100.39,0.89,7/20/25,& Juliet,Stephen Sondheim Theatre,125.66,348,8240,1026,8,0
1,1469873.5,13021.5,96.35,0.03,7/20/25,Aladdin,New Amsterdam Theatre,110.42,215.5,13312,1727,8,0
2,882718.2,86319.6,96.59,6.1,7/20/25,The Book of Mormon,Eugene O'Neill Theatre,107.17,249,8237,1066,8,0
3,1200685.15,77183.47,100.15,4.03,7/20/25,Buena Vista Social Club,Gerald Schoenfeld Theatre,142.85,397,8405,1049,8,0
4,1166265.2,252988.9,98.86,5.53,7/20/25,Cabaret,August Wilson Theatre,137.82,399,8462,1070,8,0
5,56519,-56779.75,30.3,2.48,7/20/25,Call Me Izzy,Studio 54,57.79,377.5,978,807,4,0
6,622542.41,53819.39,74.25,6.55,7/20/25,Chicago,Ambassador Theatre,97.04,257,6415,1080,8,0
7,1485242,229437,98.51,3.71,7/20/25,Death Becomes Her,Lunt-Fontanne Theatre,126.4,325,11750,1491,8,0
8,1042432.62,94441.82,96,6.45,7/20/25,The Great Gatsby,Broadway Theatre,91.4,277,11405,1485,8,0
9,858901.63,42815.59,66.84,5.5,7/20/25,Gypsy,Majestic Theatre,101.02,397,8502,1590,8,0
10,754537,62207,100.5,3.17,7/20/25,Hadestown,Walter Kerr Theatre,102.23,0,7381,918,8,0
11,2187780,51018,101.49,0.41,7/20/25,Hamilton,Richard Rodgers Theatre,203.51,349,10750,1324,8,0
12,1199819,47273.95,87.2,4.02,7/20/25,Harry Potter and the Cursed Child,Lyric Theatre,106.04,239,11315,1622,8,0
13,953661.6,63726.55,90.91,0.31,7/20/25,Hell's Kitchen,Sam S. Shubert Theatre,89.99,297,10597,1457,8,0
14,681013.55,-447790.65,102.36,-0.15,7/20/25,John Proctor is the Villain,Booth Theatre,107.72,375,6322,772,8,0
15,1327585,40135.5,103.77,0.65,7/20/25,Just in Time,Circle in the Square Theatre,231.77,574.5,5728,690,8,0
16,2218487,27737,97.84,0.79,7/20/25,The Lion King,Minskoff Theatre,167.12,297,13275,1696,8,0
17,1347800.45,5964.15,102.51,0.02,7/20/25,Maybe Happy Ending,Belasco Theatre,168.92,475,7979,973,8,0
18,1406142.2,51719.2,93.8,-0.61,7/20/25,MJ The Musical,Neil Simon Theatre,135.1,309,10408,1387,8,0
19,1084587.6,175736.6,96.13,2.89,7/20/25,Moulin Rouge! The Musical,Al Hirschfeld Theatre,108.49,0,9997,1300,8,0
20,1116449.52,28572.62,99.3,0.68,7/20/25,"Oh, Mary!",Lyceum Theatre,157.03,375,7110,895,8,0
21,720500.75,52486.3,97.88,1.54,7/20/25,Operation Mincemeat,John Golden Theatre,116.47,325,6186,790,8,0
22,1207052.95,49373.5,102.04,0.53,7/20/25,The Outsiders,Bernard B. Jacobs Theatre,144.4,497,8359,1024,8,0
23,484764,22646,97.23,4.18,7/20/25,Pirates! The Penzance Musical,Todd Haimes Theatre,85.72,297,5655,727,8,0
24,635589.8,-37028.75,98.69,0.41,7/20/25,Purpose,Helen Hayes Theater,138.56,300,4587,581,8,0
25,741353.38,82312.13,84.98,0.84,7/20/25,SIX: The Musical,Lena Horne Theatre,105.77,269,7009,1031,8,0
26,1066267,86264.15,83.07,5.94,7/20/25,Stranger Things: The First Shadow,Marquis Theatre,100.66,281,10593,1594,8,0
27,2481018,506285,100.35,4.42,7/20/25,Sunset Boulevard,St. James Theatre,187.53,599,13230,1648,8,0
28,2412935,101141,100,0,7/20/25,Wicked,Gershwin Theatre,156.6,352,15408,1926,8,0
0,930167.7,90031.2,99.5,0.18,7/13/25,& Juliet,Stephen Sondheim Theatre,113.89,324,8167,1026,8,0
1,1456852,77888,96.32,0.36,7/13/25,Aladdin,New Amsterdam Theatre,109.48,215.5,13307,1727,8,0
2,796398.6,-30862.75,90.49,-6.06,7/13/25,The Book of Mormon,Eugene O'Neill Theatre,103.2,229,7717,1066,8,0
3,833724.39,276086.09,99.65,7.1,7/13/25,BOOP! The Musical,Broadhurst Theatre,91.98,297,9064,1137,8,0
4,1123501.68,36886.58,96.12,-2.55,7/13/25,Buena Vista Social Club,Gerald Schoenfeld Theatre,139.29,397,8066,1049,8,0
5,913276.3,70779.8,93.33,-1.97,7/13/25,Cabaret,August Wilson Theatre,114.32,299,7989,1070,8,0
6,113298.75,-120430.75,27.82,-17.8,7/13/25,Call Me Izzy,Studio 54,63.08,377.5,1796,807,8,0
7,568723.02,26134.56,67.7,-3.05,7/13/25,Chicago,Ambassador Theatre,97.23,257,5849,1080,8,0
8,1255805,153762.25,94.8,-1.42,7/13/25,Death Becomes Her,Lunt-Fontanne Theatre,111.05,325,11308,1491,8,0
9,947990.8,29641.1,89.55,-0.8,7/13/25,The Great Gatsby,Broadway Theatre,89.11,277,10639,1485,8,0
10,816086.04,522183.22,61.34,3.53,7/13/25,Gypsy,Majestic Theatre,104.59,397,7803,1590,8,0
11,692330,-1661,97.33,-2.68,7/13/25,Hadestown,Walter Kerr Theatre,96.86,0,7148,918,8,0
12,2136762,25992,101.08,-0.34,7/13/25,Hamilton,Richard Rodgers Theatre,199.59,349,10706,1324,8,0
13,1152545.05,-14600.2,83.18,-4.39,7/13/25,Harry Potter and the Cursed Child,Lyric Theatre,106.79,239,10793,1622,8,0
14,889935.05,110691.64,90.6,-2.13,7/13/25,Hell's Kitchen,Sam S. Shubert Theatre,84.27,273,10560,1457,8,0
15,1128804.2,221445.3,102.51,0.24,7/13/25,John Proctor is the Villain,Booth Theatre,178.3,697,6331,772,8,0
16,1287449.5,55643,103.12,0.11,7/13/25,Just in Time,Circle in the Square Theatre,226.19,574.5,5692,690,8,0
17,2190750,136422.2,97.05,-0.21,7/13/25,The Lion King,Minskoff Theatre,166.37,297,13168,1696,8,0
18,1341836.3,10576.11,102.49,-0.05,7/13/25,Maybe Happy Ending,Belasco Theatre,168.19,475,7978,973,8,0
19,1354423,121988.15,94.41,4.88,7/13/25,MJ The Musical,Neil Simon Theatre,129.29,299,10476,1387,8,0
20,908851,60736.4,93.24,0.98,7/13/25,Moulin Rouge! The Musical,Al Hirschfeld Theatre,93.72,0,9697,1300,8,0
21,1087876.9,148934.9,98.62,4.65,7/13/25,"Oh, Mary!",Lyceum Theatre,154.07,375,7061,895,8,0
22,668014.45,61263.85,96.34,-1.73,7/13/25,Operation Mincemeat,John Golden Theatre,109.71,325,6089,790,8,0
23,1157679.45,11074.76,101.51,-0.24,7/13/25,The Outsiders,Bernard B. Jacobs Theatre,139.21,497,8316,1024,8,0
24,462118,85703.5,93.05,0.68,7/13/25,Pirates! The Penzance Musical,Todd Haimes Theatre,85.39,297,5412,727,8,0
25,672618.55,28770.84,98.28,-1.2,7/13/25,Purpose,Helen Hayes Theater,147.25,349,4568,581,8,0
26,659041.25,-50755,84.14,-3.17,7/13/25,SIX: The Musical,Lena Horne Theatre,94.96,269,6940,1031,8,0
27,980002.85,51355.75,77.13,-1.67,7/13/25,Stranger Things: The First Shadow,Marquis Theatre,99.64,281,9835,1594,8,0
28,1974733,34464.1,95.93,-4,7/13/25,Sunset Boulevard,St. James Theatre,156.14,499,12647,1648,8,0
29,2311794,53873,100,0,7/13/25,Wicked,Gershwin Theatre,150.04,352,15408,1926,8,0
0,840136.5,-99306.6,99.32,1.82,7/6/25,& Juliet,Stephen Sondheim Theatre,103.06,324,8152,1026,8,0
1,1378964,2538.6,95.96,-0.03,7/6/25,Aladdin,New Amsterdam Theatre,104.01,215.5,13258,1727,8,0
2,827261.35,-32850.46,96.55,2.25,7/6/25,The Book of Mormon,Eugene O'Neill Theatre,100.47,249,8234,1066,8,0
3,557638.3,17963.32,92.55,19.51,7/6/25,BOOP! The Musical,Broadhurst Theatre,75.7,297,7366,1137,7,0
4,1086615.1,-172134.6,98.67,3.34,7/6/25,Buena Vista Social Club,Gerald Schoenfeld Theatre,131.23,397,8280,1049,8,0
5,842496.5,-40844.8,95.3,3.28,7/6/25,Cabaret,August Wilson Theatre,103.27,329,8158,1070,8,0
6,233729.5,-272118,45.62,-19.75,7/6/25,Call Me Izzy,Studio 54,79.36,377.5,2945,807,8,0
7,542588.46,-25154.6,70.75,4.15,7/6/25,Chicago,Ambassador Theatre,88.76,237,6113,1080,8,0
8,1102042.75,-253330.25,96.22,1.71,7/6/25,Death Becomes Her,Lunt-Fontanne Theatre,96.02,249,11477,1491,8,0
9,918349.7,-47901.7,90.35,3.5,7/6/25,The Great Gatsby,Broadway Theatre,85.56,277,10733,1485,8,0
10,293902.82,-701697.7,57.81,-8.63,7/6/25,Gypsy,Majestic Theatre,39.97,247,7354,1590,8,0
11,693991,-52402,100.01,1.13,7/6/25,Hadestown,Walter Kerr Theatre,94.48,0,7345,918,8,0
12,2110770,171071,101.42,0.33,7/6/25,Hamilton,Richard Rodgers Theatre,196.5,325,10742,1324,8,0
13,1167145.25,13568.05,87.57,4.5,7/6/25,Harry Potter and the Cursed Child,Lyric Theatre,102.71,239,11363,1622,8,0
14,779243.41,-128281.89,92.73,5.66,7/6/25,Hell's Kitchen,Sam S. Shubert Theatre,72.09,273,10809,1457,8,0
15,907358.9,-16350.8,102.27,-0.21,7/6/25,John Proctor is the Villain,Booth Theatre,143.66,475,6316,772,8,0
16,1231806.5,-48092.5,103.01,0.18,7/6/25,Just in Time,Circle in the Square Theatre,216.64,574.5,5686,690,8,0
17,2054327.8,-12673,97.26,-1.92,7/6/25,The Lion King,Minskoff Theatre,155.68,262,13196,1696,8,0
18,1331260.19,23757.78,102.54,0.05,7/6/25,Maybe Happy Ending,Belasco Theatre,166.78,475,7982,973,8,0
19,1232434.85,3467.85,89.53,1.77,7/6/25,MJ The Musical,Neil Simon Theatre,124.06,269,9934,1387,8,0
20,848114.6,-19687.2,92.26,4.69,7/6/25,Moulin Rouge! The Musical,Al Hirschfeld Theatre,88.39,0,9595,1300,8,0
21,938942,-297193,93.97,-6.03,7/6/25,"Oh, Mary!",Lyceum Theatre,139.56,375,6728,895,8,0
22,606750.6,-147337.08,98.07,-0.63,7/6/25,Operation Mincemeat,John Golden Theatre,97.89,325,6198,790,8,0
23,1146604.69,-101314.96,101.75,-0.2,7/6/25,The Outsiders,Bernard B. Jacobs Theatre,137.57,497,8335,1024,8,0
24,376414.5,-95429,92.37,2.88,7/6/25,Pirates! The Penzance Musical,Todd Haimes Theatre,70.07,297,5372,727,8,0
25,643847.71,-38257.54,99.48,0.81,7/6/25,Purpose,Helen Hayes Theater,139.24,300,4624,581,8,0
26,709796.25,-7738,87.31,6.44,7/6/25,SIX: The Musical,Lena Horne Theatre,98.57,269,7201,1031,8,0
27,928647.1,-82722.15,78.8,-1.56,7/6/25,Stranger Things: The First Shadow,Marquis Theatre,92.42,281,10048,1594,8,0
28,1940268.9,88782.1,99.93,2.87,7/6/25,Sunset Boulevard,St. James Theatre,151.1,599,12841,1606,8,0
29,2257921,-177686,100,0,7/6/25,Wicked,Gershwin Theatre,146.54,352,15408,1926,8,0
0,939443.1,-74855.9,97.5,-0.19,6/29/25,& Juliet,Stephen Sondheim Theatre,117.39,324,8003,1026,8,0
1,1376425.4,-147699.8,95.99,-2.48,6/29/25,Aladdin,New Amsterdam Theatre,103.79,199.5,13262,1727,8,0
2,860111.81,-78680.24,94.3,-2.4,6/29/25,The Book of Mormon,Eugene O'Neill Theatre,106.95,249,8042,1066,8,0
3,539674.98,-62341.87,73.04,-8.39,6/29/25,BOOP! The Musical,Broadhurst Theatre,81.23,297,6644,1137,8,0
4,1258749.7,-38114.55,95.33,-3.82,6/29/25,Buena Vista Social Club,Gerald Schoenfeld Theatre,157.34,447,8000,1049,8,0
5,883341.3,-61640.98,92.02,-0.99,6/29/25,Cabaret,August Wilson Theatre,112.14,349,7877,1070,8,0
6,505847.5,-98365.75,65.37,3.62,6/29/25,Call Me Izzy,Studio 54,119.87,377.5,4220,807,8,0
7,567743.06,-35887.47,66.6,-3.6,6/29/25,Chicago,Ambassador Theatre,98.67,237,5754,1080,8,0
8,681011.7,205836.7,94.11,19.43,6/29/25,Dead Outlaw,Longacre Theatre,86.31,297,7890,1048,8,0
9,1355373,-102960.2,94.51,-4.27,6/29/25,Death Becomes Her,Lunt-Fontanne Theatre,120.23,299,11273,1491,8,0
10,2230345.5,-3806.5,98.87,-1.7,6/29/25,Glengarry Glen Ross,Palace Theatre,215.91,799,10330,1306,8,0
11,966251.4,-130634.6,86.85,-8.36,6/29/25,The Great Gatsby,Broadway Theatre,93.65,277,10318,1485,8,0
12,995600.52,-291979.36,66.44,-17.41,6/29/25,Gypsy,Majestic Theatre,117.81,397,8451,1590,8,0
13,746393,-73991.5,98.88,-0.92,6/29/25,Hadestown,Walter Kerr Theatre,102.78,0,7262,918,8,0
14,1939699,-230098,101.09,-0.35,6/29/25,Hamilton,Richard Rodgers Theatre,181.16,325,10707,1324,8,0
15,1153577.2,-131009.85,83.07,-7.24,6/29/25,Harry Potter and the Cursed Child,Lyric Theatre,107.02,239,10779,1622,8,0
16,907525.3,-133677.85,87.07,-7.33,6/29/25,Hell's Kitchen,Sam S. Shubert Theatre,89.42,297,10149,1457,8,0
17,923709.7,68382.48,102.48,-0.06,6/29/25,John Proctor is the Villain,Booth Theatre,145.95,475,6329,772,8,0
18,1279899,-6149.5,102.83,-0.79,6/29/25,Just in Time,Circle in the Square Theatre,225.49,574.5,5676,690,8,0
19,2067000.8,-74943,99.18,-0.64,6/29/25,The Lion King,Minskoff Theatre,153.6,259,13457,1696,8,0
20,1307502.41,26450.26,102.49,1.15,6/29/25,Maybe Happy Ending,Belasco Theatre,163.89,475,7978,973,8,0
21,1228967,-140501,87.76,-3.14,6/29/25,MJ The Musical,Neil Simon Theatre,126.2,299,9738,1387,8,0
22,867801.8,-152327,87.57,-8.56,6/29/25,Moulin Rouge! The Musical,Al Hirschfeld Theatre,95.29,0,9107,1300,8,0
23,1236135,-73905.56,100,0,6/29/25,"Oh, Mary!",Lyceum Theatre,172.64,375,7160,895,8,0
24,754087.68,-65507.47,98.7,-1.08,6/29/25,Operation Mincemeat,John Golden Theatre,120.89,325,6238,790,8,0
25,1247919.65,-106841.4,101.95,-0.27,6/29/25,The Outsiders,Bernard B. Jacobs Theatre,149.42,497,8352,1024,8,0
26,2092068.88,436208.38,101.43,0.15,6/29/25,The Picture of Dorian Gray,Music Box Theatre,259.11,797,8074,995,8,0
27,471843.5,-97513,89.49,-8.77,6/29/25,Pirates! The Penzance Musical,Todd Haimes Theatre,90.65,312,5205,727,8,0
28,682105.25,8205.55,98.67,0,6/29/25,Purpose,Helen Hayes Theater,148.74,399,4586,581,8,0
29,758027.88,249483.78,93.09,12.38,6/29/25,Real Women Have Curves,James Earl Jones Theatre,96.48,295,7857,1055,8,0
30,717534.25,-102599.7,80.87,-7.98,6/29/25,SIX: The Musical,Lena Horne Theatre,107.58,269,6670,1031,8,0
31,474654.4,157291.4,97.08,24.88,6/29/25,Stephen Sondheim's Old Friends,Samuel J. Friedman Theatre,95.04,400,4994,643,8,0
32,1011369.25,-128932.25,80.36,-6.04,6/29/25,Stranger Things: The First Shadow,Marquis Theatre,98.7,281,10247,1594,8,0
33,1851486.8,23945.9,97.06,-0.05,6/29/25,Sunset Boulevard,St. James Theatre,148.45,599,12472,1606,8,0
34,2435607,-49193,100,0,6/29/25,Wicked,Gershwin Theatre,158.07,352,15408,1926,8,0
0,1014299,152757.5,97.69,4.49,6/22/25,& Juliet,Stephen Sondheim Theatre,126.5,324,8018,1026,8,0
1,1524125.2,121869.2,98.47,1.71,6/22/25,Aladdin,New Amsterdam Theatre,112.04,279.5,13604,1727,8,0
2,938792.05,115669.7,96.7,5.01,6/22/25,The Book of Mormon,Eugene O'Neill Theatre,113.83,239,8247,1066,8,0
3,602016.85,89267,81.43,2.89,6/22/25,BOOP! The Musical,Broadhurst Theatre,81.28,297,7407,1137,8,0
4,1296864.25,7868.79,99.15,-0.34,6/22/25,Buena Vista Social Club,Gerald Schoenfeld Theatre,155.85,425,8321,1049,8,0
5,944982.28,182267.02,93.01,6.85,6/22/25,Cabaret,August Wilson Theatre,118.69,349,7962,1070,8,0
6,604213.25,139689,61.75,-8.61,6/22/25,Call Me Izzy,Studio 54,130.67,377.5,4624,936,8,0
7,603630.53,62228.43,70.2,6.22,6/22/25,Chicago,Ambassador Theatre,99.53,237,6065,1080,8,0
8,475175,25509.5,74.68,5.31,6/22/25,Dead Outlaw,Longacre Theatre,75.89,297,6261,1048,8,0
9,1458333.2,129384.3,98.78,6.17,6/22/25,Death Becomes Her,Lunt-Fontanne Theatre,123.78,299,11782,1491,8,0
10,754317,258106,91.13,11.61,6/22/25,Floyd Collins,Vivian Beaumont Theater,97.89,277,7706,1057,8,0
11,2234152,-31109.4,100.57,4.25,6/22/25,Glengarry Glen Ross,Palace Theatre,212.61,799,10508,1306,8,0
12,1096886,30586.15,95.21,3.81,6/22/25,The Great Gatsby,Broadway Theatre,96.98,277,11311,1485,8,0
13,1287579.88,223124.86,83.85,7.47,6/22/25,Gypsy,Majestic Theatre,120.72,397,10666,1590,8,0
14,820384.5,90303.5,99.8,5,6/22/25,Hadestown,Walter Kerr Theatre,111.94,0,7329,918,8,0
15,2169797,107345,101.44,1,6/22/25,Hamilton,Richard Rodgers Theatre,201.94,349,10745,1324,8,0
16,1284587.05,240347.7,90.31,11.65,6/22/25,Harry Potter and the Cursed Child,Lyric Theatre,109.62,239,11719,1622,8,0
17,1041203.15,129956.1,94.4,6.93,6/22/25,Hell's Kitchen,Sam S. Shubert Theatre,94.63,297,11003,1457,8,0
18,855327.22,4661.27,102.54,0.29,6/22/25,John Proctor is the Villain,Booth Theatre,135.06,475,6333,772,8,0
19,1286048.5,14698.5,103.62,0.87,6/22/25,Just in Time,Circle in the Square Theatre,224.83,574.5,5720,690,8,0
20,604087.75,123153.55,85.69,11.6,6/22/25,The Last Five Years,Hudson Theatre,91.03,425,6636,968,8,0
21,2141943.8,54997.05,99.82,1.43,6/22/25,The Lion King,Minskoff Theatre,158.16,249,13543,1696,8,0
22,1281052.15,44822.1,101.34,-1.19,6/22/25,Maybe Happy Ending,Belasco Theatre,162.41,475,7888,973,8,0
23,1369468,152350.5,90.9,1.51,6/22/25,MJ The Musical,Neil Simon Theatre,135.78,299,10086,1387,8,0
24,1020128.8,140497.8,96.13,4.37,6/22/25,Moulin Rouge! The Musical,Al Hirschfeld Theatre,102.04,0,9997,1300,8,0
25,1310040.56,-44799.94,100,0,6/22/25,"Oh, Mary!",Lyceum Theatre,182.97,425,7160,895,8,0
26,819595.15,56194.95,99.78,1.3,6/22/25,Operation Mincemeat,John Golden Theatre,129.97,325,6306,790,8,0
27,1354761.05,108425.45,102.22,0.77,6/22/25,The Outsiders,Bernard B. Jacobs Theatre,161.78,497,8374,1024,8,0
28,1655860.5,147479.06,101.28,-0.13,6/22/25,The Picture of Dorian Gray,Music Box Theatre,234.74,597,7054,995,7,0
29,569356.5,67077,98.26,6,6/22/25,Pirates! The Penzance Musical,Todd Haimes Theatre,99.62,372,5715,727,8,0
30,673899.7,37519.1,98.67,-0.17,6/22/25,Purpose,Helen Hayes Theater,146.95,399,4586,581,8,0
31,508544.1,143291.92,80.71,17.65,6/22/25,Real Women Have Curves,James Earl Jones Theatre,74.65,275,6812,1055,8,0
32,820133.95,141467.95,88.85,9.42,6/22/25,SIX: The Musical,Lena Horne Theatre,111.92,269,7328,1031,8,0
33,977805.06,401499.11,84.31,15.95,6/22/25,Smash,Imperial Theatre,102.74,297,9517,1411,8,0
34,317363,-133632,72.2,-16.06,6/22/25,Stephen Sondheim's Old Friends,Samuel J. Friedman Theatre,85.45,400,3714,643,8,0
35,1140301.5,124125.5,86.4,2.73,6/22/25,Stranger Things: The First Shadow,Marquis Theatre,103.49,281,11018,1594,8,0
36,1827540.9,161779,97.11,5.49,6/22/25,Sunset Boulevard,St. James Theatre,146.46,0,12478,1606,8,0
37,2484800,143746,100,0,6/22/25,Wicked,Gershwin Theatre,161.27,352,15408,1926,8,0
0,861541.5,39210.7,93.2,1.53,6/15/25,& Juliet,Stephen Sondheim Theatre,112.62,324,7650,1026,8,0
1,1402256,115307.5,96.76,1.36,6/15/25,Aladdin,New Amsterdam Theatre,104.9,225.5,13368,1727,8,0
2,823122.35,31945.8,91.69,1.93,6/15/25,The Book of Mormon,Eugene O'Neill Theatre,105.27,269,7819,1066,8,0
3,512749.85,-41445.55,78.54,-7.01,6/15/25,BOOP! The Musical,Broadhurst Theatre,71.77,297,7144,1137,8,0
4,1288995.46,62114.11,99.49,-0.02,6/15/25,Buena Vista Social Club,Gerald Schoenfeld Theatre,154.39,447,8349,1049,8,0
5,762715.26,96546.36,86.16,10.1,6/15/25,Cabaret,August Wilson Theatre,103.42,299,7375,1070,8,0
6,464524.25,47765.25,70.36,-5.51,6/15/25,Call Me Izzy,Studio 54,100.76,377.5,4610,936,4,3
7,541402.1,29659.95,63.98,2.63,6/15/25,Chicago,Ambassador Theatre,97.94,237,5528,1080,8,0
8,449665.5,-54040.9,69.37,-10.76,6/15/25,Dead Outlaw,Longacre Theatre,77.32,297,5816,1048,8,0
9,1328948.9,-18974.95,92.61,-7.28,6/15/25,Death Becomes Her,Lunt-Fontanne Theatre,120.31,299,11046,1491,8,0
10,496211,-11737,79.52,2.96,6/15/25,Floyd Collins,Vivian Beaumont Theater,73.8,277,6724,1057,8,0
11,2265261.4,-92838,96.32,1.99,6/15/25,Glengarry Glen Ross,Palace Theatre,225.09,799,10064,1306,8,0
12,1066299.85,10261.45,91.4,0.58,6/15/25,The Great Gatsby,Broadway Theatre,98.2,277,10858,1485,8,0
13,1064455.02,21668.94,76.38,6.99,6/15/25,Gypsy,Majestic Theatre,109.57,397,9715,1590,8,0
14,730081,-26670,94.8,-2.18,6/15/25,Hadestown,Walter Kerr Theatre,104.87,0,6962,918,8,0
15,2062452,76148,100.44,1.1,6/15/25,Hamilton,Richard Rodgers Theatre,193.86,325,10639,1324,8,0
16,1044239.35,105521.35,78.66,-3.96,6/15/25,Harry Potter and the Cursed Child,Lyric Theatre,102.31,239,10207,1622,8,0
17,911247.05,26909.95,87.47,3.49,6/15/25,Hell's Kitchen,Sam S. Shubert Theatre,89.38,297,10195,1457,8,0
18,850665.95,77177.05,102.25,-0.21,6/15/25,John Proctor is the Villain,Booth Theatre,134.71,405,6315,772,8,0
19,1271350,23588,102.75,-0.57,6/15/25,Just in Time,Circle in the Square Theatre,224.14,574.5,5672,690,8,0
20,480934.2,36214.2,74.09,4.59,6/15/25,The Last Five Years,Hudson Theatre,74.51,425,6455,968,9,0
21,2086946.75,84479,98.39,-0.23,6/15/25,The Lion King,Minskoff Theatre,156.34,259,13349,1696,8,0
22,1236230.05,76686.65,102.53,0.2,6/15/25,Maybe Happy Ending,Belasco Theatre,154.9,475,7981,973,8,0
23,1217117.5,72619.5,89.39,3.83,6/15/25,MJ The Musical,Neil Simon Theatre,122.71,269,9919,1387,8,0
24,879631,-640.8,91.76,0.39,6/15/25,Moulin Rouge! The Musical,Al Hirschfeld Theatre,92.18,0,9543,1300,8,0
25,1354840.5,152053,100,0,6/15/25,"Oh, Mary!",Lyceum Theatre,189.22,425,7160,895,8,0
26,763400.2,-12246.9,98.48,-1.12,6/15/25,Operation Mincemeat,John Golden Theatre,122.65,325,6224,790,8,0
27,1246335.6,29626.65,101.45,0.17,6/15/25,The Outsiders,Bernard B. Jacobs Theatre,149.96,497,8311,1024,8,0
28,1508381.44,140594.34,101.41,0.06,6/15/25,The Picture of Dorian Gray,Music Box Theatre,213.56,597,7063,995,7,0
29,502279.5,34209.5,92.26,2.73,6/15/25,Pirates! The Penzance Musical,Todd Haimes Theatre,93.6,342,5366,727,8,0
30,636380.6,101331.7,98.84,0.97,6/15/25,Purpose,Helen Hayes Theater,138.52,380,4594,581,8,0
31,365252.18,-49179.87,63.06,-9,6/15/25,Real Women Have Curves,James Earl Jones Theatre,68.63,275,5322,1055,8,0
32,678666,55293.75,79.43,6.82,6/15/25,SIX: The Musical,Lena Horne Theatre,103.6,269,6551,1031,8,0
33,576305.95,-79855.35,68.36,1.88,6/15/25,Smash,Imperial Theatre,85.35,297,6752,1411,7,0
34,450995,-59707,88.26,-0.97,6/15/25,Stephen Sondheim's Old Friends,Samuel J. Friedman Theatre,99.34,400,4540,643,8,0
35,1016176,124387,83.67,5.49,6/15/25,Stranger Things: The First Shadow,Marquis Theatre,95.24,281,10670,1594,8,0
36,1665761.9,404548.19,91.62,2.8,6/15/25,Sunset Boulevard,St. James Theatre,137.91,0,12079,1648,8,0
37,2341054,-72751,100,0,6/15/25,Wicked,Gershwin Theatre,151.94,352,15408,1926,8,0
0,822330.8,8869.7,91.67,-4.47,6/8/25,& Juliet,Stephen Sondheim Theatre,109.29,324,7524,1026,8,0
1,1286948.5,-79141.9,95.4,-1.18,6/8/25,Aladdin,New Amsterdam Theatre,97.64,215.5,13181,1727,8,0
2,791176.55,10467.11,89.76,-1.08,6/8/25,The Book of Mormon,Eugene O'Neill Theatre,103.35,269,7655,1066,8,0
3,554195.4,61984.5,85.55,7.48,6/8/25,BOOP! The Musical,Broadhurst Theatre,71.22,297,7782,1137,8,0
4,1226881.35,64984.75,99.51,-0.38,6/8/25,Buena Vista Social Club,Gerald Schoenfeld Theatre,146.91,397,8351,1049,8,0
5,666168.9,-67462.3,76.06,-2.21,6/8/25,Cabaret,August Wilson Theatre,102.31,269,6511,1070,8,0
6,416759,-51088.75,75.87,8.56,6/8/25,Call Me Izzy,Studio 54,97.81,377.5,4261,936,0,6
7,511742.15,-18240.8,61.35,-4.53,6/8/25,Chicago,Ambassador Theatre,96.54,237,5301,1080,8,0
8,503706.4,38168,80.13,1.71,6/8/25,Dead Outlaw,Longacre Theatre,74.98,297,6718,1048,8,0
9,1347923.85,1759.8,99.89,5.24,6/8/25,Death Becomes Her,Lunt-Fontanne Theatre,129.28,399,10426,1491,7,0
10,507948,38224,76.56,2.6,6/8/25,Floyd Collins,Vivian Beaumont Theater,78.46,277,6474,1057,8,0
11,2358099.4,352845.4,94.33,1.51,6/8/25,Glengarry Glen Ross,Palace Theatre,239.26,799,9856,1306,8,0
12,4331225.66,85627.16,101.28,-0.46,6/8/25,"Good Night, and Good Luck",Winter Garden Theatre,347.78,825,12454,1537,8,0
13,1056038.4,-19723.7,90.82,-2.41,6/8/25,The Great Gatsby,Broadway Theatre,97.87,277,10790,1485,8,0
14,1042786.08,-67173.08,69.39,-7.08,6/8/25,Gypsy,Majestic Theatre,118.14,397,8827,1590,8,0
15,756751,35435.5,96.98,0.08,6/8/25,Hadestown,Walter Kerr Theatre,106.26,0,7122,918,8,0
16,1986304,59951,99.34,-0.21,6/8/25,Hamilton,Richard Rodgers Theatre,188.78,325,10522,1324,8,0
17,938718,84400.85,82.62,7.79,6/8/25,Harry Potter and the Cursed Child,Lyric Theatre,87.56,249,10721,1622,8,0
18,884337.1,-55429.36,83.98,-3.29,6/8/25,Hell's Kitchen,Sam S. Shubert Theatre,90.34,297,9789,1457,8,0
19,773488.9,104823.88,102.46,1.93,6/8/25,John Proctor is the Villain,Booth Theatre,122.23,397,6328,772,8,0
20,1247762,30033,103.32,0,6/8/25,Just in Time,Circle in the Square Theatre,218.79,496.5,5703,690,8,0
21,444720,-15788.45,69.5,-10.16,6/8/25,The Last Five Years,Hudson Theatre,82.63,425,5382,968,8,0
22,2002467.75,-6270.25,98.62,-0.24,6/8/25,The Lion King,Minskoff Theatre,149.65,229,13381,1696,8,0
23,1159543.4,54735.87,102.33,1.2,6/8/25,Maybe Happy Ending,Belasco Theatre,145.58,425,7965,973,8,0
24,1144498,4818.1,85.56,2.98,6/8/25,MJ The Musical,Neil Simon Theatre,120.55,269,9494,1387,8,0
25,880271.8,-65541.6,91.37,-4.52,6/8/25,Moulin Rouge! The Musical,Al Hirschfeld Theatre,92.64,0,9502,1300,8,0
26,1202787.5,32681.02,100,0,6/8/25,"Oh, Mary!",Lyceum Theatre,167.99,375,7160,895,8,0
27,775647.1,45694.4,99.6,-0.4,6/8/25,Operation Mincemeat,John Golden Theatre,123.22,375,6295,790,8,0
28,3807875.04,257618.4,100,0,6/8/25,Othello,Ethel Barrymore Theatre,456.36,897,8344,1043,8,0
29,1216708.95,15052.3,101.28,0.6,6/8/25,The Outsiders,Bernard B. Jacobs Theatre,146.64,497,8297,1024,8,0
30,1367787.1,-108131.9,101.35,0.45,6/8/25,The Picture of Dorian Gray,Music Box Theatre,193.76,497,7059,995,7,0
31,468070,-4918,89.53,-2.25,6/8/25,Pirates! The Penzance Musical,Todd Haimes Theatre,89.89,342,5207,727,8,0
32,535048.9,-75673.9,97.87,-1.94,6/8/25,Purpose,Helen Hayes Theater,117.62,300,4549,581,8,0
33,414432.05,22433.44,72.06,4.2,6/8/25,Real Women Have Curves,James Earl Jones Theatre,68.14,275,6082,1055,8,0
34,623372.25,-9775.75,72.61,-4.86,6/8/25,SIX: The Musical,Lena Horne Theatre,104.09,269,5989,1031,8,0
35,656161.3,30752.65,66.48,-1.91,6/8/25,Smash,Imperial Theatre,87.44,297,7504,1411,8,0
36,510702,-72963,89.23,-1.73,6/8/25,Stephen Sondheim's Old Friends,Samuel J. Friedman Theatre,111.26,400,4590,643,8,0
37,891789,-5011.05,78.18,-4.88,6/8/25,Stranger Things: The First Shadow,Marquis Theatre,89.46,281,9969,1594,8,0
38,1261213.71,8211.21,88.82,0.07,6/8/25,Sunset Boulevard,St. James Theatre,110.51,0,11413,1606,8,0
39,2413805,111151,100,0,6/8/25,Wicked,Gershwin Theatre,156.66,352,15408,1926,8,0
0,813461.1,-83968.5,96.14,-2.29,6/1/25,& Juliet,Stephen Sondheim Theatre,103.09,324,7891,1026,8,0
1,1366090.4,16964.6,96.58,-0.85,6/1/25,Aladdin,New Amsterdam Theatre,102.37,215.5,13344,1727,8,0
2,780709.44,-139474.11,90.84,-6.89,6/1/25,The Book of Mormon,Eugene O'Neill Theatre,100.78,269,7747,1066,8,0
3,492210.9,-36277.97,78.07,-4.23,6/1/25,BOOP! The Musical,Broadhurst Theatre,69.32,297,7101,1137,8,0
4,1161896.6,-78788.75,99.89,-1.47,6/1/25,Buena Vista Social Club,Gerald Schoenfeld Theatre,138.6,350,8383,1049,8,0
5,733631.2,-170330.4,78.27,-9.78,6/1/25,Cabaret,August Wilson Theatre,109.5,349,6700,1070,8,0
6,467847.75,256675.5,67.31,-26.71,6/1/25,Call Me Izzy,Studio 54,106.09,377.5,4410,936,0,7
7,529982.95,-83284.5,65.88,-8.31,6/1/25,Chicago,Ambassador Theatre,93.11,237,5692,1080,8,0
8,465538.4,-101334.6,78.42,-8.53,6/1/25,Dead Outlaw,Longacre Theatre,70.8,297,6575,1048,8,0
9,1346164.05,-213760.1,94.65,-4.96,6/1/25,Death Becomes Her,Lunt-Fontanne Theatre,119.24,349,11290,1491,8,0
10,469724,-33975.5,73.96,-2.03,6/1/25,Floyd Collins,Vivian Beaumont Theater,75.11,277,6254,1057,8,0
11,2005254,-745354,92.82,-4.7,6/1/25,Glengarry Glen Ross,Palace Theatre,236.3,799,8486,1306,7,0
12,4245598.5,6785.06,101.74,-0.37,6/1/25,"Good Night, and Good Luck",Winter Garden Theatre,339.38,825,12510,1537,8,0
13,1075762.1,-53084,93.23,-1.69,6/1/25,The Great Gatsby,Broadway Theatre,97.13,344,11076,1485,8,0
14,1109959.16,-34379.96,76.47,2.55,6/1/25,Gypsy,Majestic Theatre,114.11,397,9727,1590,8,0
15,721315.5,-59384.5,96.9,-1.43,6/1/25,Hadestown,Walter Kerr Theatre,101.37,0,7116,918,8,0
16,1926353,-30408.5,99.55,-1.78,6/1/25,Hamilton,Richard Rodgers Theatre,182.7,325,10544,1324,8,0
17,854317.15,-152400.5,74.83,-5.78,6/1/25,Harry Potter and the Cursed Child,Lyric Theatre,87.98,249,9710,1622,8,0
18,939766.46,-16463.34,87.27,-1.08,6/1/25,Hell's Kitchen,Sam S. Shubert Theatre,92.39,297,10172,1457,8,0
19,668665.02,-7942.01,100.53,-1.79,6/1/25,John Proctor is the Villain,Booth Theatre,107.69,397,6209,772,8,0
20,1217729,207.48,103.32,-0.1,6/1/25,Just in Time,Circle in the Square Theatre,213.52,496.5,5703,690,8,0
21,460508.45,-74638,79.66,-8.59,6/1/25,The Last Five Years,Hudson Theatre,74.65,425,6169,968,8,0
22,2008738,-46483.5,98.86,0.16,6/1/25,The Lion King,Minskoff Theatre,149.75,225,13414,1696,8,0
23,1104807.53,13139.08,101.13,-0.64,6/1/25,Maybe Happy Ending,Belasco Theatre,140.35,425,7872,973,8,0
24,1139679.9,-102219.65,82.58,-5.38,6/1/25,MJ The Musical,Neil Simon Theatre,124.38,269,9163,1387,8,0
25,945813.4,-332040.6,95.89,-2.52,6/1/25,Moulin Rouge! The Musical,Al Hirschfeld Theatre,94.84,0,9973,1300,8,0
26,1170106.48,-18635.66,100,0,6/1/25,"Oh, Mary!",Lyceum Theatre,163.42,375,7160,895,8,0
27,729952.7,-70414.55,100,0,6/1/25,Operation Mincemeat,John Golden Theatre,115.5,325,6320,790,8,0
28,3550256.64,222751.08,100,0,6/1/25,Othello,Ethel Barrymore Theatre,425.49,897,8344,1043,8,0
29,1201656.65,-66500.9,100.68,-0.77,6/1/25,The Outsiders,Bernard B. Jacobs Theatre,145.69,497,8248,1024,8,0
30,1475919,362528.5,100.9,-0.26,6/1/25,The Picture of Dorian Gray,Music Box Theatre,183.75,497,8032,995,8,0
31,472988,-72775.1,91.78,-6.11,6/1/25,Pirates! The Penzance Musical,Todd Haimes Theatre,88.61,357,5338,727,8,0
32,610722.8,5829.5,99.81,-0.17,6/1/25,Purpose,Helen Hayes Theater,131.65,300,4639,581,8,0
33,391998.61,-13421.64,67.86,-4.75,6/1/25,Real Women Have Curves,James Earl Jones Theatre,68.45,275,5727,1055,8,0
34,633148,-79484.25,77.47,-6.42,6/1/25,SIX: The Musical,Lena Horne Theatre,99.08,269,6390,1031,8,0
35,625408.65,-247297.25,68.39,-15.19,6/1/25,Smash,Imperial Theatre,81.01,297,7720,1411,8,0
36,583665,-50270,90.96,-0.04,6/1/25,Stephen Sondheim's Old Friends,Samuel J. Friedman Theatre,124.74,400,4679,643,8,0
37,896800.05,-144310.26,83.06,-6.46,6/1/25,Stranger Things: The First Shadow,Marquis Theatre,84.67,281,10592,1594,8,0
38,1253002.5,199629.02,88.75,-2.62,6/1/25,Sunset Boulevard,St. James Theatre,107.09,0,11701,1648,8,0
39,2302654,-51027,100,0,6/1/25,Wicked,Gershwin Theatre,149.45,352,15408,1926,8,0
0,897429.6,88442.2,98.43,4.86,5/25/25,& Juliet,Stephen Sondheim Theatre,111.08,324,8079,1026,8,0
1,1349125.8,199890.5,97.43,5.18,5/25/25,Aladdin,New Amsterdam Theatre,100.22,199.5,13461,1727,8,0
2,920183.55,84659.35,97.73,6.03,5/25/25,The Book of Mormon,Eugene O'Neill Theatre,110.41,249,8334,1066,8,0
3,528488.87,52059.47,82.3,5.33,5/25/25,BOOP! The Musical,Broadhurst Theatre,70.6,297,7486,1137,8,0
4,1240685.35,44584.85,101.36,1.35,5/25/25,Buena Vista Social Club,Gerald Schoenfeld Theatre,145.86,425,8506,1049,8,0
5,903961.6,132885.2,88.05,2.35,5/25/25,Cabaret,August Wilson Theatre,119.94,349,7537,1070,8,0
6,211172.25,0,94.02,0,5/25/25,Call Me Izzy,Studio 54,119.98,377.5,1760,936,0,2
7,613267.45,69569.54,74.19,10.97,5/25/25,Chicago,Ambassador Theatre,95.67,237,6410,1080,8,0
8,566873,62529.9,86.95,1.82,5/25/25,Dead Outlaw,Longacre Theatre,77.76,297,7290,1048,8,0
9,1559924.15,229323.7,99.61,3.37,5/25/25,Death Becomes Her,Lunt-Fontanne Theatre,131.3,349,11881,1491,8,0
10,503699.5,-9370.5,75.99,1.44,5/25/25,Floyd Collins,Vivian Beaumont Theater,78.38,277,6426,1057,8,0
11,2750608,334511,97.52,-2.16,5/25/25,Glengarry Glen Ross,Palace Theatre,239.98,799,11462,1306,9,0
12,4238813.44,282845.18,102.11,0.14,5/25/25,"Good Night, and Good Luck",Winter Garden Theatre,337.59,825,12556,1537,8,0
13,1128846.1,171772.15,94.92,7.4,5/25/25,The Great Gatsby,Broadway Theatre,100.1,374,11277,1485,8,0
14,1144339.12,2160.22,73.92,0.13,5/25/25,Gypsy,Majestic Theatre,121.71,397,9402,1590,8,0
15,780700,134854,98.33,6.19,5/25/25,Hadestown,Walter Kerr Theatre,108.12,0,7221,918,8,0
16,1956761.5,161674.5,101.33,3,5/25/25,Hamilton,Richard Rodgers Theatre,182.31,349,10733,1324,8,0
17,1006717.65,216875.35,80.61,4.12,5/25/25,Harry Potter and the Cursed Child,Lyric Theatre,96.24,239,10460,1622,8,0
18,956229.8,-18825.96,88.35,5.61,5/25/25,Hell's Kitchen,Sam S. Shubert Theatre,92.86,297,10298,1457,8,0
19,676607.03,42243.93,102.32,0.59,5/25/25,John Proctor is the Villain,Booth Theatre,107.08,397,6319,772,8,0
20,1217521.52,56355.02,103.42,0.49,5/25/25,Just in Time,Circle in the Square Theatre,213.26,496.5,5709,690,8,0
21,535146.45,-28355.2,88.25,3.99,5/25/25,The Last Five Years,Hudson Theatre,78.31,425,6834,968,8,0
22,2055221.5,252384.75,98.7,3.44,5/25/25,The Lion King,Minskoff Theatre,153.47,237,13392,1696,8,0
23,1091668.45,87044.27,101.77,0.77,5/25/25,Maybe Happy Ending,Belasco Theatre,137.8,425,7922,973,8,0
24,1241899.55,98992.25,87.96,1.87,5/25/25,MJ The Musical,Neil Simon Theatre,127.24,329,9760,1387,8,0
25,1277854,125380.8,98.41,1.08,5/25/25,Moulin Rouge! The Musical,Al Hirschfeld Theatre,124.85,0,10235,1300,8,0
26,1188742.14,84345.78,100,0,5/25/25,"Oh, Mary!",Lyceum Theatre,166.03,375,7160,895,8,0
27,800367.25,42450.85,100,1.72,5/25/25,Operation Mincemeat,John Golden Theatre,126.64,475,6320,790,8,0
28,3327505.56,121477.02,100,0,5/25/25,Othello,Ethel Barrymore Theatre,398.79,897,8344,1043,8,0
29,1268157.55,103674.05,101.45,1.45,5/25/25,The Outsiders,Bernard B. Jacobs Theatre,152.59,497,8311,1024,8,0
30,1113390.5,-211235.14,101.16,0.54,5/25/25,The Picture of Dorian Gray,Music Box Theatre,184.37,497,6039,995,6,0
31,545763.1,49534.7,97.89,8.05,5/25/25,Pirates! The Penzance Musical,Todd Haimes Theatre,95.87,372,5693,727,8,0
32,604893.3,46409.69,99.98,2.58,5/25/25,Purpose,Helen Hayes Theater,130.17,300,4647,581,8,0
33,405420.25,54139.45,72.61,8.97,5/25/25,Real Women Have Curves,James Earl Jones Theatre,66.16,275,6128,1055,8,0
34,712632.25,95296.75,83.89,11.84,5/25/25,SIX: The Musical,Lena Horne Theatre,103,269,6919,1031,8,0
35,872705.9,81991.15,83.58,5.11,5/25/25,Smash,Imperial Theatre,92.51,297,9434,1411,8,0
36,633935,14365,91,-2.49,5/25/25,Stephen Sondheim's Old Friends,Samuel J. Friedman Theatre,135.43,400,4681,643,8,0
37,1041110.31,165999.7,89.52,9.57,5/25/25,Stranger Things: The First Shadow,Marquis Theatre,91.2,279,11416,1594,8,0
38,1053373.48,-208747.32,91.37,3.12,5/25/25,Sunset Boulevard,St. James Theatre,97.3,0,10826,1481,8,0
39,2353681,217084,100,0,5/25/25,Wicked,Gershwin Theatre,152.76,352,15408,1926,8,0
0,808987.4,886.2,93.57,1.4,5/18/25,& Juliet,Stephen Sondheim Theatre,105.34,324,7680,1026,8,0
1,1149235.3,105384.1,92.25,0.06,5/18/25,Aladdin,New Amsterdam Theatre,90.17,179.5,12745,1727,8,0
2,835524.2,107663.1,91.7,5.68,5/18/25,The Book of Mormon,Eugene O'Neill Theatre,106.84,269,7820,1066,8,0
3,476429.4,-37899.8,76.97,-1.37,5/18/25,BOOP! The Musical,Broadhurst Theatre,68.05,297,7001,1137,8,0
4,1196100.5,31796.08,100.01,0.69,5/18/25,Buena Vista Social Club,Gerald Schoenfeld Theatre,142.51,475,8393,1049,8,0
5,771076.4,-51091.2,85.7,-2.79,5/18/25,Cabaret,August Wilson Theatre,105.11,0,7336,1070,8,0
6,543697.91,7229.31,63.22,-0.61,5/18/25,Chicago,Ambassador Theatre,99.54,237,5462,1080,8,0
7,504343.1,-3412.48,85.13,0.4,5/18/25,Dead Outlaw,Longacre Theatre,70.67,297,7137,1048,8,0
8,1330600.45,-13266.25,96.24,-2.12,5/18/25,Death Becomes Her,Lunt-Fontanne Theatre,115.91,325,11480,1491,8,0
9,513070,1237,74.55,-2.02,5/18/25,Floyd Collins,Vivian Beaumont Theater,81.39,277,6304,1057,8,0
10,2416097,-19292,99.68,0.11,5/18/25,Glengarry Glen Ross,Palace Theatre,231.98,799,10415,1306,8,0
11,3955968.26,143803.08,101.97,0.22,5/18/25,"Good Night, and Good Luck",Winter Garden Theatre,315.52,805,12538,1537,8,0
12,957073.95,13292.15,87.52,3.13,5/18/25,The Great Gatsby,Broadway Theatre,92.05,277,10397,1485,8,0
13,1142178.9,-38047.91,73.79,-2.55,5/18/25,Gypsy,Majestic Theatre,121.69,397,9386,1590,8,0
14,645846,51027.5,92.14,-2.28,5/18/25,Hadestown,Walter Kerr Theatre,95.44,0,6767,918,8,0
15,1795087,134395.5,98.33,0.33,5/18/25,Hamilton,Richard Rodgers Theatre,172.36,325,10415,1324,8,0
16,789842.3,79379.9,76.49,0.72,5/18/25,Harry Potter and the Cursed Child,Lyric Theatre,79.58,199,9925,1622,8,0
17,975055.76,-89706.97,82.74,-10.33,5/18/25,Hell's Kitchen,Sam S. Shubert Theatre,101.1,323,9644,1457,8,0
18,634363.1,37851.86,101.73,0.21,5/18/25,John Proctor is the Villain,Booth Theatre,100.97,375,6283,772,8,0
19,1161166.5,-11944,102.93,-0.06,5/18/25,Just in Time,Circle in the Square Theatre,204.36,496.5,5682,690,8,0
20,563501.65,-252.6,84.26,6.6,5/18/25,The Last Five Years,Hudson Theatre,86.36,425,6525,968,8,0
21,1802836.75,6976.8,95.26,1.66,5/18/25,The Lion King,Minskoff Theatre,139.48,209,12925,1696,8,0
22,1004624.18,3697.36,101,1.54,5/18/25,Maybe Happy Ending,Belasco Theatre,127.78,425,7862,973,8,0
23,1142907.3,-71670.7,86.09,-3.88,5/18/25,MJ The Musical,Neil Simon Theatre,119.64,269,9553,1387,8,0
24,1152473.2,4288.8,97.33,0.23,5/18/25,Moulin Rouge! The Musical,Al Hirschfeld Theatre,113.86,0,10122,1300,8,0
25,1104396.36,62618.46,100,5.43,5/18/25,"Oh, Mary!",Lyceum Theatre,154.25,375,7160,895,8,0
26,757916.4,-3785.71,98.28,1.37,5/18/25,Operation Mincemeat,John Golden Theatre,122.03,325,6211,790,8,0
27,3206028.54,-23367.02,100,0,5/18/25,Othello,Ethel Barrymore Theatre,384.23,897,8344,1043,8,0
28,1164483.5,62451.06,100,0.46,5/18/25,The Outsiders,Bernard B. Jacobs Theatre,142.15,398,8192,1024,8,0
29,1324625.64,120387.64,100.62,-0.44,5/18/25,The Picture of Dorian Gray,Music Box Theatre,189.02,497,7008,995,7,0
30,496228.4,-34171.6,89.84,-3.08,5/18/25,Pirates! The Penzance Musical,Todd Haimes Theatre,94.97,342,5225,727,8,0
31,558483.61,35792.61,97.4,-0.51,5/18/25,Purpose,Helen Hayes Theater,123.37,280,4527,581,8,0
32,351280.8,-34525.33,63.64,-2.59,5/18/25,Real Women Have Curves,James Earl Jones Theatre,65.4,275,5371,1055,8,0
33,818697.4,191581,84.68,9.96,5/18/25,Redwood,Nederlander Theatre,104.81,476,7811,1153,8,0
34,617335.5,7265,72.05,-6.3,5/18/25,SIX: The Musical,Lena Horne Theatre,103.88,269,5943,1031,8,0
35,790714.75,-47646.97,78.47,1.49,5/18/25,Smash,Imperial Theatre,89.27,297,8858,1411,8,0
36,619570,-27933,93.49,-0.97,5/18/25,Stephen Sondheim's Old Friends,Samuel J. Friedman Theatre,128.84,400,4809,643,8,0
37,875110.61,-5179.13,79.95,-2.8,5/18/25,Stranger Things: The First Shadow,Marquis Theatre,85.84,281,10195,1594,8,0
38,1262120.8,146710.7,88.25,7.1,5/18/25,Sunset Boulevard,St. James Theatre,108.48,0,11635,1648,8,0
39,2136597,7723,100,0,5/18/25,Wicked,Gershwin Theatre,138.67,352,15408,1926,8,0
0,808101.2,26349.9,92.17,0.84,5/11/25,& Juliet,Stephen Sondheim Theatre,106.82,324,7565,1026,8,0
1,1043851.2,-239598.4,92.19,-1.77,5/11/25,Aladdin,New Amsterdam Theatre,81.95,179.5,12737,1727,8,0
2,727861.1,7675.64,86.02,0.55,5/11/25,The Book of Mormon,Eugene O'Neill Theatre,99.22,229,7336,1066,8,0
3,514329.2,6307.6,78.34,-0.6,5/11/25,BOOP! The Musical,Broadhurst Theatre,72.18,297,7126,1137,8,0
4,1164304.42,88395.02,99.32,4.13,5/11/25,Buena Vista Social Club,Gerald Schoenfeld Theatre,139.69,451,8335,1049,8,0
5,822167.6,71181.6,88.49,8.65,5/11/25,Cabaret,August Wilson Theatre,108.54,0,7575,1070,8,0
6,536468.6,-48032.25,63.83,-4.65,5/11/25,Chicago,Ambassador Theatre,97.27,237,5515,1080,8,0
7,507755.58,23067.08,84.73,-1.05,5/11/25,Dead Outlaw,Longacre Theatre,71.47,297,7104,1048,8,0
8,1343866.7,267678.35,98.36,8.44,5/11/25,Death Becomes Her,Lunt-Fontanne Theatre,114.55,299,11732,1491,8,0
9,511833,10091,76.57,8.52,5/11/25,Floyd Collins,Vivian Beaumont Theater,79.05,277,6475,1057,8,0
10,2435389,108533,99.57,2.11,5/11/25,Glengarry Glen Ross,Palace Theatre,234.1,799,10403,1306,8,0
11,3812165.18,-191316.32,101.75,-0.2,5/11/25,"Good Night, and Good Luck",Winter Garden Theatre,304.71,795,12511,1537,8,0
12,943781.8,35488.15,84.39,0.83,5/11/25,The Great Gatsby,Broadway Theatre,94.13,277,10026,1485,8,0
13,1180226.81,63141.61,76.34,-0.92,5/11/25,Gypsy,Majestic Theatre,121.55,397,9710,1590,8,0
14,594818.5,-19241,94.42,3.51,5/11/25,Hadestown,Walter Kerr Theatre,85.78,0,6934,918,8,0
15,1660691.5,-13799.5,98,2.61,5/11/25,Hamilton,Richard Rodgers Theatre,159.99,325,10380,1324,8,0
16,710462.4,-104497.5,75.77,4.58,5/11/25,Harry Potter and the Cursed Child,Lyric Theatre,80.84,199,8789,1450,8,0
17,1064762.73,152983.38,93.07,7.99,5/11/25,Hell's Kitchen,Sam S. Shubert Theatre,98.15,323,10848,1457,8,0
18,596511.24,93924.76,101.52,5.62,5/11/25,John Proctor is the Villain,Booth Theatre,95.14,375,6270,772,8,0
19,1173110.5,54099.5,102.99,-0.36,5/11/25,Just in Time,Circle in the Square Theatre,206.35,496.5,5685,690,8,0
20,563754.25,-49747.2,77.66,-6.21,5/11/25,The Last Five Years,Hudson Theatre,93.74,425,6014,968,8,0
21,1795859.95,-203869.05,93.6,-2.67,5/11/25,The Lion King,Minskoff Theatre,141.42,209,12699,1696,8,0
22,1000926.82,97518.82,99.46,2.13,5/11/25,Maybe Happy Ending,Belasco Theatre,129.29,375,7742,973,8,0
23,1214578,-13268.1,89.97,1.64,5/11/25,MJ The Musical,Neil Simon Theatre,121.66,269,9983,1387,8,0
24,1148184.4,-30677.1,97.1,0.46,5/11/25,Moulin Rouge! The Musical,Al Hirschfeld Theatre,113.7,0,10098,1300,8,0
25,1041777.9,-12.54,94.57,-5.04,5/11/25,"Oh, Mary!",Lyceum Theatre,153.86,375,6771,895,8,0
26,761702.11,17231.6,96.91,1.29,5/11/25,Operation Mincemeat,John Golden Theatre,124.36,325,6125,790,8,0
27,3229395.56,163667.56,100,0,5/11/25,Othello,Ethel Barrymore Theatre,387.03,897,8344,1043,8,0
28,1102032.44,-22955.8,99.54,0.03,5/11/25,The Outsiders,Bernard B. Jacobs Theatre,135.15,497,8154,1024,8,0
29,1204238,-140593.26,101.06,0.53,5/11/25,The Picture of Dorian Gray,Music Box Theatre,199.61,497,6033,995,6,0
30,530400,58814.4,92.92,-2.47,5/11/25,Pirates! The Penzance Musical,Todd Haimes Theatre,98.15,357,5404,727,8,0
31,522691,102434.7,97.91,7.29,5/11/25,Purpose,Helen Hayes Theater,114.85,330,4551,581,8,0
32,385806.13,68384.03,66.23,-4.95,5/11/25,Real Women Have Curves,James Earl Jones Theatre,69.02,275,5590,1055,8,0
33,627116.4,61947.45,74.72,-2.2,5/11/25,Redwood,Nederlander Theatre,90.99,374,6892,1153,8,0
34,610070.5,-8661.5,78.35,2.17,5/11/25,SIX: The Musical,Lena Horne Theatre,94.41,269,6462,1031,8,0
35,838361.72,-71343.31,76.98,-1.71,5/11/25,Smash,Imperial Theatre,96.47,297,8690,1411,8,0
36,647503,51595,94.46,-2.02,5/11/25,Stephen Sondheim's Old Friends,Samuel J. Friedman Theatre,133.26,400,4859,643,8,0
37,880289.74,-26202.08,82.75,5.88,5/11/25,Stranger Things: The First Shadow,Marquis Theatre,83.42,281,10552,1594,8,0
38,1115410.1,94439.22,81.15,0.05,5/11/25,Sunset Boulevard,St. James Theatre,104.25,0,10699,1648,8,0
39,2128874,-103194,100,0,5/11/25,Wicked,Gershwin Theatre,138.17,352,15408,1926,8,0
0,781751.3,-252741.3,91.33,-7.28,5/4/25,& Juliet,Stephen Sondheim Theatre,104.29,324,7496,1026,8,0
1,1283449.6,-225765.3,93.96,-4.94,5/4/25,Aladdin,New Amsterdam Theatre,98.87,225.5,12981,1727,8,0
2,720185.46,-118646.64,85.47,-7.83,5/4/25,The Book of Mormon,Eugene O'Neill Theatre,98.8,229,7289,1066,8,0
3,508021.6,-41807.78,78.94,2.85,5/4/25,BOOP! The Musical,Broadhurst Theatre,70.76,297,7180,1137,8,0
4,1075909.4,32712.5,95.19,0.99,5/4/25,Buena Vista Social Club,Gerald Schoenfeld Theatre,134.69,347,7988,1049,8,0
5,750986,-141176,79.84,-9.98,5/4/25,Cabaret,August Wilson Theatre,109.89,0,6834,1070,8,0
6,584500.85,-86738.05,68.48,-9.01,5/4/25,Chicago,Ambassador Theatre,98.78,237,5917,1080,8,0
7,484688.5,41953.2,85.78,-5.33,5/4/25,Dead Outlaw,Longacre Theatre,67.39,297,7192,1048,8,0
8,1076188.35,-100367.75,89.92,-1.7,5/4/25,Death Becomes Her,Lunt-Fontanne Theatre,100.33,275,10726,1491,8,0
9,501742,-10667,68.05,-13.81,5/4/25,Floyd Collins,Vivian Beaumont Theater,87.2,277,5754,1057,8,0
10,2326856,19904,97.46,-1.85,5/4/25,Glengarry Glen Ross,Palace Theatre,228.5,799,10183,1306,8,0
11,4003481.5,62540,101.95,0.07,5/4/25,"Good Night, and Good Luck",Winter Garden Theatre,319.36,825,12536,1537,8,0
12,908293.65,-208758.16,83.56,-12.1,5/4/25,The Great Gatsby,Broadway Theatre,91.5,277,9927,1485,8,0
13,1117085.2,-123341.16,77.26,5.29,5/4/25,Gypsy,Majestic Theatre,113.68,397,9827,1590,8,0
14,614059.5,-177407,90.91,-6.83,5/4/25,Hadestown,Walter Kerr Theatre,93.71,0,6553,901,8,0
15,1674491,-308925,95.39,-4.7,5/4/25,Hamilton,Richard Rodgers Theatre,165.73,325,10104,1324,8,0
16,814959.9,-196990.7,71.19,-10.9,5/4/25,Harry Potter and the Cursed Child,Lyric Theatre,88.23,219,9237,1622,8,0
17,911779.35,-270836.69,85.08,-8.36,5/4/25,Hell's Kitchen,Sam S. Shubert Theatre,91.94,297,9917,1457,8,0
18,502586.48,-13767.69,95.9,-1.72,5/4/25,John Proctor is the Villain,Booth Theatre,84.85,375,5923,772,8,0
19,1119011,213493.9,103.35,-2.83,5/4/25,Just in Time,Circle in the Square Theatre,196.15,496.5,5705,690,8,0
20,613501.45,-146227.05,83.87,-8.7,5/4/25,The Last Five Years,Hudson Theatre,94.46,425,6495,968,8,0
21,1999729,-320876,96.27,-2.15,5/4/25,The Lion King,Minskoff Theatre,153.1,222,13062,1696,8,0
22,903408,10654.61,97.33,3.68,5/4/25,Maybe Happy Ending,Belasco Theatre,119.25,297,7576,973,8,0
23,1227846.1,-272219.5,88.33,-6.05,5/4/25,MJ The Musical,Neil Simon Theatre,125.28,269,9801,1387,8,0
24,1178861.5,-35162,96.64,-0.45,5/4/25,Moulin Rouge! The Musical,Al Hirschfeld Theatre,117.29,0,10051,1300,8,0
25,1041790.44,-15438.9,99.61,-0.08,5/4/25,"Oh, Mary!",Lyceum Theatre,146.07,375,7132,895,8,0
26,744470.51,-49023.45,95.62,-0.91,5/4/25,Operation Mincemeat,John Golden Theatre,123.2,325,6043,790,8,0
27,3065728,-56317,100,0,5/4/25,Othello,Ethel Barrymore Theatre,367.42,897,8344,1043,8,0
28,1124988.24,-204211.86,99.51,-2.3,5/4/25,The Outsiders,Bernard B. Jacobs Theatre,138,497,8152,1024,8,0
29,1344831.26,25612.38,100.53,-0.14,5/4/25,The Picture of Dorian Gray,Music Box Theatre,168.06,497,8002,995,8,0
30,471585.6,-16688.9,95.39,-2.65,5/4/25,Pirates! The Penzance Musical,Todd Haimes Theatre,85,344,5548,727,8,0
31,420256.3,-30373.7,90.62,3.89,5/4/25,Purpose,Helen Hayes Theater,99.78,280,4212,581,8,0
32,317422.1,-50544.33,71.18,-14.65,5/4/25,Real Women Have Curves,James Earl Jones Theatre,52.83,275,6008,1055,8,0
33,565168.95,-77758.1,76.92,1.62,5/4/25,Redwood,Nederlander Theatre,79.66,374,7095,1153,8,0
34,618732,-111818.7,76.18,-5.78,5/4/25,SIX: The Musical,Lena Horne Theatre,98.48,269,6283,1031,8,0
35,909705.03,-71269.67,78.69,-4.08,5/4/25,Smash,Imperial Theatre,102.42,305,8882,1411,8,0
36,595908,-62008,96.48,-1.58,5/4/25,Stephen Sondheim's Old Friends,Samuel J. Friedman Theatre,120.07,400,4963,643,8,0
37,906491.82,-174228.21,76.87,-18.53,5/4/25,Stranger Things: The First Shadow,Marquis Theatre,92.48,281,9802,1594,8,0
38,1020970.88,25158.18,81.1,-2.61,5/4/25,Sunset Boulevard,St. James Theatre,95.49,0,10692,1648,8,0
39,2232068,-345699,100,0,5/4/25,Wicked,Gershwin Theatre,144.86,352,15408,1926,8,0
0,1034492.6,-82933.8,98.61,0.02,4/27/25,& Juliet,Stephen Sondheim Theatre,127.81,324,8094,1026,8,0
1,1509214.9,-518508,98.9,0.26,4/27/25,Aladdin,New Amsterdam Theatre,110.45,225.5,13664,1727,8,0
2,838832.1,-139727.45,93.3,-4.31,4/27/25,The Book of Mormon,Eugene O'Neill Theatre,105.42,249,7957,1066,8,0
3,549829.38,-109977.02,76.09,-9.23,4/27/25,BOOP! The Musical,Broadhurst Theatre,79.44,297,6921,1137,8,0
4,1043196.9,-29354.1,94.2,-5.37,4/27/25,Buena Vista Social Club,Gerald Schoenfeld Theatre,131.97,375,7905,1049,8,0
5,892162,-150651.8,89.82,-6.85,4/27/25,Cabaret,August Wilson Theatre,116.03,0,7689,1070,8,0
6,671238.9,-213767.78,77.49,-14.82,4/27/25,Chicago,Ambassador Theatre,100.26,237,6695,1080,8,0
7,442735.3,37325.1,91.11,-7.67,4/27/25,Dead Outlaw,Longacre Theatre,57.96,297,7639,1048,1,7
8,1176556.1,39134.55,91.62,-1.94,4/27/25,Death Becomes Her,Lunt-Fontanne Theatre,107.65,299,10929,1491,8,0
9,512409,-60698,81.86,-4.02,4/27/25,Floyd Collins,Vivian Beaumont Theater,74.03,277,6922,1057,8,0
10,2306952,-55564,99.31,-0.45,4/27/25,Glengarry Glen Ross,Palace Theatre,222.34,699,10376,1306,8,0
11,3940941.5,58851.36,101.88,-0.04,4/27/25,"Good Night, and Good Luck",Winter Garden Theatre,314.6,825,12527,1537,8,0
12,1117051.81,-159446.98,95.66,-0.8,4/27/25,The Great Gatsby,Broadway Theatre,98.3,277,11364,1485,8,0
13,1240426.36,74611.6,71.97,-5.37,4/27/25,Gypsy,Majestic Theatre,135.49,397,9155,1590,8,0
14,791466.5,-101973,97.74,-1.35,4/27/25,Hadestown,Walter Kerr Theatre,110.26,0,7178,918,8,0
15,1983416,-180877,100.09,-1.18,4/27/25,Hamilton,Richard Rodgers Theatre,187.08,349,10602,1324,8,0
16,1011950.6,-600769.85,82.09,-16.72,4/27/25,Harry Potter and the Cursed Child,Lyric Theatre,108.57,269,9321,1622,7,0
17,1182616.04,-5122.67,93.44,-3.31,4/27/25,Hell's Kitchen,Sam S. Shubert Theatre,108.59,297,10891,1457,8,0
18,516354.17,20643.64,97.62,-3.63,4/27/25,John Proctor is the Villain,Booth Theatre,85.65,305,6029,772,8,0
19,905517.1,57705.3,106.18,2.79,4/27/25,Just in Time,Circle in the Square Theatre,159.11,496.5,5691,670,2,6
20,759728.5,-45608.35,92.57,-2.39,4/27/25,The Last Five Years,Hudson Theatre,105.97,425,7169,968,8,0
21,2320605,-619892,98.42,-0.56,4/27/25,The Lion King,Minskoff Theatre,173.79,259,13353,1696,8,0
22,892753.39,-82335.21,93.65,-5.9,4/27/25,Maybe Happy Ending,Belasco Theatre,122.46,297,7290,973,8,0
23,1500065.6,-219798.5,94.38,-3.4,4/27/25,MJ The Musical,Neil Simon Theatre,143.25,329,10472,1387,8,0
24,1214023.5,-160653.1,97.09,-2.35,4/27/25,Moulin Rouge! The Musical,Al Hirschfeld Theatre,120.24,0,10097,1300,8,0
25,1057229.34,-55789.46,99.69,-0.09,4/27/25,"Oh, Mary!",Lyceum Theatre,148.11,375,7138,895,8,0
26,793493.96,-19094.8,96.53,-3,4/27/25,Operation Mincemeat,John Golden Theatre,130.06,475,6101,790,8,0
27,3122045,-6884.38,100,0.28,4/27/25,Othello,Ethel Barrymore Theatre,374.17,897,8344,1043,8,0
28,1329200.1,-125680.88,101.81,-0.4,4/27/25,The Outsiders,Bernard B. Jacobs Theatre,159.38,497,8340,1024,8,0
29,1319218.88,180140.88,100.67,-0.13,4/27/25,The Picture of Dorian Gray,Music Box Theatre,188.14,497,7012,995,7,0
30,488274.5,-21601.4,98.04,0.86,4/27/25,Pirates! The Penzance Musical,Todd Haimes Theatre,85.63,312,5702,727,5,3
31,450630,40006,86.73,-6.82,4/27/25,Purpose,Helen Hayes Theater,111.79,330,4031,581,8,0
32,367966.43,8307.27,85.83,12.44,4/27/25,Real Women Have Curves,James Earl Jones Theatre,50.8,275,7244,1055,1,7
33,642927.05,-59833.1,75.3,-7.83,4/27/25,Redwood,Nederlander Theatre,92.56,374,6946,1153,8,0
34,730550.7,-192659.55,81.96,-10.47,4/27/25,SIX: The Musical,Lena Horne Theatre,108.07,269,6760,1031,8,0
35,980974.7,-34617.2,82.77,-5.52,4/27/25,Smash,Imperial Theatre,105,305,9343,1411,8,0
36,657916,59308,98.06,8.77,4/27/25,Stephen Sondheim's Old Friends,Samuel J. Friedman Theatre,130.44,400,5044,643,8,0
37,1080720.03,-74649.48,95.4,-4.73,4/27/25,Stranger Things: The First Shadow,Marquis Theatre,88.84,281,12165,1594,7,1
38,995812.7,382293.7,83.71,-2.01,4/27/25,Sunset Boulevard,St. James Theatre,103.12,0,9657,1648,7,0
39,2577767,-755510,100,0,4/27/25,Wicked,Gershwin Theatre,167.3,352,15408,1926,8,0
0,1117426.4,210899.7,98.59,4.17,4/20/25,& Juliet,Stephen Sondheim Theatre,138.09,324,8092,1026,8,0
1,2027722.9,602371.9,98.64,2.66,4/20/25,Aladdin,New Amsterdam Theatre,132.25,249.5,15332,1727,9,0
2,978559.55,155920.08,97.61,6.7,4/20/25,The Book of Mormon,Eugene O'Neill Theatre,117.56,269,8324,1066,8,0
3,659806.4,111089.83,85.32,1.91,4/20/25,BOOP! The Musical,Broadhurst Theatre,85.02,297,7761,1137,8,0
4,1072551,113686.35,99.57,7.59,4/20/25,Buena Vista Social Club,Gerald Schoenfeld Theatre,128.36,325,8356,1049,8,0
5,1042813.8,196180.4,96.67,6.16,4/20/25,Cabaret,August Wilson Theatre,126.02,0,8275,1070,8,0
6,885006.68,256399.83,92.31,19.54,4/20/25,Chicago,Ambassador Theatre,110.96,237,7976,1080,8,0
7,405410.2,298971.9,98.78,-1.22,4/20/25,Dead Outlaw,Longacre Theatre,65.27,297,6211,1048,0,6
8,1137421.55,27704.15,93.56,2.61,4/20/25,Death Becomes Her,Lunt-Fontanne Theatre,101.92,275,11160,1491,8,0
9,573107,85853,85.88,11.74,4/20/25,Floyd Collins,Vivian Beaumont Theater,78.92,277,7262,1057,0,8
10,2362516,154317,99.76,0,4/20/25,Glengarry Glen Ross,Palace Theatre,226.66,699,10423,1306,8,0
11,3882090.14,98062.26,101.92,0.49,4/20/25,"Good Night, and Good Luck",Winter Garden Theatre,309.77,825,12532,1537,8,0
12,1276498.79,206271.68,96.46,4.85,4/20/25,The Great Gatsby,Broadway Theatre,111.4,344,11459,1485,8,0
13,1165814.76,10975.34,77.34,2.43,4/20/25,Gypsy,Majestic Theatre,118.5,397,9838,1590,8,0
14,893439.5,95160,99.09,3.3,4/20/25,Hadestown,Walter Kerr Theatre,122.78,0,7277,918,8,0
15,2164293,211020,101.27,3.44,4/20/25,Hamilton,Richard Rodgers Theatre,201.78,399,10726,1324,8,0
16,1612720.45,547183.05,98.81,19.37,4/20/25,Harry Potter and the Cursed Child,Lyric Theatre,125.78,269,12822,1622,8,0
17,1187738.71,190224.97,96.75,9.93,4/20/25,Hell's Kitchen,Sam S. Shubert Theatre,105.32,297,11277,1457,8,0
18,495710.53,90903.53,101.25,-0.19,4/20/25,John Proctor is the Villain,Booth Theatre,79.28,267,6253,772,8,0
19,847811.8,39512.8,103.39,2.6,4/20/25,Just in Time,Circle in the Square Theatre,174.84,474.5,4849,670,0,7
20,805336.85,-17417.35,94.96,-0.24,4/20/25,The Last Five Years,Hudson Theatre,109.51,425,7354,968,8,0
21,2940497,850594,98.98,2.44,4/20/25,The Lion King,Minskoff Theatre,194.62,339,15109,1696,9,0
22,975088.6,100241.45,99.55,5.73,4/20/25,Maybe Happy Ending,Belasco Theatre,125.83,297,7749,973,8,0
23,1719864.1,416896.4,97.78,10.99,4/20/25,MJ The Musical,Neil Simon Theatre,158.51,329,10850,1387,8,0
24,1374676.6,279132.25,99.44,5.71,4/20/25,Moulin Rouge! The Musical,Al Hirschfeld Theatre,132.92,0,10342,1300,8,0
25,1113018.8,19835.54,99.78,0.1,4/20/25,"Oh, Mary!",Lyceum Theatre,155.8,375,7144,895,8,0
26,812588.76,66470.97,99.53,3.25,4/20/25,Operation Mincemeat,John Golden Theatre,129.19,325,6290,790,8,0
27,3128929.38,8608.14,99.72,0.06,4/20/25,Othello,Ethel Barrymore Theatre,376.03,897,8321,1043,8,0
28,1454880.98,132436.68,102.21,1.42,4/20/25,The Outsiders,Bernard B. Jacobs Theatre,173.76,497,8373,1024,8,0
29,1139078,-240733.92,100.8,0.34,4/20/25,The Picture of Dorian Gray,Music Box Theatre,189.28,497,6018,995,6,0
30,509875.9,91911.6,97.18,1.01,4/20/25,Pirates! The Penzance Musical,Todd Haimes Theatre,90.21,295,5652,727,0,8
31,410624,5153.75,93.55,3.04,4/20/25,Purpose,Helen Hayes Theater,94.44,280,4348,581,8,0
32,359659.16,-4688.79,73.39,-1.53,4/20/25,Real Women Have Curves,James Earl Jones Theatre,58.07,275,6194,1055,0,8
33,702760.15,107294.23,83.13,12.62,4/20/25,Redwood,Nederlander Theatre,91.65,374,7668,1153,8,0
34,923210.25,129573.25,92.43,5.46,4/20/25,SIX: The Musical,Lena Horne Theatre,121.09,269,7624,1031,8,0
35,1015591.9,97863.64,88.29,-5.55,4/20/25,Smash,Imperial Theatre,101.91,305,9966,1411,8,0
36,598608,177762,89.29,2.49,4/20/25,Stephen Sondheim's Old Friends,Samuel J. Friedman Theatre,130.33,400,4593,643,8,0
37,1155369.51,317282.2,100.13,7.8,4/20/25,Stranger Things: The First Shadow,Marquis Theatre,103.41,271,11173,1594,0,7
38,613519,-400234.4,85.72,10.9,4/20/25,Sunset Boulevard,St. James Theatre,68.09,0,9011,1314,8,0
39,3333277,870416,100,0,4/20/25,Wicked,Gershwin Theatre,192.3,352,17334,1926,9,0
0,906526.7,-30222.5,94.42,-1.9,4/13/25,& Juliet,Stephen Sondheim Theatre,116.97,324,7750,1026,8,0
1,1425351,157350.8,95.98,2.07,4/13/25,Aladdin,New Amsterdam Theatre,107.49,225.5,13260,1727,8,0
2,822639.47,-2694.73,90.91,0.54,4/13/25,The Book of Mormon,Eugene O'Neill Theatre,106.11,249,7753,1066,8,0
3,548716.57,150676.97,83.41,-9.83,4/13/25,BOOP! The Musical,Broadhurst Theatre,72.32,297,7587,1137,8,0
4,958864.65,-2095.75,91.98,-0.39,4/13/25,Buena Vista Social Club,Gerald Schoenfeld Theatre,124.22,297,7719,1049,8,0
5,846633.4,-176907.2,90.51,2.69,4/13/25,Cabaret,August Wilson Theatre,109.27,0,7748,1070,8,0
6,628606.85,35427.54,72.77,3.08,4/13/25,Chicago,Ambassador Theatre,99.99,237,6287,1080,8,0
7,106438.3,0,100,0,4/13/25,Dead Outlaw,Longacre Theatre,101.56,297,1048,1048,0,1
8,1109717.4,22929.05,90.95,-1.6,4/13/25,Death Becomes Her,Lunt-Fontanne Theatre,102.3,275,10848,1491,8,0
9,487254,-22477,74.14,-6.4,4/13/25,Floyd Collins,Vivian Beaumont Theater,77.72,277,6269,1057,0,8
10,2208199,418624,99.76,-0.83,4/13/25,Glengarry Glen Ross,Palace Theatre,211.86,699,10423,1306,8,0
11,3784027.88,648491.88,101.43,-0.29,4/13/25,"Good Night, and Good Luck",Winter Garden Theatre,303.4,825,12472,1537,8,0
12,1070227.11,581.39,91.61,-1.4,4/13/25,The Great Gatsby,Broadway Theatre,98.34,344,10883,1485,8,0
13,1154839.42,-7089.98,74.91,3.42,4/13/25,Gypsy,Majestic Theatre,121.19,397,9529,1590,8,0
14,798279.5,-6402.5,95.79,-2.68,4/13/25,Hadestown,Walter Kerr Theatre,113.47,0,7035,918,8,0
15,1953273,-12521,97.83,-0.26,4/13/25,Hamilton,Richard Rodgers Theatre,188.5,375,10362,1324,8,0
16,1065537.4,79989.55,79.44,-0.95,4/13/25,Harry Potter and the Cursed Child,Lyric Theatre,103.37,208,10308,1622,8,0
17,997513.74,46080.58,86.82,9.25,4/13/25,Hell's Kitchen,Sam S. Shubert Theatre,98.57,297,10120,1457,8,0
18,404807,34105.67,101.44,0.84,4/13/25,John Proctor is the Villain,Booth Theatre,64.61,267,6265,772,0,8
19,808299,-93673.5,100.79,0.53,4/13/25,Just in Time,Circle in the Square Theatre,171,474.5,4727,670,0,7
20,822754.2,108754.55,95.2,-2.13,4/13/25,The Last Five Years,Hudson Theatre,111.61,425,7372,968,8,0
21,2089903,103689.75,96.54,-0.08,4/13/25,The Lion King,Minskoff Theatre,159.55,275,13099,1696,8,0
22,874847.15,-35999.4,93.82,-3.01,4/13/25,Maybe Happy Ending,Belasco Theatre,119.79,297,7303,973,8,0
23,1302967.7,132476.5,86.79,-0.2,4/13/25,MJ The Musical,Neil Simon Theatre,135.3,329,9630,1387,8,0
24,1095544.35,40238.1,93.73,5.11,4/13/25,Moulin Rouge! The Musical,Al Hirschfeld Theatre,112.39,0,9748,1300,8,0
25,1093183.26,-71197.24,99.68,-0.32,4/13/25,"Oh, Mary!",Lyceum Theatre,153.17,375,7137,895,8,0
26,746117.79,-27748.63,96.28,-1.25,4/13/25,Operation Mincemeat,John Golden Theatre,122.62,325,6085,790,8,0
27,3120321.24,-59586.88,99.66,0.14,4/13/25,Othello,Ethel Barrymore Theatre,375.22,897,8316,1043,8,0
28,1322444.3,-28391.44,100.79,-0.78,4/13/25,The Outsiders,Bernard B. Jacobs Theatre,160.16,497,8257,1024,8,0
29,1379811.92,161311.04,100.46,-0.13,4/13/25,The Picture of Dorian Gray,Music Box Theatre,172.54,497,7997,995,8,0
30,417964.3,195007.5,96.17,-3.83,4/13/25,Pirates! The Penzance Musical,Todd Haimes Theatre,85.4,337,4894,727,0,7
31,405470.25,1004.25,90.51,-0.11,4/13/25,Purpose,Helen Hayes Theater,96.38,280,4207,581,8,0
32,364347.95,-7146.69,74.92,-2.86,4/13/25,Real Women Have Curves,James Earl Jones Theatre,57.62,275,6323,1055,0,8
33,595465.92,-134904.84,70.51,-8.7,4/13/25,Redwood,Nederlander Theatre,91.55,374,6504,1153,8,0
34,793637,7134.7,86.97,1.6,4/13/25,SIX: The Musical,Lena Horne Theatre,110.64,269,7173,1031,8,0
35,917728.26,25110.1,93.84,4.81,4/13/25,Smash,Imperial Theatre,86.64,305,10593,1411,4,4
36,420846,-102235.7,86.8,-12.36,4/13/25,Stephen Sondheim's Old Friends,Samuel J. Friedman Theatre,107.29,400,3907,643,7,0
37,838087.31,161163.83,92.33,-4.16,4/13/25,Stranger Things: The First Shadow,Marquis Theatre,113.89,271,7359,1594,0,5
38,1013753.4,1207.8,74.82,-3.85,4/13/25,Sunset Boulevard,St. James Theatre,102.77,0,9864,1648,8,0
39,2462861,-13820,100,0,4/13/25,Wicked,Gershwin Theatre,159.84,352,15408,1926,8,0
0,936749.2,-70678.8,96.32,-2.85,4/6/25,& Juliet,Stephen Sondheim Theatre,118.49,324,7906,1026,8,0
1,1268000.2,-87477.2,93.91,-2.37,4/6/25,Aladdin,New Amsterdam Theatre,97.73,189.5,12974,1727,8,0
2,825334.2,-122297.56,90.37,-4.59,4/6/25,The Book of Mormon,Eugene O'Neill Theatre,107.09,0,7707,1066,8,0
3,398039.6,-145852.5,93.24,1.39,4/6/25,BOOP! The Musical,Broadhurst Theatre,53.64,297,7421,1137,1,6
4,960960.4,-9644.95,92.37,-5.23,4/6/25,Buena Vista Social Club,Gerald Schoenfeld Theatre,123.96,297,7752,1049,8,0
5,1023540.6,-498395,87.82,-11.88,4/6/25,Cabaret,August Wilson Theatre,136.16,0,7517,1070,8,0
6,593179.31,-65589.46,69.69,-8.45,4/6/25,Chicago,Ambassador Theatre,98.52,237,6021,1080,8,0
7,1086788.35,-121930.85,92.55,-2.08,4/6/25,Death Becomes Her,Lunt-Fontanne Theatre,98.45,275,11039,1491,8,0
8,509731,159594,80.54,-19.46,4/6/25,Floyd Collins,Vivian Beaumont Theater,85.54,277,5959,1057,0,7
9,1789575,-311088,100.59,0.06,4/6/25,Glengarry Glen Ross,Palace Theatre,170.27,699,10510,1306,8,0
10,3135536,-147145.5,101.72,0.15,4/6/25,"Good Night, and Good Luck",Winter Garden Theatre,250.68,825,12508,1537,5,3
11,1069645.72,-144715.77,93.01,-5.38,4/6/25,The Great Gatsby,Broadway Theatre,96.8,524,11050,1485,8,0
12,1161929.4,-224547.22,71.49,-14.25,4/6/25,Gypsy,Majestic Theatre,127.78,397,9093,1590,8,0
13,804682,-129348.5,98.47,-1.91,4/6/25,Hadestown,Walter Kerr Theatre,111.27,0,7232,918,8,0
14,1965794,-157485,98.09,-2.76,4/6/25,Hamilton,Richard Rodgers Theatre,189.2,349,10390,1324,8,0
15,985547.85,-152938.7,80.39,-12.2,4/6/25,Harry Potter and the Cursed Child,Lyric Theatre,94.48,208,10431,1622,8,0
16,951433.16,-189810.13,77.57,-9.86,4/6/25,Hell's Kitchen,Sam S. Shubert Theatre,105.24,297,9041,1457,8,0
17,370701.33,-9256.82,100.6,-0.36,4/6/25,John Proctor is the Villain,Booth Theatre,59.67,267,6213,772,0,8
18,901972.5,0,100.26,0,4/6/25,Just in Time,Circle in the Square Theatre,191.83,474.5,4702,670,0,7
19,713999.65,-127681.95,97.33,-2.02,4/6/25,The Last Five Years,Hudson Theatre,94.73,425,7537,968,1,7
20,1986213.25,-128283.25,96.62,-1.24,4/6/25,The Lion King,Minskoff Theatre,151.5,237,13110,1696,8,0
21,910846.55,162085.64,96.83,0.47,4/6/25,Maybe Happy Ending,Belasco Theatre,120.85,295,7537,973,8,0
22,1170491.2,-81214.8,86.99,0.68,4/6/25,MJ The Musical,Neil Simon Theatre,121.27,329,9652,1387,8,0
23,1055306.25,-135045.25,88.62,-6.98,4/6/25,Moulin Rouge! The Musical,Al Hirschfeld Theatre,114.51,0,9216,1300,8,0
24,1164380.5,39859.82,100,1.68,4/6/25,"Oh, Mary!",Lyceum Theatre,162.62,375,7160,895,8,0
25,773866.42,-69153.78,97.53,-1.71,4/6/25,Operation Mincemeat,John Golden Theatre,125.55,325,6164,790,8,0
26,3179908.12,19823.62,99.52,-0.48,4/6/25,Othello,Ethel Barrymore Theatre,382.94,897,8304,1043,8,0
27,1350835.74,-109160.51,101.57,-0.87,4/6/25,The Outsiders,Bernard B. Jacobs Theatre,162.34,497,8321,1024,8,0
28,1218500.88,199986.88,100.59,0.02,4/6/25,The Picture of Dorian Gray,Music Box Theatre,173.92,497,7006,995,7,0
29,222956.8,0,100,0,4/6/25,Pirates! The Penzance Musical,Todd Haimes Theatre,102.23,307,2181,727,0,3
30,404466,9289,90.62,-5.38,4/6/25,Purpose,Helen Hayes Theater,96.03,280,4212,581,8,0
31,371494.64,0,77.78,0,4/6/25,Real Women Have Curves,James Earl Jones Theatre,56.59,275,6565,1055,0,8
32,730370.76,-125748.96,79.21,-9.95,4/6/25,Redwood,Nederlander Theatre,99.97,374,7306,1153,8,0
33,786502.3,-85319.7,85.37,-6.48,4/6/25,SIX: The Musical,Lena Horne Theatre,111.7,269,7041,1031,8,0
34,892618.16,-73239.3,89.03,1.72,4/6/25,Smash,Imperial Theatre,88.82,295,10050,1411,0,8
35,523081.7,-114854.3,99.16,-0.42,4/6/25,Stephen Sondheim's Old Friends,Samuel J. Friedman Theatre,117.2,400,4463,643,0,7
36,676923.48,243198.48,96.49,-3.51,4/6/25,Stranger Things: The First Shadow,Marquis Theatre,110.03,271,6152,1594,0,4
37,1012545.6,-85354.2,78.67,-3.35,4/6/25,Sunset Boulevard,St. James Theatre,100.16,0,10109,1606,8,0
38,2476681,-85147,100,0,4/6/25,Wicked,Gershwin Theatre,160.74,352,15408,1926,8,0
0,1007428,-30347.6,99.17,-0.73,3/30/25,& Juliet,Stephen Sondheim Theatre,123.76,324,8140,1026,8,0
1,1355477.4,24069.6,96.28,-1.02,3/30/25,Aladdin,New Amsterdam Theatre,101.9,189.5,13302,1727,8,0
2,947631.76,-49240.57,94.96,-2.99,3/30/25,The Book of Mormon,Eugene O'Neill Theatre,117.02,0,8098,1066,8,0
3,543892.1,13815.6,91.85,-3.05,3/30/25,BOOP! The Musical,Broadhurst Theatre,74.4,297,7310,1137,0,7
4,970605.35,79150.1,97.6,-1.74,3/30/25,Buena Vista Social Club,Gerald Schoenfeld Theatre,118.5,297,8191,1049,8,0
5,1521935.6,194863.2,99.7,1.48,3/30/25,Cabaret,August Wilson Theatre,178.34,0,8534,1070,8,0
6,658768.77,-46201.82,78.14,-3.23,3/30/25,Chicago,Ambassador Theatre,97.58,237,6751,1080,8,0
7,1208719.2,-15662.7,94.63,-2.31,3/30/25,Death Becomes Her,Lunt-Fontanne Theatre,107.08,299,11288,1491,8,0
8,350137,0,100,0,3/30/25,Floyd Collins,Vivian Beaumont Theater,110.42,277,3171,1057,0,3
9,2100663,-47626,100.53,-0.06,3/30/25,Glengarry Glen Ross,Palace Theatre,200.01,799,10503,1306,0,8
10,3282681.5,-22558,101.57,0.4,3/30/25,"Good Night, and Good Luck",Winter Garden Theatre,298.83,775,10985,1545,0,7
11,1214361.49,-25739.92,98.39,-0.76,3/30/25,The Great Gatsby,Broadway Theatre,103.89,474,11689,1485,8,0
12,1386476.62,-7559.08,85.74,-3.7,3/30/25,Gypsy,Majestic Theatre,127.13,397,10906,1590,8,0
13,934030.5,860,100.38,0.07,3/30/25,Hadestown,Walter Kerr Theatre,126.7,0,7372,918,8,0
14,2123279,50628,100.85,-0.13,3/30/25,Hamilton,Richard Rodgers Theatre,198.77,349,10682,1324,8,0
15,1138486.55,-22987,92.59,-0.92,3/30/25,Harry Potter and the Cursed Child,Lyric Theatre,94.76,208,12014,1622,8,0
16,1141243.29,27336.21,87.43,-1.5,3/30/25,Hell's Kitchen,Sam S. Shubert Theatre,111.99,297,10191,1457,8,0
17,379958.15,189091.05,100.96,0.01,3/30/25,John Proctor is the Villain,Booth Theatre,69.64,267,5456,772,0,7
18,841681.6,110146.5,99.35,-0.65,3/30/25,The Last Five Years,Hudson Theatre,125.03,425,6732,968,0,7
19,2114496.5,55497,97.86,-0.01,3/30/25,The Lion King,Minskoff Theatre,159.25,249,13278,1696,8,0
20,748760.91,-98739.63,96.36,-1.83,3/30/25,Maybe Happy Ending,Belasco Theatre,99.82,295,7501,973,8,0
21,1251706,-55299,86.31,-1.19,3/30/25,MJ The Musical,Neil Simon Theatre,130.7,329,9577,1387,8,0
22,1190351.5,119608.3,95.6,0.21,3/30/25,Moulin Rouge! The Musical,Al Hirschfeld Theatre,119.73,0,9942,1300,8,0
23,1124520.68,-3242.34,98.32,-1.68,3/30/25,"Oh, Mary!",Lyceum Theatre,159.73,375,7040,895,8,0
24,843020.2,126528.8,99.24,-0.76,3/30/25,Operation Mincemeat,John Golden Theatre,134.41,325,6272,790,8,0
25,3160084.5,630600.5,100,0,3/30/25,Othello,Ethel Barrymore Theatre,378.73,897,8344,1043,8,0
26,1459996.25,31188.43,102.44,0.1,3/30/25,The Outsiders,Bernard B. Jacobs Theatre,173.97,497,8392,1024,8,0
27,1018514,-124796,100.57,0.54,3/30/25,The Picture of Dorian Gray,Music Box Theatre,169.64,497,6004,995,4,2
28,395177,64219.25,96,0.67,3/30/25,Purpose,Helen Hayes Theater,88.56,280,4462,581,8,0
29,856119.72,-37291.03,89.16,-3.09,3/30/25,Redwood,Nederlander Theatre,104.1,374,8224,1153,8,0
30,871822,-54160.6,91.85,-2.6,3/30/25,SIX: The Musical,Lena Horne Theatre,115.08,269,7576,1031,8,0
31,965857.46,104859.26,87.31,-8.33,3/30/25,Smash,Imperial Theatre,98.01,295,9855,1411,0,8
32,637936,0,99.58,0,3/30/25,Stephen Sondheim's Old Friends,Samuel J. Friedman Theatre,142.33,299,4482,643,0,7
33,433725,0,100,0,3/30/25,Stranger Things: The First Shadow,Marquis Theatre,136.05,271,3188,1594,0,2
34,1097899.8,12984.18,82.02,-0.27,3/30/25,Sunset Boulevard,St. James Theatre,104.17,0,10539,1606,8,0
35,2561828,16547,100,0,3/30/25,Wicked,Gershwin Theatre,166.27,352,15408,1926,8,0
0,1037775.6,-97694.5,99.9,-0.36,3/23/25,& Juliet,Stephen Sondheim Theatre,126.56,324,8200,1026,8,0
1,1331407.8,18971,97.3,0.51,3/23/25,Aladdin,New Amsterdam Theatre,99.04,199.5,13443,1727,8,0
2,996872.33,51859.93,97.95,3.84,3/23/25,The Book of Mormon,Eugene O'Neill Theatre,119.34,0,8353,1066,8,0
3,530076.5,126420.7,94.9,-1.95,3/23/25,BOOP! The Musical,Broadhurst Theatre,70.18,297,7553,1137,0,7
4,891455.25,95642.8,99.34,-0.31,3/23/25,Buena Vista Social Club,Gerald Schoenfeld Theatre,106.93,297,8337,1049,7,1
5,1327072.4,135776.9,98.22,5.18,3/23/25,Cabaret,August Wilson Theatre,157.83,0,8408,1070,8,0
6,704970.59,30281.15,81.37,0.28,3/23/25,Chicago,Ambassador Theatre,100.28,237,7030,1080,8,0
7,1224381.9,86261.55,96.94,0.24,3/23/25,Death Becomes Her,Lunt-Fontanne Theatre,105.89,299,11563,1491,8,0
8,2148289,240822,100.59,-0.01,3/23/25,Glengarry Glen Ross,Palace Theatre,204.4,799,10510,1306,0,8
9,3305239.5,946351.5,101.17,0.64,3/23/25,"Good Night, and Good Luck",Winter Garden Theatre,302.07,775,10942,1545,0,7
10,1240101.41,-19943.53,99.15,0.22,3/23/25,The Great Gatsby,Broadway Theatre,105.28,424,11779,1485,8,0
11,1394035.7,233759.88,89.44,5.55,3/23/25,Gypsy,Majestic Theatre,122.53,397,11377,1590,8,0
12,933170.5,56317.5,100.31,-0.04,3/23/25,Hadestown,Walter Kerr Theatre,126.67,0,7367,918,8,0
13,2072651,63608,100.98,0.03,3/23/25,Hamilton,Richard Rodgers Theatre,193.78,375,10696,1324,8,0
14,1161473.55,135919.7,93.51,7.16,3/23/25,Harry Potter and the Cursed Child,Lyric Theatre,95.72,208,12134,1622,8,0
15,1113907.08,18488.13,88.93,-0.24,3/23/25,Hell's Kitchen,Sam S. Shubert Theatre,107.46,297,10366,1457,8,0
16,190867.1,0,100.95,0,3/23/25,John Proctor is the Villain,Booth Theatre,81.64,267,2338,772,0,3
17,731535.1,0,100,0,3/23/25,The Last Five Years,Hudson Theatre,151.14,425,4840,968,0,5
18,2058999.5,64471.25,97.87,1.09,3/23/25,The Lion King,Minskoff Theatre,155.06,249,13279,1696,8,0
19,847500.54,-57731.01,98.19,-1.96,3/23/25,Maybe Happy Ending,Belasco Theatre,110.89,295,7643,973,8,0
20,1307005,58528.8,87.5,1.29,3/23/25,MJ The Musical,Neil Simon Theatre,134.62,329,9709,1387,8,0
21,1070743.2,72984.1,95.39,0.58,3/23/25,Moulin Rouge! The Musical,Al Hirschfeld Theatre,107.93,0,9921,1300,8,0
22,1127763.02,327277.2,100,3.77,3/23/25,"Oh, Mary!",Lyceum Theatre,157.51,375,7160,895,8,0
23,716491.4,-18958.55,100,0,3/23/25,Operation Mincemeat,John Golden Theatre,113.37,325,6320,790,5,3
24,2529484,-295009.18,100,0,3/23/25,Othello,Ethel Barrymore Theatre,303.15,897,8344,1043,1,7
25,1428807.82,-72087.02,102.34,0.03,3/23/25,The Outsiders,Bernard B. Jacobs Theatre,170.42,497,8384,1024,8,0
26,1143310,294406,100.03,0.03,3/23/25,The Picture of Dorian Gray,Music Box Theatre,164.1,497,6967,995,0,7
27,330957.75,71939.25,95.33,-0.19,3/23/25,Purpose,Helen Hayes Theater,74.69,280,4431,581,8,0
28,893410.75,46589.88,92.25,1.76,3/23/25,Redwood,Nederlander Theatre,105,374,8509,1153,8,0
29,925982.6,38228.35,94.45,-1.09,3/23/25,SIX: The Musical,Lena Horne Theatre,118.87,269,7790,1031,8,0
30,860998.2,145366.9,95.64,0.25,3/23/25,Smash,Imperial Theatre,91.15,295,9446,1411,0,7
31,1084915.62,-29315.36,82.29,-4.28,3/23/25,Sunset Boulevard,St. James Theatre,102.6,0,10574,1606,8,0
32,2545281,55101,100,0,3/23/25,Wicked,Gershwin Theatre,165.19,352,15408,1926,8,0
0,1135470.1,144114.5,100.26,4.15,3/16/25,& Juliet,Stephen Sondheim Theatre,137.98,378,8229,1026,8,0
1,1312436.8,129219.3,96.79,1.62,3/16/25,Aladdin,New Amsterdam Theatre,98.15,199.5,13372,1727,8,0
2,945012.4,109334.95,94.11,-0.59,3/16/25,The Book of Mormon,Eugene O'Neill Theatre,117.74,0,8026,1066,8,0
3,403655.8,0,96.85,0,3/16/25,BOOP! The Musical,Broadhurst Theatre,73.31,297,5506,1137,0,5
4,795812.45,22459.35,99.65,6.75,3/16/25,Buena Vista Social Club,Gerald Schoenfeld Theatre,95.16,297,8363,1049,0,8
5,1191295.5,129725.4,93.04,1.21,3/16/25,Cabaret,August Wilson Theatre,149.59,0,7964,1070,8,0
6,674689.44,132540.37,81.09,11.89,3/16/25,Chicago,Ambassador Theatre,96.3,237,7006,1080,8,0
7,1138120.35,60845.65,96.7,2.02,3/16/25,Death Becomes Her,Lunt-Fontanne Theatre,98.68,299,11534,1491,8,0
8,1907467,0,100.6,0,3/16/25,Glengarry Glen Ross,Palace Theatre,207.4,799,9197,1306,0,7
9,2358888,0,100.53,0,3/16/25,"Good Night, and Good Luck",Winter Garden Theatre,303.75,775,7766,1545,0,5
10,1260044.94,203147.73,98.93,7.16,3/16/25,The Great Gatsby,Broadway Theatre,107.21,474,11753,1485,8,0
11,1160275.82,-88550.78,83.89,4.86,3/16/25,Gypsy,Majestic Theatre,124.27,397,9337,1590,7,0
12,876853,148878,100.35,4.45,3/16/25,Hadestown,Walter Kerr Theatre,118.98,0,7370,918,8,0
13,2009043,325462.7,100.95,0.36,3/16/25,Hamilton,Richard Rodgers Theatre,187.88,349,10693,1324,8,0
14,1025553.85,67083.4,86.35,-1.09,3/16/25,Harry Potter and the Cursed Child,Lyric Theatre,91.53,208,11205,1622,8,0
15,1095418.95,119391.55,89.17,4.72,3/16/25,Hell's Kitchen,Sam S. Shubert Theatre,105.39,297,10394,1457,8,0
16,1994528.25,450971.15,96.78,-0.53,3/16/25,The Lion King,Minskoff Theatre,151.89,299,13131,1696,8,0
17,905231.55,94447.65,100.15,6.01,3/16/25,Maybe Happy Ending,Belasco Theatre,116.11,295,7796,973,8,0
18,1248476.2,45617.5,86.21,-2.67,3/16/25,MJ The Musical,Neil Simon Theatre,130.51,329,9566,1387,8,0
19,997759.1,146678.99,94.81,2.54,3/16/25,Moulin Rouge! The Musical,Al Hirschfeld Theatre,101.19,0,9860,1300,8,0
20,800485.82,71052.92,96.23,1.13,3/16/25,"Oh, Mary!",Lyceum Theatre,116.18,331,6890,895,8,0
21,735449.95,128798.34,100,0,3/16/25,Operation Mincemeat,John Golden Theatre,116.37,475,6320,790,0,8
22,2824493.18,6196.18,100,0,3/16/25,Othello,Ethel Barrymore Theatre,338.83,897,8336,1042,0,8
23,1500894.84,194412.89,102.31,0.56,3/16/25,The Outsiders,Bernard B. Jacobs Theatre,179.08,497,8381,1024,8,0
24,848904,0,100,0,3/16/25,The Picture of Dorian Gray,Music Box Theatre,143.93,497,5898,983,0,6
25,259018.5,-69733.25,95.52,1.69,3/16/25,Purpose,Helen Hayes Theater,66.67,280,3885,581,0,7
26,846820.87,13795.77,90.49,5.73,3/16/25,Redwood,Nederlander Theatre,101.45,374,8347,1153,8,0
27,887754.25,168547.92,95.54,10.57,3/16/25,SIX: The Musical,Lena Horne Theatre,112.66,269,7880,1031,8,0
28,715631.3,0,95.39,0,3/16/25,Smash,Imperial Theatre,106.33,295,6730,1411,0,5
29,1114230.98,88007.98,86.57,1.2,3/16/25,Sunset Boulevard,St. James Theatre,97.63,0,11413,1648,8,0
30,2490180,54549,100,0,3/16/25,Wicked,Gershwin Theatre,161.62,352,15408,1926,8,0
0,991355.6,79279.4,96.11,1.64,3/9/25,& Juliet,Stephen Sondheim Theatre,125.66,324,7889,1026,8,0
1,1183217.5,109229.6,95.17,2.62,3/9/25,Aladdin,New Amsterdam Theatre,89.99,199.5,13149,1727,8,0
2,835677.45,84079.65,94.7,4.57,3/9/25,The Book of Mormon,Eugene O'Neill Theatre,103.48,0,8076,1066,8,0
3,773353.1,15092.3,92.9,0.54,3/9/25,Buena Vista Social Club,Gerald Schoenfeld Theatre,99.2,275,7796,1049,0,8
4,1061570.1,22702.2,91.83,1.06,3/9/25,Cabaret,August Wilson Theatre,135.04,0,7861,1070,8,0
5,542149.07,81646.38,69.2,10.32,3/9/25,Chicago,Ambassador Theatre,90.68,237,5979,1080,8,0
6,1077274.7,76760.8,94.68,4.31,3/9/25,Death Becomes Her,Lunt-Fontanne Theatre,95.39,275,11293,1491,8,0
7,1056897.21,159421.66,91.77,10.93,3/9/25,The Great Gatsby,Broadway Theatre,96.95,277,10902,1485,8,0
8,1248826.6,1965.64,79.03,1.66,3/9/25,Gypsy,Majestic Theatre,124.24,397,10052,1590,8,0
9,727975,118191,95.9,4.06,3/9/25,Hadestown,Walter Kerr Theatre,103.36,0,7043,918,8,0
10,1683580.3,129037.95,100.59,3.53,3/9/25,Hamilton,Richard Rodgers Theatre,158.01,325,10655,1324,8,0
11,958470.45,142899.95,87.44,11.67,3/9/25,Harry Potter and the Cursed Child,Lyric Theatre,84.48,208,11346,1622,8,0
12,976027.4,132041.82,84.45,9.68,3/9/25,Hell's Kitchen,Sam S. Shubert Theatre,99.16,297,9843,1457,8,0
13,1543557.1,15635.75,97.31,4.85,3/9/25,The Lion King,Minskoff Theatre,116.91,267,13203,1696,8,0
14,810783.9,8455.61,94.14,1.26,3/9/25,Maybe Happy Ending,Belasco Theatre,110.64,297,7328,973,8,0
15,1202858.7,146348.7,88.88,1.53,3/9/25,MJ The Musical,Neil Simon Theatre,121.97,329,9862,1387,8,0
16,851080.11,105259.11,92.27,9.87,3/9/25,Moulin Rouge! The Musical,Al Hirschfeld Theatre,88.69,0,9596,1300,8,0
17,729432.9,26609.55,95.1,6.71,3/9/25,"Oh, Mary!",Lyceum Theatre,107.13,331,6809,895,8,0
18,606651.61,-4657.89,100,0,3/9/25,Operation Mincemeat,John Golden Theatre,109.7,475,5530,790,0,7
19,2818297,181139,100,0,3/9/25,Othello,Ethel Barrymore Theatre,338.09,897,8336,1042,0,8
20,1306481.95,22763.2,101.75,0.66,3/9/25,The Outsiders,Bernard B. Jacobs Theatre,156.75,497,8335,1024,8,0
21,328751.75,27859.75,93.83,-0.42,3/9/25,Purpose,Helen Hayes Theater,75.38,280,4361,581,0,8
22,833025.1,-36146.2,84.76,1.5,3/9/25,Redwood,Nederlander Theatre,106.55,326,7818,1153,8,0
23,719206.33,117819.08,84.97,9.06,3/9/25,SIX: The Musical,Lena Horne Theatre,102.63,269,7008,1031,8,0
24,1026223,24629.1,85.37,2.12,3/9/25,Sunset Boulevard,St. James Theatre,93.55,0,10970,1606,8,0
25,2435631,67183,100,0,3/9/25,Wicked,Gershwin Theatre,158.08,352,15408,1926,8,0
0,912076.2,-164460.8,94.47,-5.1,3/2/25,& Juliet,Stephen Sondheim Theatre,117.63,328,7754,1026,8,0
1,1073987.9,-225037.4,92.55,-3.9,3/2/25,Aladdin,New Amsterdam Theatre,83.99,227.5,12787,1727,8,0
2,751597.8,-138784.35,90.13,-5.23,3/2/25,The Book of Mormon,Eugene O'Neill Theatre,97.79,0,7686,1066,8,0
3,758260.8,311089.8,92.36,-7.64,3/2/25,Buena Vista Social Club,Gerald Schoenfeld Theatre,111.8,275,6782,1049,0,7
4,1038867.9,-36862.7,90.77,-3.47,3/2/25,Cabaret,August Wilson Theatre,133.7,0,7770,1070,8,0
5,460502.69,-277285.31,58.88,-17.56,3/2/25,Chicago,Ambassador Theatre,90.53,267,5087,1080,8,0
6,1000513.9,-119435.7,90.37,-6.33,3/2/25,Death Becomes Her,Lunt-Fontanne Theatre,92.82,275,10779,1491,8,0
7,556895.6,19920.8,99.37,0.51,3/2/25,English,Todd Haimes Theatre,95.18,292,5851,736,8,0
8,897475.55,-243836.99,80.84,-11.62,3/2/25,The Great Gatsby,Broadway Theatre,93.45,277,9604,1485,8,0
9,1246860.96,369566.78,77.37,19.29,3/2/25,Gypsy,Majestic Theatre,126.7,397,9841,1590,8,0
10,609784,-114946,91.84,-6.01,3/2/25,Hadestown,Walter Kerr Theatre,91.26,0,6682,910,8,0
11,1554542.35,-345592.85,97.06,-3.36,3/2/25,Hamilton,Richard Rodgers Theatre,151.21,325,10281,1324,8,0
12,815570.5,-245690.4,75.77,-8.71,3/2/25,Harry Potter and the Cursed Child,Lyric Theatre,82.95,197,9832,1622,8,0
13,843985.58,-230248.83,74.77,-12.91,3/2/25,Hell's Kitchen,Sam S. Shubert Theatre,96.84,297,8715,1457,8,0
14,1527921.35,-418608.9,92.46,-4.56,3/2/25,The Lion King,Minskoff Theatre,121.8,299,12545,1696,8,0
15,802328.29,-16533.17,92.88,-0.74,3/2/25,Maybe Happy Ending,Belasco Theatre,110.97,295,7230,973,8,0
16,1056510,-213916.4,87.35,-3.41,3/2/25,MJ The Musical,Neil Simon Theatre,109.01,329,9692,1387,8,0
17,745821,-138314.4,82.4,-7.51,3/2/25,Moulin Rouge! The Musical,Al Hirschfeld Theatre,87.03,0,8570,1300,8,0
18,702823.35,-29084.95,88.39,1.83,3/2/25,"Oh, Mary!",Lyceum Theatre,111.05,331,6329,895,8,0
19,611309.5,-55338.5,100,0,3/2/25,Operation Mincemeat,John Golden Theatre,110.54,475,5530,790,0,7
20,2637158,0,100,0,3/2/25,Othello,Ethel Barrymore Theatre,361.9,897,7287,1041,0,7
21,1283718.75,-159856.92,101.09,-1.39,3/2/25,The Outsiders,Bernard B. Jacobs Theatre,155.02,497,8281,1024,8,0
22,300892,0,94.25,0,3/2/25,Purpose,Helen Hayes Theater,78.5,280,3833,581,0,7
23,869171.3,-85456.7,83.26,-5.9,3/2/25,Redwood,Nederlander Theatre,113.17,374,7680,1153,8,0
24,601387.25,-249831.05,75.91,-17.18,3/2/25,SIX: The Musical,Lena Horne Theatre,96.05,269,6261,1031,8,0
25,1001593.9,-158788.9,83.25,-4.49,3/2/25,Sunset Boulevard,St. James Theatre,93.63,0,10697,1606,8,0
26,2368448,-193044,100,0,3/2/25,Wicked,Gershwin Theatre,153.72,352,15408,1926,8,0
0,1076537,-3476.4,99.57,4.52,2/23/25,& Juliet,Stephen Sondheim Theatre,131.72,328,8173,1026,8,0
1,1299025.3,34458.1,96.45,2.1,2/23/25,Aladdin,New Amsterdam Theatre,97.48,199.5,13326,1727,8,0
2,890382.15,-124315.45,95.36,1.12,2/23/25,The Book of Mormon,Eugene O'Neill Theatre,109.49,0,8132,1066,8,0
3,447171,0,100,0,2/23/25,Buena Vista Social Club,Gerald Schoenfeld Theatre,142.09,325,3147,1049,0,3
4,1075730.6,-38783.9,94.24,5.05,2/23/25,Cabaret,August Wilson Theatre,133.35,0,8067,1070,8,0
5,737788,-31380.16,76.44,-4.81,2/23/25,Chicago,Ambassador Theatre,111.72,267,6604,1080,8,0
6,1119949.6,-184826.5,96.7,-0.54,2/23/25,Death Becomes Her,Lunt-Fontanne Theatre,97.1,299,11534,1491,8,0
7,536974.8,29034.8,98.86,5.23,2/23/25,English,Todd Haimes Theatre,92.25,292,5821,736,8,0
8,1141312.54,-183054.73,92.46,0.15,2/23/25,The Great Gatsby,Broadway Theatre,103.91,277,10984,1485,8,0
9,877294.18,-599057.74,58.08,-26.68,2/23/25,Gypsy,Majestic Theatre,118.75,347,7388,1590,8,0
10,724730,-130635,97.85,1.96,2/23/25,Hadestown,Walter Kerr Theatre,100.85,0,7186,918,8,0
11,1900135.2,-21668.15,100.42,6.93,2/23/25,Hamilton,Richard Rodgers Theatre,178.63,325,10637,1324,8,0
12,1061260.9,-57700.55,84.48,-3.93,2/23/25,Harry Potter and the Cursed Child,Lyric Theatre,96.81,208,10962,1622,8,0
13,1074234.41,-74098.69,87.68,-1.59,2/23/25,Hell's Kitchen,Sam S. Shubert Theatre,105.11,297,10220,1457,8,0
14,1946530.25,104275.65,97.02,2.32,2/23/25,The Lion King,Minskoff Theatre,147.87,285,13164,1696,8,0
15,818861.46,-68402.76,93.62,-3.12,2/23/25,Maybe Happy Ending,Belasco Theatre,112.37,297,7287,973,8,0
16,1270426.4,-80899.5,90.76,0.24,2/23/25,MJ The Musical,Neil Simon Theatre,126.15,329,10071,1387,8,0
17,884135.4,-212030.5,89.91,-5.36,2/23/25,Moulin Rouge! The Musical,Al Hirschfeld Theatre,94.55,0,9351,1300,8,0
18,731908.3,-43163.8,86.56,4.02,2/23/25,"Oh, Mary!",Lyceum Theatre,118.09,331,6198,895,8,0
19,666648,555188.5,100,0,2/23/25,Operation Mincemeat,John Golden Theatre,120.55,355,5530,790,0,7
20,1443575.67,-104961.58,102.48,1.74,2/23/25,The Outsiders,Bernard B. Jacobs Theatre,171.96,497,8395,1024,8,0
21,954628,-34168,89.16,-7.6,2/23/25,Redwood,Nederlander Theatre,116.08,374,8224,1153,8,0
22,851218.3,25044.05,93.09,6.17,2/23/25,SIX: The Musical,Lena Horne Theatre,110.86,279,7678,1031,8,0
23,1160382.8,-136380.2,87.74,-1.86,2/23/25,Sunset Boulevard,St. James Theatre,102.92,0,11275,1606,8,0
24,2561492,-66965,100,0,2/23/25,Wicked,Gershwin Theatre,166.24,375,15408,1926,8,0
25,677796.5,137943,87.05,12.18,2/23/25,A Wonderful World: The Louis Armstrong Musical,Studio 54,97.62,287,6943,997,8,0
0,1080013.4,144459.2,95.05,-2.9,2/16/25,& Juliet,Stephen Sondheim Theatre,138.43,324,7802,1026,8,0
1,1264567.2,188370.8,94.35,0.97,2/16/25,Aladdin,New Amsterdam Theatre,97.01,215.5,13035,1727,8,0
2,1526260,362722.6,100,0,2/16/25,All In: Comedy About Love,Hudson Theatre,197.09,425,7744,968,8,0
3,1014697.6,128764.66,94.24,-1.52,2/16/25,The Book of Mormon,Eugene O'Neill Theatre,126.25,0,8037,1066,8,0
4,1114514.5,51269.7,89.19,-6.43,2/16/25,Cabaret,August Wilson Theatre,145.97,0,7635,1070,8,0
5,769168.16,-45923.2,81.25,-12.14,2/16/25,Chicago,Ambassador Theatre,109.57,267,7020,1080,8,0
6,1304776.1,43088.35,97.24,-2.15,2/16/25,Death Becomes Her,Lunt-Fontanne Theatre,112.49,299,11599,1491,8,0
7,507940,127174,93.63,-1.31,2/16/25,English,Todd Haimes Theatre,92.13,275,5513,736,8,0
8,391408,44080.5,86.37,5.25,2/16/25,Eureka Day,Samuel J. Friedman Theatre,88.1,299,4443,643,8,0
9,1324367.27,293690.52,92.31,2.29,2/16/25,The Great Gatsby,Broadway Theatre,120.77,504,10966,1485,8,0
10,1476351.92,-88258.7,84.76,-12.1,2/16/25,Gypsy,Majestic Theatre,136.94,397,10781,1590,8,0
11,855365,148783.5,95.89,-3.29,2/16/25,Hadestown,Walter Kerr Theatre,121.47,0,7042,918,8,0
12,1921803.35,389052.55,93.49,-1.73,2/16/25,Hamilton,Richard Rodgers Theatre,194.08,369,9902,1324,8,0
13,1118961.45,146628.05,88.41,-3.57,2/16/25,Harry Potter and the Cursed Child,Lyric Theatre,105.96,256,10560,1493,8,0
14,1148333.1,70899.02,89.27,-8.76,2/16/25,Hell's Kitchen,Sam S. Shubert Theatre,110.36,297,10405,1457,8,0
15,1842254.6,239771.95,94.7,2.03,2/16/25,The Lion King,Minskoff Theatre,143.38,275,12849,1696,8,0
16,887264.22,36029.72,96.74,0.51,2/16/25,Maybe Happy Ending,Belasco Theatre,117.83,297,7530,973,8,0
17,1351325.9,174826.8,90.52,-4.32,2/16/25,MJ The Musical,Neil Simon Theatre,134.54,349,10044,1387,8,0
18,1096165.9,126086.75,95.27,2.36,2/16/25,Moulin Rouge! The Musical,Al Hirschfeld Theatre,110.63,0,9908,1300,8,0
19,775072.1,14587.13,82.54,-10.37,2/16/25,"Oh, Mary!",Lyceum Theatre,131.15,331,5910,895,8,0
20,111459.5,0,100,0,2/16/25,Operation Mincemeat,John Golden Theatre,141.09,375,790,790,0,1
21,1548537.25,314241.93,100.74,0.24,2/16/25,The Outsiders,Bernard B. Jacobs Theatre,187.63,497,8253,1024,8,0
22,988796,132193.27,96.76,-1.57,2/16/25,Redwood,Nederlander Theatre,110.79,326,8925,1153,6,2
23,1477353,452063,103.34,-0.03,2/16/25,Romeo and Juliet,Circle in the Square Theatre,225.07,1478.5,6564,794,8,0
24,826174.25,77046.51,86.92,0.83,2/16/25,SIX: The Musical,Lena Horne Theatre,115.24,279,7169,1031,8,0
25,1296763,-9419.6,89.6,-1.75,2/16/25,Sunset Boulevard,St. James Theatre,112.63,0,11513,1606,8,0
26,2628457,303764,100,0,2/16/25,Wicked,Gershwin Theatre,170.59,375,15408,1926,8,0
27,539853.5,74985.5,74.87,2.95,2/16/25,A Wonderful World: The Louis Armstrong Musical,Studio 54,90.4,287,5972,997,8,0
0,935554.2,-64773.5,97.95,-0.43,2/9/25,& Juliet,Stephen Sondheim Theatre,116.36,324,8040,1026,8,0
1,1076196.4,-92129.1,93.38,-2.41,2/9/25,Aladdin,New Amsterdam Theatre,83.42,227.5,12901,1727,8,0
2,1163537.4,-917169.6,100,0,2/9/25,All In: Comedy About Love,Hudson Theatre,150.25,425,7744,968,8,0
3,885932.94,-55387.77,95.76,-2.99,2/9/25,The Book of Mormon,Eugene O'Neill Theatre,108.49,0,8166,1066,8,0
4,1063244.8,69983.2,95.62,4.37,2/9/25,Cabaret,August Wilson Theatre,129.9,0,8185,1070,8,0
5,815091.36,-35467.19,93.39,-2.71,2/9/25,Chicago,Ambassador Theatre,101.02,267,8069,1080,8,0
6,1261687.75,-61459.5,99.39,-0.39,2/9/25,Death Becomes Her,Lunt-Fontanne Theatre,106.43,275,11855,1491,8,0
7,380766,-19885,94.94,1.24,2/9/25,English,Todd Haimes Theatre,68.12,277,5590,736,8,0
8,347327.5,-44171.5,81.12,-7.1,2/9/25,Eureka Day,Samuel J. Friedman Theatre,83.23,299,4173,643,8,0
9,1030676.75,-79804.7,90.02,-3.08,2/9/25,The Great Gatsby,Broadway Theatre,96.38,424,10694,1485,8,0
10,1564610.62,-125593.22,96.86,-2.27,2/9/25,Gypsy,Majestic Theatre,127,347,12320,1590,8,0
11,706581.5,-27934.5,99.18,0.43,2/9/25,Hadestown,Walter Kerr Theatre,97,0,7284,918,8,0
12,1532750.8,-122328.5,95.22,-0.63,2/9/25,Hamilton,Richard Rodgers Theatre,151.97,325,10086,1324,8,0
13,972333.4,-70068.7,91.98,-0.48,2/9/25,Harry Potter and the Cursed Child,Lyric Theatre,83.68,206,11619,1579,8,0
14,1077434.08,-13496.3,98.03,1.68,2/9/25,Hell's Kitchen,Sam S. Shubert Theatre,94.3,323,11426,1457,8,0
15,1602482.65,-109638.15,92.67,-3.92,2/9/25,The Lion King,Minskoff Theatre,127.45,257,12573,1696,8,0
16,851234.5,-43755.85,96.23,-2.87,2/9/25,Maybe Happy Ending,Belasco Theatre,111.92,297,7606,988,8,0
17,1176499.1,-63505.7,94.84,1.69,2/9/25,MJ The Musical,Neil Simon Theatre,111.8,329,10523,1387,8,0
18,970079.15,-15667.95,92.91,-1.74,2/9/25,Moulin Rouge! The Musical,Al Hirschfeld Theatre,100.39,0,9663,1300,8,0
19,760484.97,-52787.27,92.91,-3.29,2/9/25,"Oh, Mary!",Lyceum Theatre,114.32,331,6652,895,8,0
20,1234295.32,-103887.13,100.5,-0.7,2/9/25,The Outsiders,Bernard B. Jacobs Theatre,149.92,497,8233,1024,8,0
21,856602.73,174344.86,98.33,8.78,2/9/25,Redwood,Nederlander Theatre,107.94,326,7936,1153,0,7
22,1025290,19919,103.37,0.79,2/9/25,Romeo and Juliet,Circle in the Square Theatre,156.15,574.5,6566,794,8,0
23,749127.74,-15254.3,86.09,-1.97,2/9/25,SIX: The Musical,Lena Horne Theatre,105.5,269,7101,1031,8,0
24,1306182.6,-125300.8,91.35,-4.66,2/9/25,Sunset Boulevard,St. James Theatre,111.28,0,11738,1606,8,0
25,2324693,4958.5,100,0,2/9/25,Wicked,Gershwin Theatre,150.88,375,15408,1926,8,0
26,464868,-1446.5,71.92,5.16,2/9/25,A Wonderful World: The Louis Armstrong Musical,Studio 54,81.04,287,5736,997,8,0
0,1000327.7,40504.1,98.38,2.62,2/2/25,& Juliet,Stephen Sondheim Theatre,123.88,324,8075,1026,8,0
1,1168325.5,22501.5,95.79,1.31,2/2/25,Aladdin,New Amsterdam Theatre,88.28,227.5,13234,1727,8,0
2,2080707,656108.4,100,0,2/2/25,All In: Comedy About Love,Hudson Theatre,268.69,425,7744,968,8,0
3,941320.71,536.98,98.75,1.87,2/2/25,The Book of Mormon,Eugene O'Neill Theatre,111.78,0,8421,1066,8,0
4,993261.6,-91607.8,91.25,-4.89,2/2/25,Cabaret,August Wilson Theatre,127.16,0,7811,1070,8,0
5,850558.55,-2241.45,96.1,1.01,2/2/25,Chicago,Ambassador Theatre,102.44,267,8303,1080,8,0
6,572008.43,112078.92,97.61,1.59,2/2/25,Cult of Love,Helen Hayes Theater,126.08,346,4537,581,8,0
7,1323147.25,118086.95,99.78,8.73,2/2/25,Death Becomes Her,Lunt-Fontanne Theatre,111.17,275,11902,1491,8,0
8,400651,136171.4,93.7,12.98,2/2/25,English,Todd Haimes Theatre,72.62,277,5517,736,8,0
9,391499,66659,88.22,12.7,2/2/25,Eureka Day,Samuel J. Friedman Theatre,86.27,299,4538,643,8,0
10,1110481.45,-22662.22,93.1,4.36,2/2/25,The Great Gatsby,Broadway Theatre,100.41,374,11060,1485,8,0
11,1690203.84,-91509.92,99.13,0.77,2/2/25,Gypsy,Majestic Theatre,134.05,347,12609,1590,8,0
12,734516,-18192.5,98.75,0.98,2/2/25,Hadestown,Walter Kerr Theatre,101.28,0,7252,918,8,0
13,1655079.3,45959.4,95.85,3.04,2/2/25,Hamilton,Richard Rodgers Theatre,163.03,325,10152,1324,8,0
14,1042402.1,21055.3,92.46,2.23,2/2/25,Harry Potter and the Cursed Child,Lyric Theatre,86.88,206,11998,1622,8,0
15,1090930.38,59784.43,96.35,8.5,2/2/25,Hell's Kitchen,Sam S. Shubert Theatre,97.14,297,11231,1457,8,0
16,500318.6,57507.54,63.4,7.91,2/2/25,Left on Tenth,James Earl Jones Theatre,92.62,267,5402,1065,8,0
17,1712120.8,23619.6,96.59,2.27,2/2/25,The Lion King,Minskoff Theatre,130.65,259,13105,1696,8,0
18,894990.35,34960.55,99.1,3.88,2/2/25,Maybe Happy Ending,Belasco Theatre,114.26,297,7833,988,8,0
19,1240004.8,84416.7,93.15,7.25,2/2/25,MJ The Musical,Neil Simon Theatre,119.97,329,10336,1387,8,0
20,985747.1,71406.5,94.65,6.39,2/2/25,Moulin Rouge! The Musical,Al Hirschfeld Theatre,100.14,0,9844,1300,8,0
21,813272.24,-112729.88,96.2,-1.87,2/2/25,"Oh, Mary!",Lyceum Theatre,118.07,331,6888,895,8,0
22,1338182.45,201710.04,101.2,-0.22,2/2/25,The Outsiders,Bernard B. Jacobs Theatre,161.42,497,8290,1024,8,0
23,682257.87,285141.07,89.55,-10.45,2/2/25,Redwood,Nederlander Theatre,110.13,374,6195,1153,0,6
24,1005371,37973,102.58,0.88,2/2/25,Romeo and Juliet,Circle in the Square Theatre,154.29,574.5,6516,794,8,0
25,764382.04,-28786.88,88.06,-1.73,2/2/25,SIX: The Musical,Lena Horne Theatre,105.24,259,7263,1031,8,0
26,1431483.4,-14475.2,96.01,2.22,2/2/25,Sunset Boulevard,St. James Theatre,116.03,0,12337,1606,8,0
27,2319734.5,-96146.5,100,0,2/2/25,Wicked,Gershwin Theatre,150.55,375,15408,1926,8,0
28,466314.5,-13033.5,66.76,1.49,2/2/25,A Wonderful World: The Louis Armstrong Musical,Studio 54,87.57,287,5325,997,8,0
0,959823.6,-84932.4,95.76,2.38,1/26/25,& Juliet,Stephen Sondheim Theatre,122.11,324,7860,1026,8,0
1,1145824,-29138.2,94.48,1.41,1/26/25,Aladdin,New Amsterdam Theatre,87.78,227.5,13054,1727,8,0
2,1424598.6,-104586.4,100,0,1/26/25,All In: Comedy About Love,Hudson Theatre,183.96,425,7744,968,8,0
3,940783.73,-82354.99,96.88,0.97,1/26/25,The Book of Mormon,Eugene O'Neill Theatre,113.87,0,8262,1066,8,0
4,1084869.4,1670.5,96.14,5.95,1/26/25,Cabaret,August Wilson Theatre,131.82,0,8230,1070,8,0
5,852800,200311.42,95.09,18.69,1/26/25,Chicago,Ambassador Theatre,103.8,267,8216,1080,8,0
6,459929.51,31960.51,96.02,6.43,1/26/25,Cult of Love,Helen Hayes Theater,103.05,296,4463,581,8,0
7,1205060.3,-111120.5,91.05,-3.57,1/26/25,Death Becomes Her,Lunt-Fontanne Theatre,110.95,325,10861,1491,8,0
8,264479.6,13447.2,80.72,-7.07,1/26/25,English,Todd Haimes Theatre,55.64,277,4753,736,5,3
9,324840,-19338,75.52,-11.86,1/26/25,Eureka Day,Samuel J. Friedman Theatre,83.61,299,3885,643,8,0
10,1133143.67,-722923.83,88.74,-5.98,1/26/25,The Great Gatsby,Broadway Theatre,107.49,424,10542,1485,8,0
11,1781713.76,-110055.64,98.36,4.79,1/26/25,Gypsy,Majestic Theatre,142.41,423,12511,1590,8,0
12,752708.5,-93322.5,97.77,-0.73,1/26/25,Hadestown,Walter Kerr Theatre,104.83,0,7180,918,8,0
13,1609119.9,-291689.55,92.81,-1.57,1/26/25,Hamilton,Richard Rodgers Theatre,163.69,329,9830,1324,8,0
14,1021346.8,-82324.9,90.23,9.59,1/26/25,Harry Potter and the Cursed Child,Lyric Theatre,87.23,206,11708,1622,8,0
15,1031145.95,-127961.67,87.85,1.59,1/26/25,Hell's Kitchen,Sam S. Shubert Theatre,100.7,297,10240,1457,8,0
16,442811.06,30272.26,55.49,5.13,1/26/25,Left on Tenth,James Earl Jones Theatre,93.66,267,4728,1065,8,0
17,1688501.2,-59784.55,94.32,2.36,1/26/25,The Lion King,Minskoff Theatre,131.95,239,12797,1696,8,0
18,860029.8,-30432.8,95.22,-0.72,1/26/25,Maybe Happy Ending,Belasco Theatre,114.27,297,7526,988,8,0
19,1155588.1,-55227.1,85.9,0.45,1/26/25,MJ The Musical,Neil Simon Theatre,121.25,279,9531,1387,8,0
20,914340.6,-62859.1,88.26,-4.6,1/26/25,Moulin Rouge! The Musical,Al Hirschfeld Theatre,99.61,0,9179,1300,8,0
21,926002.12,-327868.88,98.07,-1.93,1/26/25,"Oh, Mary!",Lyceum Theatre,131.87,331,7022,895,8,0
22,1136472.41,-415943.04,101.42,-1.08,1/26/25,The Outsiders,Bernard B. Jacobs Theatre,156.32,497,7270,1024,7,0
23,397116.8,0,100,0,1/26/25,Redwood,Nederlander Theatre,172.21,257,2306,1153,0,2
24,967398,-65225,101.7,-1.24,1/26/25,Romeo and Juliet,Circle in the Square Theatre,149.75,574.5,6460,794,8,0
25,793168.92,-49175.58,89.79,4.14,1/26/25,SIX: The Musical,Lena Horne Theatre,107.1,269,7406,1031,8,0
26,1445958.6,-155065.4,93.79,-3.03,1/26/25,Sunset Boulevard,St. James Theatre,119.98,0,12052,1606,8,0
27,2415881,-186780,100,0,1/26/25,Wicked,Gershwin Theatre,156.79,375,15408,1926,8,0
28,479348,-80006.5,65.27,-10.24,1/26/25,A Wonderful World: The Louis Armstrong Musical,Studio 54,92.08,287,5206,997,8,0
0,1044756,122144.4,93.38,2.18,1/19/25,& Juliet,Stephen Sondheim Theatre,136.3,378,7665,1026,8,0
1,1174962.2,27090.2,93.07,-0.26,1/19/25,Aladdin,New Amsterdam Theatre,91.37,215.5,12859,1727,8,0
2,1529185,-140491,100,0,1/19/25,All In: Comedy About Love,Hudson Theatre,197.47,425,7744,968,8,0
3,1023138.72,41868.34,95.91,0.27,1/19/25,The Book of Mormon,Eugene O'Neill Theatre,125.09,0,8179,1066,8,0
4,1083198.9,-46671.4,90.19,-5.5,1/19/25,Cabaret,August Wilson Theatre,140.31,0,7720,1070,8,0
5,652488.58,33616.23,76.4,2.82,1/19/25,Chicago,Ambassador Theatre,98.85,237,6601,1080,8,0
6,427969,48400,89.59,6.37,1/19/25,Cult of Love,Helen Hayes Theater,102.78,296,4164,581,8,0
7,1316180.8,297549.85,94.62,-1.1,1/19/25,Death Becomes Her,Lunt-Fontanne Theatre,116.62,325,11286,1491,8,0
8,251032.4,12415.4,87.79,3.05,1/19/25,English,Todd Haimes Theatre,48.56,262,5169,736,0,8
9,344178,-17228,87.38,-0.31,1/19/25,Eureka Day,Samuel J. Friedman Theatre,87.51,299,3933,643,7,0
10,1856067.5,312213.77,94.72,2.33,1/19/25,The Great Gatsby,Broadway Theatre,164.94,624,11253,1485,8,0
11,1891769.4,142842.3,93.57,-4.09,1/19/25,Gypsy,Majestic Theatre,158.95,423,11902,1590,8,0
12,846031,-149335,98.5,-2.73,1/19/25,Hadestown,Walter Kerr Theatre,116.95,0,7234,918,8,0
13,1900809.45,45236.8,94.38,-5.46,1/19/25,Hamilton,Richard Rodgers Theatre,190.14,329,9997,1324,8,0
14,1103671.7,59046.4,80.64,-9.93,1/19/25,Harry Potter and the Cursed Child,Lyric Theatre,105.47,256,10464,1622,8,0
15,1159107.62,79850.27,86.26,-0.27,1/19/25,Hell's Kitchen,Sam S. Shubert Theatre,115.28,323,10055,1457,8,0
16,412538.8,-21626.9,50.36,-2.25,1/19/25,Left on Tenth,James Earl Jones Theatre,96.14,267,4291,1065,8,0
17,1748285.75,-5939,91.96,-4.11,1/19/25,The Lion King,Minskoff Theatre,140.12,239,12477,1696,8,0
18,890462.6,13594.1,95.94,-1.44,1/19/25,Maybe Happy Ending,Belasco Theatre,117.43,297,7583,988,8,0
19,1210815.2,74468.1,85.45,3.91,1/19/25,MJ The Musical,Neil Simon Theatre,127.71,279,9481,1387,8,0
20,977199.7,70780.55,92.86,-0.44,1/19/25,Moulin Rouge! The Musical,Al Hirschfeld Theatre,101.19,0,9657,1300,8,0
21,1253871,5600.82,100,0,1/19/25,"Oh, Mary!",Lyceum Theatre,175.12,371,7160,895,8,0
22,1084023.95,128404.2,95.04,3.44,1/19/25,Our Town,Ethel Barrymore Theatre,134.51,397,8059,1060,8,0
23,1552415.45,97211.95,102.5,-0.01,1/19/25,The Outsiders,Bernard B. Jacobs Theatre,184.88,497,8397,1024,8,0
24,1032623,-34453.5,102.94,0.01,1/19/25,Romeo and Juliet,Circle in the Square Theatre,157.92,574.5,6539,794,8,0
25,842344.5,38048.75,85.65,-5.88,1/19/25,SIX: The Musical,Lena Horne Theatre,119.24,269,7064,1031,8,0
26,1601024,745926.5,96.82,6.33,1/19/25,Sunset Boulevard,St. James Theatre,128.68,0,12442,1606,8,0
27,2602661,177005,100,0,1/19/25,Wicked,Gershwin Theatre,168.92,375,15408,1926,8,0
28,559354.5,55852,75.51,10.23,1/19/25,A Wonderful World: The Louis Armstrong Musical,Studio 54,92.87,287,6023,997,8,0
0,922611.6,-354030.2,91.2,-9.18,1/12/25,& Juliet,Stephen Sondheim Theatre,123.24,378,7486,1026,8,0
1,1147872,-847372.2,93.33,-5.41,1/12/25,Aladdin,New Amsterdam Theatre,89.02,215.5,12895,1727,8,0
2,1669676,162610,100,0,1/12/25,All In: Comedy About Love,Hudson Theatre,215.61,425,7744,968,8,0
3,981270.38,-189072.17,95.64,-4.31,1/12/25,The Book of Mormon,Eugene O'Neill Theatre,120.31,0,8156,1066,8,0
4,1129870.3,-282833.9,95.69,-4.12,1/12/25,Cabaret,August Wilson Theatre,137.94,0,8191,1070,8,0
5,618872.35,-422403.32,73.58,-11.66,1/12/25,Chicago,Ambassador Theatre,97.35,237,6357,1080,8,0
6,379569,42343.2,83.22,-1.26,1/12/25,Cult of Love,Helen Hayes Theater,98.13,296,3868,581,8,0
7,1018630.95,-234792.6,95.72,-1.05,1/12/25,Death Becomes Her,Lunt-Fontanne Theatre,118.96,325,8563,1491,6,0
8,238617,107189.6,84.74,-6.47,1/12/25,English,Todd Haimes Theatre,54.65,262,4366,736,0,7
9,361406,28770,87.69,0.33,1/12/25,Eureka Day,Samuel J. Friedman Theatre,80.12,299,4511,643,8,0
10,1543853.73,-345823.75,92.39,-7.61,1/12/25,The Great Gatsby,Broadway Theatre,140.66,374,10976,1485,8,0
11,1748927.1,-50206.9,97.66,-0.03,1/12/25,Gypsy,Majestic Theatre,140.79,397,12422,1590,8,0
12,995366,-105127,101.23,-0.06,1/12/25,Hadestown,Walter Kerr Theatre,133.89,0,7434,918,8,0
13,1855572.65,-524324.15,99.84,-1.49,1/12/25,Hamilton,Richard Rodgers Theatre,175.47,329,10575,1324,8,0
14,1044625.3,-801922.4,90.57,-8.73,1/12/25,Harry Potter and the Cursed Child,Lyric Theatre,88.89,299,11752,1622,8,0
15,1079257.35,-127387.55,86.53,-7.4,1/12/25,Hell's Kitchen,Sam S. Shubert Theatre,107.01,323,10086,1457,8,0
16,434165.7,161296.62,52.61,5.44,1/12/25,Left on Tenth,James Earl Jones Theatre,96.87,267,4482,1065,8,0
17,1754224.75,-1045846.2,96.07,-3.16,1/12/25,The Lion King,Minskoff Theatre,134.58,239,13035,1696,8,0
18,876868.5,-55519.8,97.38,-1.35,1/12/25,Maybe Happy Ending,Belasco Theatre,113.92,297,7697,988,8,0
19,1136347.1,-669421.8,81.54,-12.03,1/12/25,MJ The Musical,Neil Simon Theatre,125.59,279,9048,1387,8,0
20,906419.15,-455457.25,93.3,-5.87,1/12/25,Moulin Rouge! The Musical,Al Hirschfeld Theatre,93.42,0,9703,1300,8,0
21,1248270.18,-42073.68,100,0,1/12/25,"Oh, Mary!",Lyceum Theatre,174.34,371,7160,895,8,0
22,955619.75,38031.75,91.6,0.57,1/12/25,Our Town,Ethel Barrymore Theatre,123.02,347,7768,1060,8,0
23,1455203.5,-436951.1,102.51,0.12,1/12/25,The Outsiders,Bernard B. Jacobs Theatre,173.28,497,8398,1024,8,0
24,1067076.5,-191065.5,102.93,-0.23,1/12/25,Romeo and Juliet,Circle in the Square Theatre,163.21,477,6538,794,8,0
25,804295.75,-347732.1,91.53,-6.55,1/12/25,SIX: The Musical,Lena Horne Theatre,106.54,269,7549,1031,8,0
26,1017784,52610.5,100,0,1/12/25,Stereophonic,John Golden Theatre,163.53,377,6224,778,8,0
27,855097.5,-738770,90.49,-6.67,1/12/25,Sunset Boulevard,St. James Theatre,79.76,0,10721,1481,8,0
28,2425656,-868523,100,0,1/12/25,Wicked,Gershwin Theatre,157.43,375,15408,1926,8,0
29,503502.5,3305,65.28,-0.02,1/12/25,A Wonderful World: The Louis Armstrong Musical,Studio 54,96.7,287,5207,997,8,0
0,1276641.8,-438839.6,100.38,0.02,1/5/25,& Juliet,Stephen Sondheim Theatre,177.09,378,7209,1026,7,0
1,1995244.2,-811432.8,98.74,0.23,1/5/25,Aladdin,New Amsterdam Theatre,146.26,325.5,13642,1727,8,0
2,1507066,46980,100,0.34,1/5/25,All In: Comedy About Love,Hudson Theatre,194.61,425,7744,968,8,0
3,1875632.84,-132205.17,102,0.54,1/5/25,Back To The Future,Winter Garden Theatre,155.51,497,12061,1478,8,0
4,1170342.55,-632769.5,99.95,-1.18,1/5/25,The Book of Mormon,Eugene O'Neill Theatre,156.92,0,7458,1066,7,0
5,1412704.2,-77349.9,99.81,1.64,1/5/25,Cabaret,August Wilson Theatre,165.34,0,8544,1070,8,0
6,1041275.67,-325010.19,85.24,-14.05,1/5/25,Chicago,Ambassador Theatre,141.38,257,7365,1080,8,0
7,337225.8,-64836,84.48,-7.11,1/5/25,Cult of Love,Helen Hayes Theater,98.14,246,3436,581,7,0
8,1253423.55,-305786.25,96.77,-2.01,1/5/25,Death Becomes Her,Lunt-Fontanne Theatre,108.59,325,11543,1491,8,0
9,1214944.5,-1080604,81.81,-13.35,1/5/25,Elf,Marquis Theatre,132.59,399,9163,1600,7,0
10,131427.4,0,91.21,0,1/5/25,English,Todd Haimes Theatre,65.26,292,2014,736,0,3
11,332636,56355,87.36,-1.42,1/5/25,Eureka Day,Samuel J. Friedman Theatre,74.02,299,4494,643,8,0
12,1889677.48,-728681.38,100,0.85,1/5/25,The Great Gatsby,Broadway Theatre,181.79,474,10395,1485,7,0
13,1799134,1519039.04,97.69,-4.2,1/5/25,Gypsy,Majestic Theatre,144.79,447,12426,1590,8,0
14,1100493,-246829,101.29,0,1/5/25,Hadestown,Walter Kerr Theatre,147.94,0,7439,918,8,0
15,2379896.8,-558391.2,101.33,-0.13,1/5/25,Hamilton,Richard Rodgers Theatre,221.74,599,10733,1324,8,0
16,1846547.7,-543203.8,99.3,-0.08,1/5/25,Harry Potter and the Cursed Child,Lyric Theatre,143.31,299,12885,1622,8,0
17,1206644.9,-591082.91,93.93,-5.8,1/5/25,Hell's Kitchen,Sam S. Shubert Theatre,110.22,397,10948,1457,8,0
18,272869.08,-36854.52,47.17,-0.55,1/5/25,Left on Tenth,James Earl Jones Theatre,67.89,267,4019,1065,8,0
19,2800070.95,-1403050.05,99.23,0.55,1/5/25,The Lion King,Minskoff Theatre,207.97,477,13464,1696,8,0
20,932388.3,-86935.8,98.73,-0.79,1/5/25,Maybe Happy Ending,Belasco Theatre,119.48,317,7804,988,8,0
21,1805768.9,-795824.1,93.57,-6.76,1/5/25,MJ The Musical,Neil Simon Theatre,173.93,399,10382,1387,8,0
22,1361876.4,-324579.45,99.17,-0.79,1/5/25,Moulin Rouge! The Musical,Al Hirschfeld Theatre,132.04,0,10314,1300,8,0
23,1290343.86,-58595.38,100,0,1/5/25,"Oh, Mary!",Lyceum Theatre,180.22,371,7160,895,8,0
24,917588,27812.5,91.03,5.44,1/5/25,Our Town,Ethel Barrymore Theatre,118.87,347,7719,1060,8,0
25,1892154.6,-123297.55,102.39,-0.14,1/5/25,The Outsiders,Bernard B. Jacobs Theatre,225.58,497,8388,1024,8,0
26,1258142,1648.2,103.16,0.07,1/5/25,Romeo and Juliet,Circle in the Square Theatre,191.99,974.5,6553,794,8,0
27,1152027.85,-215495.25,98.08,-2.42,1/5/25,SIX: The Musical,Lena Horne Theatre,142.4,349,8090,1031,8,0
28,965173.5,-37713.9,100,0,1/5/25,Stereophonic,John Golden Theatre,155.07,348,6224,778,8,0
29,1349647.2,75943.54,101.79,-0.15,1/5/25,Suffs,Music Box Theatre,170.35,373,7923,973,8,0
30,1593867.5,-210423.8,97.16,-0.67,1/5/25,Sunset Boulevard,St. James Theatre,127.66,0,12485,1606,8,0
31,3294179,-1743213,100,0,1/5/25,Wicked,Gershwin Theatre,213.8,375,15408,1926,8,0
32,500197.5,-233698.5,65.3,-13.04,1/5/25,A Wonderful World: The Louis Armstrong Musical,Studio 54,96.04,298,5208,997,8,0
0,1715481.4,527615.5,100.36,3.34,12/29/24,& Juliet,Stephen Sondheim Theatre,185.12,378,9267,1026,9,0
1,2806677,1065694.4,98.51,1.87,12/29/24,Aladdin,New Amsterdam Theatre,183.3,325.5,15312,1727,9,0
2,1460086,132938,99.66,-0.34,12/29/24,All In: Comedy About Love,Hudson Theatre,189.18,425,7718,968,8,0
3,2007838.01,716326.51,101.46,9.44,12/29/24,Back To The Future,Winter Garden Theatre,167.36,347,11997,1478,8,0
4,1803112.05,444844.09,101.13,2.76,12/29/24,The Book of Mormon,Eugene O'Neill Theatre,185.85,0,9702,1066,9,0
5,1490054.1,271010.3,98.17,2.55,12/29/24,Cabaret,August Wilson Theatre,177.32,0,8403,1070,8,0
6,1366285.86,398480.78,99.29,-1.09,12/29/24,Chicago,Ambassador Theatre,159.26,257,8579,1080,8,0
7,402061.8,39967.8,91.59,7.75,12/29/24,Cult of Love,Helen Hayes Theater,107.94,246,3725,581,7,0
8,1559209.8,228565.25,98.78,4.06,12/29/24,Death Becomes Her,Lunt-Fontanne Theatre,132.33,325,11783,1491,8,0
9,2295548.5,65129.5,95.16,-3.17,12/29/24,Elf,Marquis Theatre,188.47,399,12180,1600,8,0
10,276281,41771,88.78,11.52,12/29/24,Eureka Day,Samuel J. Friedman Theatre,69.14,299,3996,643,7,0
11,2618358.86,843590.31,99.15,0.4,12/29/24,The Great Gatsby,Broadway Theatre,197.58,674,13252,1485,9,0
12,280094.96,-1286919.14,101.89,11.03,12/29/24,Gypsy,Majestic Theatre,172.9,447,1620,1590,1,0
13,1347322,326864.5,101.29,0.95,12/29/24,Hadestown,Walter Kerr Theatre,181.12,0,7439,918,8,0
14,2938288,446738,101.46,0.74,12/29/24,Hamilton,Richard Rodgers Theatre,273.41,599,10747,1324,8,0
15,2389751.5,612045.8,99.38,5.08,12/29/24,Harry Potter and the Cursed Child,Lyric Theatre,185.32,304,12895,1622,8,0
16,1797727.81,345127.11,99.73,5.03,12/29/24,Hell's Kitchen,Sam S. Shubert Theatre,154.66,397,11624,1457,8,0
17,309723.6,1513.3,47.72,8.85,12/29/24,Left on Tenth,James Earl Jones Theatre,76.17,267,4066,1065,8,0
18,4203121,1305645,98.68,-0.1,12/29/24,The Lion King,Minskoff Theatre,279.04,477,15063,1696,9,0
19,1019324.1,209284.9,99.52,4.3,12/29/24,Maybe Happy Ending,Belasco Theatre,129.59,317,7866,988,8,0
20,2601593,894131.3,100.33,5.62,12/29/24,MJ The Musical,Neil Simon Theatre,207.73,399,12524,1387,9,0
21,1686455.85,401857.08,99.96,7.32,12/29/24,Moulin Rouge! The Musical,Al Hirschfeld Theatre,162.22,0,10396,1300,8,0
22,1348939.24,106255.86,100,0,12/29/24,"Oh, Mary!",Lyceum Theatre,188.4,371,7160,895,8,0
23,889775.5,115781.3,85.59,9.98,12/29/24,Our Town,Ethel Barrymore Theatre,122.59,347,7258,1060,8,0
24,2015452.15,285581.3,102.53,0.31,12/29/24,The Outsiders,Bernard B. Jacobs Theatre,239.96,548,8399,1024,8,0
25,1256493.8,156673.3,103.09,1.19,12/29/24,Romeo and Juliet,Circle in the Square Theatre,191.89,974.5,6548,794,8,0
26,1367523.1,275774.6,100.5,4.11,12/29/24,SIX: The Musical,Lena Horne Theatre,164.98,349,8289,1031,8,0
27,1002887.4,137276.4,100,0,12/29/24,Stereophonic,John Golden Theatre,161.13,348,6224,778,8,0
28,1273703.66,202744.41,101.94,0.8,12/29/24,Suffs,Music Box Theatre,160.52,373,7935,973,8,0
29,1804291.3,138167.6,97.83,5.6,12/29/24,Sunset Boulevard,St. James Theatre,143.53,0,12571,1606,8,0
30,717623.82,217816.4,98.97,11.54,12/29/24,Swept Away,Longacre Theatre,89.04,248,8060,1018,8,0
31,5037392,2013297,100,0,12/29/24,Wicked,Gershwin Theatre,290.61,505,17334,1926,9,0
32,733896,170642,78.34,17.02,12/29/24,A Wonderful World: The Louis Armstrong Musical,Studio 54,117.46,298,6248,997,8,0
0,1187865.9,-15049.2,97.02,-0.15,12/22/24,& Juliet,Stephen Sondheim Theatre,149.17,378,7963,1026,8,0
1,1740982.6,273434.8,96.64,1.08,12/22/24,Aladdin,New Amsterdam Theatre,130.39,249.5,13352,1727,8,0
2,1327148,280634,100,0,12/22/24,All In: Comedy About Love,Hudson Theatre,171.38,425,7744,968,1,7
3,1291511.5,176168.65,92.02,-0.46,12/22/24,Back To The Future,Winter Garden Theatre,118.69,267,10881,1478,8,0
4,1358267.96,129850.71,98.37,-0.32,12/22/24,The Book of Mormon,Eugene O'Neill Theatre,161.91,0,8389,1066,8,0
5,1219043.8,26875.5,95.62,3.81,12/22/24,Cabaret,August Wilson Theatre,148.94,0,8185,1070,8,0
6,967805.08,97927.01,100.38,4.36,12/22/24,Chicago,Ambassador Theatre,111.59,267,8673,1080,8,0
7,362094,46811,83.84,-7.21,12/22/24,Cult of Love,Helen Hayes Theater,92.92,249,3897,581,8,0
8,1330644.55,-144758.2,94.72,-5.4,12/22/24,Death Becomes Her,Lunt-Fontanne Theatre,117.78,299,11298,1491,8,0
9,2230419,196635,98.33,4.32,12/22/24,Elf,Marquis Theatre,177.21,379,12586,1600,8,0
10,234510,4085,77.26,-8.1,12/22/24,Eureka Day,Samuel J. Friedman Theatre,59.01,299,3974,643,8,0
11,1774768.55,205813.75,98.75,2.11,12/22/24,The Great Gatsby,Broadway Theatre,151.28,574,11732,1485,8,0
12,1567014.1,-251221.28,90.86,-6,12/22/24,Gypsy,Majestic Theatre,135.58,447,11558,1590,5,3
13,1020457.5,116130.45,100.34,0.73,12/22/24,Hadestown,Walter Kerr Theatre,138.48,0,7369,918,8,0
14,2491550,314431,100.72,0.59,12/22/24,Hamilton,Richard Rodgers Theatre,233.55,419,10668,1324,8,0
15,1777705.7,482708.1,94.3,9.81,12/22/24,Harry Potter and the Cursed Child,Lyric Theatre,145.28,269,12236,1622,8,0
16,1452600.7,-35340,94.7,-1.87,12/22/24,Hell's Kitchen,Sam S. Shubert Theatre,131.6,323,11038,1457,8,0
17,496411.18,86965.93,76.21,19.35,12/22/24,The Hills of California,Broadhurst Theatre,69.29,327,7164,1175,8,0
18,308210.3,-140281.3,38.87,-11.68,12/22/24,Left on Tenth,James Earl Jones Theatre,93.06,267,3312,1065,8,0
19,2897476,399506.25,98.78,0.45,12/22/24,The Lion King,Minskoff Theatre,216.2,325,13402,1696,8,0
20,810039.2,46017.15,95.22,-0.26,12/22/24,Maybe Happy Ending,Belasco Theatre,107.63,317,7526,988,8,0
21,1707461.7,80413.8,94.71,1.83,12/22/24,MJ The Musical,Neil Simon Theatre,162.48,349,10509,1387,8,0
22,1284598.77,-51529.3,92.64,-2.91,12/22/24,Moulin Rouge! The Musical,Al Hirschfeld Theatre,133.33,0,9635,1300,8,0
23,1242683.38,20268.88,100,0.31,12/22/24,"Oh, Mary!",Lyceum Theatre,173.56,331,7160,895,8,0
24,773994.2,-92054.3,75.61,-7.95,12/22/24,Our Town,Ethel Barrymore Theatre,120.71,347,6412,1060,8,0
25,1729870.85,142601.62,102.22,0.01,12/22/24,The Outsiders,Bernard B. Jacobs Theatre,206.58,497,8374,1024,8,0
26,1099820.5,127167.25,101.9,-0.7,12/22/24,Romeo and Juliet,Circle in the Square Theatre,169.91,974.5,6473,794,8,0
27,1091748.5,187048.75,96.39,7.6,12/22/24,SIX: The Musical,Lena Horne Theatre,137.33,279,7950,1031,8,0
28,865611,216.58,100,0.82,12/22/24,Stereophonic,John Golden Theatre,139.08,348,6224,778,8,0
29,1070959.25,19389.9,101.14,-0.39,12/22/24,Suffs,Music Box Theatre,136.03,373,7873,973,8,0
30,1666123.7,-234544.8,92.23,-3.72,12/22/24,Sunset Boulevard,St. James Theatre,140.58,0,11852,1606,8,0
31,499807.42,-157692.08,87.43,-11.98,12/22/24,Swept Away,Longacre Theatre,70.2,248,7120,1018,8,0
32,3024095,146009,100,0,12/22/24,Wicked,Gershwin Theatre,196.27,350,15408,1926,8,0
33,563254,-142671,61.32,-21.67,12/22/24,A Wonderful World: The Louis Armstrong Musical,Studio 54,115.16,298,4891,997,8,0
0,1202915.1,129065,97.17,5.26,12/15/24,& Juliet,Stephen Sondheim Theatre,150.82,378,7976,1026,8,0
1,1467547.8,-43690.2,95.56,1.32,12/15/24,Aladdin,New Amsterdam Theatre,111.15,249.5,13203,1727,8,0
2,1046514,0,100,0,12/15/24,All In: Comedy About Love,Hudson Theatre,216.22,425,4840,968,0,5
3,1115342.85,55868.45,92.48,4.91,12/15/24,Back To The Future,Winter Garden Theatre,102,267,10935,1478,8,0
4,1228417.25,80581.42,98.69,2.62,12/15/24,The Book of Mormon,Eugene O'Neill Theatre,145.96,0,8416,1066,8,0
5,1192168.3,-26159.9,91.81,-1.22,12/15/24,Cabaret,August Wilson Theatre,151.69,0,7859,1070,8,0
6,869878.07,50291.88,96.02,5.67,12/15/24,Chicago,Ambassador Theatre,104.86,237,8296,1080,8,0
7,315283,15963,91.05,0.65,12/15/24,Cult of Love,Helen Hayes Theater,85.14,246,3703,581,5,2
8,1475402.75,109395.95,100.12,0.72,12/15/24,Death Becomes Her,Lunt-Fontanne Theatre,123.55,299,11942,1491,8,0
9,2033784,207286.5,94.01,6.56,12/15/24,Elf,Marquis Theatre,169.02,379,12033,1600,8,0
10,230425,2892,85.36,11.87,12/15/24,Eureka Day,Samuel J. Friedman Theatre,52.48,299,4391,643,0,8
11,1568954.8,108740,96.64,1.46,12/15/24,The Great Gatsby,Broadway Theatre,136.66,524,11481,1485,8,0
12,1818235.38,215585.88,96.86,1.41,12/15/24,Gypsy,Majestic Theatre,147.57,447,12321,1590,0,8
13,904327.05,120083.3,99.61,6.87,12/15/24,Hadestown,Walter Kerr Theatre,123.63,0,7315,918,8,0
14,2177119,146347.5,100.13,6.21,12/15/24,Hamilton,Richard Rodgers Theatre,205.27,419,10606,1324,8,0
15,1294997.6,5148.5,84.49,1.14,12/15/24,Harry Potter and the Cursed Child,Lyric Theatre,118.11,269,10964,1622,8,0
16,1487940.7,-5050.02,96.57,1.41,12/15/24,Hell's Kitchen,Sam S. Shubert Theatre,132.19,323,11256,1457,8,0
17,409445.25,2519.05,56.86,-0.05,12/15/24,The Hills of California,Broadhurst Theatre,76.6,327,5345,1175,8,0
18,448491.6,-36081.3,50.55,-0.62,12/15/24,Left on Tenth,James Earl Jones Theatre,104.13,267,4307,1065,8,0
19,2497969.75,8477,98.33,0.22,12/15/24,The Lion King,Minskoff Theatre,187.24,325,13341,1696,8,0
20,764022.05,81642.55,95.48,8.17,12/15/24,Maybe Happy Ending,Belasco Theatre,101.24,297,7547,988,8,0
21,1627047.9,11841,92.88,0.21,12/15/24,MJ The Musical,Neil Simon Theatre,157.87,349,10306,1387,8,0
22,1336128.07,-10852.18,95.55,-0.64,12/15/24,Moulin Rouge! The Musical,Al Hirschfeld Theatre,134.46,0,9937,1300,8,0
23,1094298.84,172134.38,101.76,5.18,12/15/24,The Notebook,Gerald Schoenfeld Theatre,132.18,269,8279,1017,8,0
24,1222414.5,-23993.44,99.69,-0.31,12/15/24,"Oh, Mary!",Lyceum Theatre,171.25,371,7138,895,8,0
25,866048.5,33564.52,83.56,5.79,12/15/24,Our Town,Ethel Barrymore Theatre,122.22,347,7086,1060,8,0
26,1587269.23,59979.58,102.21,0.35,12/15/24,The Outsiders,Bernard B. Jacobs Theatre,189.57,497,8373,1024,8,0
27,972653.25,34780,102.6,3.12,12/15/24,Romeo and Juliet,Circle in the Square Theatre,149.25,574.5,6517,794,8,0
28,501496.5,169182.3,87.22,10.08,12/15/24,The Roommate,Booth Theatre,93.09,297,5387,772,8,0
29,904699.75,-21487.25,88.79,3.73,12/15/24,SIX: The Musical,Lena Horne Theatre,123.54,279,7323,1031,8,0
30,865394.42,21371.74,99.18,2.01,12/15/24,Stereophonic,John Golden Theatre,140.19,348,6173,778,8,0
31,1051569.35,39386.9,101.53,3.1,12/15/24,Suffs,Music Box Theatre,133.06,348,7903,973,8,0
32,1900668.5,67784.5,95.95,2.32,12/15/24,Sunset Boulevard,St. James Theatre,154.16,0,12329,1606,8,0
33,657499.5,117193.7,99.41,18.15,12/15/24,Swept Away,Longacre Theatre,81.21,248,8096,1018,8,0
34,2878086,95291,100,0,12/15/24,Wicked,Gershwin Theatre,186.79,350,15408,1926,8,0
35,705925,-13754.5,82.99,-0.01,12/15/24,A Wonderful World: The Louis Armstrong Musical,Studio 54,106.65,287,6619,997,8,0
0,1073850.1,-294353.9,91.91,-6.71,12/8/24,& Juliet,Stephen Sondheim Theatre,142.34,378,7544,1026,8,0
1,1511238,-311922.9,94.24,-1.11,12/8/24,Aladdin,New Amsterdam Theatre,116.07,225.5,13020,1727,8,0
2,1059474.4,-425590,87.57,-7.63,12/8/24,Back To The Future,Winter Garden Theatre,102.33,267,10354,1478,8,0
3,1147835.83,-47085.02,96.07,-0.32,12/8/24,The Book of Mormon,Eugene O'Neill Theatre,140.1,0,8193,1066,8,0
4,1218328.2,-23676.2,93.03,0.71,12/8/24,Cabaret,August Wilson Theatre,153,0,7963,1070,8,0
5,819586.19,-80619.2,90.35,-2.58,12/8/24,Chicago,Ambassador Theatre,104.99,237,7806,1080,8,0
6,299320,67656,90.4,7.22,12/8/24,Cult of Love,Helen Hayes Theater,71.23,203,4202,581,0,8
7,1366006.8,116359.65,99.4,3.51,12/8/24,Death Becomes Her,Lunt-Fontanne Theatre,115.21,299,11857,1491,8,0
8,1826497.5,-121425,87.45,-7.55,12/8/24,Elf,Marquis Theatre,163.18,379,11193,1600,8,0
9,227533,57221,73.49,0.65,12/8/24,Eureka Day,Samuel J. Friedman Theatre,68.78,299,3308,643,0,7
10,1460214.8,-196471.36,95.18,1.6,12/8/24,The Great Gatsby,Broadway Theatre,129.14,524,11307,1485,8,0
11,1602649.5,-20002.5,95.45,2.12,12/8/24,Gypsy,Majestic Theatre,150.85,447,10624,1590,0,7
12,784243.75,-276102.85,92.74,-4.96,12/8/24,Hadestown,Walter Kerr Theatre,115.14,0,6811,918,8,0
13,2030771.5,-548772.5,93.92,-4.58,12/8/24,Hamilton,Richard Rodgers Theatre,204.14,419,9948,1324,8,0
14,1289849.1,-280023.2,83.35,-1.41,12/8/24,Harry Potter and the Cursed Child,Lyric Theatre,119.25,299,10816,1622,8,0
15,1492990.72,-81631.24,95.16,2.44,12/8/24,Hell's Kitchen,Sam S. Shubert Theatre,134.6,323,11092,1457,8,0
16,406926.2,67050.1,56.91,-2.38,12/8/24,The Hills of California,Broadhurst Theatre,76.06,327,5350,1175,8,0
17,484572.9,160336.5,51.17,-0.38,12/8/24,Left on Tenth,James Earl Jones Theatre,111.14,267,4360,1065,8,0
18,2489492.75,-393783.25,98.11,2.03,12/8/24,The Lion King,Minskoff Theatre,187.03,325,13311,1696,8,0
19,682379.5,-25248.08,87.31,-0.75,12/8/24,Maybe Happy Ending,Belasco Theatre,98.88,297,6901,988,8,0
20,1615206.9,-96059.5,92.67,5.52,12/8/24,MJ The Musical,Neil Simon Theatre,157.08,349,10283,1387,8,0
21,1346980.25,51234.74,96.19,1.51,12/8/24,Moulin Rouge! The Musical,Al Hirschfeld Theatre,134.64,0,10004,1300,8,0
22,922164.46,134729.66,96.58,8.06,12/8/24,The Notebook,Gerald Schoenfeld Theatre,117.35,269,7858,1017,8,0
23,1246407.94,-40208.26,100,0,12/8/24,"Oh, Mary!",Lyceum Theatre,174.08,371,7160,895,8,0
24,832483.98,44380.9,77.77,7.84,12/8/24,Our Town,Ethel Barrymore Theatre,126.23,347,6595,1060,8,0
25,1527289.65,-313315.9,101.86,-0.23,12/8/24,The Outsiders,Bernard B. Jacobs Theatre,183.04,497,8344,1024,8,0
26,937873.25,-278156.39,99.48,-3.15,12/8/24,Romeo and Juliet,Circle in the Square Theatre,148.42,574.5,6319,794,8,0
27,332314.2,28133.7,77.14,2.46,12/8/24,The Roommate,Booth Theatre,93.01,297,3573,772,6,0
28,926187,-241849,85.06,-3.55,12/8/24,SIX: The Musical,Lena Horne Theatre,132.01,279,7016,1031,8,0
29,844022.68,-82587.42,97.17,-1.72,12/8/24,Stereophonic,John Golden Theatre,139.55,348,6048,778,8,0
30,1012182.45,57138.1,98.43,3.61,12/8/24,Suffs,Music Box Theatre,132.1,348,7662,973,8,0
31,1832884,11511.4,93.63,3.89,12/8/24,Sunset Boulevard,St. James Theatre,152.33,0,12032,1606,8,0
32,540305.8,128123.5,81.26,20.37,12/8/24,Swept Away,Longacre Theatre,81.64,248,6618,1018,8,0
33,371511.25,111996.25,47.26,8.84,12/8/24,Tammy Faye,Palace Theatre,75.24,299,4938,1306,8,0
34,957671.87,162899.87,66.46,10.3,12/8/24,Water For Elephants,Imperial Theatre,130.05,278,7364,1385,8,0
35,2782795,-147426,100,0,12/8/24,Wicked,Gershwin Theatre,180.61,350,15408,1926,8,0
36,719679.5,128051.5,83,18.27,12/8/24,A Wonderful World: The Louis Armstrong Musical,Studio 54,108.71,287,6620,997,8,0
0,1368204,419908.9,98.62,9.65,12/1/24,& Juliet,Stephen Sondheim Theatre,169.02,378,8095,1026,8,0
1,1823160.9,623769.6,95.35,0.5,12/1/24,Aladdin,New Amsterdam Theatre,138.39,259.5,13174,1727,8,0
2,1485064.4,688930.93,95.2,18.25,12/1/24,Back To The Future,Winter Garden Theatre,131.92,297,11257,1478,8,0
3,1194920.85,287688.45,96.39,2.42,12/1/24,The Book of Mormon,Eugene O'Neill Theatre,145.37,0,8220,1066,8,0
4,1242004.4,357112.2,92.32,5.14,12/1/24,Cabaret,August Wilson Theatre,157.16,0,7903,1070,8,0
5,900205.39,407685.19,92.93,35.42,12/1/24,Chicago,Ambassador Theatre,112.12,237,8029,1080,8,0
6,231664,8358,83.18,-0.76,12/1/24,Cult of Love,Helen Hayes Theater,68.48,203,3383,581,0,7
7,1249647.15,190273.45,95.89,-0.76,12/1/24,Death Becomes Her,Lunt-Fontanne Theatre,109.25,299,11438,1491,8,0
8,1947922.5,808388.5,95,0.31,12/1/24,Elf,Marquis Theatre,160.19,249,12160,1600,8,0
9,170312,0,72.84,0,12/1/24,Eureka Day,Samuel J. Friedman Theatre,60.65,299,2810,643,0,6
10,1656686.16,479036.76,93.58,8.82,12/1/24,The Great Gatsby,Broadway Theatre,149.02,424,11117,1485,8,0
11,1622652,852302.7,93.33,-7.49,12/1/24,Gypsy,Majestic Theatre,156.2,447,10388,1590,0,7
12,1060346.6,367179.65,97.7,6.56,12/1/24,Hadestown,Walter Kerr Theatre,147.78,0,7175,918,8,0
13,2579544,602128.75,98.5,1.53,12/1/24,Hamilton,Richard Rodgers Theatre,247.25,449,10433,1324,8,0
14,1569872.3,583947.8,84.76,9.44,12/1/24,Harry Potter and the Cursed Child,Lyric Theatre,142.73,299,10999,1622,8,0
15,1574621.96,257892.95,92.72,3.52,12/1/24,Hell's Kitchen,Sam S. Shubert Theatre,145.7,397,10807,1457,8,0
16,339876.1,-67889.1,59.29,-0.55,12/1/24,The Hills of California,Broadhurst Theatre,60.99,327,5573,1175,8,0
17,324236.4,-132085.84,51.55,0.25,12/1/24,Left on Tenth,James Earl Jones Theatre,73.82,267,4392,1065,8,0
18,2883276,876804.85,96.08,0.11,12/1/24,The Lion King,Minskoff Theatre,221.18,339,13036,1696,8,0
19,707627.58,116215.08,88.06,9.25,12/1/24,Maybe Happy Ending,Belasco Theatre,101.67,297,6960,988,8,0
20,1711266.4,351296.5,87.15,0.31,12/1/24,MJ The Musical,Neil Simon Theatre,176.97,399,9670,1387,8,0
21,1295745.51,363199.29,94.68,4.77,12/1/24,Moulin Rouge! The Musical,Al Hirschfeld Theatre,131.59,0,9847,1300,8,0
22,787434.8,143974.74,88.52,8.78,12/1/24,The Notebook,Gerald Schoenfeld Theatre,109.34,249,7202,1017,8,0
23,1286616.2,60679.2,100,0,12/1/24,"Oh, Mary!",Lyceum Theatre,179.7,371,7160,895,8,0
24,1025433,217520.2,97.99,7.33,12/1/24,Once Upon a Mattress,Hudson Theatre,135.14,299,7588,968,8,0
25,788103.08,38716.48,69.93,-3.77,12/1/24,Our Town,Ethel Barrymore Theatre,132.9,347,5930,1060,8,0
26,1840605.55,415074.5,102.09,0.98,12/1/24,The Outsiders,Bernard B. Jacobs Theatre,220.09,398,8363,1024,8,0
27,1216029.64,244128.94,102.63,1.67,12/1/24,Romeo and Juliet,Circle in the Square Theatre,186.54,974.5,6519,794,8,0
28,304180.5,-101006.4,74.68,-0.24,12/1/24,The Roommate,Booth Theatre,87.94,297,3459,772,6,0
29,1168036,411087.75,88.61,4.82,12/1/24,SIX: The Musical,Lena Horne Theatre,142.06,269,8222,1031,9,0
30,926610.1,209888.5,98.89,4.66,12/1/24,Stereophonic,John Golden Theatre,150.55,348,6155,778,8,0
31,955044.35,101613.34,94.82,1.67,12/1/24,Suffs,Music Box Theatre,129.39,323,7381,973,8,0
32,1821372.6,-48863,89.74,-2.26,12/1/24,Sunset Boulevard,St. James Theatre,157.94,0,11532,1606,8,0
33,412182.3,2827.5,60.89,-10.84,12/1/24,Swept Away,Longacre Theatre,83.12,248,4959,1018,8,0
34,259515,-58398,38.42,-2.14,12/1/24,Tammy Faye,Palace Theatre,64.65,299,4014,1306,8,0
35,794772,104847.75,56.16,-9.8,12/1/24,Water For Elephants,Imperial Theatre,127.74,278,6222,1385,8,0
36,2930221,370061,100,0,12/1/24,Wicked,Gershwin Theatre,190.18,350,15408,1926,8,0
37,591628,-81286.5,64.73,-6.63,12/1/24,A Wonderful World: The Louis Armstrong Musical,Studio 54,114.59,298,5163,997,8,0
0,948295.1,73118.6,88.97,1.77,11/24/24,& Juliet,Stephen Sondheim Theatre,129.85,378,7303,1026,8,0
1,1199391.3,127159.5,94.85,1.18,11/24/24,Aladdin,New Amsterdam Theatre,91.53,225.5,13104,1727,8,0
2,796133.47,121857.1,76.95,8.59,11/24/24,Back To The Future,Winter Garden Theatre,87.51,247,9098,1478,8,0
3,907232.4,5438.8,93.97,0.03,11/24/24,The Book of Mormon,Eugene O'Neill Theatre,113.21,0,8014,1066,8,0
4,884892.2,-153958.6,87.18,-3.31,11/24/24,Cabaret,August Wilson Theatre,118.57,0,7463,1070,8,0
5,492520.2,-23712.35,57.51,-4.19,11/24/24,Chicago,Ambassador Theatre,99.12,237,4969,1080,8,0
6,223306,0,83.94,0,11/24/24,Cult of Love,Helen Hayes Theater,65.41,203,3414,581,0,7
7,1059373.7,-62021.65,96.65,0.6,11/24/24,Death Becomes Her,Lunt-Fontanne Theatre,91.9,299,11528,1491,5,3
8,1139534,629487.25,94.69,4.65,11/24/24,Elf,Marquis Theatre,94.02,249,12120,1600,8,0
9,1177649.4,133519.6,84.76,4.01,11/24/24,The Great Gatsby,Broadway Theatre,116.96,325,10069,1485,8,0
10,770349.3,0,100.82,0,11/24/24,Gypsy,Majestic Theatre,160.19,497,4809,1590,0,3
11,693166.95,-36810.7,91.14,-4.16,11/24/24,Hadestown,Walter Kerr Theatre,103.57,0,6693,918,8,0
12,1977415.25,344966.25,96.97,1.13,11/24/24,Hamilton,Richard Rodgers Theatre,192.52,299,10271,1324,8,0
13,985924.5,85396.3,75.32,-13.79,11/24/24,Harry Potter and the Cursed Child,Lyric Theatre,100.87,229,9774,1622,8,0
14,1316729.01,-42088.84,89.2,-3.37,11/24/24,Hell's Kitchen,Sam S. Shubert Theatre,126.65,323,10397,1457,8,0
15,407765.2,-66500.9,59.84,-0.05,11/24/24,The Hills of California,Broadhurst Theatre,72.49,327,5625,1175,8,0
16,456322.24,-134199.36,51.3,-12.87,11/24/24,Left on Tenth,James Earl Jones Theatre,104.4,267,4371,1065,8,0
17,2006471.15,208003.48,95.97,1.76,11/24/24,The Lion King,Minskoff Theatre,154.1,227,13021,1696,8,0
18,591412.5,132585.5,78.81,-10.3,11/24/24,Maybe Happy Ending,Belasco Theatre,94.95,297,6229,988,8,0
19,1438345,49692,100,0,11/24/24,McNeal,Vivian Beaumont Theater,187.65,349,7665,1095,7,0
20,1359969.9,82473.7,86.84,4.22,11/24/24,MJ The Musical,Neil Simon Theatre,141.13,329,9636,1387,8,0
21,932546.22,-23007.94,89.91,-0.71,11/24/24,Moulin Rouge! The Musical,Al Hirschfeld Theatre,99.73,0,9351,1300,8,0
22,643460.06,33841.04,79.74,-0.78,11/24/24,The Notebook,Gerald Schoenfeld Theatre,99.18,247,6488,1017,8,0
23,1225937,72585.5,100,0,11/24/24,"Oh, Mary!",Lyceum Theatre,171.22,331,7160,895,8,0
24,807912.8,44544.8,90.66,3.9,11/24/24,Once Upon a Mattress,Hudson Theatre,115.07,299,7021,968,8,0
25,749386.6,-82589.65,73.7,-7.1,11/24/24,Our Town,Ethel Barrymore Theatre,119.9,347,6250,1060,8,0
26,1425531.05,3387.25,101.11,-0.16,11/24/24,The Outsiders,Bernard B. Jacobs Theatre,172.1,358,8283,1024,8,0
27,971900.7,-50127.15,100.96,-1.45,11/24/24,Romeo and Juliet,Circle in the Square Theatre,151.55,974.5,6413,794,8,0
28,405186.9,-87457.5,74.92,-8.66,11/24/24,The Roommate,Booth Theatre,87.57,297,4627,772,8,0
29,756948.25,-965.9,83.79,-4.11,11/24/24,SIX: The Musical,Lena Horne Theatre,109.53,269,6911,1031,8,0
30,716721.6,-94260.6,94.23,-2.67,11/24/24,Stereophonic,John Golden Theatre,122.2,348,5865,778,8,0
31,853431.01,-53140.73,93.15,-3.33,11/24/24,Suffs,Music Box Theatre,117.7,298,7251,973,8,0
32,1870235.6,-31836.2,92,-2.6,11/24/24,Sunset Boulevard,St. James Theatre,158.2,0,11822,1606,8,0
33,409354.8,-17432.75,71.73,-8.93,11/24/24,Swept Away,Longacre Theatre,70.07,248,5842,1018,8,0
34,317913,-56457.5,40.56,-22.14,11/24/24,Tammy Faye,Palace Theatre,75.01,299,4238,1306,8,0
35,689924.25,-100427.55,65.96,-7.7,11/24/24,Water For Elephants,Imperial Theatre,94.41,278,7308,1385,8,0
36,2560160,114780,100,0,11/24/24,Wicked,Gershwin Theatre,166.16,350,15408,1926,8,0
37,672914.5,11534.5,71.36,-20.33,11/24/24,A Wonderful World: The Louis Armstrong Musical,Studio 54,118.22,287,5692,997,8,0
38,507360.8,93197.8,101.79,9.88,11/24/24,Yellow Face,Todd Haimes Theatre,85.59,327,5928,728,8,0
0,875176.5,-179099,87.2,-8.24,11/17/24,& Juliet,Stephen Sondheim Theatre,122.28,324,7157,1026,8,0
1,1072231.8,-107201.7,93.67,-2.04,11/17/24,Aladdin,New Amsterdam Theatre,82.85,225.5,12942,1727,8,0
2,674276.37,-235790.68,68.36,-23.27,11/17/24,Back To The Future,Winter Garden Theatre,83.42,223,8083,1478,8,0
3,901793.6,-122448.85,93.94,-4.83,11/17/24,The Book of Mormon,Eugene O'Neill Theatre,112.57,0,8011,1066,8,0
4,1038850.8,-25380.6,90.49,1.58,11/17/24,Cabaret,August Wilson Theatre,134.11,0,7746,1070,8,0
5,516232.55,-158055.69,61.7,-14.35,11/17/24,Chicago,Ambassador Theatre,96.84,237,5331,1080,8,0
6,1121395.35,181841.85,96.05,-1.97,11/17/24,Death Becomes Her,Lunt-Fontanne Theatre,97.88,299,11457,1491,0,8
7,510046.75,233951.25,90.04,-3.93,11/17/24,Elf,Marquis Theatre,50.58,249,10084,1600,1,6
8,1044129.8,-156261.96,80.75,-8.86,11/17/24,The Great Gatsby,Broadway Theatre,108.84,325,9593,1485,8,0
9,729977.65,-49297.55,95.3,-3.27,11/17/24,Hadestown,Walter Kerr Theatre,104.3,0,6999,918,8,0
10,1632449,-140509.25,95.84,2.69,11/17/24,Hamilton,Richard Rodgers Theatre,160.82,299,10151,1324,8,0
11,900528.2,-119142.1,89.11,-0.42,11/17/24,Harry Potter and the Cursed Child,Lyric Theatre,89.01,249,10117,1622,7,0
12,1358817.85,-77542.25,92.57,-5.95,11/17/24,Hell's Kitchen,Sam S. Shubert Theatre,125.93,323,10790,1457,8,0
13,474266.1,27166.6,59.89,-1.52,11/17/24,The Hills of California,Broadhurst Theatre,84.24,327,5630,1175,8,0
14,590521.6,-3776.5,64.17,-3.86,11/17/24,Left on Tenth,James Earl Jones Theatre,108.02,267,5467,1065,8,0
15,1798467.67,-164626.33,94.21,-4.15,11/17/24,The Lion King,Minskoff Theatre,140.7,227,12782,1696,8,0
16,458827,160860.2,89.11,4.95,11/17/24,Maybe Happy Ending,Belasco Theatre,65.15,297,7043,988,8,0
17,1388653,-35077,100,0,11/17/24,McNeal,Vivian Beaumont Theater,181.17,349,7665,1095,7,0
18,1277496.2,-91128.9,82.62,-8.33,11/17/24,MJ The Musical,Neil Simon Theatre,139.34,329,9168,1387,8,0
19,955554.16,-154560.68,90.62,-7.14,11/17/24,Moulin Rouge! The Musical,Al Hirschfeld Theatre,101.4,0,9424,1300,8,0
20,609619.02,-64510.98,80.52,-7.13,11/17/24,The Notebook,Gerald Schoenfeld Theatre,93.06,247,6551,1017,8,0
21,1153351.5,-22418.34,100,0,11/17/24,"Oh, Mary!",Lyceum Theatre,161.08,331,7160,895,8,0
22,763368,-70934.6,86.76,-1.1,11/17/24,Once Upon a Mattress,Hudson Theatre,113.61,299,6719,968,8,0
23,831976.25,21616.87,80.8,2.5,11/17/24,Our Town,Ethel Barrymore Theatre,121.42,297,6852,1060,8,0
24,1422143.8,13644.3,101.27,-0.65,11/17/24,The Outsiders,Bernard B. Jacobs Theatre,171.43,358,8296,1024,8,0
25,1022027.85,-38415.75,102.41,0.02,11/17/24,Romeo and Juliet,Circle in the Square Theatre,157.11,574.5,6505,794,8,0
26,492644.4,5752.6,83.58,-1.83,11/17/24,The Roommate,Booth Theatre,95.44,297,5162,772,8,0
27,757914.15,-57604,87.9,-0.99,11/17/24,SIX: The Musical,Lena Horne Theatre,104.54,269,7250,1031,8,0
28,810982.2,3112.3,96.9,-0.11,11/17/24,Stereophonic,John Golden Theatre,134.47,348,6031,778,8,0
29,906571.74,-52470.11,96.48,-1.89,11/17/24,Suffs,Music Box Theatre,120.72,278,7510,973,8,0
30,1902071.8,44510.2,94.6,-1.98,11/17/24,Sunset Boulevard,St. James Theatre,156.47,0,12156,1606,8,0
31,426787.55,-7365.64,80.66,-2.26,11/17/24,Swept Away,Longacre Theatre,64.97,248,6569,1018,0,8
32,374370.5,-9974.5,62.7,4.34,11/17/24,Tammy Faye,Palace Theatre,65.31,299,5732,1306,5,2
33,790351.8,-11004.7,73.66,-4.97,11/17/24,Water For Elephants,Imperial Theatre,96.84,278,8161,1385,8,0
34,2445380,-5866,100,0,11/17/24,Wicked,Gershwin Theatre,158.71,275,15408,1926,8,0
35,661380,49342.5,91.69,-0.22,11/17/24,A Wonderful World: The Louis Armstrong Musical,Studio 54,90.44,287,7313,997,8,0
36,414163,55589.4,91.91,6.75,11/17/24,Yellow Face,Todd Haimes Theatre,77.37,313,5353,728,8,0
0,1054275.5,195500.8,95.44,6.27,11/10/24,& Juliet,Stephen Sondheim Theatre,134.58,378,7834,1026,8,0
1,1179433.5,-27742.5,95.71,1.62,11/10/24,Aladdin,New Amsterdam Theatre,89.2,215.5,13223,1727,8,0
2,910067.05,120254.93,91.63,11.49,11/10/24,Back To The Future,Winter Garden Theatre,84,223,10834,1478,8,0
3,1024242.45,191483.75,98.77,7.87,11/10/24,The Book of Mormon,Eugene O'Neill Theatre,121.6,0,8423,1066,8,0
4,1064231.4,163055.5,88.91,2.52,11/10/24,Cabaret,August Wilson Theatre,139.83,0,7611,1070,8,0
5,674288.24,84773.55,76.05,8.79,11/10/24,Chicago,Ambassador Theatre,102.62,267,6571,1080,8,0
6,939553.5,-133464.5,98.02,0.05,11/10/24,Death Becomes Her,Lunt-Fontanne Theatre,107.14,299,8769,1491,0,6
7,276095.5,0,93.97,0,11/10/24,Elf,Marquis Theatre,91.82,249,3007,1600,0,2
8,1200391.76,239115.87,89.61,9.12,11/10/24,The Great Gatsby,Broadway Theatre,112.76,277,10646,1485,8,0
9,779275.2,144928.15,98.57,7.54,11/10/24,Hadestown,Walter Kerr Theatre,107.65,0,7239,918,8,0
10,1772958.25,55176,93.15,-2.81,11/10/24,Hamilton,Richard Rodgers Theatre,179.7,299,9866,1324,8,0
11,1019670.3,38635.95,89.53,3.86,11/10/24,Harry Potter and the Cursed Child,Lyric Theatre,87.77,249,11617,1622,8,0
12,1436360.1,161222.9,98.52,3.98,11/10/24,Hell's Kitchen,Sam S. Shubert Theatre,125.07,323,11484,1457,8,0
13,447099.5,41348.4,61.41,3.84,11/10/24,The Hills of California,Broadhurst Theatre,77.45,327,5773,1175,8,0
14,594298.1,65605,68.03,10.45,11/10/24,Left on Tenth,James Earl Jones Theatre,102.54,267,5796,1065,8,0
15,1963094,1114.2,98.36,0.31,11/10/24,The Lion King,Minskoff Theatre,147.1,227,13345,1696,8,0
16,297966.8,3096.2,84.16,6.01,11/10/24,Maybe Happy Ending,Belasco Theatre,44.79,297,6652,988,0,8
17,1423730,48394,100,0,11/10/24,McNeal,Vivian Beaumont Theater,185.74,349,7665,1095,7,0
18,1368625.1,-132121.4,90.95,-2.14,11/10/24,MJ The Musical,Neil Simon Theatre,135.61,329,10092,1387,8,0
19,1110114.84,139727.98,97.76,5.15,11/10/24,Moulin Rouge! The Musical,Al Hirschfeld Theatre,109.19,0,10167,1300,8,0
20,674130,157684.62,87.65,12.85,11/10/24,The Notebook,Gerald Schoenfeld Theatre,94.54,247,7131,1017,8,0
21,1175769.84,-917.16,100,0,11/10/24,"Oh, Mary!",Lyceum Theatre,164.21,348,7160,895,8,0
22,834302.6,141161.4,87.86,4.34,11/10/24,Once Upon a Mattress,Hudson Theatre,122.62,299,6804,968,8,0
23,810359.38,117002.93,78.3,8.47,11/10/24,Our Town,Ethel Barrymore Theatre,122.04,297,6640,1060,8,0
24,1408499.5,76905.7,101.92,1.03,11/10/24,The Outsiders,Bernard B. Jacobs Theatre,168.7,423,8349,1024,8,0
25,1060443.6,44177.3,102.39,0,11/10/24,Romeo and Juliet,Circle in the Square Theatre,163.04,574.5,6504,794,8,0
26,486891.8,66680,85.41,5.7,11/10/24,The Roommate,Booth Theatre,92.3,297,5275,772,8,0
27,815518.15,161703.5,88.89,12.47,11/10/24,SIX: The Musical,Lena Horne Theatre,111.23,269,7332,1031,8,0
28,807869.9,95637.3,97.01,2.91,11/10/24,Stereophonic,John Golden Theatre,133.8,348,6038,778,8,0
29,959041.85,185727.75,98.37,4.22,11/10/24,Suffs,Music Box Theatre,125.25,278,7657,973,8,0
30,1857561.6,134497.7,96.58,1.95,11/10/24,Sunset Boulevard,St. James Theatre,149.71,0,12408,1606,8,0
31,434153.19,76683.49,82.92,0.86,11/10/24,Swept Away,Longacre Theatre,73.47,248,5909,1018,0,7
32,384345,64426.75,58.36,-5.88,11/10/24,Tammy Faye,Palace Theatre,63.04,299,6097,1306,0,8
33,801356.5,213710.75,78.63,16.83,11/10/24,Water For Elephants,Imperial Theatre,91.98,278,8712,1385,8,0
34,2451246,171797.75,100,0.19,11/10/24,Wicked,Gershwin Theatre,159.09,275,15408,1926,8,0
35,612037.5,95164,91.91,16.71,11/10/24,A Wonderful World: The Louis Armstrong Musical,Studio 54,83.49,257,7331,997,0,8
36,358573.6,49860,85.16,8.79,11/10/24,Yellow Face,Todd Haimes Theatre,72.29,327,4960,728,8,0
0,858774.7,-20442.8,89.17,-3.53,11/3/24,& Juliet,Stephen Sondheim Theatre,117.33,378,7319,1026,8,0
1,1207176,-7447.9,94.09,-1.6,11/3/24,Aladdin,New Amsterdam Theatre,92.86,189.5,13000,1727,8,0
2,789812.12,40003.44,80.14,3.63,11/3/24,Back To The Future,Winter Garden Theatre,83.35,223,9476,1478,8,0
3,832758.7,-40940.49,90.9,-3.07,11/3/24,The Book of Mormon,Eugene O'Neill Theatre,107.43,0,7752,1066,8,0
4,901175.9,-105138,86.39,0.27,11/3/24,Cabaret,August Wilson Theatre,121.86,0,7395,1070,8,0
5,589514.69,-46871.6,67.26,-4.11,11/3/24,Chicago,Ambassador Theatre,101.45,267,5811,1080,8,0
6,1073018,501221.5,97.97,0.94,11/3/24,Death Becomes Her,Lunt-Fontanne Theatre,104.94,299,10225,1491,0,7
7,961275.89,-157490.38,80.49,-8.19,11/3/24,The Great Gatsby,Broadway Theatre,100.53,277,9562,1485,8,0
8,634347.05,-47633.55,91.03,-0.51,11/3/24,Hadestown,Walter Kerr Theatre,94.89,0,6685,918,8,0
9,1717782.25,-43303.75,95.96,-2.09,11/3/24,Hamilton,Richard Rodgers Theatre,169.01,299,10164,1324,8,0
10,981034.35,41058.2,85.67,2.51,11/3/24,Harry Potter and the Cursed Child,Lyric Theatre,88.25,249,11117,1622,8,0
11,1275137.2,-247696.75,94.54,-2.63,11/3/24,Hell's Kitchen,Sam S. Shubert Theatre,115.72,323,11019,1457,8,0
12,405751.1,-67149.25,57.57,0.02,11/3/24,The Hills of California,Broadhurst Theatre,74.97,327,5412,1175,8,0
13,528693.1,67409.8,57.58,-11.39,11/3/24,Left on Tenth,James Earl Jones Theatre,107.76,267,4906,1065,8,0
14,1961979.8,-23947.25,98.05,0.35,11/3/24,The Lion King,Minskoff Theatre,147.48,227,13303,1696,8,0
15,294870.6,53723.08,78.15,-1.32,11/3/24,Maybe Happy Ending,Belasco Theatre,47.74,297,6177,988,0,8
16,1375336,-12609,100,0,11/3/24,McNeal,Vivian Beaumont Theater,179.43,349,7665,1095,7,0
17,1500746.5,344.7,93.09,0.6,11/3/24,MJ The Musical,Neil Simon Theatre,145.29,329,10329,1387,8,0
18,970386.86,-21735.84,92.61,-0.04,11/3/24,Moulin Rouge! The Musical,Al Hirschfeld Theatre,100.76,0,9631,1300,8,0
19,516445.38,-29439.62,74.8,-0.59,11/3/24,The Notebook,Gerald Schoenfeld Theatre,84.86,247,6086,1017,8,0
20,1176687,-7818,100,0,11/3/24,"Oh, Mary!",Lyceum Theatre,164.34,348,7160,895,8,0
21,693141.2,-38527.4,83.52,-1.86,11/3/24,Once Upon a Mattress,Hudson Theatre,107.16,299,6468,968,8,0
22,693356.45,-159798.21,69.83,-9.86,11/3/24,Our Town,Ethel Barrymore Theatre,117.08,297,5922,1060,8,0
23,1331593.8,-103832.38,100.89,-1.34,11/3/24,The Outsiders,Bernard B. Jacobs Theatre,161.11,423,8265,1024,8,0
24,1016266.3,60734.8,102.39,1.19,11/3/24,Romeo and Juliet,Circle in the Square Theatre,156.25,574.5,6504,794,8,0
25,420211.8,-95372.38,79.71,-3.82,11/3/24,The Roommate,Booth Theatre,85.36,297,4923,772,8,0
26,653814.65,3366.9,76.42,1.12,11/3/24,SIX: The Musical,Lena Horne Theatre,103.73,269,6303,1031,8,0
27,712232.6,-134388.4,94.1,-5.26,11/3/24,Stereophonic,John Golden Theatre,121.6,348,5857,778,8,0
28,773314.1,-83358.65,94.15,1.05,11/3/24,Suffs,Music Box Theatre,105.51,278,7329,973,8,0
29,1723063.9,58400.9,94.63,-2.56,11/3/24,Sunset Boulevard,St. James Theatre,141.77,0,12154,1606,8,0
30,357469.7,0,82.06,0,11/3/24,Swept Away,Longacre Theatre,85.58,248,4177,1018,0,5
31,319918.25,-227649.44,64.24,-16.2,11/3/24,Tammy Faye,Palace Theatre,63.55,299,5034,1306,0,6
32,587645.75,-71174.79,61.8,3.17,11/3/24,Water For Elephants,Imperial Theatre,85.83,278,6847,1385,8,0
33,2279448.25,62135.25,99.81,0.08,11/3/24,Wicked,Gershwin Theatre,148.23,275,15378,1926,8,0
34,516873.5,-75400.5,75.2,0.29,11/3/24,A Wonderful World: The Louis Armstrong Musical,Studio 54,86.17,257,5998,997,0,8
35,308713.6,5988.1,76.37,-7.49,11/3/24,Yellow Face,Todd Haimes Theatre,69.41,327,4448,728,8,0
0,879217.5,-141125.3,92.7,-2.34,10/27/24,& Juliet,Stephen Sondheim Theatre,115.55,324,7609,1026,8,0
1,1214623.9,-19217.2,95.69,0.37,10/27/24,Aladdin,New Amsterdam Theatre,91.87,189.5,13221,1727,8,0
2,749808.68,-146614.07,76.51,-9,10/27/24,Back To The Future,Winter Garden Theatre,82.89,223,9046,1478,8,0
3,873699.19,-61791.28,93.97,-2.85,10/27/24,The Book of Mormon,Eugene O'Neill Theatre,109.02,0,8014,1066,8,0
4,1006313.9,-117224,86.12,-7.1,10/27/24,Cabaret,August Wilson Theatre,136.5,0,7372,1070,8,0
5,636386.29,-87729.44,71.37,-8.22,10/27/24,Chicago,Ambassador Theatre,103.21,267,6166,1080,8,0
6,571796.5,0,97.03,0,10/27/24,Death Becomes Her,Lunt-Fontanne Theatre,131.75,299,4340,1491,0,3
7,1118766.27,-147533.43,88.68,-4.62,10/27/24,The Great Gatsby,Broadway Theatre,106.2,325,10535,1485,8,0
8,681980.6,-99486.1,91.54,-5.21,10/27/24,Hadestown,Walter Kerr Theatre,101.44,0,6723,918,8,0
9,1761086,-107376,98.05,2.29,10/27/24,Hamilton,Richard Rodgers Theatre,169.58,299,10385,1324,8,0
10,939976.15,-131907.35,83.16,-7.13,10/27/24,Harry Potter and the Cursed Child,Lyric Theatre,87.11,249,10791,1622,8,0
11,1522833.95,-31878.72,97.17,-1.98,10/27/24,Hell's Kitchen,Sam S. Shubert Theatre,134.45,323,11326,1457,8,0
12,472900.35,-60552.85,57.55,-1.5,10/27/24,The Hills of California,Broadhurst Theatre,87.41,327,5410,1175,8,0
13,363992.25,67527.6,91.09,10.3,10/27/24,JOB,Helen Hayes Theatre,85.97,241,4234,581,8,0
14,461283.3,-138259.9,68.97,0.93,10/27/24,Left on Tenth,James Earl Jones Theatre,78.5,267,5876,1065,6,2
15,1985927.05,-20332.3,97.7,0.38,10/27/24,The Lion King,Minskoff Theatre,149.81,227,13256,1696,8,0
16,241147.52,-677.58,79.47,-1.5,10/27/24,Maybe Happy Ending,Belasco Theatre,51.19,297,4711,988,0,6
17,1387945,40806,100,0,10/27/24,McNeal,Vivian Beaumont Theater,181.08,349,7665,1095,7,0
18,1500401.8,28857.55,92.49,1.47,10/27/24,MJ The Musical,Neil Simon Theatre,146.2,329,10263,1387,8,0
19,992122.7,-191110.45,92.65,-4.76,10/27/24,Moulin Rouge! The Musical,Al Hirschfeld Theatre,102.96,0,9636,1300,8,0
20,545885,-169368.28,75.39,-14.99,10/27/24,The Notebook,Gerald Schoenfeld Theatre,88.99,247,6134,1017,8,0
21,1184505,8732.44,100,0,10/27/24,"Oh, Mary!",Lyceum Theatre,165.43,331,7160,895,8,0
22,731668.6,-68557.6,85.38,-2.79,10/27/24,Once Upon a Mattress,Hudson Theatre,110.66,299,6612,968,8,0
23,853154.66,28448.16,79.69,-5.18,10/27/24,Our Town,Ethel Barrymore Theatre,126.24,297,6758,1060,8,0
24,1435426.18,-33182.8,102.23,-0.04,10/27/24,The Outsiders,Bernard B. Jacobs Theatre,171.39,358,8375,1024,8,0
25,955531.5,-101243,101.2,-1.67,10/27/24,Romeo and Juliet,Circle in the Square Theatre,148.65,574.5,6428,794,5,3
26,515584.18,-20910.52,83.53,-4.42,10/27/24,The Roommate,Booth Theatre,99.94,297,5159,772,8,0
27,650447.75,-163160.9,75.3,-11.52,10/27/24,SIX: The Musical,Lena Horne Theatre,104.73,269,6211,1031,8,0
28,846621,-9273.46,99.36,-0.64,10/27/24,Stereophonic,John Golden Theatre,136.91,348,6184,778,8,0
29,856672.75,-23417.55,93.1,-1.94,10/27/24,Suffs,Music Box Theatre,118.21,278,7247,973,8,0
30,1664663,452964.4,97.19,-1.43,10/27/24,Sunset Boulevard,St. James Theatre,133.46,0,12473,1604,8,0
31,547567.69,380064.19,80.44,-9.97,10/27/24,Tammy Faye,Palace Theatre,74.46,299,7354,1306,0,7
32,658820.54,-160048.96,58.63,-13.44,10/27/24,Water For Elephants,Imperial Theatre,101.42,278,6496,1385,8,0
33,2217313,-14553,99.73,-0.27,10/27/24,Wicked,Gershwin Theatre,144.29,275,15367,1926,8,0
34,592274,-45192,74.91,-8.73,10/27/24,A Wonderful World: The Louis Armstrong Musical,Studio 54,99.13,257,5975,997,0,8
35,302725.5,-35540.3,83.86,4.12,10/27/24,Yellow Face,Todd Haimes Theatre,61.98,342,4884,728,8,0
0,1020342.8,36780.3,95.04,-1.66,10/20/24,& Juliet,Stephen Sondheim Theatre,130.8,324,7801,1026,8,0
1,1233841.1,-119708.45,95.32,-1.42,10/20/24,Aladdin,New Amsterdam Theatre,93.69,199.5,13170,1727,8,0
2,896422.75,-80464.26,85.51,6.51,10/20/24,Back To The Future,Winter Garden Theatre,88.66,247,10111,1478,8,0
3,935490.47,-60331.07,96.82,-1.84,10/20/24,The Book of Mormon,Eugene O'Neill Theatre,113.3,0,8257,1066,8,0
4,1123537.9,69082.05,93.22,0.23,10/20/24,Cabaret,August Wilson Theatre,140.79,0,7980,1070,8,0
5,724115.73,-76831.9,79.59,-6.14,10/20/24,Chicago,Ambassador Theatre,105.3,267,6877,1080,8,0
6,1266299.7,-5186.62,93.3,-0.79,10/20/24,The Great Gatsby,Broadway Theatre,114.25,374,11084,1485,8,0
7,781466.7,-72155.2,96.75,-1.13,10/20/24,Hadestown,Walter Kerr Theatre,109.99,0,7105,918,8,0
8,1868462,-96665,95.76,-2.27,10/20/24,Hamilton,Richard Rodgers Theatre,184.21,299,10143,1324,8,0
9,1071883.5,-183430.65,90.29,0.88,10/20/24,Harry Potter and the Cursed Child,Lyric Theatre,91.49,299,11716,1622,8,0
10,1554712.67,126775.85,99.15,1.69,10/20/24,Hell's Kitchen,Sam S. Shubert Theatre,134.53,323,11557,1457,8,0
11,533453.2,19461.22,59.05,-10.04,10/20/24,The Hills of California,Broadhurst Theatre,96.1,327,5551,1175,8,0
12,296464.65,50319.9,80.79,5.88,10/20/24,JOB,Helen Hayes Theatre,78.95,241,3755,581,8,0
13,599543.2,53855.1,68.04,3.51,10/20/24,Left on Tenth,James Earl Jones Theatre,103.42,267,5797,1065,0,8
14,2006259.35,-192048.6,97.32,-1.31,10/20/24,The Lion King,Minskoff Theatre,151.94,227,13204,1696,8,0
15,241825.1,0,80.97,0,10/20/24,Maybe Happy Ending,Belasco Theatre,60.46,298,4000,988,0,5
16,1347139,378857,100,0,10/20/24,McNeal,Vivian Beaumont Theater,175.75,349,7665,1095,7,0
17,1471544.25,-685.1,91.02,2.14,10/20/24,MJ The Musical,Neil Simon Theatre,145.7,329,10100,1387,8,0
18,1183233.15,-459734.27,97.41,-2.82,10/20/24,Moulin Rouge! The Musical,Al Hirschfeld Theatre,116.79,0,10131,1300,8,0
19,715253.28,38168.74,90.38,5.92,10/20/24,The Notebook,Gerald Schoenfeld Theatre,97.27,278,7353,1017,8,0
20,1175772.56,-17819.94,100,0,10/20/24,"Oh, Mary!",Lyceum Theatre,164.21,331,7160,895,8,0
21,800226.2,11359.4,88.17,-1.14,10/20/24,Once Upon a Mattress,Hudson Theatre,117.2,299,6828,968,8,0
22,824706.5,165999.7,84.87,-1.58,10/20/24,Our Town,Ethel Barrymore Theatre,114.59,273,7197,1060,8,0
23,1468608.98,-33857.53,102.27,-0.17,10/20/24,The Outsiders,Bernard B. Jacobs Theatre,175.29,378,8378,1024,8,0
24,1056774.5,20288.5,102.87,-0.3,10/20/24,Romeo and Juliet,Circle in the Square Theatre,161.73,574.5,6534,794,0,8
25,536494.7,-7701.7,87.95,-0.73,10/20/24,The Roommate,Booth Theatre,98.77,297,5432,772,8,0
26,813608.65,-69942.3,86.82,-3.82,10/20/24,SIX: The Musical,Lena Horne Theatre,113.62,269,7161,1031,8,0
27,855894.46,47272.2,100,1.7,10/20/24,Stereophonic,John Golden Theatre,137.52,348,6224,778,8,0
28,880090.3,112321.3,95.04,4.94,10/20/24,Suffs,Music Box Theatre,118.96,278,7398,973,8,0
29,1211698.6,-80203.75,98.62,5.49,10/20/24,Sunset Boulevard,St. James Theatre,107.01,0,11323,1640,1,6
30,167503.5,0,90.41,0,10/20/24,Tammy Faye,Palace Theatre,112.42,299,1490,1648,0,1
31,818869.5,55609.87,72.07,1.88,10/20/24,Water For Elephants,Imperial Theatre,102.55,278,7985,1385,8,0
32,2231866,-254545.25,100,0.47,10/20/24,Wicked,Gershwin Theatre,144.85,275,15408,1926,8,0
33,637466,0,83.64,0,10/20/24,A Wonderful World: The Louis Armstrong Musical,Studio 54,109.21,257,5837,997,0,7
34,338265.8,-629.2,79.74,-8.6,10/20/24,Yellow Face,Todd Haimes Theatre,72.84,333,4644,728,8,0
0,983562.5,170708.6,96.7,7.48,10/13/24,& Juliet,Stephen Sondheim Theatre,123.92,324,7937,1026,8,0
1,1353549.55,276172.55,96.74,9.45,10/13/24,Aladdin,New Amsterdam Theatre,101.27,215.5,13366,1727,8,0
2,976887.01,267284.31,79,4,10/13/24,Back To The Future,Winter Garden Theatre,104.58,297,9341,1478,8,0
3,995821.54,106718.86,98.66,2.8,10/13/24,The Book of Mormon,Eugene O'Neill Theatre,118.35,0,8414,1066,8,0
4,1054455.85,116269.85,92.99,6.38,10/13/24,Cabaret,August Wilson Theatre,132.47,0,7960,1070,8,0
5,800947.63,116552.83,85.73,8.97,10/13/24,Chicago,Ambassador Theatre,108.13,267,7407,1080,8,0
6,1271486.32,221692.86,94.09,8.29,10/13/24,The Great Gatsby,Broadway Theatre,113.75,325,11178,1485,8,0
7,853621.9,147435.4,97.88,2.32,10/13/24,Hadestown,Walter Kerr Theatre,118.76,0,7188,918,8,0
8,1965127,289393,98.03,5.55,10/13/24,Hamilton,Richard Rodgers Theatre,189.26,299,10383,1324,8,0
9,1255314.15,306857.55,89.41,4.58,10/13/24,Harry Potter and the Cursed Child,Lyric Theatre,108.2,299,11602,1622,8,0
10,1427936.82,38685.62,97.46,-0.13,10/13/24,Hell's Kitchen,Sam S. Shubert Theatre,125.7,323,11360,1457,8,0
11,513991.98,13197.2,69.09,-0.05,10/13/24,The Hills of California,Broadhurst Theatre,79.15,327,6494,1175,8,0
12,246144.75,35356.45,74.91,0.32,10/13/24,JOB,Helen Hayes Theatre,70.69,241,3482,581,8,0
13,545688.1,78838.5,64.53,-4.34,10/13/24,Left on Tenth,James Earl Jones Theatre,99.25,267,5498,1065,0,8
14,2198307.95,296283.65,98.63,5.2,10/13/24,The Lion King,Minskoff Theatre,164.27,227,13382,1696,8,0
15,968282,-1486,100,0,10/13/24,McNeal,Vivian Beaumont Theater,176.86,349,5475,1095,5,0
16,1472229.35,244964.05,88.88,4.88,10/13/24,MJ The Musical,Neil Simon Theatre,149.28,329,9862,1387,8,0
17,1642967.42,261506.73,100.23,1.22,10/13/24,Moulin Rouge! The Musical,Al Hirschfeld Theatre,157.61,0,10424,1300,8,0
18,677084.54,71296.04,84.46,4.91,10/13/24,The Notebook,Gerald Schoenfeld Theatre,98.53,278,6872,1017,8,0
19,1193592.5,17168.5,100,0,10/13/24,"Oh, Mary!",Lyceum Theatre,166.7,331,7160,895,8,0
20,788866.8,56242.8,89.31,0.87,10/13/24,Once Upon a Mattress,Hudson Theatre,114.06,299,6916,968,8,0
21,658706.8,96298.8,86.45,12.2,10/13/24,Our Town,Ethel Barrymore Theatre,89.85,273,7331,1060,5,3
22,1502466.51,97347.63,102.44,0.45,10/13/24,The Outsiders,Bernard B. Jacobs Theatre,179.04,378,8392,1024,8,0
23,1036486,86387,103.17,0.63,10/13/24,Romeo and Juliet,Circle in the Square Theatre,180.76,574.5,5734,794,0,7
24,544196.4,111762.42,88.68,4.87,10/13/24,The Roommate,Booth Theatre,99.36,297,5477,772,8,0
25,883550.95,195190.8,90.64,8.96,10/13/24,SIX: The Musical,Lena Horne Theatre,118.18,269,7476,1031,8,0
26,808622.26,24476.56,98.3,1.34,10/13/24,Stereophonic,John Golden Theatre,132.17,348,6118,778,8,0
27,767769,88180.35,90.1,12.16,10/13/24,Suffs,Music Box Theatre,109.48,278,7013,973,8,0
28,1291902.35,215980.65,93.13,-0.31,10/13/24,Sunset Boulevard,St. James Theatre,122.1,0,10581,1623,0,7
29,763259.63,107226.13,70.19,8.6,10/13/24,Water For Elephants,Imperial Theatre,98.14,278,7777,1385,8,0
30,2486411.25,440313,99.53,-0.05,10/13/24,Wicked,Gershwin Theatre,162.13,275,15336,1926,8,0
31,338895,40169.6,88.34,0.2,10/13/24,Yellow Face,Todd Haimes Theatre,65.87,327,5145,728,8,0
0,812853.9,138199.3,89.22,11.7,10/6/24,& Juliet,Stephen Sondheim Theatre,111,324,7323,1026,8,0
1,1077377,98177.4,87.29,-1.93,10/6/24,Aladdin,New Amsterdam Theatre,89.33,239.5,12060,1727,8,0
2,709602.7,105215.79,75,10.03,10/6/24,Back To The Future,Winter Garden Theatre,80.02,247,8868,1478,8,0
3,889102.68,76443,95.86,3.13,10/6/24,The Book of Mormon,Eugene O'Neill Theatre,108.76,0,8175,1066,8,0
4,938186,-51615.15,86.61,-5.01,10/6/24,Cabaret,August Wilson Theatre,126.54,0,7414,1070,8,0
5,684394.8,62224.37,76.76,5.35,10/6/24,Chicago,Ambassador Theatre,103.2,267,6632,1080,8,0
6,1049793.46,59110.36,85.8,0.07,10/6/24,The Great Gatsby,Broadway Theatre,102.99,277,10193,1485,8,0
7,706186.5,82242.6,95.56,1.05,10/6/24,Hadestown,Walter Kerr Theatre,100.63,0,7018,918,8,0
8,1675734,105196.25,92.48,1.95,10/6/24,Hamilton,Richard Rodgers Theatre,171.08,299,9795,1324,8,0
9,948456.6,45664.5,84.83,4.15,10/6/24,Harry Potter and the Cursed Child,Lyric Theatre,86.17,299,11007,1622,8,0
10,1389251.2,234640.15,97.59,-0.73,10/6/24,Hell's Kitchen,Sam S. Shubert Theatre,122.13,323,11375,1457,8,0
11,500794.78,110325.28,69.14,-18.37,10/6/24,The Hills of California,Broadhurst Theatre,77.06,327,6499,1175,8,0
12,210788.3,-63737.25,74.59,3.03,10/6/24,JOB,Helen Hayes Theatre,60.8,241,3467,581,8,0
13,466849.6,105140.9,68.87,-9.91,10/6/24,Left on Tenth,James Earl Jones Theatre,90.93,267,5134,1065,0,7
14,1902024.3,238116.75,93.43,-2.67,10/6/24,The Lion King,Minskoff Theatre,150.04,227,12677,1696,8,0
15,969768,-181634,100,0,10/6/24,McNeal,Vivian Beaumont Theater,147.61,349,6570,1095,6,0
16,1227265.3,56687.5,84,-0.51,10/6/24,MJ The Musical,Neil Simon Theatre,131.67,329,9321,1387,8,0
17,1381460.69,297748.01,99.01,2.72,10/6/24,Moulin Rouge! The Musical,Al Hirschfeld Theatre,134.16,0,10297,1300,8,0
18,605788.5,75506.44,79.55,1.87,10/6/24,The Notebook,Gerald Schoenfeld Theatre,93.6,247,6472,1017,8,0
19,1176424,12467,100,0,10/6/24,"Oh, Mary!",Lyceum Theatre,164.31,331,7160,895,8,0
20,732624,5454,88.44,3.23,10/6/24,Once Upon a Mattress,Hudson Theatre,106.97,299,6849,968,8,0
21,562408,-69655,74.25,-4.98,10/6/24,Our Town,Ethel Barrymore Theatre,89.33,273,6296,1060,0,8
22,1405118.88,67730.41,101.99,0.01,10/6/24,The Outsiders,Bernard B. Jacobs Theatre,168.18,378,8355,1024,8,0
23,950099,508841.5,102.54,-0.99,10/6/24,Romeo and Juliet,Circle in the Square Theatre,166.71,574.5,5699,794,0,7
24,432433.98,79639.28,83.81,-5.59,10/6/24,The Roommate,Booth Theatre,95.48,257,4529,772,7,0
25,688360.15,69489.4,81.68,2.04,10/6/24,SIX: The Musical,Lena Horne Theatre,102.18,269,6737,1031,8,0
26,784145.7,-64896.58,96.96,-2.09,10/6/24,Stereophonic,John Golden Theatre,129.93,348,6035,778,8,0
27,679588.65,-68175.6,77.94,-7.65,10/6/24,Suffs,Music Box Theatre,112.01,278,6067,973,8,0
28,1075921.7,770988.2,93.44,-6.81,10/6/24,Sunset Boulevard,St. James Theatre,118.25,0,9099,1623,0,6
29,656033.5,32137.42,61.59,-0.88,10/6/24,Water For Elephants,Imperial Theatre,96.14,278,6824,1385,8,0
30,2046098.25,261340.75,99.58,7.71,10/6/24,Wicked,Gershwin Theatre,142.14,275,14395,1807,8,0
31,298725.4,-14386.8,88.14,-0.75,10/6/24,Yellow Face,Todd Haimes Theatre,58.2,334,5133,728,8,0
0,674654.6,29896.2,77.52,5.44,9/29/24,& Juliet,Stephen Sondheim Theatre,106.03,323,6363,1026,8,0
1,979199.6,1178.4,89.22,2.36,9/29/24,Aladdin,New Amsterdam Theatre,79.44,199.5,12326,1727,8,0
2,604386.91,51505.19,64.97,3.7,9/29/24,Back To The Future,Winter Garden Theatre,78.68,247,7682,1478,8,0
3,812659.68,56491.88,92.73,3.9,9/29/24,The Book of Mormon,Eugene O'Neill Theatre,102.76,0,7908,1066,8,0
4,989801.15,-43516.8,91.62,1.61,9/29/24,Cabaret,August Wilson Theatre,126.2,0,7843,1070,8,0
5,622170.43,16895.68,71.41,2.98,9/29/24,Chicago,Ambassador Theatre,100.84,267,6170,1080,8,0
6,990683.1,24351.04,85.73,2.92,9/29/24,The Great Gatsby,Broadway Theatre,97.27,277,10185,1485,8,0
7,623943.9,10422.45,94.51,1.36,9/29/24,Hadestown,Walter Kerr Theatre,89.89,0,6941,918,8,0
8,1570537.75,44721.5,90.53,-0.28,9/29/24,Hamilton,Richard Rodgers Theatre,163.79,299,9589,1324,8,0
9,902792.1,488.6,80.68,0.61,9/29/24,Harry Potter and the Cursed Child,Lyric Theatre,91.06,299,9914,1536,8,0
10,1154611.05,-136672.85,98.32,4.3,9/29/24,Hell's Kitchen,Sam S. Shubert Theatre,134.34,323,8595,1457,6,0
11,390469.5,-145057.5,87.51,12.45,9/29/24,The Hills of California,Broadhurst Theatre,54.25,327,7198,1175,1,6
12,274525.55,-12678.5,71.56,-1.5,9/29/24,JOB,Helen Hayes Theatre,82.54,241,3326,581,8,0
13,361708.7,0,78.78,0,9/29/24,Left on Tenth,James Earl Jones Theatre,107.78,267,3356,1065,0,4
14,1663907.55,-49420.75,96.1,0.31,9/29/24,The Lion King,Minskoff Theatre,127.61,227,13039,1696,8,0
15,1151402,-56018,100,0,9/29/24,McNeal,Vivian Beaumont Theater,150.22,349,7665,1095,0,7
16,1170577.8,19686.2,84.51,-1.82,9/29/24,MJ The Musical,Neil Simon Theatre,124.84,329,9377,1387,8,0
17,1083712.68,36498.75,96.29,0.94,9/29/24,Moulin Rouge! The Musical,Al Hirschfeld Theatre,108.22,0,10014,1300,8,0
18,530282.06,15736.52,77.68,2.86,9/29/24,The Notebook,Gerald Schoenfeld Theatre,83.91,247,6320,1017,8,0
19,1163957,2229,100,0,9/29/24,"Oh, Mary!",Lyceum Theatre,162.56,331,7160,895,8,0
20,727170,-18888,85.21,-3.12,9/29/24,Once Upon a Mattress,Hudson Theatre,110.19,299,6599,968,8,0
21,632063,41401,79.23,-5.66,9/29/24,Our Town,Ethel Barrymore Theatre,94.07,273,6719,1060,0,8
22,1337388.47,17261.97,101.98,1.28,9/29/24,The Outsiders,Bernard B. Jacobs Theatre,160.09,358,8354,1024,8,0
23,441257.5,0,103.53,0,9/29/24,Romeo and Juliet,Circle in the Square Theatre,178.94,574.5,2466,794,0,3
24,352794.7,-176142.56,89.4,4.65,9/29/24,The Roommate,Booth Theatre,102.23,257,3451,772,5,0
25,618870.75,-9011.5,79.64,2.36,9/29/24,SIX: The Musical,Lena Horne Theatre,94.21,269,6569,1031,8,0
26,849042.28,11601.28,99.05,0.21,9/29/24,Stereophonic,John Golden Theatre,137.72,348,6165,778,8,0
27,747764.25,37278.2,85.59,2.97,9/29/24,Suffs,Music Box Theatre,112.24,278,6662,973,8,0
28,304933.5,0,100.25,0,9/29/24,Sunset Boulevard,St. James Theatre,187.42,0,1627,1623,0,1
29,623896.08,69503.88,62.47,5.57,9/29/24,Water For Elephants,Imperial Theatre,90.13,278,6922,1385,8,0
30,1784757.5,147862.5,91.87,7.22,9/29/24,Wicked,Gershwin Theatre,134.38,275,13281,1807,8,0
31,313112.2,56582.2,88.89,-2.23,9/29/24,Yellow Face,Todd Haimes Theatre,60.48,262,5177,728,0,8
0,644758.4,-155556.6,72.08,-17.8,9/22/24,& Juliet,Stephen Sondheim Theatre,108.99,323,5916,1026,8,0
1,978021.2,-153390.1,86.86,-10.32,9/22/24,Aladdin,New Amsterdam Theatre,81.49,189.5,12001,1727,8,0
2,552881.72,-215257.72,61.27,-22.27,9/22/24,Back To The Future,Winter Garden Theatre,76.32,247,7244,1478,8,0
3,756167.8,-109268.87,88.83,-5.68,9/22/24,The Book of Mormon,Eugene O'Neill Theatre,99.82,0,7575,1066,8,0
4,1033317.95,-640719.1,90.01,-9.43,9/22/24,Cabaret,August Wilson Theatre,134.11,0,7705,1070,8,0
5,605274.75,-172646.39,68.43,-28.65,9/22/24,Chicago,Ambassador Theatre,102.38,267,5912,1080,8,0
6,966332.06,-141494.35,82.81,-12.52,9/22/24,The Great Gatsby,Broadway Theatre,98.22,277,9838,1485,8,0
7,613521.45,-155664,93.15,-5.12,9/22/24,Hadestown,Walter Kerr Theatre,89.68,0,6841,918,8,0
8,1525816.25,-100544.75,90.81,-7.03,9/22/24,Hamilton,Richard Rodgers Theatre,158.63,299,9619,1324,8,0
9,902303.5,-37502.4,80.07,-6.68,9/22/24,Harry Potter and the Cursed Child,Lyric Theatre,89.21,299,10114,1579,8,0
10,1291283.9,-237573.5,94.02,-5.52,9/22/24,Hell's Kitchen,Sam S. Shubert Theatre,117.83,323,10959,1457,8,0
11,535527,256289.5,75.06,-1.39,9/22/24,The Hills of California,Broadhurst Theatre,75.9,327,7056,1175,0,8
12,287204.05,-41633.7,73.06,-6.89,9/22/24,JOB,Helen Hayes Theatre,84.57,241,3396,581,8,0
13,1713328.3,-78573.55,95.79,-0.55,9/22/24,The Lion King,Minskoff Theatre,131.82,227,12997,1696,8,0
14,1207420,252796,100,0,9/22/24,McNeal,Vivian Beaumont Theater,157.52,349,7665,1095,0,7
15,1150891.6,-225347.4,86.33,-11.44,9/22/24,MJ The Musical,Neil Simon Theatre,120.15,329,9579,1387,8,0
16,1047213.93,-267656.68,95.35,-4.11,9/22/24,Moulin Rouge! The Musical,Al Hirschfeld Theatre,105.61,0,9916,1300,8,0
17,514545.54,-156282.06,74.82,-14.24,9/22/24,The Notebook,Gerald Schoenfeld Theatre,84.53,247,6087,1017,8,0
18,1161728,85020,100,0,9/22/24,"Oh, Mary!",Lyceum Theatre,162.25,329,7160,895,8,0
19,746058,-22880.8,88.33,-4.66,9/22/24,Once Upon a Mattress,Hudson Theatre,109.07,299,6840,968,8,0
20,590662,0,84.89,0,9/22/24,Our Town,Ethel Barrymore Theatre,93.77,248,6299,1060,0,7
21,1320126.5,56707.95,100.7,3.1,9/22/24,The Outsiders,Bernard B. Jacobs Theatre,160.03,358,8249,1024,8,0
22,528937.26,187378.74,84.75,-11.97,9/22/24,The Roommate,Booth Theatre,101.06,297,5234,772,8,0
23,627882.25,-136888,77.28,-13.21,9/22/24,SIX: The Musical,Lena Horne Theatre,98.51,269,6374,1031,8,0
24,837441,17852.1,98.84,-0.81,9/22/24,Stereophonic,John Golden Theatre,136.13,348,6152,778,8,0
25,710486.05,-87437.95,82.62,-9.9,9/22/24,Suffs,Music Box Theatre,110.48,278,6431,973,8,0
26,554392.2,-189363.25,56.9,-18.57,9/22/24,Water For Elephants,Imperial Theatre,87.94,278,6304,1385,8,0
27,1636895,-194598.5,84.65,-13.2,9/22/24,Wicked,Gershwin Theatre,133.77,275,12237,1807,8,0
28,256530,108115,91.12,-6.27,9/22/24,Yellow Face,Todd Haimes Theatre,56.17,277,4567,716,0,7
0,800315,82759.4,89.88,3.32,9/15/24,& Juliet,Stephen Sondheim Theatre,108.49,324,7377,1026,8,0
1,1131411.3,71829.4,97.18,5.7,9/15/24,Aladdin,New Amsterdam Theatre,84.26,189.5,13427,1727,8,0
2,768139.44,54524.66,83.54,6.16,9/15/24,Back To The Future,Winter Garden Theatre,77.76,247,9878,1478,8,0
3,865436.67,41377.13,94.51,2.94,9/15/24,The Book of Mormon,Eugene O'Neill Theatre,107.37,0,8060,1066,8,0
4,1674037.05,164969.35,99.44,3.77,9/15/24,Cabaret,August Wilson Theatre,196.67,0,8512,1070,8,0
5,777921.14,90335.01,97.08,10.1,9/15/24,Chicago,Ambassador Theatre,92.74,237,8388,1080,8,0
6,1107826.41,123876.81,95.33,8.18,9/15/24,The Great Gatsby,Broadway Theatre,97.82,277,11325,1485,8,0
7,769185.45,60202.7,98.27,2.15,9/15/24,Hadestown,Walter Kerr Theatre,106.58,0,7217,918,8,0
8,1626361,-19271,97.84,1.3,9/15/24,Hamilton,Richard Rodgers Theatre,156.94,399,10363,1324,8,0
9,939805.9,37161.6,86.75,2.64,9/15/24,Harry Potter and the Cursed Child,Lyric Theatre,85.76,299,10958,1579,8,0
10,1528857.4,135813.8,99.54,1.32,9/15/24,Hell's Kitchen,Sam S. Shubert Theatre,131.78,323,11602,1457,8,0
11,279237.5,0,76.45,0,9/15/24,The Hills of California,Broadhurst Theatre,77.72,327,3593,1175,0,4
12,328837.75,34091.6,79.95,5.38,9/15/24,JOB,Helen Hayes Theatre,88.49,241,3716,581,8,0
13,1791901.85,101462.3,96.34,2.83,9/15/24,The Lion King,Minskoff Theatre,137.09,277,13071,1696,8,0
14,954624,208394,100,0,9/15/24,McNeal,Vivian Beaumont Theater,174.36,349,5475,1095,0,5
15,1376239,248.25,97.77,2.38,9/15/24,MJ The Musical,Neil Simon Theatre,126.85,329,10849,1387,8,0
16,1314870.61,44008.31,99.46,0.84,9/15/24,Moulin Rouge! The Musical,Al Hirschfeld Theatre,127.11,0,10344,1300,8,0
17,670827.6,80236.6,89.06,6,9/15/24,The Notebook,Gerald Schoenfeld Theatre,92.58,278,7246,1017,8,0
18,1076708,-28926.5,100,0,9/15/24,"Oh, Mary!",Lyceum Theatre,150.38,329,7160,895,8,0
19,768938.8,44979,92.99,1.31,9/15/24,Once Upon a Mattress,Hudson Theatre,106.78,299,7201,968,8,0
20,1263418.55,-43973.36,97.6,-3.61,9/15/24,The Outsiders,Bernard B. Jacobs Theatre,158.03,358,7995,1024,8,0
21,341558.52,-122321.78,96.72,-3.48,9/15/24,The Roommate,Booth Theatre,76.24,297,4480,772,3,3
22,764770.25,37496.92,90.49,5.63,9/15/24,SIX: The Musical,Lena Horne Theatre,102.46,249,7464,1031,8,0
23,819588.9,18061,99.65,0.74,9/15/24,Stereophonic,John Golden Theatre,132.15,348,6202,778,8,0
24,797924,72170.81,92.52,4.43,9/15/24,Suffs,Music Box Theatre,110.79,278,7202,973,8,0
25,743755.45,7646.7,75.47,7.19,9/15/24,Water For Elephants,Imperial Theatre,88.94,278,8362,1385,8,0
26,1831493.5,76017,97.85,-1.2,9/15/24,Wicked,Gershwin Theatre,121.48,275,15076,1926,8,0
27,148415,0,97.39,0,9/15/24,Yellow Face,Todd Haimes Theatre,70.94,275,2092,716,0,3
0,717555.6,-204834.2,86.56,-12.25,9/8/24,& Juliet,Stephen Sondheim Theatre,100.99,323,7105,1026,8,0
1,1059581.9,-205977.5,91.48,-2.83,9/8/24,Aladdin,New Amsterdam Theatre,83.83,189.5,12639,1727,8,0
2,713614.78,-265509.82,77.38,-12.24,9/8/24,Back To The Future,Winter Garden Theatre,77.99,247,9150,1478,8,0
3,824059.54,-111509.58,91.57,-4.68,9/8/24,The Book of Mormon,Eugene O'Neill Theatre,105.53,0,7809,1066,8,0
4,1509067.7,48176.75,95.67,0.73,9/8/24,Cabaret,August Wilson Theatre,184.28,0,8189,1070,8,0
5,687586.13,-257501.12,86.98,-2.85,9/8/24,Chicago,Ambassador Theatre,91.5,237,7515,1080,8,0
6,983949.6,-190404.69,87.15,-5.38,9/8/24,The Great Gatsby,Broadway Theatre,95.03,277,10354,1485,8,0
7,708982.75,-91430.25,96.12,-4.08,9/8/24,Hadestown,Walter Kerr Theatre,100.44,0,7059,918,8,0
8,1645632,-212356,96.54,-0.01,9/8/24,Hamilton,Richard Rodgers Theatre,160.94,399,10225,1324,8,0
9,902644.3,-275086.4,84.11,1.24,9/8/24,Harry Potter and the Cursed Child,Lyric Theatre,84.95,299,10625,1579,8,0
10,1393043.6,-149534.63,98.22,-1.78,9/8/24,Hell's Kitchen,Sam S. Shubert Theatre,121.68,323,11448,1457,8,0
11,294746.15,8818.65,74.57,-10.05,9/8/24,JOB,Helen Hayes Theatre,85.04,241,3466,581,8,0
12,1690439.55,-275823.4,93.51,-3.45,9/8/24,The Lion King,Minskoff Theatre,133.24,277,12687,1696,8,0
13,746230,0,100,0,9/8/24,McNeal,Vivian Beaumont Theater,170.37,299,4380,1095,0,4
14,1375990.75,-68719.75,95.39,-0.57,9/8/24,MJ The Musical,Neil Simon Theatre,130.01,329,10584,1387,8,0
15,1270862.3,-4112.81,98.62,0.55,9/8/24,Moulin Rouge! The Musical,Al Hirschfeld Theatre,123.91,0,10256,1300,8,0
16,590591,-34919,83.06,-4.67,9/8/24,The Notebook,Gerald Schoenfeld Theatre,87.39,209,6758,1017,8,0
17,1105634.5,9791.5,100,0,9/8/24,"Oh, Mary!",Lyceum Theatre,154.42,329,7160,895,8,0
18,723959.8,-117360.8,91.68,-7.84,9/8/24,Once Upon a Mattress,Hudson Theatre,101.97,299,7100,968,8,0
19,1307391.91,-218041.7,101.21,-1.24,9/8/24,The Outsiders,Bernard B. Jacobs Theatre,157.69,358,8291,1024,8,0
20,463880.3,148007.8,100.2,-0.97,9/8/24,The Roommate,Booth Theatre,85.67,297,5415,772,0,7
21,727273.33,-125077.97,84.86,-6.28,9/8/24,SIX: The Musical,Lena Horne Theatre,103.91,249,6999,1031,8,0
22,801527.9,-119715.2,98.91,-1.09,9/8/24,Stereophonic,John Golden Theatre,130.2,348,6156,778,8,0
23,725753.19,-58983.21,88.09,-4.33,9/8/24,Suffs,Music Box Theatre,105.84,278,6857,973,8,0
24,736108.75,-217544.3,68.28,-17.64,9/8/24,Water For Elephants,Imperial Theatre,97.3,278,7565,1385,8,0
25,1755476.5,-426403.5,99.05,2.11,9/8/24,Wicked,Gershwin Theatre,118.69,275,14790,1867,8,0
0,922389.8,101423.4,98.81,4.51,9/1/24,& Juliet,Stephen Sondheim Theatre,113.73,324,8110,1026,8,0
1,1265559.4,87151.4,94.31,1.81,9/1/24,Aladdin,New Amsterdam Theatre,97.13,199.5,13030,1727,8,0
2,979124.6,119281.9,89.62,8.22,9/1/24,Back To The Future,Winter Garden Theatre,92.4,223,10597,1478,8,0
3,935569.12,185639.42,96.25,6.28,9/1/24,The Book of Mormon,Eugene O'Neill Theatre,113.98,0,8208,1066,8,0
4,1460890.95,1385.45,94.94,-3,9/1/24,Cabaret,August Wilson Theatre,179.76,0,8127,1070,8,0
5,945087.25,82455,89.83,6.36,9/1/24,Chicago,Ambassador Theatre,121.77,267,7761,1080,8,0
6,1174354.29,91226.79,92.53,1.13,9/1/24,The Great Gatsby,Broadway Theatre,106.83,277,10993,1485,8,0
7,800413,38640.85,100.2,0.76,9/1/24,Hadestown,Walter Kerr Theatre,108.77,0,7359,918,8,0
8,1857988,217593.75,96.55,6.3,9/1/24,Hamilton,Richard Rodgers Theatre,181.67,399,10227,1324,8,0
9,1177730.7,131628.5,82.87,6.58,9/1/24,Harry Potter and the Cursed Child,Lyric Theatre,109.53,299,10753,1622,8,0
10,1542578.23,172364.17,100,2.26,9/1/24,Hell's Kitchen,Sam S. Shubert Theatre,132.34,323,11656,1457,8,0
11,285927.5,20003.8,84.62,4.82,9/1/24,JOB,Helen Hayes Theatre,72.7,238,3933,581,8,0
12,1966262.95,62086.05,96.96,3.98,9/1/24,The Lion King,Minskoff Theatre,149.46,277,13156,1696,8,0
13,1444710.5,243917.5,95.96,10.31,9/1/24,MJ The Musical,Neil Simon Theatre,135.68,329,10648,1387,8,0
14,1274975.11,81671.61,98.07,0.69,9/1/24,Moulin Rouge! The Musical,Al Hirschfeld Theatre,125.01,0,10199,1300,8,0
15,625510,95128.5,87.73,12.37,9/1/24,The Notebook,Gerald Schoenfeld Theatre,87.63,209,7138,1017,8,0
16,1095843,13471,100,0,9/1/24,"Oh, Mary!",Lyceum Theatre,153.05,329,7160,895,8,0
17,841320.6,26179.6,99.52,0.41,9/1/24,Once Upon a Mattress,Hudson Theatre,109.16,299,7707,968,8,0
18,1525433.61,97155.09,102.45,0.09,9/1/24,The Outsiders,Bernard B. Jacobs Theatre,181.75,348,8393,1024,8,0
19,315872.5,0,101.17,0,9/1/24,The Roommate,Booth Theatre,101.11,297,3124,772,0,4
20,852351.3,83188.72,91.14,1.92,9/1/24,SIX: The Musical,Lena Horne Theatre,113.39,249,7517,1031,8,0
21,921243.1,107863.44,100,0,9/1/24,Stereophonic,John Golden Theatre,148.01,348,6224,778,8,0
22,784736.4,56125.12,92.42,3.89,9/1/24,Suffs,Music Box Theatre,109.08,278,7194,973,8,0
23,953653.05,152576.8,85.92,10.16,9/1/24,Water For Elephants,Imperial Theatre,100.17,278,9520,1385,8,0
24,2181880,203776,96.94,-1.77,9/1/24,Wicked,Gershwin Theatre,146.08,275,14936,1926,8,0
0,820966.4,-30249.8,94.3,-2.48,8/25/24,& Juliet,Stephen Sondheim Theatre,106.07,323,7740,1026,8,0
1,1178408,-176876.3,92.5,-3.55,8/25/24,Aladdin,New Amsterdam Theatre,92.21,189.5,12780,1727,8,0
2,859842.7,-46166.65,81.4,1.51,8/25/24,Back To The Future,Winter Garden Theatre,89.33,223,9625,1478,8,0
3,749929.7,-80931.86,89.97,-4,8/25/24,The Book of Mormon,Eugene O'Neill Theatre,97.74,0,7673,1066,8,0
4,1459505.5,-61220.05,97.94,0.38,8/25/24,Cabaret,August Wilson Theatre,174.08,0,8384,1070,8,0
5,862632.25,24118.9,83.47,2.56,8/25/24,Chicago,Ambassador Theatre,119.61,267,7212,1080,8,0
6,1083127.5,-27829.1,91.4,-3.48,8/25/24,The Great Gatsby,Broadway Theatre,99.75,277,10858,1485,8,0
7,761772.15,-3359.4,99.44,-0.78,8/25/24,Hadestown,Walter Kerr Theatre,104.31,0,7303,918,8,0
8,1640394.25,-137895.5,90.25,-3.24,8/25/24,Hamilton,Richard Rodgers Theatre,171.61,399,9559,1324,8,0
9,1046102.2,-73423.7,76.29,-3.06,8/25/24,Harry Potter and the Cursed Child,Lyric Theatre,105.67,299,9900,1622,8,0
10,1370214.06,-57880.22,97.74,-0.96,8/25/24,Hell's Kitchen,Sam S. Shubert Theatre,120.27,323,11393,1457,8,0
11,265923.7,-15987.6,79.8,4.91,8/25/24,JOB,Helen Hayes Theatre,71.7,238,3709,581,8,0
12,1904176.9,-203452.8,92.98,-3.32,8/25/24,The Lion King,Minskoff Theatre,150.93,277,12616,1696,8,0
13,1200793,-106686.75,85.65,-2.37,8/25/24,MJ The Musical,Neil Simon Theatre,126.35,329,9504,1387,8,0
14,1193303.5,-27474.6,97.38,-1.08,8/25/24,Moulin Rouge! The Musical,Al Hirschfeld Theatre,117.83,0,10127,1300,8,0
15,530381.5,-14520,75.36,0.5,8/25/24,The Notebook,Gerald Schoenfeld Theatre,86.51,209,6131,1017,8,0
16,1082372,25578,100,0,8/25/24,"Oh, Mary!",Lyceum Theatre,151.17,329,7160,895,8,0
17,815141,146609.2,99.11,-0.89,8/25/24,Once Upon a Mattress,Hudson Theatre,106.21,299,7675,968,8,0
18,1428278.52,-24108.73,102.36,0.19,8/25/24,The Outsiders,Bernard B. Jacobs Theatre,170.34,348,8385,1024,8,0
19,769162.58,23146.81,89.22,3.1,8/25/24,SIX: The Musical,Lena Horne Theatre,104.52,249,7359,1031,8,0
20,813379.66,-36385.34,100,0.34,8/25/24,Stereophonic,John Golden Theatre,130.68,348,6224,778,8,0
21,728611.28,15203.53,88.53,4.1,8/25/24,Suffs,Music Box Theatre,105.73,278,6891,973,8,0
22,801076.25,49690.57,75.76,-0.19,8/25/24,Water For Elephants,Imperial Theatre,95.43,278,8394,1385,8,0
23,1978104,-3274,98.71,2.42,8/25/24,Wicked,Gershwin Theatre,134.2,275,14740,1867,8,0
0,851216.2,-55352.5,96.78,0.24,8/18/24,& Juliet,Stephen Sondheim Theatre,107.15,323,7944,1026,8,0
1,1355284.3,-239235.9,96.05,-0.95,8/18/24,Aladdin,New Amsterdam Theatre,102.13,199.5,13270,1727,8,0
2,906009.35,-99466.73,79.89,-3.97,8/18/24,Back To The Future,Winter Garden Theatre,95.91,223,9446,1478,8,0
3,830861.56,-57569.58,93.97,-2.47,8/18/24,The Book of Mormon,Eugene O'Neill Theatre,103.68,0,8014,1066,8,0
4,1520725.55,16522.5,97.56,0.2,8/18/24,Cabaret,August Wilson Theatre,182.1,0,8351,1070,8,0
5,838513.35,-8727.25,80.91,-0.41,8/18/24,Chicago,Ambassador Theatre,119.94,267,6991,1080,8,0
6,1110956.6,-142848.66,94.88,-4.07,8/18/24,The Great Gatsby,Broadway Theatre,98.56,277,11272,1485,8,0
7,765131.55,-44730,100.22,-0.54,8/18/24,Hadestown,Walter Kerr Theatre,103.96,0,7360,918,8,0
8,1778289.75,-179581.25,93.49,-5.41,8/18/24,Hamilton,Richard Rodgers Theatre,179.59,399,9902,1324,8,0
9,1119525.9,-198342.2,79.35,-12.71,8/18/24,Harry Potter and the Cursed Child,Lyric Theatre,108.72,299,10297,1622,8,0
10,1428094.28,-116628.81,98.7,-0.89,8/18/24,Hell's Kitchen,Sam S. Shubert Theatre,124.14,323,11504,1457,8,0
11,281911.3,-16560.85,74.89,-7.79,8/18/24,JOB,Helen Hayes Theatre,80.99,238,3481,581,8,0
12,2107629.7,-28747.4,96.3,-3.09,8/18/24,The Lion King,Minskoff Theatre,161.31,277,13066,1696,8,0
13,1307479.75,-16860.25,88.02,-0.41,8/18/24,MJ The Musical,Neil Simon Theatre,133.87,329,9767,1387,8,0
14,1220778.1,4484.85,98.46,0.11,8/18/24,Moulin Rouge! The Musical,Al Hirschfeld Theatre,119.22,0,10240,1300,8,0
15,544901.5,-32058.32,74.86,-6.04,8/18/24,The Notebook,Gerald Schoenfeld Theatre,89.46,209,6091,1017,8,0
16,1056794,12698.96,100,0,8/18/24,"Oh, Mary!",Lyceum Theatre,147.6,329,7160,895,8,0
17,668531.8,-28463.6,100,1.05,8/18/24,Once Upon a Mattress,Hudson Theatre,86.33,299,7744,968,8,0
18,1452387.25,-34535.3,102.17,0.01,8/18/24,The Outsiders,Bernard B. Jacobs Theatre,173.52,328,8370,1024,8,0
19,746015.77,-115149.64,86.12,-7.65,8/18/24,SIX: The Musical,Lena Horne Theatre,105.03,249,7103,1031,8,0
20,849765,-97675,99.66,-0.34,8/18/24,Stereophonic,John Golden Theatre,136.99,377,6203,778,8,0
21,713407.75,6522.96,84.43,0.75,8/18/24,Suffs,Music Box Theatre,108.55,278,6572,973,8,0
22,751385.68,-13101.18,75.95,0.28,8/18/24,Water For Elephants,Imperial Theatre,89.29,278,8415,1385,8,0
23,1981378,-245473,96.29,-2.35,8/18/24,Wicked,Gershwin Theatre,142.35,275,13919,1807,8,0
24,1945288,261848.75,100.8,0.6,8/18/24,The Wiz,Marquis Theatre,150.77,399,12902,1600,8,0
0,906568.7,-28764.2,96.54,-1.27,8/11/24,& Juliet,Stephen Sondheim Theatre,114.41,323,7924,1026,8,0
1,1594520.2,47277.3,97,1.15,8/11/24,Aladdin,New Amsterdam Theatre,118.98,215.5,13402,1727,8,0
2,1005476.08,-86294.22,83.86,-4.54,8/11/24,Back To The Future,Winter Garden Theatre,101.4,223,9916,1478,8,0
3,888431.14,-17238.7,96.44,-1.36,8/11/24,The Book of Mormon,Eugene O'Neill Theatre,108.03,0,8224,1066,8,0
4,1504203.05,-4729.95,97.36,0.89,8/11/24,Cabaret,August Wilson Theatre,180.49,0,8334,1070,8,0
5,847240.6,26632.7,81.32,-1.52,8/11/24,Chicago,Ambassador Theatre,120.59,267,7026,1080,8,0
6,1253805.26,-25766.44,98.95,0.49,8/11/24,The Great Gatsby,Broadway Theatre,106.66,277,11755,1485,8,0
7,809861.55,1746.3,100.76,0.54,8/11/24,Hadestown,Walter Kerr Theatre,109.44,0,7400,918,8,0
8,1957871,3125,98.9,-0.18,8/11/24,Hamilton,Richard Rodgers Theatre,186.91,399,10475,1324,8,0
9,1317868.1,-46017.1,92.06,-0.58,8/11/24,Harry Potter and the Cursed Child,Lyric Theatre,110.32,299,11946,1622,8,0
10,1544723.09,-60092.35,99.59,-0.26,8/11/24,Hell's Kitchen,Sam S. Shubert Theatre,133.07,323,11608,1457,8,0
11,1167158.55,289082.25,98.54,8.11,8/11/24,Illinoise,St. James Theatre,110.74,0,10540,1337,8,0
12,298472.15,31189.15,82.68,-6.09,8/11/24,JOB,Helen Hayes Theatre,77.67,238,3843,581,8,0
13,2136377.1,-243073.2,99.39,-0.04,8/11/24,The Lion King,Minskoff Theatre,158.43,277,13485,1696,8,0
14,1324340,-29568.5,88.43,-1.36,8/11/24,MJ The Musical,Neil Simon Theatre,134.97,329,9812,1387,8,0
15,1216293.25,23458.66,98.35,0.44,8/11/24,Moulin Rouge! The Musical,Al Hirschfeld Theatre,118.92,0,10228,1300,8,0
16,576959.82,-56005.18,80.9,-5.58,8/11/24,The Notebook,Gerald Schoenfeld Theatre,87.66,209,6582,1017,8,0
17,1044095.04,-4077.96,100,0,8/11/24,"Oh, Mary!",Lyceum Theatre,145.82,329,7160,895,8,0
18,696995.4,167113.4,98.95,-1.05,8/11/24,Once Upon a Mattress,Hudson Theatre,90.96,299,7663,968,0,8
19,1486922.55,-1375.91,102.16,-0.33,8/11/24,The Outsiders,Bernard B. Jacobs Theatre,177.67,328,8369,1024,8,0
20,861165.41,5524.36,93.77,2.97,8/11/24,SIX: The Musical,Lena Horne Theatre,111.35,249,7734,1031,8,0
21,947440,-29531.9,100,0,8/11/24,Stereophonic,John Golden Theatre,152.22,377,6224,778,8,0
22,706884.79,-63368.7,83.68,-6.8,8/11/24,Suffs,Music Box Theatre,108.52,278,6514,973,8,0
23,764486.86,-61253.8,75.67,-4.12,8/11/24,Water For Elephants,Imperial Theatre,91.18,278,8384,1385,8,0
24,2226851,34857,98.64,1.11,8/11/24,Wicked,Gershwin Theatre,146.52,275,15198,1926,8,0
25,1683439.25,372437.9,100.2,0.68,8/11/24,The Wiz,Marquis Theatre,131.25,399,12826,1600,8,0
0,935332.9,-39029.1,97.81,1.98,8/4/24,& Juliet,Stephen Sondheim Theatre,116.51,323,8028,1026,8,0
1,1547242.9,-102576.2,95.85,-2.1,8/4/24,Aladdin,New Amsterdam Theatre,116.83,215.5,13243,1727,8,0
2,1091770.3,-66664.45,88.4,-2.03,8/4/24,Back To The Future,Winter Garden Theatre,104.46,223,10452,1478,8,0
3,905669.84,-27554.14,97.8,-0.1,8/4/24,The Book of Mormon,Eugene O'Neill Theatre,108.59,0,8340,1066,8,0
4,1508933,-96362.2,96.47,-2.65,8/4/24,Cabaret,August Wilson Theatre,182.72,0,8258,1070,8,0
5,820607.9,183066.15,82.84,7.84,8/4/24,Chicago,Ambassador Theatre,114.66,267,7157,1080,8,0
6,1279571.7,13678.64,98.46,-0.88,8/4/24,The Great Gatsby,Broadway Theatre,109.39,277,11697,1485,8,0
7,808115.25,-15548.9,100.22,0.07,8/4/24,Hadestown,Walter Kerr Theatre,109.8,0,7360,918,8,0
8,1954746,-66803,99.08,-1.75,8/4/24,Hamilton,Richard Rodgers Theatre,186.25,399,10495,1324,8,0
9,1363885.2,-16925.4,92.64,-0.71,8/4/24,Harry Potter and the Cursed Child,Lyric Theatre,113.46,299,12021,1622,8,0
10,1604815.44,-60711.38,99.85,-0.58,8/4/24,Hell's Kitchen,Sam S. Shubert Theatre,137.89,323,11638,1457,8,0
11,878076.3,97254.69,90.43,0.59,8/4/24,Illinoise,St. James Theatre,90.79,0,9672,1337,8,0
12,267283,-52339.7,88.77,-6.32,8/4/24,JOB,Helen Hayes Theatre,64.78,238,4126,581,7,1
13,2379450.3,-250395.4,99.43,3.18,8/4/24,The Lion King,Minskoff Theatre,176.37,277,13491,1696,8,0
14,1353908.5,-80421.5,89.79,-3.08,8/4/24,MJ The Musical,Neil Simon Theatre,135.89,329,9963,1387,8,0
15,1192834.59,-175233.08,97.91,-2.19,8/4/24,Moulin Rouge! The Musical,Al Hirschfeld Theatre,117.14,0,10183,1300,8,0
16,632965,-61395.5,86.48,-6.5,8/4/24,The Notebook,Gerald Schoenfeld Theatre,89.96,209,7036,1017,8,0
17,1048173,-4709,100,0,8/4/24,"Oh, Mary!",Lyceum Theatre,146.39,329,7160,895,8,0
18,529882,0,100,0,8/4/24,Once Upon a Mattress,Hudson Theatre,109.48,299,4840,968,0,5
19,1488298.46,26992.84,102.49,0.01,8/4/24,The Outsiders,Bernard B. Jacobs Theatre,177.26,328,8396,1024,8,0
20,855641.05,-114072.9,90.8,-6.62,8/4/24,SIX: The Musical,Lena Horne Theatre,114.25,249,7489,1031,8,0
21,976971.9,-20813.75,100,0,8/4/24,Stereophonic,John Golden Theatre,156.97,377,6224,778,8,0
22,770253.49,-85495.72,90.48,-4.77,8/4/24,Suffs,Music Box Theatre,109.36,278,7043,973,8,0
23,825740.66,-107794.34,79.79,-1.45,8/4/24,Water For Elephants,Imperial Theatre,93.4,278,8841,1385,8,0
24,2191994,-74375,97.53,-2.04,8/4/24,Wicked,Gershwin Theatre,145.87,275,15027,1926,8,0
25,1311001.35,-96249.3,99.52,0.54,8/4/24,The Wiz,Marquis Theatre,117.62,399,11146,1600,7,0
0,974362,40372.1,95.83,5.71,7/28/24,& Juliet,Stephen Sondheim Theatre,123.87,323,7866,1026,8,0
1,1649819.1,123059,97.95,2.48,7/28/24,Aladdin,New Amsterdam Theatre,121.91,199.5,13533,1727,8,0
2,1158434.75,47598.15,90.43,2.34,7/28/24,Back To The Future,Winter Garden Theatre,108.34,223,10693,1478,8,0
3,933223.98,30898.46,97.9,-0.17,7/28/24,The Book of Mormon,Eugene O'Neill Theatre,111.78,0,8349,1066,8,0
4,1605295.2,-11014.71,99.12,1.57,7/28/24,Cabaret,August Wilson Theatre,189.19,0,8485,1070,8,0
5,637541.75,12380.8,75,2.04,7/28/24,Chicago,Ambassador Theatre,98.39,237,6480,1080,8,0
6,1265893.06,2383.04,99.34,1.58,7/28/24,The Great Gatsby,Broadway Theatre,107.27,277,11801,1485,8,0
7,823664.15,-22292.7,100.15,-0.68,7/28/24,Hadestown,Walter Kerr Theatre,111.99,0,7355,918,8,0
8,2021549,34547,100.83,-0.49,7/28/24,Hamilton,Richard Rodgers Theatre,189.28,399,10680,1324,8,0
9,1380810.6,40432.95,93.35,3.05,7/28/24,Harry Potter and the Cursed Child,Lyric Theatre,113.99,299,12113,1622,8,0
10,1665526.82,-22020.35,100.43,-0.3,7/28/24,Hell's Kitchen,Sam S. Shubert Theatre,142.28,323,11706,1457,8,0
11,780821.61,-15138.05,89.84,3.44,7/28/24,Illinoise,St. James Theatre,81.26,0,9609,1337,8,0
12,319622.7,-45.4,95.09,-4.91,7/28/24,JOB,Helen Hayes Theatre,72.31,238,4420,581,0,8
13,2629845.7,274635.2,96.25,-1.13,7/28/24,The Lion King,Minskoff Theatre,179.01,277,14691,1696,9,0
14,1434330,-36870,92.87,-0.63,7/28/24,MJ The Musical,Neil Simon Theatre,139.19,329,10305,1387,8,0
15,1368067.67,310007.39,100.1,3.62,7/28/24,Moulin Rouge! The Musical,Al Hirschfeld Theatre,131.42,0,10410,1300,8,0
16,694360.5,8744.5,92.98,3.6,7/28/24,The Notebook,Gerald Schoenfeld Theatre,91.79,209,7565,1017,8,0
17,1052882,-2116,100,0,7/28/24,"Oh, Mary!",Lyceum Theatre,147.05,329,7160,895,8,0
18,1461305.62,29189.92,102.48,0.15,7/28/24,The Outsiders,Bernard B. Jacobs Theatre,174.07,328,8395,1024,8,0
19,969713.95,40504.25,97.42,2.25,7/28/24,SIX: The Musical,Lena Horne Theatre,120.69,249,8035,1031,8,0
20,997785.65,5194.55,100,0,7/28/24,Stereophonic,John Golden Theatre,160.31,397,6224,778,8,0
21,855749.21,18190.46,95.25,1.8,7/28/24,Suffs,Music Box Theatre,115.42,278,7414,973,8,0
22,933535,-31874.59,81.24,-2.97,7/28/24,Water For Elephants,Imperial Theatre,103.71,278,9001,1385,8,0
23,2266369,108006,99.57,0.17,7/28/24,Wicked,Gershwin Theatre,147.72,275,15342,1926,8,0
24,1407250.65,51721,98.98,1.84,7/28/24,The Wiz,Marquis Theatre,111.08,399,12669,1600,8,0
0,933989.9,42667,90.12,-2.52,7/21/24,& Juliet,Stephen Sondheim Theatre,126.27,323,7397,1026,8,0
1,1526760.1,8904.6,95.47,-1.19,7/21/24,Aladdin,New Amsterdam Theatre,115.75,215.5,13190,1727,8,0
2,1110836.6,60988.12,88.09,-0.04,7/21/24,Back To The Future,Winter Garden Theatre,106.65,223,10416,1478,8,0
3,902325.52,-7171.14,98.07,-0.46,7/21/24,The Book of Mormon,Eugene O'Neill Theatre,107.89,0,8363,1066,8,0
4,1616309.91,6752.71,97.55,2.21,7/21/24,Cabaret,August Wilson Theatre,193.57,0,8350,1070,8,0
5,625160.95,-95968.25,72.96,-1.58,7/21/24,Chicago,Ambassador Theatre,99.17,237,6304,1080,8,0
6,1263510.02,26427.42,97.76,-0.14,7/21/24,The Great Gatsby,Broadway Theatre,108.79,277,11614,1485,8,0
7,845956.85,20887.3,100.83,0.68,7/21/24,Hadestown,Walter Kerr Theatre,114.24,0,7405,918,8,0
8,1987002,64694,101.32,0.73,7/21/24,Hamilton,Richard Rodgers Theatre,185.15,399,10732,1324,8,0
9,1340377.65,32784.65,90.3,2.16,7/21/24,Harry Potter and the Cursed Child,Lyric Theatre,114.4,299,11717,1622,8,0
10,1687547.17,221.39,100.73,0.3,7/21/24,Hell's Kitchen,Sam S. Shubert Theatre,143.73,323,11741,1457,8,0
11,133130.4,-469.3,96.72,2.3,7/21/24,Home,Todd Haimes Theatre,26.57,0,5010,740,7,0
12,795959.66,50439.71,86.4,5.36,7/21/24,Illinoise,St. James Theatre,86.13,0,9241,1337,8,0
13,319668.1,0,100,0,7/21/24,JOB,Helen Hayes Theatre,68.78,238,4648,581,0,8
14,2355210.5,-127849.6,97.38,1.91,7/21/24,The Lion King,Minskoff Theatre,178.26,277,13212,1696,8,0
15,1471200,102319,93.5,2.95,7/21/24,MJ The Musical,Neil Simon Theatre,141.8,329,10375,1387,8,0
16,1058060.28,91653.19,96.48,2.69,7/21/24,Moulin Rouge! The Musical,Al Hirschfeld Theatre,105.45,0,10034,1300,8,0
17,685616,12790.92,89.38,-3.18,7/21/24,The Notebook,Gerald Schoenfeld Theatre,94.28,209,7272,1017,8,0
18,1054998,387855,100,0,7/21/24,"Oh, Mary!",Lyceum Theatre,147.35,329,7160,895,8,0
19,1432115.7,41882.31,102.33,0.12,7/21/24,The Outsiders,Bernard B. Jacobs Theatre,170.84,328,8383,1024,8,0
20,929209.7,44578.2,95.17,-0.07,7/21/24,SIX: The Musical,Lena Horne Theatre,118.37,249,7850,1031,8,0
21,992591.1,8746,100,0,7/21/24,Stereophonic,John Golden Theatre,159.48,397,6224,778,8,0
22,837558.75,11462.05,93.45,-1.31,7/21/24,Suffs,Music Box Theatre,115.14,278,7274,973,8,0
23,965409.59,36979.59,84.21,-0.73,7/21/24,Water For Elephants,Imperial Theatre,103.47,278,9330,1385,8,0
24,1039502.11,266610.23,97.68,11.63,7/21/24,The Who's Tommy,Nederlander Theatre,113.21,299,9182,1175,8,0
25,2158363,55091,99.4,1.76,7/21/24,Wicked,Gershwin Theatre,145.41,275,14843,1867,8,0
26,1355529.65,115363.45,97.14,5.12,7/21/24,The Wiz,Marquis Theatre,109.02,399,12434,1600,8,0
0,891322.9,47180,92.64,-1.59,7/14/24,& Juliet,Stephen Sondheim Theatre,117.22,323,7604,1026,8,0
1,1517855.5,-39652.5,96.66,0.25,7/14/24,Aladdin,New Amsterdam Theatre,113.66,199.5,13354,1727,8,0
2,1049848.48,-45687.85,88.13,-8.08,7/14/24,Back To The Future,Winter Garden Theatre,100.75,247,10420,1478,8,0
3,909496.66,-2345.54,98.53,0.61,7/14/24,The Book of Mormon,Eugene O'Neill Theatre,108.23,0,8403,1066,8,0
4,1609557.2,43081.65,95.34,-3.48,7/14/24,Cabaret,August Wilson Theatre,197.23,0,8161,1070,8,0
5,721129.2,-101386.13,74.54,-7.34,7/14/24,Chicago,Ambassador Theatre,111.98,247,6440,1080,8,0
6,1237082.6,107808.43,97.9,-0.01,7/14/24,The Great Gatsby,Broadway Theatre,106.37,277,11630,1485,8,0
7,825069.55,21841.05,100.15,-0.16,7/14/24,Hadestown,Walter Kerr Theatre,112.18,0,7355,918,8,0
8,1922308,-3832,100.59,-0.52,7/14/24,Hamilton,Richard Rodgers Theatre,180.43,399,10654,1324,8,0
9,1307593,-96302.8,88.14,-5.46,7/14/24,Harry Potter and the Cursed Child,Lyric Theatre,114.33,299,11437,1622,8,0
10,1687325.78,160474.05,100.43,0.13,7/14/24,Hell's Kitchen,Sam S. Shubert Theatre,144.14,323,11706,1457,8,0
11,133599.7,62462.1,94.42,0.94,7/14/24,Home,Todd Haimes Theatre,27.32,0,4891,740,7,0
12,745519.95,46304.87,81.04,-11.07,7/14/24,Illinoise,St. James Theatre,86.01,0,8668,1337,8,0
13,2483060.1,19656.7,95.47,-2.67,7/14/24,The Lion King,Minskoff Theatre,170.4,277,14572,1696,9,0
14,1368881,75901.75,90.55,-0.82,7/14/24,MJ The Musical,Neil Simon Theatre,136.25,329,10047,1387,8,0
15,966407.09,14417.64,93.79,-3.07,7/14/24,Moulin Rouge! The Musical,Al Hirschfeld Theatre,99.08,0,9754,1300,8,0
16,672825.08,26976.4,92.56,-3.26,7/14/24,The Notebook,Gerald Schoenfeld Theatre,89.34,209,7531,1017,8,0
17,667143,-9070,100,0,7/14/24,"Oh, Mary!",Lyceum Theatre,106.49,298,6265,895,4,3
18,1390233.39,14561.59,102.21,-0.19,7/14/24,The Outsiders,Bernard B. Jacobs Theatre,166.04,328,8373,1024,8,0
19,884631.5,-18816,95.24,-1.94,7/14/24,SIX: The Musical,Lena Horne Theatre,112.62,249,7855,1031,8,0
20,983845.1,13583.95,100,0,7/14/24,Stereophonic,John Golden Theatre,158.07,397,6224,778,8,0
21,826096.7,124624.74,94.76,1.53,7/14/24,Suffs,Music Box Theatre,112,278,7376,973,8,0
22,928430,67101.5,84.94,-9.65,7/14/24,Water For Elephants,Imperial Theatre,98.65,278,9411,1385,8,0
23,772891.88,154650.08,86.05,10.65,7/14/24,The Who's Tommy,Nederlander Theatre,95.55,299,8089,1175,8,0
24,2103272,-84556,97.64,-0.06,7/14/24,Wicked,Gershwin Theatre,144.27,275,14579,1867,8,0
25,1240166.2,81745.3,92.02,-3.04,7/14/24,The Wiz,Marquis Theatre,105.29,399,11779,1600,8,0
0,844142.9,-105533.9,94.23,-0.96,7/7/24,& Juliet,Stephen Sondheim Theatre,109.15,323,7734,1026,8,0
1,1557508,158880.5,96.41,2.35,7/7/24,Aladdin,New Amsterdam Theatre,116.93,215.5,13320,1727,8,0
2,1095536.33,38062.08,96.21,6.65,7/7/24,Back To The Future,Winter Garden Theatre,96.3,247,11376,1478,8,0
3,911842.2,8256.39,97.92,0.32,7/7/24,The Book of Mormon,Eugene O'Neill Theatre,109.19,0,8351,1066,8,0
4,1566475.55,-244431.93,98.82,0.37,7/7/24,Cabaret,August Wilson Theatre,185.18,0,8459,1070,8,0
5,822515.33,-15491.52,81.88,-1.85,7/7/24,Chicago,Ambassador Theatre,116.27,247,7074,1080,8,0
6,1129274.17,-142438.28,97.91,-0.15,7/7/24,The Great Gatsby,Broadway Theatre,97.08,277,11632,1485,8,0
7,803228.5,-165439.7,100.31,-0.14,7/7/24,Hadestown,Walter Kerr Theatre,109.03,0,7367,918,8,0
8,1926140,-28864,101.11,0.08,7/7/24,Hamilton,Richard Rodgers Theatre,179.85,399,10710,1324,8,0
9,1403895.8,146282.9,93.6,6.73,7/7/24,Harry Potter and the Cursed Child,Lyric Theatre,115.59,299,12145,1622,8,0
10,1526851.73,-22620.06,100.3,-0.26,7/7/24,Hell's Kitchen,Sam S. Shubert Theatre,130.6,323,11691,1457,8,0
11,71137.6,-44625.4,93.48,13.07,7/7/24,Home,Todd Haimes Theatre,25.71,248,2767,740,4,0
12,699215.08,-19938.81,92.11,5.94,7/7/24,Illinoise,St. James Theatre,81.11,0,8621,1337,7,0
13,2463403.4,199810.7,98.14,1.13,7/7/24,The Lion King,Minskoff Theatre,185.01,277,13315,1696,8,0
14,2766127,444320,100,0,7/7/24,Merrily We Roll Along,Hudson Theatre,357.94,949,7728,966,8,0
15,1292979.25,-43075.5,91.37,3.86,7/7/24,MJ The Musical,Neil Simon Theatre,127.54,329,10138,1387,8,0
16,951989.45,-53151.54,96.86,0.33,7/7/24,Moulin Rouge! The Musical,Al Hirschfeld Theatre,94.51,0,10073,1300,8,0
17,645848.68,-80543.02,95.82,4.02,7/7/24,The Notebook,Gerald Schoenfeld Theatre,82.84,209,7796,1017,8,0
18,676213,255565,100,4.19,7/7/24,"Oh, Mary!",Lyceum Theatre,125.92,298,5370,895,0,6
19,1375671.8,37116.1,102.4,-0.07,7/7/24,The Outsiders,Bernard B. Jacobs Theatre,163.99,328,8389,1024,8,0
20,903447.5,-11811.33,97.18,0.59,7/7/24,SIX: The Musical,Lena Horne Theatre,112.72,249,8015,1031,8,0
21,970261.15,-23597.55,100,0.67,7/7/24,Stereophonic,John Golden Theatre,155.89,347,6224,778,8,0
22,701471.96,-169766.35,93.23,-4.97,7/7/24,Suffs,Music Box Theatre,96.66,278,7257,973,8,0
23,861328.5,-107924.15,94.59,17.86,7/7/24,Water For Elephants,Imperial Theatre,82.18,278,10481,1385,8,0
24,618241.8,-36363.91,75.4,4.55,7/7/24,The Who's Tommy,Nederlander Theatre,87.22,299,7088,1175,8,0
25,2187828,44272,97.7,0.15,7/7/24,Wicked,Gershwin Theatre,145.34,275,15053,1926,8,0
26,1158420.9,-154847.95,95.06,2.95,7/7/24,The Wiz,Marquis Theatre,95.2,399,12168,1600,8,0
0,949676.8,-88601.5,95.19,1.51,6/30/24,& Juliet,Stephen Sondheim Theatre,121.55,323,7813,1026,8,0
1,1398627.5,-32492.9,94.06,-0.1,6/30/24,Aladdin,New Amsterdam Theatre,107.63,239.5,12995,1727,8,0
2,1167209.12,241110.72,98.67,17.33,6/30/24,Appropriate,Belasco Theatre,145.97,378,7996,1013,8,0
3,1057474.25,-103021.7,89.56,-4.55,6/30/24,Back To The Future,Winter Garden Theatre,99.86,267,10590,1478,8,0
4,1223279.27,94727.26,86.67,2.62,6/30/24,"A Beautiful Noise, The Neil Diamond Musical",Broadhurst Theatre,153.02,348,7994,1153,8,0
5,903585.81,-47208.76,97.6,-1.11,6/30/24,The Book of Mormon,Eugene O'Neill Theatre,108.56,0,8323,1066,8,0
6,1810907.48,-3748.92,98.45,-1.04,6/30/24,Cabaret,August Wilson Theatre,214.89,0,8427,1070,8,0
7,838006.85,287029.02,83.73,20.48,6/30/24,Chicago,Ambassador Theatre,115.84,247,7234,1080,8,0
8,1271712.45,-61688.35,98.06,-0.23,6/30/24,The Great Gatsby,Broadway Theatre,109.16,277,11650,1485,8,0
9,968668.2,51069.05,100.45,-0.46,6/30/24,Hadestown,Walter Kerr Theatre,131.31,0,7377,918,8,0
10,1955004,-17878,101.03,0.49,6/30/24,Hamilton,Richard Rodgers Theatre,182.69,399,10701,1324,8,0
11,1257612.9,-81783.5,86.87,-7.64,6/30/24,Harry Potter and the Cursed Child,Lyric Theatre,111.57,299,11272,1622,8,0
12,1549471.79,-251415.78,100.56,-0.81,6/30/24,Hell's Kitchen,Sam S. Shubert Theatre,132.2,323,11721,1457,8,0
13,115763,-30011,80.41,4.41,6/30/24,Home,Todd Haimes Theatre,27.79,248,4165,740,7,0
14,719153.89,-128348.26,86.17,-4.99,6/30/24,Illinoise,St. James Theatre,89.17,0,8065,1337,7,0
15,2263592.7,-18505.4,97.01,0.11,6/30/24,The Lion King,Minskoff Theatre,171.98,277,13162,1696,8,0
16,324007,-7081,81.23,-13.04,6/30/24,Mary Jane,Samuel J. Friedman Theatre,88.62,319,3656,643,7,0
17,2321807,148553,100,0,6/30/24,Merrily We Roll Along,Hudson Theatre,300.44,649,7728,966,8,0
18,1336054.75,-16923.25,87.51,-1.47,6/30/24,MJ The Musical,Neil Simon Theatre,137.6,329,9710,1387,8,0
19,1005140.99,-15574.49,96.53,0.68,6/30/24,Moulin Rouge! The Musical,Al Hirschfeld Theatre,100.12,0,10039,1300,8,0
20,726391.7,-34278.3,91.8,-0.35,6/30/24,The Notebook,Gerald Schoenfeld Theatre,97.25,278,7469,1017,8,0
21,420648,0,95.81,0,6/30/24,"Oh, Mary!",Lyceum Theatre,97.35,298,4321,902,0,5
22,1338555.7,31298.88,102.47,0.21,6/30/24,The Outsiders,Bernard B. Jacobs Theatre,159.47,328,8394,1024,8,0
23,915258.83,-74506.82,96.59,-0.52,6/30/24,SIX: The Musical,Lena Horne Theatre,114.88,249,7967,1031,8,0
24,993858.7,-24256,99.33,-0.25,6/30/24,Stereophonic,John Golden Theatre,160.77,448,6182,778,8,0
25,871238.31,-71547.04,98.2,-2.76,6/30/24,Suffs,Music Box Theatre,113.98,278,7644,973,8,0
26,969252.65,-154425.26,76.73,-10.11,6/30/24,Water For Elephants,Imperial Theatre,114,278,8502,1385,8,0
27,654605.71,-140361.75,70.85,-7.41,6/30/24,The Who's Tommy,Nederlander Theatre,98.29,299,6660,1175,8,0
28,2143556,-79136,97.55,-1.57,6/30/24,Wicked,Gershwin Theatre,142.61,275,15031,1926,8,0
29,1313268.85,-167938.75,92.11,-5.63,6/30/24,The Wiz,Marquis Theatre,111.39,399,11790,1600,8,0
0,1038278.3,200016.4,93.68,6.67,6/23/24,& Juliet,Stephen Sondheim Theatre,135.03,323,7689,1026,8,0
1,1431120.4,55296.2,94.16,-0.51,6/23/24,Aladdin,New Amsterdam Theatre,110.01,199.5,13009,1727,8,0
2,926098.4,47993.3,81.34,-12.13,6/23/24,Appropriate,Belasco Theatre,140.49,328,6592,1013,8,0
3,1160495.95,50474.82,94.11,3.51,6/23/24,Back To The Future,Winter Garden Theatre,104.29,267,11128,1478,8,0
4,1128552.01,213764.56,84.05,14.17,6/23/24,"A Beautiful Noise, The Neil Diamond Musical",Broadhurst Theatre,145.56,348,7753,1153,8,0
5,950794.57,104940.25,98.71,6.58,6/23/24,The Book of Mormon,Eugene O'Neill Theatre,112.95,0,8418,1066,8,0
6,1814656.4,-68914.1,99.49,-0.24,6/23/24,Cabaret,August Wilson Theatre,213.09,0,8516,1070,8,0
7,550977.83,-36573.07,63.25,-2.55,6/23/24,Chicago,Ambassador Theatre,100.82,237,5465,1080,8,0
8,1545913,279575.1,103.25,0.05,6/23/24,An Enemy of the People,Circle in the Square Theatre,226.04,480,6839,828,8,0
9,1333400.8,177785.8,98.29,6.54,6/23/24,The Great Gatsby,Broadway Theatre,114.19,277,11677,1485,8,0
10,917599.15,38776.9,100.91,0.32,6/23/24,Hadestown,Walter Kerr Theatre,123.82,0,7411,918,8,0
11,1972882,64492,100.54,0.62,6/23/24,Hamilton,Richard Rodgers Theatre,185.26,399,10649,1324,8,0
12,1339396.4,158567.3,94.51,0.91,6/23/24,Harry Potter and the Cursed Child,Lyric Theatre,109.21,299,12264,1622,8,0
13,400521.2,128033.76,67.98,16.88,6/23/24,The Heart of Rock and Roll,James Earl Jones Theatre,69.87,267,5732,1054,8,0
14,1800887.57,112926.47,101.37,0.4,6/23/24,Hell's Kitchen,Sam S. Shubert Theatre,152.41,323,11816,1457,8,0
15,145774,10017,76,12.93,6/23/24,Home,Todd Haimes Theatre,32.4,293,4499,740,8,0
16,847502.15,88687.95,91.16,4.2,6/23/24,Illinoise,St. James Theatre,99.33,0,8532,1337,7,0
17,2282098.1,66064.6,96.9,1.12,6/23/24,The Lion King,Minskoff Theatre,173.57,277,13148,1696,8,0
18,331088,-80525,94.27,4.5,6/23/24,Mary Jane,Samuel J. Friedman Theatre,78.03,319,4243,643,7,0
19,2173254,329797,100,0,6/23/24,Merrily We Roll Along,Hudson Theatre,281.22,649,7728,966,8,0
20,1352978,101402.25,88.98,3.38,6/23/24,MJ The Musical,Neil Simon Theatre,137.04,329,9873,1387,8,0
21,1020715.48,63320.5,95.85,2.78,6/23/24,Moulin Rouge! The Musical,Al Hirschfeld Theatre,102.4,0,9968,1300,8,0
22,760670,96784,92.15,5.06,6/23/24,The Notebook,Gerald Schoenfeld Theatre,101.46,278,7497,1017,8,0
23,1307256.82,283452.54,102.26,-0.33,6/23/24,The Outsiders,Bernard B. Jacobs Theatre,156.05,328,8377,1024,8,0
24,452356.6,123298.49,85.04,18.7,6/23/24,Patriots,Ethel Barrymore Theatre,64.25,273,7041,1035,8,0
25,989765.65,50905.71,97.11,0.98,6/23/24,SIX: The Musical,Lena Horne Theatre,123.57,249,8010,1031,8,0
26,1018114.7,218535.3,99.58,-0.18,6/23/24,Stereophonic,John Golden Theatre,164.27,448,6198,778,8,0
27,942785.35,89894.65,100.96,3.77,6/23/24,Suffs,Music Box Theatre,119.96,278,7859,973,8,0
28,1123677.91,120851.07,86.84,1.96,6/23/24,Water For Elephants,Imperial Theatre,116.78,278,9622,1385,8,0
29,794967.46,32060.36,78.26,5.66,6/23/24,The Who's Tommy,Nederlander Theatre,108.07,299,7356,1175,8,0
30,2222692,151135,99.12,1.68,6/23/24,Wicked,Gershwin Theatre,145.54,275,15272,1926,8,0
31,1481207.6,52820.55,97.74,0.99,6/23/24,The Wiz,Marquis Theatre,118.39,399,12511,1600,8,0
0,838261.9,-25555,87.01,0.4,6/16/24,& Juliet,Stephen Sondheim Theatre,117.37,323,7142,1026,8,0
1,1375824.2,22804.8,94.67,2.15,6/16/24,Aladdin,New Amsterdam Theatre,105.19,199.5,13080,1727,8,0
2,878105.1,67212.2,93.47,8.06,6/16/24,Appropriate,Belasco Theatre,115.92,328,7575,1013,8,0
3,1110021.13,9534.53,90.6,0.11,6/16/24,Back To The Future,Winter Garden Theatre,103.62,267,10712,1478,8,0
4,914787.45,-27055.6,69.88,-0.14,6/16/24,"A Beautiful Noise, The Neil Diamond Musical",Broadhurst Theatre,141.92,348,6446,1153,8,0
5,811245.85,130440.2,94.18,12.94,6/16/24,Ben Platt: Live at the Palace,Palace Theatre,87.17,349,9307,1647,6,0
6,845854.32,-26896.24,92.13,-0.98,6/16/24,The Book of Mormon,Eugene O'Neill Theatre,107.66,0,7857,1066,8,0
7,1883570.5,-16261.8,99.73,-0.12,6/16/24,Cabaret,August Wilson Theatre,220.64,0,8537,1070,8,0
8,587550.9,6431.37,65.8,-0.11,6/16/24,Chicago,Ambassador Theatre,103.35,237,5685,1080,8,0
9,1266337.9,218541.64,103.2,0.24,6/16/24,An Enemy of the People,Circle in the Square Theatre,185.25,480,6836,828,8,0
10,1155615,-16551.76,91.75,-1.63,6/16/24,The Great Gatsby,Broadway Theatre,106.02,277,10900,1485,8,0
11,878822.25,8169.25,100.59,0.03,6/16/24,Hadestown,Walter Kerr Theatre,118.97,0,7387,918,8,0
12,1908390,2986,99.92,0.51,6/16/24,Hamilton,Richard Rodgers Theatre,180.31,399,10584,1324,8,0
13,1180829.1,57270.7,93.6,3.63,6/16/24,Harry Potter and the Cursed Child,Lyric Theatre,97.22,299,12146,1622,8,0
14,272487.44,436.84,51.1,-4.62,6/16/24,The Heart of Rock and Roll,James Earl Jones Theatre,63.24,267,4309,1054,8,0
15,1687961.1,49752.8,100.97,0.31,6/16/24,Hell's Kitchen,Sam S. Shubert Theatre,143.42,323,11769,1457,8,0
16,135757,24193,63.07,-9.44,6/16/24,Home,Todd Haimes Theatre,36.36,253,3734,740,8,0
17,758814.2,57960.54,86.96,2.47,6/16/24,Illinoise,St. James Theatre,93.23,0,8139,1337,7,0
18,2216033.5,125369.7,95.78,1.4,6/16/24,The Lion King,Minskoff Theatre,170.52,277,12996,1696,8,0
19,411613,35198,89.77,2.97,6/16/24,Mary Jane,Samuel J. Friedman Theatre,89.13,299,4618,643,8,0
20,1843457,81438,100,0,6/16/24,Merrily We Roll Along,Hudson Theatre,238.54,649,7728,966,8,0
21,1251575.75,-1832,85.6,1.33,6/16/24,MJ The Musical,Neil Simon Theatre,131.77,329,9498,1387,8,0
22,718388,32737.75,99.72,0.11,6/16/24,Mother Play,Helen Hayes Theater,156.31,426.5,4596,576,8,0
23,957394.98,-32221.84,93.07,0.67,6/16/24,Moulin Rouge! The Musical,Al Hirschfeld Theatre,98.91,0,9679,1300,8,0
24,663886,-47524.1,87.09,-2.11,6/16/24,The Notebook,Gerald Schoenfeld Theatre,93.69,278,7086,1017,8,0
25,1023804.28,-77793.57,102.59,0.55,6/16/24,The Outsiders,Bernard B. Jacobs Theatre,139.22,308,7354,1024,7,0
26,329058.11,35825.06,66.34,4.52,6/16/24,Patriots,Ethel Barrymore Theatre,59.9,273,5493,1035,8,0
27,938859.94,93782.24,96.13,6.91,6/16/24,SIX: The Musical,Lena Horne Theatre,118.41,249,7929,1031,8,0
28,799579.4,-72757.3,99.76,0.08,6/16/24,Stereophonic,John Golden Theatre,147.17,348,5433,778,7,0
29,852890.7,1076.25,97.19,2.5,6/16/24,Suffs,Music Box Theatre,112.74,278,7565,973,8,0
30,1088875,77670,98.5,1.25,6/16/24,Uncle Vanya,Vivian Beaumont Theater,131.98,299,8250,1047,8,0
31,1002826.84,-17159.21,84.88,2.6,6/16/24,Water For Elephants,Imperial Theatre,106.63,278,9405,1385,8,0
32,762907.1,12515.11,72.6,1.07,6/16/24,The Who's Tommy,Nederlander Theatre,111.8,299,6824,1175,8,0
33,2071557,-6353,97.44,-0.4,6/16/24,Wicked,Gershwin Theatre,137.98,275,15014,1926,8,0
34,1428387.05,56293.15,96.75,3.13,6/16/24,The Wiz,Marquis Theatre,115.34,399,12384,1600,8,0
0,863816.9,88341,86.61,3.47,6/9/24,& Juliet,Stephen Sondheim Theatre,121.51,323,7109,1026,8,0
1,1353019.4,41569.8,92.52,2.18,6/9/24,Aladdin,New Amsterdam Theatre,105.85,199.5,12783,1727,8,0
2,810892.9,62709.2,85.41,-4.84,6/9/24,Appropriate,Belasco Theatre,117.15,328,6922,1013,8,0
3,1100486.6,143875.03,90.49,9.27,6/9/24,Back To The Future,Winter Garden Theatre,102.86,267,10699,1478,8,0
4,941843.05,138580.29,70.02,13.62,6/9/24,"A Beautiful Noise, The Neil Diamond Musical",Broadhurst Theatre,145.82,348,6459,1153,8,0
5,680805.65,30499.75,81.24,7.38,6/9/24,Ben Platt: Live at the Palace,Palace Theatre,84.8,349,8028,1647,6,0
6,872750.56,34793.28,93.11,1.8,6/9/24,The Book of Mormon,Eugene O'Neill Theatre,109.92,0,7940,1066,8,0
7,1899832.3,35574.85,99.85,0.66,6/9/24,Cabaret,August Wilson Theatre,222.28,0,8547,1070,8,0
8,581119.53,31872.78,65.91,2.33,6/9/24,Chicago,Ambassador Theatre,102.04,237,5695,1080,8,0
9,1047796.26,2300.76,102.96,-0.09,6/9/24,An Enemy of the People,Circle in the Square Theatre,153.64,480,6820,828,8,0
10,1172166.76,68703.4,93.38,5.69,6/9/24,The Great Gatsby,Broadway Theatre,105.66,277,11094,1485,8,0
11,870653,42065.25,100.56,3.12,6/9/24,Hadestown,Walter Kerr Theatre,117.89,0,7385,918,8,0
12,1905404,23593.75,99.41,1.46,6/9/24,Hamilton,Richard Rodgers Theatre,180.95,399,10530,1324,8,0
13,1123558.4,44503.2,89.97,3.73,6/9/24,Harry Potter and the Cursed Child,Lyric Theatre,96.24,299,11674,1622,8,0
14,272050.6,14563.7,55.72,-2.59,6/9/24,The Heart of Rock and Roll,James Earl Jones Theatre,57.91,267,4698,1054,8,0
15,1638208.3,77957.5,100.66,0.03,6/9/24,Hell's Kitchen,Sam S. Shubert Theatre,139.62,323,11733,1457,8,0
16,111564,-4884,72.51,-1.7,6/9/24,Home,Todd Haimes Theatre,29.7,253,3756,740,6,1
17,700853.66,-1157.09,84.49,1.58,6/9/24,Illinoise,St. James Theatre,88.64,0,7907,1337,7,0
18,2090663.8,6625.15,94.38,2.23,6/9/24,The Lion King,Minskoff Theatre,163.27,277,12805,1696,8,0
19,376415,-85029,86.8,-2.55,6/9/24,Mary Jane,Samuel J. Friedman Theatre,84.3,299,4465,643,8,0
20,1762019,613415.8,100,0,6/9/24,Merrily We Roll Along,Hudson Theatre,228,649,7728,966,8,0
21,1253407.75,14166.75,84.27,-1.41,6/9/24,MJ The Musical,Neil Simon Theatre,134.04,329,9351,1387,8,0
22,685650.25,157434.25,99.61,8.58,6/9/24,Mother Play,Helen Hayes Theater,148.09,326.5,4630,581,8,0
23,989616.82,29124.5,92.4,-1.04,6/9/24,Moulin Rouge! The Musical,Al Hirschfeld Theatre,102.98,0,9610,1300,8,0
24,711410.1,43929.6,89.2,7.26,6/9/24,The Notebook,Gerald Schoenfeld Theatre,98.03,278,7257,1017,8,0
25,1101597.85,77347.8,102.04,1.38,6/9/24,The Outsiders,Bernard B. Jacobs Theatre,131.79,308,8359,1024,8,0
26,293233.05,12555.75,61.82,3.85,6/9/24,Patriots,Ethel Barrymore Theatre,57.28,273,5119,1035,8,0
27,845077.7,33425.1,89.22,-0.47,6/9/24,SIX: The Musical,Lena Horne Theatre,114.84,249,7359,1031,8,0
28,872336.7,47501.6,99.68,1.06,6/9/24,Stereophonic,John Golden Theatre,140.61,348,6204,778,8,0
29,851814.45,92547.94,94.69,4.17,6/9/24,Suffs,Music Box Theatre,115.56,278,7371,973,8,0
30,1011205,276825,97.25,23.06,6/9/24,Uncle Vanya,Vivian Beaumont Theater,124.14,299,8146,1047,8,0
31,1019986.05,55255.45,82.28,2.98,6/9/24,Water For Elephants,Imperial Theatre,111.88,278,9117,1385,8,0
32,750391.99,9264.98,71.53,-1.45,6/9/24,The Who's Tommy,Nederlander Theatre,111.6,299,6724,1175,8,0
33,2077910,96650,97.84,-0.99,6/9/24,Wicked,Gershwin Theatre,137.84,275,15075,1926,8,0
34,1372093.9,-7697,93.62,1.66,6/9/24,The Wiz,Marquis Theatre,114.5,399,11983,1600,8,0
0,775475.9,-102150.1,83.14,-8.72,6/2/24,& Juliet,Stephen Sondheim Theatre,113.64,323,6824,1026,8,0
1,1311449.6,-44965.6,90.34,-3.38,6/2/24,Aladdin,New Amsterdam Theatre,105.07,199.5,12482,1727,8,0
2,748183.7,-19777.8,90.25,-6.97,6/2/24,Appropriate,Belasco Theatre,127.46,328,5870,813,8,0
3,956611.57,-70004.68,81.22,-14.26,6/2/24,Back To The Future,Winter Garden Theatre,99.61,267,9604,1478,8,0
4,803262.76,-33728.78,56.4,-9.71,6/2/24,"A Beautiful Noise, The Neil Diamond Musical",Broadhurst Theatre,154.41,348,5202,1153,8,0
5,650305.9,0,73.86,0,6/2/24,Ben Platt: Live at the Palace,Palace Theatre,89.1,349,7299,1647,6,0
6,837957.28,-144801.18,91.31,-5.04,6/2/24,The Book of Mormon,Eugene O'Neill Theatre,107.61,0,7787,1066,8,0
7,1864257.45,142497.55,99.19,-0.77,6/2/24,Cabaret,August Wilson Theatre,219.56,0,8491,1070,8,0
8,549246.75,-78914.86,63.58,-7.38,6/2/24,Chicago,Ambassador Theatre,99.99,237,5493,1080,8,0
9,1045495.5,564.7,103.05,0.12,6/2/24,An Enemy of the People,Circle in the Square Theatre,153.16,480,6826,828,8,0
10,1103463.36,-77364.39,87.69,-5.57,6/2/24,The Great Gatsby,Broadway Theatre,105.92,277,10418,1485,8,0
11,828587.75,-89990.1,97.44,-2.59,6/2/24,Hadestown,Walter Kerr Theatre,115.79,0,7156,918,8,0
12,1881810.25,77589.75,97.95,-2.38,6/2/24,Hamilton,Richard Rodgers Theatre,181.38,399,10375,1324,8,0
13,1079055.2,-143618.8,86.24,4,6/2/24,Harry Potter and the Cursed Child,Lyric Theatre,96.43,299,11190,1622,8,0
14,257486.9,-52186.3,58.31,-6.18,6/2/24,The Heart of Rock and Roll,James Earl Jones Theatre,52.37,267,4917,1054,8,0
15,1560250.8,5833.35,100.63,-0.22,6/2/24,Hell's Kitchen,Sam S. Shubert Theatre,133.03,323,11729,1457,8,0
16,116448,16582,74.21,4.17,6/2/24,Home,Todd Haimes Theatre,26.51,248,4393,740,0,8
17,702010.75,-18397.8,82.91,-4.49,6/2/24,Illinoise,St. James Theatre,90.47,0,7760,1337,7,0
18,2084038.65,-136802.9,92.15,-3.83,6/2/24,The Lion King,Minskoff Theatre,166.68,277,12503,1696,8,0
19,461444,-29702,89.35,-6.06,6/2/24,Mary Jane,Samuel J. Friedman Theatre,100.4,299,4596,643,8,0
20,1148603.2,-464003.8,100,0,6/2/24,Merrily We Roll Along,Hudson Theatre,148.63,649,7728,966,8,0
21,1239241,-260943.5,85.68,-8.32,6/2/24,MJ The Musical,Neil Simon Theatre,130.35,329,9507,1387,8,0
22,528216,76479,91.03,-5.5,6/2/24,Mother Play,Helen Hayes Theater,142.68,297,3702,581,7,0
23,960492.32,-152098.36,93.44,-4.58,6/2/24,Moulin Rouge! The Musical,Al Hirschfeld Theatre,98.84,0,9718,1300,8,0
24,667480.5,-53173.9,81.94,-8.28,6/2/24,The Notebook,Gerald Schoenfeld Theatre,100.12,323,6667,1017,8,0
25,1024250.05,265.54,100.66,-1.5,6/2/24,The Outsiders,Bernard B. Jacobs Theatre,124.21,278,8246,1024,8,0
26,280677.3,-56422.55,57.97,-10.44,6/2/24,Patriots,Ethel Barrymore Theatre,58.47,273,4800,1035,8,0
27,811652.6,-67051.7,89.69,-1.47,6/2/24,SIX: The Musical,Lena Horne Theatre,109.71,249,7398,1031,8,0
28,824835.1,40683.9,98.62,-0.9,6/2/24,Stereophonic,John Golden Theatre,134.38,348,6138,778,8,0
29,759266.51,771.36,90.52,-4.57,6/2/24,Suffs,Music Box Theatre,107.76,278,7046,973,8,0
30,734380,-268341,74.19,-21.26,6/2/24,Uncle Vanya,Vivian Beaumont Theater,118.18,299,6214,1047,8,0
31,964730.6,-63719.75,79.3,-8.26,6/2/24,Water For Elephants,Imperial Theatre,109.8,278,8786,1385,8,0
32,741127.01,-97600.74,72.98,-6.37,6/2/24,The Who's Tommy,Nederlander Theatre,108.04,299,6860,1175,8,0
33,1981260,-22232,98.83,-1.04,6/2/24,Wicked,Gershwin Theatre,134.26,275,14757,1867,8,0
34,1379790.9,-96140.65,91.96,-4.89,6/2/24,The Wiz,Marquis Theatre,117.22,399,11771,1600,8,0
0,877626,-26614.5,91.86,0.74,5/26/24,& Juliet,Stephen Sondheim Theatre,116.4,323,7540,1026,8,0
1,1356415.2,82535.1,93.72,1.25,5/26/24,Aladdin,New Amsterdam Theatre,104.76,215.5,12948,1727,8,0
2,767961.5,-34076,97.22,2.56,5/26/24,Appropriate,Belasco Theatre,121.46,297,6323,813,8,0
3,1026616.25,96107.88,95.48,14.18,5/26/24,Back To The Future,Winter Garden Theatre,90.94,267,11289,1478,8,0
4,836991.54,-131227.31,66.11,-2.54,5/26/24,"A Beautiful Noise, The Neil Diamond Musical",Broadhurst Theatre,137.26,348,6098,1153,8,0
5,982758.46,27452.88,96.35,-0.61,5/26/24,The Book of Mormon,Eugene O'Neill Theatre,119.6,0,8217,1066,8,0
6,1721759.9,-243584.1,99.96,0.01,5/26/24,Cabaret,August Wilson Theatre,201.21,0,8557,1070,8,0
7,628161.61,-7546.62,70.96,-0.98,5/26/24,Chicago,Ambassador Theatre,102.46,237,6131,1080,8,0
8,1044930.8,-26529.9,102.93,-0.27,5/26/24,An Enemy of the People,Circle in the Square Theatre,153.26,480,6818,828,8,0
9,1180827.75,-98828.66,93.26,-4.4,5/26/24,The Great Gatsby,Broadway Theatre,106.58,277,11079,1485,8,0
10,918577.85,84745.75,100.03,0.1,5/26/24,Hadestown,Walter Kerr Theatre,125.04,0,7346,918,8,0
11,1804220.5,-53911.5,100.33,0.18,5/26/24,Hamilton,Richard Rodgers Theatre,169.78,399,10627,1324,8,0
12,1222674,161999.15,82.24,-2.69,5/26/24,Harry Potter and the Cursed Child,Lyric Theatre,114.57,299,10672,1622,8,0
13,309673.2,22444.7,64.49,2.74,5/26/24,The Heart of Rock and Roll,James Earl Jones Theatre,56.95,267,5438,1054,8,0
14,1554417.45,-3016.9,100.85,0.34,5/26/24,Hell's Kitchen,Sam S. Shubert Theatre,132.23,323,11755,1457,8,0
15,99866,33796.4,70.04,-5.46,5/26/24,Home,Todd Haimes Theatre,27.53,0,3628,740,0,7
16,720408.55,-96070.3,87.4,-2.96,5/26/24,Illinoise,St. James Theatre,88.07,0,8180,1337,7,0
17,2220841.55,190426.05,95.98,-0.4,5/26/24,The Lion King,Minskoff Theatre,170.55,277,13022,1696,8,0
18,491146,-6776,95.41,-1.52,5/26/24,Mary Jane,Samuel J. Friedman Theatre,100.07,299,4908,643,8,0
19,1612607,29688,100,0,5/26/24,Merrily We Roll Along,Hudson Theatre,208.67,649,7728,966,8,0
20,1500184.5,-23695.25,94,-0.63,5/26/24,MJ The Musical,Neil Simon Theatre,143.83,329,10430,1387,8,0
21,451737,-186154,96.53,-1.88,5/26/24,Mother Play,Helen Hayes Theater,134.25,297,3365,581,6,0
22,1112590.68,-60051.8,98.02,-1.14,5/26/24,Moulin Rouge! The Musical,Al Hirschfeld Theatre,109.14,0,10194,1300,8,0
23,720654.4,-64282.8,90.22,1.45,5/26/24,The Notebook,Gerald Schoenfeld Theatre,98.18,323,7340,1017,8,0
24,1023984.51,33983.96,102.16,1.19,5/26/24,The Outsiders,Bernard B. Jacobs Theatre,122.35,278,8369,1024,8,0
25,337099.85,-55350.45,68.41,1.48,5/26/24,Patriots,Ethel Barrymore Theatre,59.52,273,5664,1035,8,0
26,878704.3,34016.1,91.16,-0.4,5/26/24,SIX: The Musical,Lena Horne Theatre,116.86,249,7519,1031,8,0
27,784151.2,3285.72,99.52,0.05,5/26/24,Stereophonic,John Golden Theatre,126.6,348,6194,778,8,0
28,758495.15,-61727.4,95.09,2.17,5/26/24,Suffs,Music Box Theatre,102.47,278,7402,973,8,0
29,1002721,-50441,95.45,-2.16,5/26/24,Uncle Vanya,Vivian Beaumont Theater,125.42,299,7995,1047,8,0
30,1028450.35,-73168.8,87.56,3.06,5/26/24,Water For Elephants,Imperial Theatre,106,278,9702,1385,8,0
31,838727.75,-130666.5,79.35,-2.25,5/26/24,The Who's Tommy,Nederlander Theatre,112.45,299,7459,1175,8,0
32,2003492,156449,99.87,2.66,5/26/24,Wicked,Gershwin Theatre,134.35,275,14912,1867,8,0
33,1475931.55,-21375.15,96.85,1.35,5/26/24,The Wiz,Marquis Theatre,119.06,399,12397,1600,8,0
0,904240.5,-62696,91.12,2.79,5/19/24,& Juliet,Stephen Sondheim Theatre,120.9,323,7479,1026,8,0
1,1273880.1,-479.5,92.47,-2.21,5/19/24,Aladdin,New Amsterdam Theatre,99.71,215.5,12776,1727,8,0
2,802037.5,99351.5,94.66,3.75,5/19/24,Appropriate,Belasco Theatre,130.26,297,6157,813,8,0
3,930508.37,57726.07,81.3,2.46,5/19/24,Back To The Future,Winter Garden Theatre,96.8,267,9613,1478,8,0
4,968218.85,38283.55,68.65,1.42,5/19/24,"A Beautiful Noise, The Neil Diamond Musical",Broadhurst Theatre,152.91,348,6332,1153,8,0
5,955305.58,73481.49,96.96,2.06,5/19/24,The Book of Mormon,Eugene O'Neill Theatre,115.53,0,8269,1066,8,0
6,1965344,-44004.5,99.95,0.07,5/19/24,Cabaret,August Wilson Theatre,229.7,0,8556,1070,8,0
7,635708.23,-74847.58,71.94,-7.33,5/19/24,Chicago,Ambassador Theatre,102.27,237,6216,1080,8,0
8,1071460.7,11275.5,103.2,-0.05,5/19/24,An Enemy of the People,Circle in the Square Theatre,156.74,480,6836,828,8,0
9,1279656.41,99154.06,97.66,6.86,5/19/24,The Great Gatsby,Broadway Theatre,110.3,303,11602,1485,8,0
10,833832.1,23764.15,99.93,2.15,5/19/24,Hadestown,Walter Kerr Theatre,113.62,0,7339,918,8,0
11,1858132,134230.75,100.15,0.11,5/19/24,Hamilton,Richard Rodgers Theatre,175.16,399,10608,1324,8,0
12,1060674.85,70651.25,84.93,3.83,5/19/24,Harry Potter and the Cursed Child,Lyric Theatre,96.24,299,11021,1622,8,0
13,287228.5,-31801.08,61.75,-8.04,5/19/24,The Heart of Rock and Roll,James Earl Jones Theatre,55.16,267,5207,1054,8,0
14,1557434.35,53625.57,100.51,-0.5,5/19/24,Hell's Kitchen,Sam S. Shubert Theatre,132.93,323,11716,1457,8,0
15,66069.6,0,75.5,0,5/19/24,Home,Todd Haimes Theatre,39.42,225,1676,740,0,3
16,816478.85,136741.9,90.36,-3.91,5/19/24,Illinoise,St. James Theatre,96.54,0,8457,1337,7,0
17,588388.3,168916.05,96.88,9.54,5/19/24,Lempicka,Longacre Theatre,72.51,248,8115,1047,8,0
18,2030415.5,-84071.05,96.38,0.49,5/19/24,The Lion King,Minskoff Theatre,155.27,277,13077,1696,8,0
19,497922,70,96.93,0.39,5/19/24,Mary Jane,Samuel J. Friedman Theatre,99.86,299,4986,643,8,0
20,1582919,64733,100,0,5/19/24,Merrily We Roll Along,Hudson Theatre,204.83,649,7728,966,8,0
21,1523879.75,-85829.75,94.63,-1.56,5/19/24,MJ The Musical,Neil Simon Theatre,145.13,329,10500,1387,8,0
22,637891,34324.25,98.41,1.06,5/19/24,Mother Play,Helen Hayes Theater,139.46,297,4574,581,8,0
23,1172642.48,-355988.44,99.16,-0.9,5/19/24,Moulin Rouge! The Musical,Al Hirschfeld Theatre,113.71,0,10313,1300,8,0
24,784937.2,-1550.3,88.77,1.5,5/19/24,The Notebook,Gerald Schoenfeld Theatre,108.69,323,7222,1017,8,0
25,990000.55,-33825.95,100.97,0.79,5/19/24,The Outsiders,Bernard B. Jacobs Theatre,119.81,278,8263,1023,8,0
26,392450.3,-11696.9,66.93,1.62,5/19/24,Patriots,Ethel Barrymore Theatre,70.81,273,5542,1035,8,0
27,844688.2,-5611,91.56,1.22,5/19/24,SIX: The Musical,Lena Horne Theatre,111.85,249,7552,1031,8,0
28,780865.48,96954.93,99.47,0.68,5/19/24,Stereophonic,John Golden Theatre,126.13,348,6191,778,8,0
29,820222.55,17799.95,92.92,-0.13,5/19/24,Suffs,Music Box Theatre,113.4,278,7233,973,8,0
30,1053162,138487,97.61,11.03,5/19/24,Uncle Vanya,Vivian Beaumont Theater,128.81,299,8176,1047,8,0
31,1101619.15,27612.66,84.5,0.63,5/19/24,Water For Elephants,Imperial Theatre,117.66,278,9363,1385,8,0
32,969394.25,-21633.25,81.6,-3.63,5/19/24,The Who's Tommy,Nederlander Theatre,126.39,299,7670,1175,8,0
33,1847043,125689,97.21,3.74,5/19/24,Wicked,Gershwin Theatre,131.43,275,14053,1807,8,0
34,1497306.7,-70325.6,95.5,0.26,5/19/24,The Wiz,Marquis Theatre,122.49,399,12224,1600,8,0
0,966936.5,142750.6,88.33,7.6,5/12/24,& Juliet,Stephen Sondheim Theatre,133.37,323,7250,1026,8,0
1,1274359.6,140138.2,94.68,0.48,5/12/24,Aladdin,New Amsterdam Theatre,97.42,215.5,13081,1727,8,0
2,702686,43422.8,90.91,2.66,5/12/24,Appropriate,Belasco Theatre,118.84,297,5913,813,8,0
3,872782.3,26959.45,78.84,-0.21,5/12/24,Back To The Future,Winter Garden Theatre,93.63,267,9322,1478,8,0
4,929935.3,172063.5,67.23,12.67,5/12/24,"A Beautiful Noise, The Neil Diamond Musical",Broadhurst Theatre,149.97,348,6201,1153,8,0
5,881824.09,64249.73,94.9,4.73,5/12/24,The Book of Mormon,Eugene O'Neill Theatre,108.96,0,8093,1066,8,0
6,2009348.5,89059.5,99.88,-0.17,5/12/24,Cabaret,August Wilson Theatre,235.01,0,8550,1070,8,0
7,710555.81,70851.06,79.27,4.98,5/12/24,Chicago,Ambassador Theatre,103.75,237,6849,1080,8,0
8,1060185.2,11898.8,103.25,0.05,5/12/24,An Enemy of the People,Circle in the Square Theatre,155.02,480,6839,828,8,0
9,1180502.35,130718.5,90.8,7.26,5/12/24,The Great Gatsby,Broadway Theatre,109.44,327,10787,1485,8,0
10,810067.95,75797.1,97.78,3.77,5/12/24,Hadestown,Walter Kerr Theatre,112.81,0,7181,918,8,0
11,1723901.25,-8952,100.04,5.04,5/12/24,Hamilton,Richard Rodgers Theatre,162.69,399,10596,1324,8,0
12,990023.6,-35707.5,81.1,-1.01,5/12/24,Harry Potter and the Cursed Child,Lyric Theatre,94.08,299,10523,1622,8,0
13,319029.58,31973.48,69.79,-0.75,5/12/24,The Heart of Rock and Roll,James Earl Jones Theatre,54.21,267,5885,1054,8,0
14,1503808.78,233289.35,101.01,1.35,5/12/24,Hell's Kitchen,Sam S. Shubert Theatre,127.72,323,11774,1457,8,0
15,679736.95,-4656.2,94.27,2.8,5/12/24,Illinoise,St. James Theatre,89.89,0,7562,1337,6,0
16,419472.25,144423.55,87.34,3.84,5/12/24,Lempicka,Longacre Theatre,57.34,248,7316,1047,8,0
17,2114486.55,78528.25,95.89,2.44,5/12/24,The Lion King,Minskoff Theatre,162.52,277,13011,1696,8,0
18,497852,30805,96.54,-0.89,5/12/24,Mary Jane,Samuel J. Friedman Theatre,100.25,299,4966,643,8,0
19,1518186,82614,100,0,5/12/24,Merrily We Roll Along,Hudson Theatre,196.45,649,7728,966,8,0
20,1609709.5,153114.75,96.19,4.42,5/12/24,MJ The Musical,Neil Simon Theatre,150.82,329,10673,1387,8,0
21,603566.75,51641.5,97.35,1.95,5/12/24,Mother Play,Helen Hayes Theater,133.38,297,4525,581,8,0
22,1528630.92,122771.65,100.06,0.92,5/12/24,Moulin Rouge! The Musical,Al Hirschfeld Theatre,146.9,0,10406,1300,8,0
23,786487.5,113057.5,87.27,4.56,5/12/24,The Notebook,Gerald Schoenfeld Theatre,110.77,323,7100,1017,8,0
24,1023826.5,129650.2,100.18,1.77,5/12/24,The Outsiders,Bernard B. Jacobs Theatre,124.87,278,8199,1023,8,0
25,404147.2,-12225.3,65.31,-2.17,5/12/24,Patriots,Ethel Barrymore Theatre,74.73,273,5408,1035,8,0
26,850299.2,84490.3,90.34,3.48,5/12/24,SIX: The Musical,Lena Horne Theatre,114.12,249,7451,1031,8,0
27,683910.55,92391.9,98.79,0.69,5/12/24,Stereophonic,John Golden Theatre,111.22,297,6149,778,8,0
28,802422.6,171641.5,93.05,12.33,5/12/24,Suffs,Music Box Theatre,110.79,278,7243,973,8,0
29,914675,-83365,86.58,-5.84,5/12/24,Uncle Vanya,Vivian Beaumont Theater,126.13,299,7252,1047,8,0
30,1074006.49,63952.44,83.87,1.09,5/12/24,Water For Elephants,Imperial Theatre,115.57,278,9293,1385,8,0
31,991027.5,80673.5,85.23,7.22,5/12/24,The Who's Tommy,Nederlander Theatre,123.69,299,8012,1175,8,0
32,1721354,135349,93.47,4.29,5/12/24,Wicked,Gershwin Theatre,127.39,275,13512,1807,8,0
33,1567632.3,109154.05,95.24,0.52,5/12/24,The Wiz,Marquis Theatre,128.59,399,12191,1600,8,0
0,824185.9,-195529.2,80.73,-12.25,5/5/24,& Juliet,Stephen Sondheim Theatre,124.39,323,6626,1026,8,0
1,1134221.4,-305757,94.2,-1.99,5/5/24,Aladdin,New Amsterdam Theatre,87.15,215.5,13015,1727,8,0
2,659263.2,-25517.6,88.25,0.47,5/5/24,Appropriate,Belasco Theatre,114.85,297,5740,813,8,0
3,845822.85,-246029.79,79.05,-12.06,5/5/24,Back To The Future,Winter Garden Theatre,90.49,267,9347,1478,8,0
4,757871.8,-194870.75,54.56,-14.23,5/5/24,"A Beautiful Noise, The Neil Diamond Musical",Broadhurst Theatre,150.58,348,5033,1153,8,0
5,817574.36,-77910.83,90.17,-3.69,5/5/24,The Book of Mormon,Eugene O'Neill Theatre,106.32,0,7690,1066,8,0
6,1920289,218461,100.05,-0.02,5/5/24,Cabaret,August Wilson Theatre,224.23,0,8564,1070,8,0
7,639704.75,-36371.15,74.29,-1.62,5/5/24,Chicago,Ambassador Theatre,99.66,237,6419,1080,8,0
8,1048286.4,-41296.1,103.2,0.6,5/5/24,An Enemy of the People,Circle in the Square Theatre,153.35,480,6836,828,8,0
9,1049783.85,21508,83.54,-14.2,5/5/24,The Great Gatsby,Broadway Theatre,105.77,277,9925,1485,8,0
10,734270.85,-119092.55,94.01,-5.25,5/5/24,Hadestown,Walter Kerr Theatre,106.35,0,6904,918,8,0
11,1732853.25,-114299.25,95,-3.41,5/5/24,Hamilton,Richard Rodgers Theatre,172.22,399,10062,1324,8,0
12,1025731.1,-101138.4,82.11,-5.81,5/5/24,Harry Potter and the Cursed Child,Lyric Theatre,96.28,299,10654,1622,8,0
13,287056.1,-84428.65,70.54,2.15,5/5/24,The Heart of Rock and Roll,James Earl Jones Theatre,47.49,267,6044,1071,8,0
14,1270519.43,-19918.67,99.66,0.15,5/5/24,Hell's Kitchen,Sam S. Shubert Theatre,110.43,323,11505,1443,8,0
15,684393.15,-44093.75,91.47,0.1,5/5/24,Illinoise,St. James Theatre,79.94,0,8561,1337,7,0
16,275048.7,-13053.1,83.5,12.05,5/5/24,Lempicka,Longacre Theatre,39.33,248,6994,1047,8,0
17,2035958.3,-160560,93.45,-0.67,5/5/24,The Lion King,Minskoff Theatre,160.58,277,12679,1696,8,0
18,467047,35230,97.43,3.16,5/5/24,Mary Jane,Samuel J. Friedman Theatre,93.19,299,5012,643,8,0
19,1435572,-28920,100,0,5/5/24,Merrily We Roll Along,Hudson Theatre,185.76,649,7728,966,8,0
20,1456594.75,-143779.5,91.77,-4.49,5/5/24,MJ The Musical,Neil Simon Theatre,143.04,329,10183,1387,8,0
21,551925.25,55001,95.4,-3.52,5/5/24,Mother Play,Helen Hayes Theater,124.48,297,4434,581,8,0
22,1405859.27,-27615.44,99.14,-0.23,5/5/24,Moulin Rouge! The Musical,Al Hirschfeld Theatre,136.35,0,10311,1300,8,0
23,673430,-99173.18,82.71,-8.67,5/5/24,The Notebook,Gerald Schoenfeld Theatre,100.08,323,6729,1017,8,0
24,894176.3,-29511.85,98.41,0.57,5/5/24,The Outsiders,Bernard B. Jacobs Theatre,111.02,278,8054,1023,8,0
25,416372.5,-97234.5,67.48,-25.54,5/5/24,Patriots,Ethel Barrymore Theatre,74.53,273,5587,1035,8,0
26,765808.9,-79315.4,86.86,-2.46,5/5/24,SIX: The Musical,Lena Horne Theatre,106.9,249,7164,1031,8,0
27,591518.65,50357.75,98.1,1.72,5/5/24,Stereophonic,John Golden Theatre,96.87,297,6106,778,8,0
28,630781.1,612.5,80.72,2.88,5/5/24,Suffs,Music Box Theatre,100.39,278,6283,973,8,0
29,1762444.1,242704.7,100.1,0.98,5/5/24,Sweeney Todd,Lunt-Fontanne Theatre,167.92,329,10496,1498,7,0
30,998040,168589,92.42,-6.27,5/5/24,Uncle Vanya,Vivian Beaumont Theater,128.93,299,7741,1047,8,0
31,1010054.05,-28249.5,82.78,-1.81,5/5/24,Water For Elephants,Imperial Theatre,110.12,278,9172,1385,8,0
32,910354,-154187.65,78.01,-8.67,5/5/24,The Who's Tommy,Nederlander Theatre,124.14,299,7333,1175,8,0
33,1586005,-340854,89.18,-10.57,5/5/24,Wicked,Gershwin Theatre,123.02,275,12892,1807,8,0
34,1458478.25,-152639.4,94.72,-3.6,5/5/24,The Wiz,Marquis Theatre,120.3,399,12124,1600,8,0
0,1019715.1,25805.4,92.98,-0.44,4/28/24,& Juliet,Stephen Sondheim Theatre,133.61,323,7632,1026,8,0
1,1439978.4,95828.9,96.19,1.51,4/28/24,Aladdin,New Amsterdam Theatre,108.36,215.5,13289,1727,8,0
2,684780.8,35376.7,87.78,-1.29,4/28/24,Appropriate,Belasco Theatre,119.95,297,5709,813,8,0
3,1091852.64,40916.22,91.11,2.86,4/28/24,Back To The Future,Winter Garden Theatre,101.35,267,10773,1478,8,0
4,952742.55,100236.72,68.79,7.23,4/28/24,"A Beautiful Noise, The Neil Diamond Musical",Broadhurst Theatre,150.16,348,6345,1153,8,0
5,895485.19,2986.98,93.86,-1.48,4/28/24,The Book of Mormon,Eugene O'Neill Theatre,111.88,0,8004,1066,8,0
6,1701828,878611,100.07,-0.02,4/28/24,Cabaret,August Wilson Theatre,227.06,0,7495,1070,7,0
7,676075.9,73493.72,75.91,6.07,4/28/24,Chicago,Ambassador Theatre,103.08,237,6559,1080,8,0
8,1089582.5,8793,102.6,-0.09,4/28/24,An Enemy of the People,Circle in the Square Theatre,160.33,480,6796,828,8,0
9,1028275.85,-5693.85,97.74,2.55,4/28/24,The Great Gatsby,Broadway Theatre,88.55,303,11612,1485,5,3
10,853363.4,-4026.6,99.26,-0.03,4/28/24,Hadestown,Walter Kerr Theatre,117.06,0,7290,918,8,0
11,1847152.5,-50510.75,98.41,-0.85,4/28/24,Hamilton,Richard Rodgers Theatre,177.2,399,10424,1324,8,0
12,1126869.5,-14726.4,87.92,7.48,4/28/24,Harry Potter and the Cursed Child,Lyric Theatre,98.77,299,11409,1622,8,0
13,371484.75,109305.95,68.39,-12.26,4/28/24,The Heart of Rock and Roll,James Earl Jones Theatre,63.39,267,5860,1071,8,0
14,1290438.1,513803.7,99.51,1.77,4/28/24,Hell's Kitchen,Sam S. Shubert Theatre,112.34,323,11487,1443,8,0
15,728486.9,0,91.37,0,4/28/24,Illinoise,St. James Theatre,74.59,0,9766,1336,8,0
16,627285.13,115327.13,83.47,0.53,4/28/24,Kimberly Akimbo,Booth Theatre,121.52,348,5162,773,8,0
17,288101.8,-66482.8,71.45,-3.5,4/28/24,Lempicka,Longacre Theatre,48.14,248,5985,1047,8,0
18,2196518.3,21532.05,94.12,0.33,4/28/24,The Lion King,Minskoff Theatre,172.01,277,12770,1696,8,0
19,431817,58533,94.27,-1.55,4/28/24,Mary Jane,Samuel J. Friedman Theatre,89.05,299,4849,643,8,0
20,1464492,151132.8,100,0,4/28/24,Merrily We Roll Along,Hudson Theatre,189.5,649,7728,966,8,0
21,1600374.25,90489.25,96.26,3.56,4/28/24,MJ The Musical,Neil Simon Theatre,149.83,329,10681,1387,8,0
22,496924.25,-23712,98.92,0.15,4/28/24,Mother Play,Helen Hayes Theater,108.07,296.5,4598,581,5,3
23,1433474.71,33192.76,99.37,-0.35,4/28/24,Moulin Rouge! The Musical,Al Hirschfeld Theatre,138.71,0,10334,1300,8,0
24,772603.18,557.24,91.38,6.2,4/28/24,The Notebook,Gerald Schoenfeld Theatre,103.91,323,7435,1017,8,0
25,923688.15,33950.35,97.84,-0.86,4/28/24,The Outsiders,Bernard B. Jacobs Theatre,115.36,278,8007,1023,8,0
26,513607,137764.75,93.02,0.71,4/28/24,Patriots,Ethel Barrymore Theatre,66.68,273,7702,1035,8,0
27,845124.3,-81087.1,89.32,-8.36,4/28/24,SIX: The Musical,Lena Horne Theatre,114.72,249,7367,1031,8,0
28,541160.9,205424.1,96.38,-3.62,4/28/24,Stereophonic,John Golden Theatre,90.21,297,5999,778,8,0
29,630168.6,75156.9,77.84,-15.6,4/28/24,Suffs,Music Box Theatre,104.01,278,6059,973,8,0
30,1519739.4,128678.2,99.12,3.16,4/28/24,Sweeney Todd,Lunt-Fontanne Theatre,146.21,329,10394,1498,7,0
31,829451,-99442,98.69,0.27,4/28/24,Uncle Vanya,Vivian Beaumont Theater,114.68,299,7233,1047,6,1
32,1038303.55,6235.24,84.59,2.25,4/28/24,Water For Elephants,Imperial Theatre,110.78,278,9373,1385,8,0
33,1064541.65,36463.2,86.68,4.08,4/28/24,The Who's Tommy,Nederlander Theatre,130.65,299,8148,1175,8,0
34,1926859,-39273,99.75,2.66,4/28/24,Wicked,Gershwin Theatre,129.36,275,14895,1867,8,0
35,1611117.65,129525.25,98.32,-0.51,4/28/24,The Wiz,Marquis Theatre,128.02,399,12585,1600,8,0
0,993909.7,-103124.4,93.42,-1.77,4/21/24,& Juliet,Stephen Sondheim Theatre,129.62,323,7668,1026,8,0
1,1344149.5,-51186.1,94.68,0.62,4/21/24,Aladdin,New Amsterdam Theatre,102.76,215.5,13081,1727,8,0
2,649404.1,167.65,89.07,0.4,4/21/24,Appropriate,Belasco Theatre,112.1,297,5793,813,8,0
3,1050936.42,-62888.04,88.25,-1.72,4/21/24,Back To The Future,Winter Garden Theatre,100.71,267,10435,1478,8,0
4,852505.83,107377.78,61.56,6.93,4/21/24,"A Beautiful Noise, The Neil Diamond Musical",Broadhurst Theatre,150.14,348,5678,1153,8,0
5,892498.21,11281.95,95.34,0.79,4/21/24,The Book of Mormon,Eugene O'Neill Theatre,109.76,0,8131,1066,8,0
6,823217,-908010,100.09,0.09,4/21/24,Cabaret,August Wilson Theatre,128.11,0,6426,1070,1,5
7,602582.18,-47779.92,69.84,-3.93,4/21/24,Chicago,Ambassador Theatre,99.86,237,6034,1080,8,0
8,549803.35,24.75,93.07,-3.14,4/21/24,Doubt,Todd Haimes Theatre,101.57,323,5413,727,8,0
9,1080789.5,22103.5,102.69,0.35,4/21/24,An Enemy of the People,Circle in the Square Theatre,158.89,480,6802,828,8,0
10,1033969.7,89493,95.19,2.16,4/21/24,The Great Gatsby,Broadway Theatre,91.44,277,11308,1485,0,8
11,857390,-43083.55,99.29,1.35,4/21/24,Hadestown,Walter Kerr Theatre,117.58,0,7292,918,8,0
12,1897663.25,-75044,99.26,-0.49,4/21/24,Hamilton,Richard Rodgers Theatre,180.49,399,10514,1324,8,0
13,1141595.9,-94674,80.44,-4.12,4/21/24,Harry Potter and the Cursed Child,Lyric Theatre,109.37,299,10438,1622,8,0
14,262178.8,47588.55,80.65,6.55,4/21/24,The Heart of Rock and Roll,James Earl Jones Theatre,37.94,267,6910,1071,0,8
15,776634.4,-160628.01,97.74,1.43,4/21/24,Hell's Kitchen,Sam S. Shubert Theatre,78.66,323,9873,1443,1,6
16,511958,37105.9,82.94,-2.57,4/21/24,Kimberly Akimbo,Booth Theatre,99.82,273,5129,773,8,0
17,354584.6,10504.3,74.95,-19.1,4/21/24,Lempicka,Longacre Theatre,56.48,248,6278,1047,8,0
18,2174986.25,124795.65,93.79,2.49,4/21/24,The Lion King,Minskoff Theatre,170.92,277,12725,1696,8,0
19,373284,94239,95.82,9.23,4/21/24,Mary Jane,Samuel J. Friedman Theatre,75.73,299,4929,643,0,8
20,1313359.2,-152144.8,100,0,4/21/24,Merrily We Roll Along,Hudson Theatre,169.95,649,7728,966,8,0
21,1509885,36206,92.7,1.96,4/21/24,MJ The Musical,Neil Simon Theatre,146.79,329,10286,1387,8,0
22,520636.25,-17778.75,98.77,-0.5,4/21/24,Mother Play,Helen Hayes Theater,113.4,296.5,4591,581,0,8
23,1400281.95,11649.18,99.72,0.15,4/21/24,Moulin Rouge! The Musical,Al Hirschfeld Theatre,135.02,0,10371,1300,8,0
24,772045.94,-6283.96,85.18,0.72,4/21/24,The Notebook,Gerald Schoenfeld Theatre,111.41,323,6930,1017,8,0
25,889737.8,101771.65,98.7,-0.8,4/21/24,The Outsiders,Bernard B. Jacobs Theatre,110.14,278,8078,1023,8,0
26,375842.25,2843.6,92.31,10.72,4/21/24,Patriots,Ethel Barrymore Theatre,56.2,273,6688,1035,0,7
27,926211.4,-14455.9,97.68,1.22,4/21/24,SIX: The Musical,Lena Horne Theatre,114.96,249,8057,1031,8,0
28,335736.8,-104321.45,100,0,4/21/24,Stereophonic,John Golden Theatre,61.65,297,5446,778,2,5
29,555011.7,-54372.6,93.44,-4.79,4/21/24,Suffs,Music Box Theatre,76.31,278,7273,973,5,3
30,1391061.2,59555.4,95.96,2.98,4/21/24,Sweeney Todd,Lunt-Fontanne Theatre,138.25,329,10062,1498,7,0
31,928893,-66679,98.42,0.15,4/21/24,Uncle Vanya,Vivian Beaumont Theater,112.68,299,8244,1047,0,8
32,1032068.31,86471.31,82.34,10.16,4/21/24,Water For Elephants,Imperial Theatre,113.13,278,9123,1385,8,0
33,1028078.45,-17539.9,82.6,-1.89,4/21/24,The Who's Tommy,Nederlander Theatre,132.42,299,7764,1175,8,0
34,1966132,8771,97.09,-0.92,4/21/24,Wicked,Gershwin Theatre,131.43,275,14959,1926,8,0
35,1481592.4,193535.8,98.83,5.49,4/21/24,The Wiz,Marquis Theatre,117.12,399,12650,1600,7,1
0,1097034.1,-162245.1,95.19,-2.87,4/14/24,& Juliet,Stephen Sondheim Theatre,140.41,323,7813,1026,8,0
1,1395335.6,-471290.6,94.06,-2.37,4/14/24,Aladdin,New Amsterdam Theatre,107.37,215.5,12996,1727,8,0
2,649236.45,-19306.25,88.67,-3.53,4/14/24,Appropriate,Belasco Theatre,112.58,297,5767,813,8,0
3,1113824.46,-241243.84,89.97,-6.6,4/14/24,Back To The Future,Winter Garden Theatre,104.7,267,10638,1478,8,0
4,745128.05,-12187.4,54.63,-1.26,4/14/24,"A Beautiful Noise, The Neil Diamond Musical",Broadhurst Theatre,147.87,348,5039,1153,8,0
5,881216.26,-140022.38,94.55,-3.57,4/14/24,The Book of Mormon,Eugene O'Neill Theatre,109.29,0,8063,1066,8,0
6,1731227,201391.5,100,0,4/14/24,Cabaret,August Wilson Theatre,231.14,0,7490,1070,0,7
7,650362.1,-449678.6,73.77,-24.19,4/14/24,Chicago,Ambassador Theatre,102.03,237,6374,1080,8,0
8,549778.6,51140.95,96.21,1.66,4/14/24,Doubt,Todd Haimes Theatre,112.29,323,4896,727,7,0
9,1058686,7379.8,102.34,-0.24,4/14/24,An Enemy of the People,Circle in the Square Theatre,156.17,480,6779,828,8,0
10,944476.7,-178495.1,93.03,-6.97,4/14/24,The Great Gatsby,Broadway Theatre,97.67,277,9670,1485,0,7
11,900473.55,-86321.5,97.94,-1.57,4/14/24,Hadestown,Walter Kerr Theatre,125.19,0,7193,918,8,0
12,1972707.25,-81807.75,99.75,-1.35,4/14/24,Hamilton,Richard Rodgers Theatre,186.7,399,10566,1324,8,0
13,1236269.9,-360197.15,84.56,-9.31,4/14/24,Harry Potter and the Cursed Child,Lyric Theatre,112.66,299,10973,1622,8,0
14,214590.25,-56016.3,74.1,-0.18,4/14/24,The Heart of Rock and Roll,James Earl Jones Theatre,38.63,267,5555,1071,0,7
15,937262.41,-75820.35,96.31,-2.29,4/14/24,Hell's Kitchen,Sam S. Shubert Theatre,96.35,323,9728,1443,0,7
16,474852.1,12540.45,85.51,2.1,4/14/24,Kimberly Akimbo,Booth Theatre,89.8,273,5288,773,8,0
17,344080.3,-13676.6,94.05,7.05,4/14/24,Lempicka,Longacre Theatre,43.68,248,7878,1047,1,7
18,2050190.6,-582433.4,91.3,-4.64,4/14/24,The Lion King,Minskoff Theatre,165.5,277,12388,1696,8,0
19,279045,-69699,86.59,-4.23,4/14/24,Mary Jane,Samuel J. Friedman Theatre,100.23,299,2784,643,0,5
20,1465504,203585.4,100,0,4/14/24,Merrily We Roll Along,Hudson Theatre,189.64,649,7728,966,8,0
21,1473679,-213882,90.74,-7.1,4/14/24,MJ The Musical,Neil Simon Theatre,146.36,329,10069,1387,8,0
22,538415,46732,99.27,0.5,4/14/24,Mother Play,Helen Hayes Theater,116.69,247,4614,581,0,8
23,1388632.77,-39638.65,99.57,-0.49,4/14/24,Moulin Rouge! The Musical,Al Hirschfeld Theatre,134.1,0,10355,1300,8,0
24,778329.9,-96650.94,84.46,-9.03,4/14/24,The Notebook,Gerald Schoenfeld Theatre,113.26,323,6872,1017,8,0
25,787966.15,55893.55,99.5,-0.7,4/14/24,The Outsiders,Bernard B. Jacobs Theatre,96.77,278,8143,1023,4,4
26,372998.65,-3193.1,81.59,4.71,4/14/24,Patriots,Ethel Barrymore Theatre,63.1,273,5911,1035,0,7
27,940667.3,-78420.1,96.46,-2.41,4/14/24,SIX: The Musical,Lena Horne Theatre,118.23,249,7956,1031,8,0
28,440058.25,236314.6,100,0,4/14/24,Stereophonic,John Golden Theatre,80.8,297,5446,778,0,7
29,609384.3,88992.2,98.23,1.45,4/14/24,Suffs,Music Box Theatre,79.7,268,7646,973,0,8
30,1331505.8,-50685.9,92.98,-0.79,4/14/24,Sweeney Todd,Lunt-Fontanne Theatre,136.56,329,9750,1498,7,0
31,995572,333351,98.27,-1.75,4/14/24,Uncle Vanya,Vivian Beaumont Theater,120.95,299,8231,1047,0,8
32,945597,-80730.05,72.18,-9.09,4/14/24,Water For Elephants,Imperial Theatre,118.24,278,7997,1385,8,0
33,1045618.35,42360.8,84.49,-2.54,4/14/24,The Who's Tommy,Nederlander Theatre,131.66,299,7942,1175,8,0
34,1957361,-443102,98.01,-1.99,4/14/24,Wicked,Gershwin Theatre,129.62,275,15101,1926,8,0
35,1288056.6,-14482,93.34,-4.22,4/14/24,The Wiz,Marquis Theatre,123.98,399,10389,1590,0,7
0,1259279.2,-70328,98.06,-2.38,4/7/24,& Juliet,Stephen Sondheim Theatre,156.45,323,8049,1026,8,0
1,1866626.2,56415.5,96.43,-1.96,4/7/24,Aladdin,New Amsterdam Theatre,124.54,227.5,14988,1727,9,0
2,668542.7,-108998.6,92.2,-2.42,4/7/24,Appropriate,Belasco Theatre,111.48,297,5997,813,8,0
3,1355068.3,-77070.4,96.57,-4.53,4/7/24,Back To The Future,Winter Garden Theatre,118.67,247,11419,1478,8,0
4,757315.45,83631.8,55.89,-4.56,4/7/24,"A Beautiful Noise, The Neil Diamond Musical",Broadhurst Theatre,146.91,348,5155,1153,8,0
5,1021238.64,-112509.33,98.12,-3.19,4/7/24,The Book of Mormon,Eugene O'Neill Theatre,122.04,0,8368,1066,8,0
6,1529835.5,0,100,0,4/7/24,Cabaret,August Wilson Theatre,238.29,0,6420,1070,0,6
7,1100040.7,-3865.67,97.96,-3.71,4/7/24,Chicago,Ambassador Theatre,129.97,277,8464,1080,8,0
8,498637.65,18280.25,94.55,-1.5,4/7/24,Doubt,Todd Haimes Theatre,90.68,323,5499,727,8,0
9,1051306.2,-10034.3,102.58,-0.11,4/7/24,An Enemy of the People,Circle in the Square Theatre,154.72,480,6795,828,8,0
10,1122971.8,689331.8,100,0,4/7/24,The Great Gatsby,Broadway Theatre,108.03,277,10395,1485,0,7
11,986795.05,-130527.3,99.51,-1.55,4/7/24,Hadestown,Walter Kerr Theatre,135.03,0,7308,918,8,0
12,2054515,-11620.25,101.1,-0.08,4/7/24,Hamilton,Richard Rodgers Theatre,191.87,399,10708,1324,8,0
13,1596467.05,-202709.2,93.87,-5.93,4/7/24,Harry Potter and the Cursed Child,Lyric Theatre,131.06,299,12181,1622,8,0
14,270606.55,131461.4,74.28,-16.52,4/7/24,The Heart of Rock and Roll,James Earl Jones Theatre,48.59,267,5569,1071,0,7
15,1013082.76,388122.11,98.6,-1.4,4/7/24,Hell's Kitchen,Sam S. Shubert Theatre,101.72,323,9960,1443,0,7
16,462311.65,-84189.5,83.41,-7.26,4/7/24,Kimberly Akimbo,Booth Theatre,89.63,273,5158,773,8,0
17,357756.9,-58858.65,87,-9.41,4/7/24,Lempicka,Longacre Theatre,56.11,248,6376,1047,0,7
18,2632624,-545989,95.94,-1.75,4/7/24,The Lion King,Minskoff Theatre,202.25,299,13017,1696,8,0
19,348744,0,90.82,0,4/7/24,Mary Jane,Samuel J. Friedman Theatre,99.53,299,3504,643,0,6
20,1261918.6,-265719.4,100,0,4/7/24,Merrily We Roll Along,Hudson Theatre,163.29,649,7728,966,8,0
21,1687561,-90140,97.84,-1.8,4/7/24,MJ The Musical,Neil Simon Theatre,155.45,329,10856,1387,8,0
22,491683,0,98.77,0,4/7/24,Mother Play,Helen Hayes Theater,122.4,247,4017,581,0,7
23,1428271.42,-71732.55,100.06,-0.28,4/7/24,Moulin Rouge! The Musical,Al Hirschfeld Theatre,137.25,0,10406,1300,8,0
24,874980.84,-71143.66,93.49,-6.26,4/7/24,The Notebook,Gerald Schoenfeld Theatre,115.04,323,7606,1017,8,0
25,732072.6,30291.4,100.2,0.2,4/7/24,The Outsiders,Bernard B. Jacobs Theatre,102.83,268,7119,1015,0,7
26,376191.75,0,76.88,0,4/7/24,Patriots,Ethel Barrymore Theatre,67.54,273,5570,1035,0,7
27,1019087.4,-47938.1,98.87,-2,4/7/24,SIX: The Musical,Lena Horne Theatre,124.96,249,8155,1031,8,0
28,1119156.83,-3628.97,88.85,-7.72,4/7/24,Spamalot,St. James Theatre,95.25,0,11750,1653,8,0
29,203743.65,0,100,0,4/7/24,Stereophonic,John Golden Theatre,65.47,248,3112,778,0,4
30,520392.1,59768.7,96.78,-3.67,4/7/24,Suffs,Music Box Theatre,78.94,257,6592,973,0,7
31,1382191.7,-115392.8,93.77,-6.68,4/7/24,Sweeney Todd,Lunt-Fontanne Theatre,140.57,329,9833,1498,7,0
32,662221,0,100.02,0,4/7/24,Uncle Vanya,Vivian Beaumont Theater,126.47,299,5236,1047,0,5
33,1026327.05,-123090.71,81.27,-14.52,4/7/24,Water For Elephants,Imperial Theatre,113.97,278,9005,1385,8,0
34,1003257.55,46707.15,87.03,-11.11,4/7/24,The Who's Tommy,Nederlander Theatre,122.63,299,8181,1175,8,0
35,2400463,-510122,100,0,4/7/24,Wicked,Gershwin Theatre,155.79,275,15408,1926,8,0
36,1302538.6,361113.5,97.56,-2.44,4/7/24,The Wiz,Marquis Theatre,139.95,279,9307,1590,0,6
0,1329607.2,258573.3,100.44,3.63,3/31/24,& Juliet,Stephen Sondheim Theatre,161.28,323,8244,1026,8,0
1,1810210.7,417359.9,98.39,1.96,3/31/24,Aladdin,New Amsterdam Theatre,133.17,239.5,13593,1727,8,0
2,777541.3,0,94.62,0,3/31/24,Appropriate,Belasco Theatre,126.35,297,6154,813,8,0
3,1432138.7,305939.95,101.1,9.13,3/31/24,Back To The Future,Winter Garden Theatre,119.8,247,11954,1478,8,0
4,673683.65,16064.53,60.45,4.02,3/31/24,"A Beautiful Noise, The Neil Diamond Musical",Broadhurst Theatre,120.82,348,5576,1153,8,0
5,1133747.97,136720.29,101.31,2.33,3/31/24,The Book of Mormon,Eugene O'Neill Theatre,131.22,0,8640,1066,8,0
6,1103906.37,67691.95,101.67,2.33,3/31/24,Chicago,Ambassador Theatre,125.67,267,8784,1080,8,0
7,411616,17669.5,64.78,6.54,3/31/24,Days Of Wine And Roses,Studio 54,80.39,247,5120,988,8,0
8,480357.4,-91132.2,96.05,0.09,3/31/24,Doubt,Todd Haimes Theatre,98.27,323,4888,727,7,0
9,1061340.5,162987.44,102.69,-0.24,3/31/24,An Enemy of the People,Circle in the Square Theatre,156.03,480,6802,828,8,0
10,433640,0,100,0,3/31/24,The Great Gatsby,Broadway Theatre,146.01,297,2970,1485,0,2
11,1117322.35,91006.45,101.06,0.07,3/31/24,Hadestown,Walter Kerr Theatre,150.54,0,7422,918,8,0
12,2066135.25,114387.75,101.18,1.94,3/31/24,Hamilton,Richard Rodgers Theatre,192.79,399,10717,1324,8,0
13,1799176.25,484024.45,99.8,8.82,3/31/24,Harry Potter and the Cursed Child,Lyric Theatre,138.93,299,12950,1622,8,0
14,139145.15,0,90.8,0,3/31/24,The Heart of Rock and Roll,James Earl Jones Theatre,71.54,267,1945,1071,0,2
15,624960.65,0,100,0,3/31/24,Hell's Kitchen,Sam S. Shubert Theatre,144.37,323,4329,1443,0,3
16,546501.15,26728.45,90.67,8.22,3/31/24,Kimberly Akimbo,Booth Theatre,97.47,273,5607,773,8,0
17,416615.55,20756.7,96.41,0.12,3/31/24,Lempicka,Longacre Theatre,58.96,248,7066,1047,0,7
18,3178613,1116546.55,97.69,2.8,3/31/24,The Lion King,Minskoff Theatre,213.16,349,14912,1696,9,0
19,1527638,-85935,100,0,3/31/24,Merrily We Roll Along,Hudson Theatre,197.68,649,7728,966,8,0
20,1777701,267934,99.64,6.4,3/31/24,MJ The Musical,Neil Simon Theatre,160.79,329,11056,1387,8,0
21,1500003.97,135494.14,100.34,1.21,3/31/24,Moulin Rouge! The Musical,Al Hirschfeld Theatre,143.75,0,10435,1300,8,0
22,946124.5,51094.1,99.75,-0.02,3/31/24,The Notebook,Gerald Schoenfeld Theatre,116.58,323,8116,1017,8,0
23,701781.2,-23658.78,100,0.75,3/31/24,The Outsiders,Bernard B. Jacobs Theatre,115.24,247,6090,1015,0,6
24,1067025.5,73530.9,100.87,1.16,3/31/24,SIX: The Musical,Lena Horne Theatre,128.25,249,8320,1031,8,0
25,1122785.8,223668.68,96.57,10.79,3/31/24,Spamalot,St. James Theatre,90.15,0,12454,1612,8,0
26,460623.4,0,100.45,0,3/31/24,Suffs,Music Box Theatre,78.55,257,5864,973,0,6
27,1497584.5,135439.6,100.45,5.09,3/31/24,Sweeney Todd,Lunt-Fontanne Theatre,142.18,329,10533,1498,7,0
28,1149417.76,274149.1,95.79,9.62,3/31/24,Water For Elephants,Imperial Theatre,108.29,278,10614,1385,8,0
29,956550.4,134159.15,98.14,5.12,3/31/24,The Who's Tommy,Nederlander Theatre,103.69,299,9225,1175,4,4
30,2910585,867140.75,100,0.89,3/31/24,Wicked,Gershwin Theatre,167.91,275,17334,1926,9,0
31,941425.1,0,100,0,3/31/24,The Wiz,Marquis Theatre,148.02,329,6360,1590,0,4
0,1071033.9,-103562.4,96.81,-3.1,3/24/24,& Juliet,Stephen Sondheim Theatre,134.79,323,7946,1026,8,0
1,1392850.8,27117.8,96.43,2.12,3/24/24,Aladdin,New Amsterdam Theatre,104.54,227.5,13323,1727,8,0
2,1126198.75,-97427.15,91.97,-3.45,3/24/24,Back To The Future,Winter Garden Theatre,103.56,247,10875,1478,8,0
3,657619.12,51690.4,56.43,0.49,3/24/24,"A Beautiful Noise, The Neil Diamond Musical",Broadhurst Theatre,126.34,347.5,5205,1153,8,0
4,997027.68,-35624.13,98.98,-0.29,3/24/24,The Book of Mormon,Eugene O'Neill Theatre,118.12,0,8441,1066,8,0
5,1036214.42,140622.87,99.34,8.45,3/24/24,Chicago,Ambassador Theatre,120.73,242,8583,1080,8,0
6,393946.5,18709,58.24,-3.92,3/24/24,Days Of Wine And Roses,Studio 54,85.58,247,4603,988,8,0
7,571489.6,80062.6,95.96,-0.68,3/24/24,Doubt,Todd Haimes Theatre,102.4,323,5581,727,8,0
8,898353.06,-73835.44,102.93,-0.13,3/24/24,An Enemy of the People,Circle in the Square Theatre,131.76,480,6818,828,8,0
9,1026315.9,-158780.5,100.99,-0.43,3/24/24,Hadestown,Walter Kerr Theatre,138.37,0,7417,918,8,0
10,1951747.5,-53066,99.24,-1.69,3/24/24,Hamilton,Richard Rodgers Theatre,185.67,399,10512,1324,8,0
11,1315151.8,-66171.6,90.98,-3.5,3/24/24,Harry Potter and the Cursed Child,Lyric Theatre,111.4,299,11806,1622,8,0
12,519772.7,-62603.04,82.45,-12.5,3/24/24,Kimberly Akimbo,Booth Theatre,101.94,273,5099,773,8,0
13,395858.85,0,96.29,0,3/24/24,Lempicka,Longacre Theatre,65.44,248,6049,1047,0,6
14,2062066.45,-47970.85,94.89,-1.52,3/24/24,The Lion King,Minskoff Theatre,160.16,215,12875,1696,8,0
15,1613573,-10243,100,0,3/24/24,Merrily We Roll Along,Hudson Theatre,208.8,649,7728,966,8,0
16,1509767,-42264.75,93.24,-2.42,3/24/24,MJ The Musical,Neil Simon Theatre,145.93,329,10346,1387,8,0
17,1364509.83,-63327.71,99.13,-1.08,3/24/24,Moulin Rouge! The Musical,Al Hirschfeld Theatre,132.36,0,10309,1300,8,0
18,895030.4,127749.1,99.77,1.47,3/24/24,The Notebook,Gerald Schoenfeld Theatre,110.27,323,8117,1017,8,0
19,725439.98,575469.98,99.25,-0.75,3/24/24,The Outsiders,Bernard B. Jacobs Theatre,102.87,247,7052,1015,0,7
20,993494.6,24260,99.71,0.1,3/24/24,SIX: The Musical,Lena Horne Theatre,120.8,249,8224,1031,8,0
21,899117.12,36612.42,85.78,3.05,3/24/24,Spamalot,St. James Theatre,85.58,0,10506,1531,8,0
22,1362144.9,-48498.7,95.36,-3.3,3/24/24,Sweeney Todd,Lunt-Fontanne Theatre,136.23,329,9999,1498,7,0
23,875268.66,-23144.4,86.17,-7.68,3/24/24,Water For Elephants,Imperial Theatre,91.41,278,9575,1389,5,3
24,822391.25,-69483.25,93.02,3.33,3/24/24,The Who's Tommy,Nederlander Theatre,107.49,299,7651,1175,0,7
25,2043444.25,-61784.75,99.11,-0.86,3/24/24,Wicked,Gershwin Theatre,133.81,275,15271,1926,8,0
0,1174596.3,161079.6,99.91,8.45,3/17/24,& Juliet,Stephen Sondheim Theatre,143.23,323,8201,1026,8,0
1,1365733,158232,94.31,-1.23,3/17/24,Aladdin,New Amsterdam Theatre,104.81,215.5,13030,1727,8,0
2,1223625.9,247718.52,95.42,7.51,3/17/24,Back To The Future,Winter Garden Theatre,108.46,247,11282,1478,8,0
3,605928.72,-40259.43,55.94,2.22,3/17/24,"A Beautiful Noise, The Neil Diamond Musical",Broadhurst Theatre,117.43,347.5,5160,1153,8,0
4,1032651.81,117199.82,99.27,2.35,3/17/24,The Book of Mormon,Eugene O'Neill Theatre,121.98,0,8466,1066,8,0
5,895591.55,-82881.93,90.89,-5.8,3/17/24,Chicago,Ambassador Theatre,114.04,242,7853,1080,8,0
6,375237.5,11693,62.16,5.66,3/17/24,Days Of Wine And Roses,Studio 54,76.38,247,4913,988,8,0
7,491427,26293.6,96.64,4.5,3/17/24,Doubt,Todd Haimes Theatre,99.92,323,4918,727,7,0
8,972188.5,-136948.5,103.06,0.33,3/17/24,An Enemy of the People,Circle in the Square Theatre,142.4,480,6827,828,0,8
9,1185096.4,77143.05,101.42,0.06,3/17/24,Hadestown,Walter Kerr Theatre,159.12,0,7448,918,8,0
10,2004813.5,244476.5,100.93,0.5,3/17/24,Hamilton,Richard Rodgers Theatre,187.52,399,10691,1324,8,0
11,1381323.4,228765.75,94.48,3.82,3/17/24,Harry Potter and the Cursed Child,Lyric Theatre,112.67,299,12260,1622,8,0
12,582375.74,70175.84,94.95,11.75,3/17/24,Kimberly Akimbo,Booth Theatre,99.18,273,5872,773,8,0
13,2110037.3,491001,96.41,-1.27,3/17/24,The Lion King,Minskoff Theatre,161.31,215,13081,1696,8,0
14,1623816,61380,100,0,3/17/24,Merrily We Roll Along,Hudson Theatre,210.12,649,7728,966,8,0
15,1552031.75,303701.5,95.66,6.65,3/17/24,MJ The Musical,Neil Simon Theatre,146.22,329,10614,1387,8,0
16,1427837.54,123820.64,100.21,2.08,3/17/24,Moulin Rouge! The Musical,Al Hirschfeld Theatre,137,0,10422,1300,8,0
17,767281.3,-2105.38,98.3,-2.35,3/17/24,The Notebook,Gerald Schoenfeld Theatre,95.93,323,7998,1017,5,3
18,149970,0,100,0,3/17/24,The Outsiders,Bernard B. Jacobs Theatre,147.75,247,1015,1015,0,1
19,969234.6,23759.5,99.61,0.71,3/17/24,SIX: The Musical,Lena Horne Theatre,117.97,249,8216,1031,8,0
20,862504.7,190178.2,82.73,14.16,3/17/24,Spamalot,St. James Theatre,82.9,0,10404,1572,8,0
21,1410643.6,98253.1,98.66,3.32,3/17/24,Sweeney Todd,Lunt-Fontanne Theatre,136.35,329,10346,1498,7,0
22,898413.06,175335.81,93.85,1.24,3/17/24,Water For Elephants,Imperial Theatre,86.15,278,10429,1389,0,8
23,891874.5,546745.5,89.69,-10.31,3/17/24,The Who's Tommy,Nederlander Theatre,120.9,299,7377,1175,0,7
24,2105229,268961,99.97,2.34,3/17/24,Wicked,Gershwin Theatre,136.68,275,15403,1926,8,0
0,1013516.7,138130.5,91.46,4.03,3/10/24,& Juliet,Stephen Sondheim Theatre,135.01,323,7507,1026,8,0
1,1207501,172146.4,95.54,3.11,3/10/24,Aladdin,New Amsterdam Theatre,91.48,215.5,13200,1727,8,0
2,975907.38,173185.38,87.91,8.72,3/10/24,Back To The Future,Winter Garden Theatre,93.88,247,10395,1478,8,0
3,646188.15,53273.45,53.72,-1.86,3/10/24,"A Beautiful Noise, The Neil Diamond Musical",Broadhurst Theatre,130.41,347.5,4955,1153,8,0
4,915451.99,91060.53,96.92,3.69,3/10/24,The Book of Mormon,Eugene O'Neill Theatre,110.76,0,8265,1066,8,0
5,978473.48,168787.66,96.69,15.9,3/10/24,Chicago,Ambassador Theatre,117.13,257,8354,1080,8,0
6,363544.5,-1141,56.5,1.93,3/10/24,Days Of Wine And Roses,Studio 54,81.4,247,4466,988,8,0
7,465133.4,-5809,92.14,-1.64,3/10/24,Doubt,Todd Haimes Theatre,99.2,323,4689,727,5,2
8,1109137,103996,102.73,-0.43,3/10/24,An Enemy of the People,Circle in the Square Theatre,162.99,480,6805,828,0,8
9,1107953.35,85790.5,101.36,1.25,3/10/24,Hadestown,Walter Kerr Theatre,148.84,0,7444,918,8,0
10,1760337,212151.5,100.43,5.81,3/10/24,Hamilton,Richard Rodgers Theatre,165.48,399,10638,1324,8,0
11,1152557.65,201062.05,90.66,8.18,3/10/24,Harry Potter and the Cursed Child,Lyric Theatre,97.97,299,11764,1622,8,0
12,512199.9,45743.25,83.2,3.51,3/10/24,Kimberly Akimbo,Booth Theatre,99.55,273,5145,773,8,0
13,1619036.3,-14725.95,97.68,3.05,3/10/24,The Lion King,Minskoff Theatre,122.16,215,13253,1696,8,0
14,1562436,83509,100,0,3/10/24,Merrily We Roll Along,Hudson Theatre,202.18,649,7728,966,8,0
15,1248330.25,67024.5,89.01,5,3/10/24,MJ The Musical,Neil Simon Theatre,126.39,329,9877,1387,8,0
16,1304016.9,89864.22,98.13,-0.41,3/10/24,Moulin Rouge! The Musical,Al Hirschfeld Theatre,127.77,0,10206,1300,8,0
17,769386.68,-14375.92,100.65,2.08,3/10/24,The Notebook,Gerald Schoenfeld Theatre,93.95,323,8189,1017,0,8
18,945475.1,134248.2,98.9,4.72,3/10/24,SIX: The Musical,Lena Horne Theatre,115.91,249,8157,1031,8,0
19,672326.5,82356.35,68.57,8.93,3/10/24,Spamalot,St. James Theatre,84.58,0,7949,1449,8,0
20,1312390.5,113068,95.34,5.41,3/10/24,Sweeney Todd,Lunt-Fontanne Theatre,131.28,499,9997,1498,7,0
21,723077.25,182477.85,92.61,4.89,3/10/24,Water For Elephants,Imperial Theatre,80.31,278,9004,1389,0,7
22,345129,0,100,0,3/10/24,The Who's Tommy,Nederlander Theatre,146.86,299,2350,1175,0,2
23,1836268,232393.75,97.63,4.06,3/10/24,Wicked,Gershwin Theatre,125.96,275,14578,1867,8,0
0,875386.2,-262085.9,87.43,-12.41,3/3/24,& Juliet,Stephen Sondheim Theatre,121.99,323,7176,1026,8,0
1,1035354.6,-304662.4,92.43,-4.94,3/3/24,Aladdin,New Amsterdam Theatre,81.08,189.5,12770,1727,8,0
2,950927.25,91657.49,99.81,0.09,3/3/24,Appropriate,Belasco Theatre,204.99,396.5,4639,581,8,0
3,802722,-288078.17,79.19,-17.73,3/3/24,Back To The Future,Winter Garden Theatre,85.73,297,9363,1478,8,0
4,592914.7,-117028.8,55.58,-11.77,3/3/24,"A Beautiful Noise, The Neil Diamond Musical",Broadhurst Theatre,115.65,347.5,5127,1153,8,0
5,824391.46,-108965.39,93.23,-3.47,3/3/24,The Book of Mormon,Eugene O'Neill Theatre,103.68,0,7951,1066,8,0
6,809685.82,-159655.63,80.79,-11.1,3/3/24,Chicago,Ambassador Theatre,116,257,6980,1080,8,0
7,364685.5,-42149,54.57,-5.49,3/3/24,Days Of Wine And Roses,Studio 54,84.55,247,4313,988,8,0
8,470942.4,-84254.4,93.78,2.05,3/3/24,Doubt,Todd Haimes Theatre,86.35,323,5454,727,0,8
9,1005141,0,103.16,0,3/3/24,An Enemy of the People,Circle in the Square Theatre,168.11,480,5979,828,0,7
10,1022162.85,-14527.4,100.11,-1.17,3/3/24,Hadestown,Walter Kerr Theatre,139.03,0,7352,918,8,0
11,1548185.5,-328168,94.62,-5.44,3/3/24,Hamilton,Richard Rodgers Theatre,154.48,399,10022,1324,8,0
12,951495.6,-347176.9,82.48,-13.69,3/3/24,Harry Potter and the Cursed Child,Lyric Theatre,88.91,299,10702,1622,8,0
13,466456.65,-42874.6,79.69,-10.83,3/3/24,Kimberly Akimbo,Booth Theatre,94.65,273,4928,773,8,0
14,1633762.25,-371056.1,94.63,-4.46,3/3/24,The Lion King,Minskoff Theatre,127.25,215,12839,1696,8,0
15,1478927,-87419,100,0,3/3/24,Merrily We Roll Along,Hudson Theatre,191.37,649,7728,966,8,0
16,1181305.75,-297539.5,84.01,-11.73,3/3/24,MJ The Musical,Neil Simon Theatre,126.72,329,9322,1387,8,0
17,1214152.68,-136056.94,98.54,-1.4,3/3/24,Moulin Rouge! The Musical,Al Hirschfeld Theatre,118.48,0,10248,1300,8,0
18,783762.6,-96597.4,98.57,-1.18,3/3/24,The Notebook,Gerald Schoenfeld Theatre,111.69,323,7017,1017,0,7
19,679106,118818,98.84,4.88,3/3/24,Prayer For The French Republic,Samuel J. Friedman Theatre,134.82,299,5037,637,8,0
20,811226.9,-194146.4,94.18,-5.4,3/3/24,SIX: The Musical,Lena Horne Theatre,104.43,249,7768,1031,8,0
21,589970.15,-103463.8,59.64,-12.32,3/3/24,Spamalot,St. James Theatre,85.33,0,6914,1449,8,0
22,1199322.5,-225033.1,89.93,-8.11,3/3/24,Sweeney Todd,Lunt-Fontanne Theatre,127.18,499,9430,1498,7,0
23,540599.4,196106.4,87.72,-6.16,3/3/24,Water For Elephants,Imperial Theatre,87.97,278,6145,1401,0,5
24,1603874.25,-413815.5,93.57,-4.84,3/3/24,Wicked,Gershwin Theatre,118.58,275,13526,1807,8,0
0,1137472.1,-75296.2,99.84,2.93,2/25/24,& Juliet,Stephen Sondheim Theatre,138.8,323,8195,1026,8,0
1,1340017,-98887.3,97.37,-1.64,2/25/24,Aladdin,New Amsterdam Theatre,99.61,199.5,13453,1727,8,0
2,859269.76,291119.51,99.72,-0.25,2/25/24,Appropriate,Belasco Theatre,186.72,396.5,4602,577,8,0
3,1090800.17,-234348.02,96.92,-3.07,2/25/24,Back To The Future,Winter Garden Theatre,95.18,297,11460,1478,8,0
4,709943.5,-38295.82,67.35,2.54,2/25/24,"A Beautiful Noise, The Neil Diamond Musical",Broadhurst Theatre,114.29,347.5,6212,1153,8,0
5,933356.85,-157831.95,96.7,-2.41,2/25/24,The Book of Mormon,Eugene O'Neill Theatre,113.18,0,8247,1066,8,0
6,969341.45,-49214.2,91.89,-4.39,2/25/24,Chicago,Ambassador Theatre,122.1,257,7939,1080,8,0
7,406834.5,-6331.5,60.06,5.68,2/25/24,Days Of Wine And Roses,Studio 54,85.7,247,4747,988,8,0
8,555196.8,66118.5,91.73,0.12,2/25/24,Doubt,Todd Haimes Theatre,104.07,323,5335,727,0,8
9,1036690.25,-5388.9,101.28,0.46,2/25/24,Hadestown,Walter Kerr Theatre,139.38,0,7438,918,8,0
10,1876353.5,-84896.75,100.06,-0.82,2/25/24,Hamilton,Richard Rodgers Theatre,177.05,399,10598,1324,8,0
11,1298672.5,-203934.6,96.17,-1.64,2/25/24,Harry Potter and the Cursed Child,Lyric Theatre,104.07,299,12479,1622,8,0
12,509331.25,-93806.05,90.52,-2.85,2/25/24,Kimberly Akimbo,Booth Theatre,90.98,273,5598,773,8,0
13,2004818.35,504,99.09,0.59,2/25/24,The Lion King,Minskoff Theatre,149.11,215,13445,1696,8,0
14,1566346,-47135,100,0,2/25/24,Merrily We Roll Along,Hudson Theatre,202.68,649,7728,966,8,0
15,1478845.25,-86895.25,95.74,1.08,2/25/24,MJ The Musical,Neil Simon Theatre,139.21,329,10623,1387,8,0
16,1350209.62,-144734.37,99.94,0.23,2/25/24,Moulin Rouge! The Musical,Al Hirschfeld Theatre,129.9,0,10394,1300,8,0
17,880360,-133203,99.75,-1.09,2/25/24,The Notebook,Gerald Schoenfeld Theatre,123.98,323,7101,1017,0,7
18,560288,48833,93.96,2.54,2/25/24,Prayer For The French Republic,Samuel J. Friedman Theatre,117.02,299,4788,637,8,0
19,1005373.3,19023.3,99.58,0.32,2/25/24,SIX: The Musical,Lena Horne Theatre,122.41,249,8213,1031,8,0
20,693433.95,-235600.1,71.96,-15.2,2/25/24,Spamalot,St. James Theatre,83.13,0,8342,1449,8,0
21,1424355.6,-55360.4,98.04,6.29,2/25/24,Sweeney Todd,Lunt-Fontanne Theatre,138.56,499,10280,1498,7,0
22,344493,0,93.88,0,2/25/24,Water For Elephants,Imperial Theatre,130.49,278,2640,1406,0,2
23,2017689.75,83696.5,98.41,0.63,2/25/24,Wicked,Gershwin Theatre,133.07,275,15163,1926,8,0
0,1212768.3,315262,96.91,5.69,2/18/24,& Juliet,Stephen Sondheim Theatre,152.47,323,7954,1026,8,0
1,1438904.3,515753.8,99.01,12.62,2/18/24,Aladdin,New Amsterdam Theatre,105.19,215.5,13679,1727,8,0
2,568150.25,-138110.05,99.97,1.86,2/18/24,Appropriate,Belasco Theatre,195.64,376.5,2904,581,5,0
3,1325148.19,486782.37,99.99,17.95,2/18/24,Back To The Future,Winter Garden Theatre,112.08,297,11823,1478,8,0
4,748239.32,105515.62,64.81,3.85,2/18/24,"A Beautiful Noise, The Neil Diamond Musical",Broadhurst Theatre,125.17,347.5,5978,1153,8,0
5,1091188.8,301208.63,99.11,8.16,2/18/24,The Book of Mormon,Eugene O'Neill Theatre,129.1,0,8452,1066,8,0
6,1018555.65,188358.55,96.28,10.12,2/18/24,Chicago,Ambassador Theatre,122.44,257,8319,1080,8,0
7,413166,-12286,54.38,-7.45,2/18/24,Days Of Wine And Roses,Studio 54,96.13,277,4298,988,8,0
8,489078.3,41379.9,91.61,2.56,2/18/24,Doubt,Todd Haimes Theatre,104.91,323,4662,727,0,7
9,1042079.15,250502.3,100.82,3.35,2/18/24,Hadestown,Walter Kerr Theatre,140.75,0,7404,918,8,0
10,1961250.25,396155.5,100.88,4.41,2/18/24,Hamilton,Richard Rodgers Theatre,183.55,399,10685,1324,8,0
11,1502607.1,553485.3,97.81,17.42,2/18/24,Harry Potter and the Cursed Child,Lyric Theatre,118.39,299,12692,1622,8,0
12,603137.3,162457.54,93.37,15.25,2/18/24,Kimberly Akimbo,Booth Theatre,104.46,273,5774,773,8,0
13,2004314.35,499968.7,98.5,3.72,2/18/24,The Lion King,Minskoff Theatre,149.97,215,13365,1696,8,0
14,1613481,119109,100,0,2/18/24,Merrily We Roll Along,Hudson Theatre,208.78,649,7728,966,8,0
15,1565740.5,402016,94.66,9.37,2/18/24,MJ The Musical,Neil Simon Theatre,149.06,329,10504,1387,8,0
16,1494943.99,289338.68,99.71,1.32,2/18/24,Moulin Rouge! The Musical,Al Hirschfeld Theatre,144.16,0,10370,1300,8,0
17,1013563,648885,100.84,3,2/18/24,The Notebook,Gerald Schoenfeld Theatre,141.18,323,7179,1017,0,7
18,511455,-20078,91.42,0.13,2/18/24,Prayer For The French Republic,Samuel J. Friedman Theatre,109.78,299,4659,637,8,0
19,986350,251576.11,99.26,8.85,2/18/24,SIX: The Musical,Lena Horne Theatre,120.48,249,8187,1031,8,0
20,929034.05,344401.35,87.16,23.42,2/18/24,Spamalot,St. James Theatre,89.42,0,10390,1490,8,0
21,1479716,219531.1,91.75,1.78,2/18/24,Sweeney Todd,Lunt-Fontanne Theatre,153.8,499,9621,1498,7,0
22,1933993.25,630705.5,97.78,18.1,2/18/24,Wicked,Gershwin Theatre,132.47,275,14600,1867,8,0
0,897506.3,-113092.4,91.22,-7.34,2/11/24,& Juliet,Stephen Sondheim Theatre,119.88,323,7487,1026,8,0
1,923150.5,-145223.2,86.39,-7,2/11/24,Aladdin,New Amsterdam Theatre,77.34,189.5,11936,1727,8,0
2,706260.3,-55982.72,98.11,-0.1,2/11/24,Appropriate,Belasco Theatre,177.01,376.5,3990,581,7,0
3,838365.82,-114679.11,82.04,-9.01,2/11/24,Back To The Future,Winter Garden Theatre,86.42,297,9701,1478,8,0
4,642723.7,-184942.8,60.96,-18.32,2/11/24,"A Beautiful Noise, The Neil Diamond Musical",Broadhurst Theatre,114.3,347.5,5623,1153,8,0
5,789980.17,-118658.28,90.95,-6.27,2/11/24,The Book of Mormon,Eugene O'Neill Theatre,101.85,0,7756,1066,8,0
6,830197.1,-108980.3,86.16,-11.13,2/11/24,Chicago,Ambassador Theatre,111.53,277,7444,1080,8,0
7,425452,-96066.5,61.83,-22.94,2/11/24,Days Of Wine And Roses,Studio 54,87.06,247,4887,988,8,0
8,447698.4,290508.4,89.05,5.49,2/11/24,Doubt,Todd Haimes Theatre,98.79,323,4532,727,0,7
9,791576.85,55514.15,97.47,-2.35,2/11/24,Hadestown,Walter Kerr Theatre,110.59,0,7158,918,8,0
10,1565094.75,-91895.5,96.47,-2.91,2/11/24,Hamilton,Richard Rodgers Theatre,153.17,399,10218,1324,8,0
11,949121.8,-163930.05,80.39,-11.94,2/11/24,Harry Potter and the Cursed Child,Lyric Theatre,90.99,299,10431,1622,8,0
12,797305.43,168595.38,99.32,5.17,2/11/24,How to Dance in Ohio,Belasco Theatre,101.46,258,7858,989,8,0
13,440679.76,-58249.14,78.12,-8.99,2/11/24,Kimberly Akimbo,Booth Theatre,91.22,273,4831,773,8,0
14,1504345.65,-162482.35,94.78,1.33,2/11/24,The Lion King,Minskoff Theatre,116.98,215,12860,1696,8,0
15,1494372,-23097,100,0,2/11/24,Merrily We Roll Along,Hudson Theatre,193.37,649,7728,966,8,0
16,1163724.5,-153744,85.29,-9.2,2/11/24,MJ The Musical,Neil Simon Theatre,122.96,329,9464,1387,8,0
17,1205605.31,86012.67,98.39,0.57,2/11/24,Moulin Rouge! The Musical,Al Hirschfeld Theatre,117.82,0,10233,1300,8,0
18,364678,0,97.84,0,2/11/24,The Notebook,Gerald Schoenfeld Theatre,122.17,323,2985,1017,0,3
19,531533,37251,91.29,-5.33,2/11/24,Prayer For The French Republic,Samuel J. Friedman Theatre,114.26,299,4652,637,8,0
20,734773.89,-100623.91,90.41,-7.04,2/11/24,SIX: The Musical,Lena Horne Theatre,98.53,249,7457,1031,8,0
21,584632.7,-156255.45,63.74,-11.61,2/11/24,Spamalot,St. James Theatre,79.12,0,7389,1449,8,0
22,1260184.9,402762.5,89.97,-4.74,2/11/24,Sweeney Todd,Lunt-Fontanne Theatre,133.58,499,9434,1498,7,0
23,1303287.75,-298907.25,79.68,-19.41,2/11/24,Wicked,Gershwin Theatre,113.14,275,11519,1807,8,0
0,1010598.7,-48140.3,98.56,0.56,2/4/24,& Juliet,Stephen Sondheim Theatre,124.92,323,8090,1026,8,0
1,1068373.7,-51776,93.39,0.17,2/4/24,Aladdin,New Amsterdam Theatre,82.8,189.5,12903,1727,8,0
2,762243.02,-25046.83,98.21,-0.2,2/4/24,Appropriate,Belasco Theatre,166.98,376.5,4565,581,8,0
3,953044.93,-82960.41,91.05,0.29,2/4/24,Back To The Future,Winter Garden Theatre,88.52,297,10766,1478,8,0
4,827666.5,29163.2,79.28,8.39,2/4/24,"A Beautiful Noise, The Neil Diamond Musical",Broadhurst Theatre,113.18,347.5,7313,1153,8,0
5,908638.45,-12951.65,97.22,0.27,2/4/24,The Book of Mormon,Eugene O'Neill Theatre,109.59,0,8291,1066,8,0
6,939177.4,271029.85,97.29,11.63,2/4/24,Chicago,Ambassador Theatre,111.73,257,8406,1080,8,0
7,521518.5,139477,84.77,3.91,2/4/24,Days Of Wine And Roses,Studio 54,77.84,247,6700,988,8,0
8,157190,0,83.56,0,2/4/24,Doubt,Todd Haimes Theatre,129.37,327,1215,727,0,2
9,736062.7,2222.75,99.82,2.11,2/4/24,Hadestown,Walter Kerr Theatre,100.4,0,7331,918,8,0
10,1656990.25,-68799.25,99.38,-0.36,2/4/24,Hamilton,Richard Rodgers Theatre,157.42,399,10526,1324,8,0
11,853054.5,145977.79,98.98,0.71,2/4/24,Harmony,Ethel Barrymore Theatre,104.8,347.5,8140,1028,8,0
12,1113051.85,-32355.1,92.33,0.86,2/4/24,Harry Potter and the Cursed Child,Lyric Theatre,92.9,299,11981,1622,8,0
13,628710.05,124975.05,94.15,11.44,2/4/24,How to Dance in Ohio,Belasco Theatre,84.4,248,7449,989,8,0
14,498928.9,-25494.4,87.11,-5.95,2/4/24,Kimberly Akimbo,Booth Theatre,92.62,273,5387,773,8,0
15,1666828,-34481,93.45,-1.92,2/4/24,The Lion King,Minskoff Theatre,131.46,249,12679,1696,8,0
16,1517469,-81413,100,0,2/4/24,Merrily We Roll Along,Hudson Theatre,196.36,649,7728,966,8,0
17,1317468.5,-32151.5,94.49,2.51,2/4/24,MJ The Musical,Neil Simon Theatre,125.65,329,10485,1387,8,0
18,1119592.64,-503.99,97.82,1.15,2/4/24,Moulin Rouge! The Musical,Al Hirschfeld Theatre,110.06,0,10173,1300,8,0
19,494282,-9767,96.62,0.47,2/4/24,Prayer For The French Republic,Samuel J. Friedman Theatre,100.38,299,4924,637,8,0
20,706881.98,58090.28,80.94,-3.98,2/4/24,Purlie Victorious,Music Box Theatre,109.05,297,6482,1001,8,0
21,835397.8,-43847.2,97.45,-1.58,2/4/24,SIX: The Musical,Lena Horne Theatre,103.93,249,8038,1031,8,0
22,740888.15,-87465.15,75.35,3.07,2/4/24,Spamalot,St. James Theatre,82.49,0,8982,1490,8,0
23,857422.4,81341.2,94.71,4.42,2/4/24,Sweeney Todd,Lunt-Fontanne Theatre,86.34,299,9931,1498,7,0
24,1602195,-32138.5,99.09,1.66,2/4/24,Wicked,Gershwin Theatre,108.29,275,14796,1867,8,0
0,1058739,83984.7,98,5.29,1/28/24,& Juliet,Stephen Sondheim Theatre,131.62,323,8044,1026,8,0
1,1120149.7,69042.3,93.22,3.8,1/28/24,Aladdin,New Amsterdam Theatre,86.97,199.5,12879,1727,8,0
2,787289.85,86149.5,98.41,3.29,1/28/24,Appropriate,Belasco Theatre,172.12,376.5,4574,581,8,0
3,1036005.34,61461.34,90.76,5.36,1/28/24,Back To The Future,Winter Garden Theatre,96.53,297,10732,1478,8,0
4,798503.3,104081.65,70.89,15.2,1/28/24,"A Beautiful Noise, The Neil Diamond Musical",Broadhurst Theatre,122.11,347.5,6539,1153,8,0
5,921590.1,6486.2,96.95,1.12,1/28/24,The Book of Mormon,Eugene O'Neill Theatre,111.46,0,8268,1066,8,0
6,668147.55,65841.4,85.66,10.3,1/28/24,Chicago,Ambassador Theatre,90.28,237,7401,1080,8,0
7,382041.5,-35470.5,80.86,15.25,1/28/24,Days Of Wine And Roses,Studio 54,59.78,247,6391,988,1,7
8,1462226.84,298872.74,101.73,3.48,1/28/24,Gutenberg! The Musical!,James Earl Jones Theatre,168.87,497,8659,1064,8,0
9,733839.95,38544.2,97.71,1.99,1/28/24,Hadestown,Walter Kerr Theatre,102.26,0,7176,918,8,0
10,1725789.5,-36772.75,99.74,1.68,1/28/24,Hamilton,Richard Rodgers Theatre,163.37,399,10564,1324,8,0
11,707076.71,166716.94,98.27,18.48,1/28/24,Harmony,Ethel Barrymore Theatre,87.49,297,8082,1028,8,0
12,1145406.95,70679.05,91.47,5.59,1/28/24,Harry Potter and the Cursed Child,Lyric Theatre,96.5,299,11869,1622,8,0
13,503735,120692.95,82.71,19.29,1/28/24,How to Dance in Ohio,Belasco Theatre,76.98,247,6544,989,8,0
14,524423.3,36562.9,93.06,10.59,1/28/24,Kimberly Akimbo,Booth Theatre,91.12,273,5755,773,8,0
15,1701309,-111965,95.37,0.27,1/28/24,The Lion King,Minskoff Theatre,131.48,249,12940,1696,8,0
16,1598882,-89658,100,0,1/28/24,Merrily We Roll Along,Hudson Theatre,206.89,649,7728,966,8,0
17,1349620,-87102.5,91.98,-3.28,1/28/24,MJ The Musical,Neil Simon Theatre,132.24,329,10206,1387,8,0
18,1120096.63,43346.19,96.67,2.97,1/28/24,Moulin Rouge! The Musical,Al Hirschfeld Theatre,111.41,0,10054,1300,8,0
19,504049,69003,96.15,6.49,1/28/24,Prayer For The French Republic,Samuel J. Friedman Theatre,102.87,299,4900,637,8,0
20,648791.7,152014.6,84.92,22.08,1/28/24,Purlie Victorious,Music Box Theatre,95.41,297,6800,1001,8,0
21,879245,-890.8,99.03,2.52,1/28/24,SIX: The Musical,Lena Horne Theatre,107.65,299,8168,1031,8,0
22,828353.3,-4323.35,72.28,2.06,1/28/24,Spamalot,St. James Theatre,86.67,0,9558,1653,8,0
23,776081.2,-19318.7,90.29,-0.01,1/28/24,Sweeney Todd,Lunt-Fontanne Theatre,81.97,299,9468,1498,7,0
24,1634333.5,-61426.5,97.43,-1.19,1/28/24,Wicked,Gershwin Theatre,112.34,275,14548,1867,8,0
0,974754.3,-193189.6,92.71,-2.65,1/21/24,& Juliet,Stephen Sondheim Theatre,128.09,323,7610,1026,8,0
1,1051107.4,229510.4,89.42,-3.05,1/21/24,Aladdin,New Amsterdam Theatre,85.08,189.5,12354,1727,8,0
2,701140.35,248266.1,95.12,11.4,1/21/24,Appropriate,Belasco Theatre,158.59,372.5,4421,581,8,0
3,974544,-243499.31,85.4,-11.4,1/21/24,Back To The Future,Winter Garden Theatre,96.51,297,10098,1478,8,0
4,694421.65,-51901.5,55.69,-3.11,1/21/24,"A Beautiful Noise, The Neil Diamond Musical",Broadhurst Theatre,135.18,347.5,5137,1153,8,0
5,915103.9,-103504.38,95.83,-0.98,1/21/24,The Book of Mormon,Eugene O'Neill Theatre,111.98,0,8172,1066,8,0
6,602306.15,-78063.83,75.36,-4.95,1/21/24,Chicago,Ambassador Theatre,92.51,237,6511,1080,8,0
7,417512,-73428.5,65.61,-16.04,1/21/24,Days Of Wine And Roses,Studio 54,80.51,247,5186,988,0,8
8,1163354.1,-45380.8,98.25,-0.54,1/21/24,Gutenberg! The Musical!,James Earl Jones Theatre,139.11,397,8363,1064,8,0
9,695295.75,-136539.2,95.72,-4.51,1/21/24,Hadestown,Walter Kerr Theatre,98.9,0,7030,918,8,0
10,1762562.25,-139287.5,98.06,-2.53,1/21/24,Hamilton,Richard Rodgers Theatre,169.69,399,10387,1324,8,0
11,540359.77,5591.06,79.79,3.21,1/21/24,Harmony,Ethel Barrymore Theatre,82.35,297,6562,1028,8,0
12,1074727.9,-312959.4,85.88,-8.29,1/21/24,Harry Potter and the Cursed Child,Lyric Theatre,96.44,299,11144,1622,8,0
13,383042.05,-4275.75,63.42,0.41,1/21/24,How to Dance in Ohio,Belasco Theatre,76.33,247,5018,989,8,0
14,487860.4,-83823.6,82.47,-8.98,1/21/24,Kimberly Akimbo,Booth Theatre,95.66,273,5100,773,8,0
15,1813274,-105498,95.1,-0.51,1/21/24,The Lion King,Minskoff Theatre,140.53,279,12903,1696,8,0
16,1688540,-146327,100,0,1/21/24,Merrily We Roll Along,Hudson Theatre,218.5,649,7728,966,8,0
17,1436722.5,35465,95.26,5.8,1/21/24,MJ The Musical,Neil Simon Theatre,135.92,399,10570,1387,8,0
18,1076750.44,-94680.12,93.7,-5.49,1/21/24,Moulin Rouge! The Musical,Al Hirschfeld Theatre,110.49,0,9745,1300,8,0
19,435046,103305,89.66,-7.31,1/21/24,Prayer For The French Republic,Samuel J. Friedman Theatre,95.22,299,4569,637,8,0
20,496777.1,-42871.95,62.84,-2.33,1/21/24,Purlie Victorious,Music Box Theatre,98.72,297,5032,1001,8,0
21,880135.8,-126544.7,96.51,-1.64,1/21/24,SIX: The Musical,Lena Horne Theatre,110.57,299,7960,1031,8,0
22,832676.65,-220389.3,70.22,-17.23,1/21/24,Spamalot,St. James Theatre,89.67,0,9286,1653,8,0
23,795399.9,-1315746.6,90.3,-10.49,1/21/24,Sweeney Todd,Lunt-Fontanne Theatre,84,599,9469,1498,7,0
24,1695760,-62006,98.62,5.83,1/21/24,Wicked,Gershwin Theatre,118.94,275,14257,1807,8,0
0,1167943.9,49882,95.36,-4.63,1/14/24,& Juliet,Stephen Sondheim Theatre,149.22,323,7827,1026,8,0
1,821597,-795409.1,92.47,-5.52,1/14/24,Aladdin,New Amsterdam Theatre,85.74,199.5,9582,1727,6,0
2,452874.25,-145700.95,83.72,-10.6,1/14/24,Appropriate,Belasco Theatre,133,372.5,3405,581,7,0
3,1218043.31,-156772.14,96.8,-2.35,1/14/24,Back To The Future,Winter Garden Theatre,106.42,297,11446,1478,8,0
4,746323.15,53292.45,58.8,-0.65,1/14/24,"A Beautiful Noise, The Neil Diamond Musical",Broadhurst Theatre,137.6,347.5,5424,1153,8,0
5,1018608.28,-84996.67,96.81,-3.61,1/14/24,The Book of Mormon,Eugene O'Neill Theatre,123.38,0,8256,1066,8,0
6,680369.98,-219736.87,80.31,-8.97,1/14/24,Chicago,Ambassador Theatre,98.05,237,6939,1080,8,0
7,490940.5,328847.5,81.65,-18.45,1/14/24,Days Of Wine And Roses,Studio 54,76.07,277,6454,988,0,8
8,1208734.9,152088.8,98.79,0.96,1/14/24,Gutenberg! The Musical!,James Earl Jones Theatre,143.74,397,8409,1064,8,0
9,831834.95,-1252.5,100.23,-0.8,1/14/24,Hadestown,Walter Kerr Theatre,113.01,0,7361,918,8,0
10,1901849.75,-86499.5,100.59,-0.72,1/14/24,Hamilton,Richard Rodgers Theatre,178.51,399,10654,1324,8,0
11,534768.71,88830.16,76.58,14.14,1/14/24,Harmony,Ethel Barrymore Theatre,84.91,297,6298,1028,8,0
12,1387687.3,-320651.1,94.17,-4.21,1/14/24,Harry Potter and the Cursed Child,Lyric Theatre,113.57,299,12219,1622,8,0
13,387317.8,39880.25,63.01,-4.74,1/14/24,How to Dance in Ohio,Belasco Theatre,77.7,247,4985,989,8,0
14,571684,25174.05,91.45,2.37,1/14/24,Kimberly Akimbo,Booth Theatre,101.09,273,5655,773,8,0
15,1918772,-525302,95.61,-0.55,1/14/24,The Lion King,Minskoff Theatre,147.92,279,12972,1696,8,0
16,1834867,49636,100,0,1/14/24,Merrily We Roll Along,Hudson Theatre,237.43,649,7728,966,8,0
17,1401257.5,-167901.5,89.46,-9.33,1/14/24,MJ The Musical,Neil Simon Theatre,141.16,399,9927,1387,8,0
18,1171430.56,-164093.68,99.19,-0.44,1/14/24,Moulin Rouge! The Musical,Al Hirschfeld Theatre,113.55,0,10316,1300,8,0
19,331741,-34782,96.97,5.98,1/14/24,Prayer For The French Republic,Samuel J. Friedman Theatre,76.72,299,4324,637,7,0
20,539649.05,53580.71,65.17,-2.42,1/14/24,Purlie Victorious,Music Box Theatre,103.4,297,5219,1001,8,0
21,1111037.6,186834,98.7,0.73,1/14/24,Shucked,Nederlander Theatre,120.16,299,9246,1171,8,0
22,1006680.5,-25698,98.15,0.74,1/14/24,SIX: The Musical,Lena Horne Theatre,124.36,299,8095,1031,8,0
23,1053065.95,-28899.25,87.45,-4.27,1/14/24,Spamalot,St. James Theatre,91.06,0,11564,1653,8,0
24,2111146.5,73293.5,100.79,-0.01,1/14/24,Sweeney Todd,Lunt-Fontanne Theatre,199.75,599,10569,1498,7,0
25,1757766,-367049,92.79,-5.72,1/14/24,Wicked,Gershwin Theatre,131.05,275,13413,1807,8,0
0,1118061.9,-665989.1,99.99,-0.59,1/7/24,& Juliet,Stephen Sondheim Theatre,155.7,323,7181,1026,7,0
1,1617006.1,-1362722.2,97.99,-1.69,1/7/24,Aladdin,New Amsterdam Theatre,119.44,215.5,13538,1727,8,0
2,598575.2,-154449.2,94.32,-3.83,1/7/24,Appropriate,Belasco Theatre,156.04,372.5,3836,581,7,0
3,1374815.45,-734608.51,99.15,-2.3,1/7/24,Back To The Future,Winter Garden Theatre,117.27,297,11724,1478,8,0
4,693030.7,-421599.3,59.45,-19.34,1/7/24,"A Beautiful Noise, The Neil Diamond Musical",Broadhurst Theatre,126.37,347.5,5484,1153,8,0
5,1103604.95,-427321.13,100.42,-1.6,1/7/24,The Book of Mormon,Eugene O'Neill Theatre,128.87,0,8564,1066,8,0
6,900106.85,-551901.65,89.28,-11.81,1/7/24,Chicago,Ambassador Theatre,116.68,257,7714,1080,8,0
7,162093,0,100.1,0,1/7/24,Days Of Wine And Roses,Studio 54,81.95,247,1978,988,0,2
8,1056646.1,-223951,97.83,-2.69,1/7/24,Gutenberg! The Musical!,James Earl Jones Theatre,126.89,347,8327,1064,8,0
9,833087.45,-281361.8,101.03,-0.15,1/7/24,Hadestown,Walter Kerr Theatre,112.28,0,7420,918,8,0
10,1988349.25,-416617.75,101.31,-0.18,1/7/24,Hamilton,Richard Rodgers Theatre,185.29,549,10731,1324,8,0
11,445938.55,-109261.19,62.44,-6.94,1/7/24,Harmony,Ethel Barrymore Theatre,86.84,297,5135,1028,8,0
12,1708338.4,-1010149.1,98.38,-0.56,1/7/24,Harry Potter and the Cursed Child,Lyric Theatre,133.82,299,12766,1622,8,0
13,347437.55,-189002.95,67.75,-15.82,1/7/24,How to Dance in Ohio,Belasco Theatre,74.08,247,4690,989,7,0
14,546509.95,-173820.05,89.08,-7.09,1/7/24,Kimberly Akimbo,Booth Theatre,99.2,273,5509,773,8,0
15,2444074,-1872555,96.16,-2.51,1/7/24,The Lion King,Minskoff Theatre,187.33,299,13047,1696,8,0
16,1785231,-210127,100,0,1/7/24,Merrily We Roll Along,Hudson Theatre,231.01,649,7728,966,8,0
17,1569159,-1044682,98.79,-1.58,1/7/24,MJ The Musical,Neil Simon Theatre,163.59,399,9592,1387,7,0
18,1335524.24,-450629.86,99.63,-0.3,1/7/24,Moulin Rouge! The Musical,Al Hirschfeld Theatre,128.9,0,10361,1300,8,0
19,366523,116187,90.99,2.54,1/7/24,Prayer For The French Republic,Samuel J. Friedman Theatre,79.04,279,4637,637,0,8
20,486068.34,-115466.96,67.59,8.18,1/7/24,Purlie Victorious,Music Box Theatre,102.63,297,4736,1001,7,0
21,924203.6,-126047,97.97,-1.4,1/7/24,Shucked,Nederlander Theatre,100.7,275,9178,1171,8,0
22,1032378.5,-626625.5,97.41,-3.04,1/7/24,SIX: The Musical,Lena Horne Theatre,128.5,399,8034,1031,8,0
23,1081965.2,-421221.45,91.72,-4.81,1/7/24,Spamalot,St. James Theatre,89.2,0,12129,1653,8,0
24,2037853,-223425.5,100.8,0.98,1/7/24,Sweeney Todd,Lunt-Fontanne Theatre,192.8,499,10570,1498,7,0
25,2124815,-1878418,98.51,-1.46,1/7/24,Wicked,Gershwin Theatre,139.99,275,15178,1926,8,0
0,1784051,436010.8,100.58,1.83,12/31/23,& Juliet,Stephen Sondheim Theatre,192.08,397,9288,1026,9,0
1,2979728.3,1048345.4,99.68,1.87,12/31/23,Aladdin,New Amsterdam Theatre,192.31,325.5,15494,1727,9,0
2,753024.4,228161.55,98.15,10.59,12/31/23,Appropriate,Belasco Theatre,165.06,346.5,4562,581,8,0
3,2109423.96,558216.82,101.45,2.09,12/31/23,Back To The Future,Winter Garden Theatre,175.84,347,11996,1478,8,0
4,1114630,419423,78.79,17.79,12/31/23,"A Beautiful Noise, The Neil Diamond Musical",Broadhurst Theatre,136.33,348,8176,1153,9,0
5,1530926.08,230907.12,102.02,4.6,12/31/23,The Book of Mormon,Eugene O'Neill Theatre,175.97,0,8700,1066,8,0
6,1452008.5,641560.5,101.09,6.38,12/31/23,Chicago,Ambassador Theatre,147.77,267,9826,1080,9,0
7,1280597.1,294728.3,100.52,6.64,12/31/23,Gutenberg! The Musical!,James Earl Jones Theatre,149.67,378,8556,1064,8,0
8,1114449.25,272130.1,101.18,1.6,12/31/23,Hadestown,Walter Kerr Theatre,149.97,0,7431,918,8,0
9,2404967,88018,101.49,0.36,12/31/23,Hamilton,Richard Rodgers Theatre,223.72,549,10750,1324,8,0
10,555199.74,165196.88,69.38,13.65,12/31/23,Harmony,Ethel Barrymore Theatre,86.49,297,6419,1028,9,0
11,2718487.5,681285.4,98.94,4.18,12/31/23,Harry Potter and the Cursed Child,Lyric Theatre,211.74,425,12839,1622,8,0
12,536440.5,212972.85,83.57,20.6,12/31/23,How to Dance in Ohio,Belasco Theatre,81.13,273,6612,989,8,0
13,905467.2,70404,99.56,0.52,12/31/23,I Need That,American Airlines Theatre,153.63,307,5894,740,8,0
14,720330,257454.85,96.17,22.38,12/31/23,Kimberly Akimbo,Booth Theatre,121.12,273,5947,773,8,0
15,4316629,1212358,98.67,3.52,12/31/23,The Lion King,Minskoff Theatre,286.61,599,15061,1696,9,0
16,1995358,129378,100,0,12/31/23,Merrily We Roll Along,Hudson Theatre,258.2,649,7728,966,8,0
17,2613841,735600,100.37,1.74,12/31/23,MJ The Musical,Neil Simon Theatre,208.62,399,12529,1387,9,0
18,1786154.1,339472.76,99.93,1.37,12/31/23,Moulin Rouge! The Musical,Al Hirschfeld Theatre,171.86,0,10393,1300,8,0
19,250336,15714,88.45,3.36,12/31/23,Prayer For The French Republic,Samuel J. Friedman Theatre,88.87,279,2817,637,0,5
20,601535.3,135816.3,59.41,7.02,12/31/23,Purlie Victorious,Music Box Theatre,112.39,297,5352,1001,9,0
21,1050250.6,315645.4,99.37,11.89,12/31/23,Shucked,Nederlander Theatre,112.82,299,9309,1171,8,0
22,1659004,651483.9,100.45,3.05,12/31/23,SIX: The Musical,Lena Horne Theatre,177.99,499,9321,1031,9,0
23,1398818.06,460390.81,96.6,9.87,12/31/23,Some Like It Hot,Sam S. Shubert Theatre,125.01,297,11190,1448,8,0
24,1503186.65,453255.45,96.53,15.52,12/31/23,Spamalot,St. James Theatre,117.76,0,12765,1653,8,0
25,2261278.5,389132,99.82,-0.3,12/31/23,Sweeney Todd,Lunt-Fontanne Theatre,216.04,549,10467,1498,7,0
26,4003233,1477267,99.97,0.09,12/31/23,Wicked,Gershwin Theatre,231.01,275,17329,1926,9,0
0,1348040.2,149003.3,98.75,6.17,12/24/23,& Juliet,Stephen Sondheim Theatre,166.32,373,8105,1026,8,0
1,1931382.9,355551.3,97.81,3.3,12/24/23,Aladdin,New Amsterdam Theatre,142.93,275.5,13513,1727,8,0
2,524862.85,11192.7,87.56,-11.06,12/24/23,Appropriate,Belasco Theatre,128.96,346.5,4070,581,8,0
3,1551207.14,186268.76,99.36,7.95,12/24/23,Back To The Future,Winter Garden Theatre,132.04,347,11748,1478,8,0
4,695207,-302070,61,-11.04,12/24/23,"A Beautiful Noise, The Neil Diamond Musical",Broadhurst Theatre,141.22,347.5,4923,1153,7,0
5,1300018.96,97074.24,97.42,0.42,12/24/23,The Book of Mormon,Eugene O'Neill Theatre,156.48,0,8308,1066,8,0
6,810448,12212.7,94.71,6.98,12/24/23,Chicago,Ambassador Theatre,113.19,237,7160,1080,7,0
7,985868.8,-41136.5,93.88,-1.02,12/24/23,Gutenberg! The Musical!,James Earl Jones Theatre,123.37,297,7991,1064,8,0
8,842319.15,77729.95,99.58,1.83,12/24/23,Hadestown,Walter Kerr Theatre,115.18,0,7313,918,8,0
9,2316949,328472,101.13,0.1,12/24/23,Hamilton,Richard Rodgers Theatre,216.29,449,10712,1324,8,0
10,390002.86,-153628.08,55.73,-2.55,12/24/23,Harmony,Ethel Barrymore Theatre,97.26,297,4010,1028,7,0
11,2037202.1,521403.3,94.76,7.68,12/24/23,Harry Potter and the Cursed Child,Lyric Theatre,165.68,425,12296,1622,8,0
12,323467.65,-40578.45,62.97,-6.63,12/24/23,How to Dance in Ohio,Belasco Theatre,64.93,247,4982,989,8,0
13,835063.2,13475.4,99.04,0.04,12/24/23,I Need That,American Airlines Theatre,142.43,323,5863,740,8,0
14,462875.15,-65647.65,73.79,-3.25,12/24/23,Kimberly Akimbo,Booth Theatre,101.44,273,4563,773,8,0
15,3104271,594938,95.15,-0.72,12/24/23,The Lion King,Minskoff Theatre,240.45,199,12910,1696,8,0
16,1865980,-66261,100,0,12/24/23,Merrily We Roll Along,Hudson Theatre,241.46,649,7728,966,8,0
17,1878241,195232,98.63,3.83,12/24/23,MJ The Musical,Neil Simon Theatre,171.62,250,10944,1387,8,0
18,1446681.34,-84704.06,98.56,-1.04,12/24/23,Moulin Rouge! The Musical,Al Hirschfeld Theatre,141.14,0,10250,1300,8,0
19,234622,0,85.09,0,12/24/23,Prayer For The French Republic,Samuel J. Friedman Theatre,86.58,279,2710,637,0,5
20,465719,-131537.88,52.39,-14.49,12/24/23,Purlie Victorious,Music Box Theatre,111.02,297,4195,1001,8,0
21,734605.2,-151034.4,87.48,-4.48,12/24/23,Shucked,Nederlander Theatre,89.64,179,8195,1171,8,0
22,1007520.1,-110631.9,97.4,0.35,12/24/23,SIX: The Musical,Lena Horne Theatre,143.34,249,7029,1031,7,0
23,938427.25,-12768.45,86.73,6.17,12/24/23,Some Like It Hot,Sam S. Shubert Theatre,93.4,297,10047,1448,8,0
24,1049931.2,131237.9,81.01,4.35,12/24/23,Spamalot,St. James Theatre,98.01,0,10713,1653,8,0
25,1872146.5,48419.25,100.12,0.97,12/24/23,Sweeney Todd,Lunt-Fontanne Theatre,178.32,399,10499,1498,7,0
26,2525966,216726,99.88,-0.09,12/24/23,Wicked,Gershwin Theatre,164.13,275,15390,1926,8,0
0,1199036.9,-24434.5,92.58,-2.52,12/17/23,& Juliet,Stephen Sondheim Theatre,157.79,373,7599,1026,8,0
1,1575831.6,33143.5,94.51,-1.96,12/17/23,Aladdin,New Amsterdam Theatre,120.69,249.5,13057,1727,8,0
2,513670.15,-16138.75,98.62,0.34,12/17/23,Appropriate,Belasco Theatre,112.06,326.5,4584,581,0,8
3,1364938.38,26824.42,91.41,0.34,12/17/23,Back To The Future,Winter Garden Theatre,126.29,297,10808,1478,8,0
4,997277,-211840.72,72.04,-11.12,12/17/23,"A Beautiful Noise, The Neil Diamond Musical",Broadhurst Theatre,150.08,347.5,6645,1153,8,0
5,1202944.72,79450.47,97,-0.3,12/17/23,The Book of Mormon,Eugene O'Neill Theatre,145.42,0,8272,1066,8,0
6,798235.3,24654.4,87.73,1.56,12/17/23,Chicago,Ambassador Theatre,105.31,237,7580,1080,8,0
7,1027005.3,8929.18,94.9,3.34,12/17/23,Gutenberg! The Musical!,James Earl Jones Theatre,127.14,297,8078,1064,8,0
8,764589.2,59744.9,97.75,0.79,12/17/23,Hadestown,Walter Kerr Theatre,106.5,0,7179,918,8,0
9,1988477,164416,101.03,0.26,12/17/23,Hamilton,Richard Rodgers Theatre,185.82,449,10701,1324,8,0
10,543630.94,-50479.94,58.28,-3.25,12/17/23,Harmony,Ethel Barrymore Theatre,113.42,297,4793,1028,8,0
11,1515798.8,101851.4,87.08,-3.78,12/17/23,Harry Potter and the Cursed Child,Lyric Theatre,134.15,299,11299,1622,8,0
12,364046.1,55055.89,69.6,-17.85,12/17/23,How to Dance in Ohio,Belasco Theatre,66.11,247,5507,989,8,0
13,821587.8,133670.6,99,1.8,12/17/23,I Need That,American Airlines Theatre,140.18,323,5861,740,8,0
14,528522.8,-18172.49,77.04,0.94,12/17/23,Kimberly Akimbo,Booth Theatre,110.94,273,4764,773,8,0
15,2509333,101030,95.87,1.97,12/17/23,The Lion King,Minskoff Theatre,192.92,199,13007,1696,8,0
16,1932241,8499,100,0,12/17/23,Merrily We Roll Along,Hudson Theatre,250.03,649,7728,966,8,0
17,1683009,-39416,94.8,-2.87,12/17/23,MJ The Musical,Neil Simon Theatre,160,250,10519,1387,8,0
18,1531385.4,67827.62,99.6,0.05,12/17/23,Moulin Rouge! The Musical,Al Hirschfeld Theatre,147.85,0,10358,1300,8,0
19,597256.88,738.08,66.88,2.96,12/17/23,Purlie Victorious,Music Box Theatre,111.51,297,5356,1001,8,0
20,885639.6,55387.2,91.96,1.86,12/17/23,Shucked,Nederlander Theatre,102.8,179,8615,1171,8,0
21,1118152,102428.7,97.05,3.52,12/17/23,SIX: The Musical,Lena Horne Theatre,139.68,249,8005,1031,8,0
22,951195.7,-12905.6,80.56,0.57,12/17/23,Some Like It Hot,Sam S. Shubert Theatre,101.93,297,9332,1448,8,0
23,918693.3,67974.65,76.66,3.95,12/17/23,Spamalot,St. James Theatre,90.62,0,10138,1653,8,0
24,1823727.25,-21556.75,99.15,-0.26,12/17/23,Sweeney Todd,Lunt-Fontanne Theatre,175.41,399,10397,1498,7,0
25,2309240,45537,99.97,0.33,12/17/23,Wicked,Gershwin Theatre,149.92,275,15403,1926,8,0
0,1223471.4,85353.5,95.1,3.79,12/10/23,& Juliet,Stephen Sondheim Theatre,156.73,323,7806,1026,8,0
1,1542688.1,42939.83,96.47,3.98,12/10/23,Aladdin,New Amsterdam Theatre,115.75,249.5,13328,1727,8,0
2,529808.9,46685,98.28,-0.1,12/10/23,Appropriate,Belasco Theatre,115.98,296.5,4568,581,0,8
3,1338113.96,147035.74,91.07,6.94,12/10/23,Back To The Future,Winter Garden Theatre,124.27,297,10768,1478,8,0
4,1209117.72,70138.02,83.16,4.48,12/10/23,"A Beautiful Noise, The Neil Diamond Musical",Broadhurst Theatre,157.62,347.5,7671,1153,8,0
5,1123494.25,113203.37,97.3,3.95,12/10/23,The Book of Mormon,Eugene O'Neill Theatre,135.39,0,8298,1066,8,0
6,773580.9,1065.75,86.17,-1.04,12/10/23,Chicago,Ambassador Theatre,103.91,237,7445,1080,8,0
7,1018076.12,43112.84,91.56,2.71,12/10/23,Gutenberg! The Musical!,James Earl Jones Theatre,130.62,347,7794,1064,8,0
8,704844.3,19052.7,96.96,2.32,12/10/23,Hadestown,Walter Kerr Theatre,101.75,0,6927,893,8,0
9,1824061,-148271,100.77,0.45,12/10/23,Hamilton,Richard Rodgers Theatre,170.89,449,10674,1324,8,0
10,594110.88,-55600.42,61.53,-6.5,12/10/23,Harmony,Ethel Barrymore Theatre,117.41,297,5060,1028,8,0
11,1413947.4,142346.3,90.86,5.79,12/10/23,Harry Potter and the Cursed Child,Lyric Theatre,119.93,299,11790,1622,8,0
12,308990.21,-45887.92,87.45,15.77,12/10/23,How to Dance in Ohio,Belasco Theatre,44.66,247,6919,989,1,7
13,687917.2,-37815.7,97.2,0.16,12/10/23,I Need That,American Airlines Theatre,119.55,323,5754,740,8,0
14,546695.29,24284.94,76.1,-1.96,12/10/23,Kimberly Akimbo,Booth Theatre,116.17,273,4706,773,8,0
15,2408303,8851,93.9,-0.4,12/10/23,The Lion King,Minskoff Theatre,189.03,199,12740,1696,8,0
16,1923742,39808,100,0,12/10/23,Merrily We Roll Along,Hudson Theatre,248.93,649,7728,966,8,0
17,1722425,78440,97.67,2.19,12/10/23,MJ The Musical,Neil Simon Theatre,158.92,250,10838,1387,8,0
18,1463557.78,61201.35,99.55,0.29,12/10/23,Moulin Rouge! The Musical,Al Hirschfeld Theatre,141.37,0,10353,1300,8,0
19,596518.8,46270,63.92,1.78,12/10/23,Purlie Victorious,Music Box Theatre,116.53,297,5119,1001,8,0
20,830252.4,7407.4,90.1,3.27,12/10/23,Shucked,Nederlander Theatre,98.36,179,8441,1171,8,0
21,1015723.3,-31207.7,93.53,0.32,12/10/23,SIX: The Musical,Lena Horne Theatre,131.67,249,7714,1031,8,0
22,964101.3,69487.15,79.99,4.62,12/10/23,Some Like It Hot,Sam S. Shubert Theatre,104.05,297,9266,1448,8,0
23,850718.65,27045.8,72.71,-2.65,12/10/23,Spamalot,St. James Theatre,88.48,0,9615,1653,8,0
24,1845284,245335,99.41,9.85,12/10/23,Sweeney Todd,Lunt-Fontanne Theatre,177.02,399,10424,1498,7,0
25,2263703,154069,99.64,0.15,12/10/23,Wicked,Gershwin Theatre,147.44,275,15353,1926,8,0
0,1138117.9,-321158.4,91.31,-8.71,12/3/23,& Juliet,Stephen Sondheim Theatre,151.85,323,7495,1026,8,0
1,1499748.27,-381706.83,92.49,-3.04,12/3/23,Aladdin,New Amsterdam Theatre,117.36,249.5,12779,1727,8,0
2,483123.9,0,98.38,0,12/3/23,Appropriate,Belasco Theatre,120.75,297,4001,581,0,7
3,1191078.22,-623486.98,84.13,-13.34,12/3/23,Back To The Future,Winter Garden Theatre,119.73,297,9948,1478,8,0
4,1138979.7,379108.59,78.68,21.81,12/3/23,"A Beautiful Noise, The Neil Diamond Musical",Broadhurst Theatre,156.95,347.5,7257,1153,8,0
5,1010290.88,-128133.98,93.35,-1.65,12/3/23,The Book of Mormon,Eugene O'Neill Theatre,126.91,0,7961,1066,8,0
6,772515.15,-33677,87.21,2.2,12/3/23,Chicago,Ambassador Theatre,102.52,237,7535,1080,8,0
7,974963.28,-121646.78,88.85,-6.1,12/3/23,Gutenberg! The Musical!,James Earl Jones Theatre,128.91,347,7563,1064,8,0
8,685791.6,-270005.2,94.64,-4,12/3/23,Hadestown,Walter Kerr Theatre,101.43,0,6761,893,8,0
9,1972332,-321552,100.32,-0.85,12/3/23,Hamilton,Richard Rodgers Theatre,185.61,449,10626,1324,8,0
10,649711.3,127608.92,68.03,10.11,12/3/23,Harmony,Ethel Barrymore Theatre,116.12,297,5595,1028,8,0
11,1271601.1,-536210.9,85.07,-4.97,12/3/23,Harry Potter and the Cursed Child,Lyric Theatre,115.19,299,11039,1622,8,0
12,354878.13,100239.18,71.68,-1.29,12/3/23,How to Dance in Ohio,Belasco Theatre,62.58,247,5671,989,0,8
13,725732.9,12790.9,97.04,-1.71,12/3/23,I Need That,American Airlines Theatre,126.32,323,5745,740,8,0
14,522410.35,-129574.36,78.06,-2.21,12/3/23,Kimberly Akimbo,Booth Theatre,108.23,273,4827,773,8,0
15,2399452,-513141,94.3,-4.77,12/3/23,The Lion King,Minskoff Theatre,187.53,199,12795,1696,8,0
16,1883934,-162354,100,0,12/3/23,Merrily We Roll Along,Hudson Theatre,243.78,649,7728,966,8,0
17,1643985,-268979,95.48,-2.19,12/3/23,MJ The Musical,Neil Simon Theatre,155.17,250,10595,1387,8,0
18,1402356.43,17768.27,99.26,-0.21,12/3/23,Moulin Rouge! The Musical,Al Hirschfeld Theatre,135.85,0,10323,1300,8,0
19,550248.8,75855.05,62.14,7.72,12/3/23,Purlie Victorious,Music Box Theatre,110.58,297,4976,1001,8,0
20,822845,-39426.4,86.83,-2.56,12/3/23,Shucked,Nederlander Theatre,101.16,179,8134,1171,8,0
21,1046931,-127479.4,93.21,-5.43,12/3/23,SIX: The Musical,Lena Horne Theatre,136.18,249,7688,1031,8,0
22,894614.15,15500.28,75.37,-0.76,12/3/23,Some Like It Hot,Sam S. Shubert Theatre,102.46,297,8731,1448,8,0
23,823672.85,-314922.05,75.36,-14.81,12/3/23,Spamalot,St. James Theatre,82.66,0,9965,1653,8,0
24,1599949,-427662.1,89.56,-10.68,12/3/23,Sweeney Todd,Lunt-Fontanne Theatre,170.37,399,9391,1498,7,0
25,2109634,-463904,99.49,2.53,12/3/23,Wicked,Gershwin Theatre,146.69,275,14382,1807,8,0
0,1459276.3,354679.8,100.02,8.9,11/26/23,& Juliet,Stephen Sondheim Theatre,177.74,323,8210,1026,8,0
1,1881455.1,702104,95.53,3.72,11/26/23,Aladdin,New Amsterdam Theatre,142.56,227.5,13198,1727,8,0
2,1814565.2,777574.48,97.47,19.82,11/26/23,Back To The Future,Winter Garden Theatre,157.45,347,11525,1478,8,0
3,759871.11,-97392.47,56.87,-6.72,11/26/23,"A Beautiful Noise, The Neil Diamond Musical",Broadhurst Theatre,144.85,347.5,5246,1153,8,0
4,1138424.86,247190.26,95,3.92,11/26/23,The Book of Mormon,Eugene O'Neill Theatre,140.51,0,8102,1066,8,0
5,806192.15,225760.42,85.01,12.08,11/26/23,Chicago,Ambassador Theatre,109.76,237,7345,1080,8,0
6,1096610.06,193921.66,94.95,10.57,11/26/23,Gutenberg! The Musical!,James Earl Jones Theatre,135.69,347,8082,1064,8,0
7,955796.8,243271.95,98.64,5.4,11/26/23,Hadestown,Walter Kerr Theatre,131.94,0,7244,918,8,0
8,2293884,542213,101.17,1.96,11/26/23,Hamilton,Richard Rodgers Theatre,214.06,449,10716,1324,8,0
9,522102.38,-103308.32,57.92,-24.46,11/26/23,Harmony,Ethel Barrymore Theatre,109.62,297,4763,1028,8,0
10,1807812,746416.1,90.04,6.72,11/26/23,Harry Potter and the Cursed Child,Lyric Theatre,154.74,349,11683,1622,8,0
11,970110.86,239743.76,99.63,6.84,11/26/23,Here Lies Love,Broadway Theatre,110.55,297,8775,1101,8,0
12,254638.95,-60700.4,72.97,-6.35,11/26/23,How to Dance in Ohio,Belasco Theatre,58.81,247,4330,989,0,6
13,712942,45736.1,98.75,4.17,11/26/23,I Need That,American Airlines Theatre,139.38,323,5115,740,7,0
14,651984.71,89750.63,80.27,-5.05,11/26/23,Kimberly Akimbo,Booth Theatre,131.34,273,4964,773,8,0
15,2912593,867691,99.07,3.69,11/26/23,The Lion King,Minskoff Theatre,216.68,199,13442,1696,8,0
16,2046288,162208,100,0,11/26/23,Merrily We Roll Along,Hudson Theatre,264.79,649,7728,966,8,0
17,1912964,415505,97.67,8.18,11/26/23,MJ The Musical,Neil Simon Theatre,176.52,250,10837,1387,8,0
18,1384588.16,214588.01,99.47,3.32,11/26/23,Moulin Rouge! The Musical,Al Hirschfeld Theatre,133.84,0,10345,1300,8,0
19,474393.75,-164229.75,54.42,-11.96,11/26/23,Purlie Victorious,Music Box Theatre,108.86,297,4358,1001,8,0
20,862271.4,220635.5,89.39,12.01,11/26/23,Shucked,Nederlander Theatre,102.97,179,8374,1171,8,0
21,1174410.4,314321.3,98.64,10.81,11/26/23,SIX: The Musical,Lena Horne Theatre,144.35,249,8136,1031,8,0
22,879113.87,132492.57,76.13,10.85,11/26/23,Some Like It Hot,Sam S. Shubert Theatre,99.68,297,8819,1448,8,0
23,1138594.9,459929,90.17,8.65,11/26/23,Spamalot,St. James Theatre,95.49,0,11924,1653,8,0
24,2027611.1,1033064.6,100.24,9.64,11/26/23,Sweeney Todd,Lunt-Fontanne Theatre,192.9,399,10511,1498,7,0
25,2573538,792588,96.96,4.09,11/26/23,Wicked,Gershwin Theatre,172.27,275,14939,1926,8,0
0,1104596.5,-2525.95,91.12,-0.73,11/19/23,& Juliet,Stephen Sondheim Theatre,147.69,323,7479,1026,8,0
1,1179351.1,-9064,91.81,0.75,11/19/23,Aladdin,New Amsterdam Theatre,92.98,227.5,12684,1727,8,0
2,1036990.72,-262461,77.65,-11.6,11/19/23,Back To The Future,Winter Garden Theatre,112.95,297,9181,1478,8,0
3,857263.58,-63416.41,63.59,-8.28,11/19/23,"A Beautiful Noise, The Neil Diamond Musical",Broadhurst Theatre,146.14,347.5,5866,1153,8,0
4,891234.6,-81812.77,91.08,-5.18,11/19/23,The Book of Mormon,Eugene O'Neill Theatre,114.75,0,7767,1066,8,0
5,580431.73,-104695.1,72.93,-9.35,11/19/23,Chicago,Ambassador Theatre,92.12,237,6301,1080,8,0
6,902688.4,-128928.56,84.38,-9.1,11/19/23,Gutenberg! The Musical!,James Earl Jones Theatre,125.69,347,7182,1064,8,0
7,712524.85,30949.4,93.24,-3.48,11/19/23,Hadestown,Walter Kerr Theatre,106.97,0,6661,893,8,0
8,1751671,-189703,99.21,-1.59,11/19/23,Hamilton,Richard Rodgers Theatre,166.7,449,10508,1324,8,0
9,625410.7,-18483.2,82.38,-9.3,11/19/23,Harmony,Ethel Barrymore Theatre,92.31,297,6775,1028,8,0
10,1061395.9,-180412.1,83.32,-5.31,11/19/23,Harry Potter and the Cursed Child,Lyric Theatre,112.2,299,9460,1622,7,0
11,730367.1,-155.28,92.79,4.29,11/19/23,Here Lies Love,Broadway Theatre,89.36,327,8173,1101,8,0
12,315339.35,0,79.32,0,11/19/23,How to Dance in Ohio,Belasco Theatre,66.99,247,4707,989,0,6
13,667205.9,-6916.45,94.58,-2.63,11/19/23,I Need That,American Airlines Theatre,119.17,323,5599,740,8,0
14,425253,48986,99.59,3.03,11/19/23,Jaja’s African Hair Braiding,Samuel J. Friedman Theatre,83.01,276,5123,643,8,0
15,562234.08,-95323.62,85.32,-8.05,11/19/23,Kimberly Akimbo,Booth Theatre,106.56,273,5276,773,8,0
16,2044902,54008,95.38,-1.78,11/19/23,The Lion King,Minskoff Theatre,158.02,199,12941,1696,8,0
17,371783.6,43239.1,86.67,5.65,11/19/23,Melissa Etheridge: My Window,Circle in the Square Theatre,118.18,349.5,3146,726,5,0
18,1884080,18249,100,0,11/19/23,Merrily We Roll Along,Hudson Theatre,243.8,599,7728,966,8,0
19,1497459,-58578,89.49,-2.32,11/19/23,MJ The Musical,Neil Simon Theatre,150.8,250,9930,1387,8,0
20,1170000.15,-99623.54,96.15,-3.06,11/19/23,Moulin Rouge! The Musical,Al Hirschfeld Theatre,117,0,10000,1300,8,0
21,638623.5,11950.7,66.38,-2.41,11/19/23,Purlie Victorious,Music Box Theatre,120.13,297,5316,1001,8,0
22,346797.4,-3691.3,75.73,-0.5,11/19/23,The Shark is Broken,John Golden Theatre,71.37,227,4859,802,8,0
23,641635.9,-111915.8,77.38,-7,11/19/23,Shucked,Nederlander Theatre,88.51,179,7249,1171,8,0
24,860089.1,-139428.2,87.83,-9.13,11/19/23,SIX: The Musical,Lena Horne Theatre,118.73,249,7244,1031,8,0
25,746621.3,-135220.15,65.28,-9.51,11/19/23,Some Like It Hot,Sam S. Shubert Theatre,98.73,297,7562,1448,8,0
26,678665.9,-74564.55,81.52,-8.98,11/19/23,Spamalot,St. James Theatre,62.96,0,10780,1653,4,4
27,994546.5,-775579.9,90.6,-8.24,11/19/23,Sweeney Todd,Lunt-Fontanne Theatre,104.69,399,9500,1498,7,0
28,1780950,-83550,92.87,-4.82,11/19/23,Wicked,Gershwin Theatre,132.65,275,13426,1807,8,0
0,1107122.45,109561.95,91.85,-0.23,11/12/23,& Juliet,Stephen Sondheim Theatre,146.85,323,7539,1026,8,0
1,1188415.1,-24020,91.06,-0.02,11/12/23,Aladdin,New Amsterdam Theatre,94.46,199.5,12581,1727,8,0
2,1299451.72,235600.17,89.25,0.52,11/12/23,Back To The Future,Winter Garden Theatre,123.14,297,10553,1478,8,0
3,920679.99,127340.27,71.87,9.49,11/12/23,"A Beautiful Noise, The Neil Diamond Musical",Broadhurst Theatre,138.89,347.5,6629,1153,8,0
4,973047.37,78401.64,96.26,5.52,11/12/23,The Book of Mormon,Eugene O'Neill Theatre,118.53,0,8209,1066,8,0
5,685126.83,65041.28,82.28,6.01,11/12/23,Chicago,Ambassador Theatre,96.37,237,7109,1080,8,0
6,1031616.96,157244.02,93.48,6.03,11/12/23,Gutenberg! The Musical!,James Earl Jones Theatre,129.65,347,7957,1064,8,0
7,681575.45,92518.35,96.72,5.29,11/12/23,Hadestown,Walter Kerr Theatre,98.64,0,6910,893,8,0
8,1941374,173325,100.8,1.47,11/12/23,Hamilton,Richard Rodgers Theatre,181.83,449,10677,1324,8,0
9,643893.9,162733.4,91.68,10.52,11/12/23,Harmony,Ethel Barrymore Theatre,85.4,297,7540,1028,0,8
10,1241808,51371.1,88.63,-5.94,11/12/23,Harry Potter and the Cursed Child,Lyric Theatre,107.97,299,11501,1622,8,0
11,730522.38,-37721.3,88.5,9.3,11/12/23,Here Lies Love,Broadway Theatre,93.72,327,7795,1101,8,0
12,674122.35,83723.95,97.21,-0.64,11/12/23,I Need That,American Airlines Theatre,117.14,323,5755,740,8,0
13,376267,25905,96.56,7.7,11/12/23,Jaja’s African Hair Braiding,Samuel J. Friedman Theatre,75.75,276,4967,643,8,0
14,657557.7,92812.8,93.37,11.14,11/12/23,Kimberly Akimbo,Booth Theatre,113.88,273,5774,773,8,0
15,1990894,4160,97.16,-1.67,11/12/23,The Lion King,Minskoff Theatre,151.02,199,13183,1696,8,0
16,328544.5,89328.5,81.02,9.5,11/12/23,Melissa Etheridge: My Window,Circle in the Square Theatre,111.71,349.5,2941,726,5,0
17,1865831,54408,100,0,11/12/23,Merrily We Roll Along,Hudson Theatre,241.44,599,7728,966,8,0
18,1556037,16932,91.81,-3.53,11/12/23,MJ The Musical,Neil Simon Theatre,152.75,250,10187,1387,8,0
19,1269623.69,38711.07,99.21,2.12,11/12/23,Moulin Rouge! The Musical,Al Hirschfeld Theatre,123.05,0,10318,1300,8,0
20,626672.8,97355.1,68.79,8.48,11/12/23,Purlie Victorious,Music Box Theatre,113.75,297,5509,1001,8,0
21,350488.7,88412.92,76.23,19.11,11/12/23,The Shark is Broken,John Golden Theatre,71.66,227,4891,802,8,0
22,753551.7,110508.7,84.38,5.57,11/12/23,Shucked,Nederlander Theatre,95.33,179,7905,1171,8,0
23,999517.3,158305.5,96.96,4.45,11/12/23,SIX: The Musical,Lena Horne Theatre,124.99,249,7997,1031,8,0
24,881841.45,158430.76,74.79,8.96,11/12/23,Some Like It Hot,Sam S. Shubert Theatre,101.78,297,8664,1448,8,0
25,753230.45,95680.4,90.5,0.64,11/12/23,Spamalot,St. James Theatre,71.93,0,10472,1653,0,7
26,1770126.4,280640.4,98.84,10.88,11/12/23,Sweeney Todd,Lunt-Fontanne Theatre,170.8,399,10364,1498,7,0
27,1864500,29994,97.69,3.11,11/12/23,Wicked,Gershwin Theatre,132.03,275,14122,1807,8,0
0,997560.5,39602.1,92.08,2.05,11/5/23,& Juliet,Stephen Sondheim Theatre,131.99,323,7558,1026,8,0
1,1212435.1,-52074.8,91.08,-1.71,11/5/23,Aladdin,New Amsterdam Theatre,96.35,199.5,12584,1727,8,0
2,1063851.55,8565.6,88.73,-0.14,11/5/23,Back To The Future,Winter Garden Theatre,101.41,297,10491,1478,8,0
3,793339.72,-81076.84,62.38,-4.09,11/5/23,"A Beautiful Noise, The Neil Diamond Musical",Broadhurst Theatre,137.88,347.5,5754,1153,8,0
4,894645.73,-14836.84,90.74,-1.47,11/5/23,The Book of Mormon,Eugene O'Neill Theatre,115.62,0,7738,1066,8,0
5,620085.55,-12327.6,76.27,0.41,11/5/23,Chicago,Ambassador Theatre,94.09,237,6590,1080,8,0
6,874372.94,-29898.14,87.45,-0.73,11/5/23,Gutenberg! The Musical!,James Earl Jones Theatre,117.24,297,7458,1066,8,0
7,589057.1,-9158.6,91.43,0.74,11/5/23,Hadestown,Walter Kerr Theatre,90.18,0,6532,893,8,0
8,1768049,167,99.33,-0.21,11/5/23,Hamilton,Richard Rodgers Theatre,168.05,449,10521,1324,8,0
9,481160.5,-38004.5,81.16,3.89,11/5/23,Harmony,Ethel Barrymore Theatre,82.39,297,5840,1028,0,7
10,1190436.9,76445.7,94.57,6.09,11/5/23,Harry Potter and the Cursed Child,Lyric Theatre,97,299,12272,1622,8,0
11,768243.68,103540.96,79.2,-4.39,11/5/23,Here Lies Love,Broadway Theatre,110.13,327,6976,1101,8,0
12,590398.4,-18511.9,97.85,3.91,11/5/23,I Need That,American Airlines Theatre,101.92,323,5793,740,5,3
13,350362,-873,88.86,-10.17,11/5/23,Jaja’s African Hair Braiding,Samuel J. Friedman Theatre,76.65,276,4571,643,8,0
14,564744.9,-34649.15,82.23,-2.13,11/5/23,Kimberly Akimbo,Booth Theatre,111.06,273,5085,773,8,0
15,1986734,-77746,98.83,-0.88,11/5/23,The Lion King,Minskoff Theatre,148.16,199,13409,1696,8,0
16,239216,21942.46,71.52,15.13,11/5/23,Melissa Etheridge: My Window,Circle in the Square Theatre,92.15,349.5,2596,726,5,0
17,1811423,-29412,100,0,11/5/23,Merrily We Roll Along,Hudson Theatre,234.4,599,7728,966,8,0
18,1539105,-40367,95.34,0.69,11/5/23,MJ The Musical,Neil Simon Theatre,145.49,250,10579,1387,8,0
19,1230912.62,112105.28,97.09,2.87,11/5/23,Moulin Rouge! The Musical,Al Hirschfeld Theatre,121.91,0,10097,1300,8,0
20,529317.7,-36765.98,60.31,-4.22,11/5/23,Purlie Victorious,Music Box Theatre,108.73,297,4868,1009,8,0
21,262075.78,36023.68,57.12,-2.09,11/5/23,The Shark is Broken,John Golden Theatre,71.51,227,3665,802,8,0
22,643043,-563.6,78.81,0.6,11/5/23,Shucked,Nederlander Theatre,87.1,179,7383,1171,8,0
23,841211.8,51270.8,92.51,4.84,11/5/23,SIX: The Musical,Lena Horne Theatre,110.25,249,7630,1031,8,0
24,723410.69,-14858.82,65.83,-0.55,11/5/23,Some Like It Hot,Sam S. Shubert Theatre,94.86,297,7626,1448,8,0
25,657550.05,0,89.86,0,11/5/23,Spamalot,St. James Theatre,73.78,0,8912,1653,0,6
26,1489486,-93825.5,87.96,-6.34,11/5/23,Sweeney Todd,Lunt-Fontanne Theatre,161.5,399,9223,1498,7,0
27,1834506,-87977,94.58,-2.42,11/5/23,Wicked,Gershwin Theatre,134.18,275,13672,1807,8,0
0,957958.4,-164883.5,90.03,-3.24,10/29/23,& Juliet,Stephen Sondheim Theatre,129.63,323,7390,1026,8,0
1,1264509.9,-14555.3,92.79,-1.94,10/29/23,Aladdin,New Amsterdam Theatre,98.64,179.5,12820,1727,8,0
2,1055285.95,-202612.1,88.87,-3.44,10/29/23,Back To The Future,Winter Garden Theatre,100.43,297,10508,1478,8,0
3,874416.56,-192108.99,66.47,-12.24,10/29/23,"A Beautiful Noise, The Neil Diamond Musical",Broadhurst Theatre,142.62,347.5,6131,1153,8,0
4,909482.57,-104973.22,92.21,-4.23,10/29/23,The Book of Mormon,Eugene O'Neill Theatre,115.65,0,7864,1066,8,0
5,632413.15,-82340.18,75.86,-7.08,10/29/23,Chicago,Ambassador Theatre,96.49,237,6554,1080,8,0
6,368129.2,9596.8,76.25,0.99,10/29/23,The Cottage,Helen Hayes Theater,103.87,247,3544,581,8,0
7,904271.08,-28165.26,88.18,-4.68,10/29/23,Gutenberg! The Musical!,James Earl Jones Theatre,120.25,297,7520,1066,8,0
8,598215.7,-82250.95,90.69,-4.87,10/29/23,Hadestown,Walter Kerr Theatre,89.82,0,6660,918,8,0
9,1767882,-33483,99.54,-1.47,10/29/23,Hamilton,Richard Rodgers Theatre,167.68,449,10543,1324,8,0
10,519165,27399.2,77.27,-5.3,10/29/23,Harmony,Ethel Barrymore Theatre,93.38,297,5560,1028,0,7
11,1113991.2,-80835.4,88.48,-0.59,10/29/23,Harry Potter and the Cursed Child,Lyric Theatre,97.03,299,11481,1622,8,0
12,664702.72,-25871.68,83.59,4.24,10/29/23,Here Lies Love,Broadway Theatre,90.28,327,7363,1101,8,0
13,608910.3,36070.2,93.94,0.77,10/29/23,I Need That,American Airlines Theatre,109.5,323,5561,740,0,8
14,351235,2782,99.03,1.48,10/29/23,Jaja’s African Hair Braiding,Samuel J. Friedman Theatre,68.95,276,5094,643,8,0
15,599394.05,-103280.85,84.36,-7.55,10/29/23,Kimberly Akimbo,Booth Theatre,114.89,273,5217,773,8,0
16,2064480,1265,99.71,-0.05,10/29/23,The Lion King,Minskoff Theatre,152.61,199,13528,1696,8,0
17,217273.54,-14354.06,56.39,-0.83,10/29/23,Melissa Etheridge: My Window,Circle in the Square Theatre,106.14,349.5,2047,726,5,0
18,1840835,20082,100,0,10/29/23,Merrily We Roll Along,Hudson Theatre,238.2,599,7728,966,8,0
19,1579472,1832,94.65,1.39,10/29/23,MJ The Musical,Neil Simon Theatre,150.4,250,10502,1387,8,0
20,1118807.34,-133935.2,94.22,-3.08,10/29/23,Moulin Rouge! The Musical,Al Hirschfeld Theatre,114.18,0,9799,1300,8,0
21,566083.68,11416.93,64.53,1.15,10/29/23,Purlie Victorious,Music Box Theatre,108.67,297,5209,1009,8,0
22,226052.1,-15708.98,59.21,-1.39,10/29/23,The Shark is Broken,John Golden Theatre,59.5,227,3799,802,8,0
23,643606.6,-127849,78.21,-8.88,10/29/23,Shucked,Nederlander Theatre,87.84,179,7327,1171,8,0
24,789941,-147278.8,87.67,-6.74,10/29/23,SIX: The Musical,Lena Horne Theatre,109.24,249,7231,1031,8,0
25,738269.51,-167128.5,66.38,-8.37,10/29/23,Some Like It Hot,Sam S. Shubert Theatre,96,297,7690,1448,8,0
26,1583311.5,-127617,94.3,-3.97,10/29/23,Sweeney Todd,Lunt-Fontanne Theatre,160.12,399,9888,1498,7,0
27,1922483,112506,97,-0.1,10/29/23,Wicked,Gershwin Theatre,137.09,275,14023,1807,8,0
0,1122841.9,-4386,93.27,-0.96,10/22/23,& Juliet,Stephen Sondheim Theatre,146.66,323,7656,1026,8,0
1,1279065.2,-69282.5,94.73,1.65,10/22/23,Aladdin,New Amsterdam Theatre,97.73,199.5,13088,1727,8,0
2,1257898.05,16970.7,92.31,-0.1,10/22/23,Back To The Future,Winter Garden Theatre,115.24,347,10915,1478,8,0
3,1066525.55,-22364.73,78.71,-1.39,10/22/23,"A Beautiful Noise, The Neil Diamond Musical",Broadhurst Theatre,146.9,347.5,7260,1153,8,0
4,1014455.79,14186.13,96.44,2.71,10/22/23,The Book of Mormon,Eugene O'Neill Theatre,123.35,0,8224,1066,8,0
5,714753.33,12397.96,82.94,2.59,10/22/23,Chicago,Ambassador Theatre,99.74,237,7166,1080,8,0
6,358532.4,15663.7,75.26,0,10/22/23,The Cottage,Helen Hayes Theater,102.5,247,3498,581,8,0
7,932436.34,90277.72,92.86,-1.9,10/22/23,Gutenberg! The Musical!,James Earl Jones Theatre,117.75,297,7919,1066,8,0
8,680466.65,2190.85,95.56,2.5,10/22/23,Hadestown,Walter Kerr Theatre,96.96,0,7018,918,8,0
9,1801365,-130552,101.01,0.07,10/22/23,Hamilton,Richard Rodgers Theatre,168.37,449,10699,1324,8,0
10,491765.8,0,82.57,0,10/22/23,Harmony,Ethel Barrymore Theatre,96.56,297,5093,1028,0,6
11,1194826.6,-3662,89.07,1.62,10/22/23,Harry Potter and the Cursed Child,Lyric Theatre,103.38,299,11558,1622,8,0
12,690574.4,89356.22,79.35,0.42,10/22/23,Here Lies Love,Broadway Theatre,98.81,327,6989,1101,8,0
13,572840.1,277199.2,93.17,-1.74,10/22/23,I Need That,American Airlines Theatre,118.7,323,4826,740,0,7
14,348453,14306,97.55,4.86,10/22/23,Jaja’s African Hair Braiding,Samuel J. Friedman Theatre,69.44,276,5018,643,8,0
15,702674.9,23958.15,91.91,2.76,10/22/23,Kimberly Akimbo,Booth Theatre,123.62,273,5684,773,8,0
16,2063215,-27368,99.76,0.39,10/22/23,The Lion King,Minskoff Theatre,152.42,199,13536,1696,8,0
17,231627.6,17574.1,57.22,1.77,10/22/23,Melissa Etheridge: My Window,Circle in the Square Theatre,111.52,349.5,2077,726,5,0
18,1820753,113791,100,0,10/22/23,Merrily We Roll Along,Hudson Theatre,235.6,499,7728,966,8,0
19,1577640,-44504,93.26,-1.63,10/22/23,MJ The Musical,Neil Simon Theatre,152.46,250,10348,1387,8,0
20,1252742.54,-54810.85,97.3,-1.6,10/22/23,Moulin Rouge! The Musical,Al Hirschfeld Theatre,123.8,0,10119,1300,8,0
21,554666.75,69458.45,63.38,4.65,10/22/23,Purlie Victorious,Music Box Theatre,108.42,297,5116,1009,8,0
22,241761.08,-3463.66,60.6,-2.24,10/22/23,The Shark is Broken,John Golden Theatre,62.18,227,3888,802,8,0
23,771455.6,23820.4,87.09,1.65,10/22/23,Shucked,Nederlander Theatre,94.55,179,8159,1171,8,0
24,937219.8,-30958.1,94.41,-0.13,10/22/23,SIX: The Musical,Lena Horne Theatre,120.36,249,7787,1031,8,0
25,905398.01,-50531.6,74.75,-7.04,10/22/23,Some Like It Hot,Sam S. Shubert Theatre,104.56,297,8659,1448,8,0
26,1710928.5,-28106.1,98.27,-1.12,10/22/23,Sweeney Todd,Lunt-Fontanne Theatre,166.03,399,10305,1498,7,0
27,1809977,-96858,97.1,-0.08,10/22/23,Wicked,Gershwin Theatre,124.83,275,14499,1867,8,0
0,1127227.9,17577,94.23,0.39,10/15/23,& Juliet,Stephen Sondheim Theatre,145.75,323,7734,1026,8,0
1,1348347.7,-115631.3,93.08,-3.7,10/15/23,Aladdin,New Amsterdam Theatre,104.85,199.5,12860,1727,8,0
2,1240927.35,-58924.5,92.41,-0.57,10/15/23,Back To The Future,Winter Garden Theatre,113.57,297,10927,1478,8,0
3,1088890.28,123303.5,80.1,6.05,10/15/23,"A Beautiful Noise, The Neil Diamond Musical",Broadhurst Theatre,147.39,347.5,7388,1153,8,0
4,1000269.66,-46884.76,93.73,-3.5,10/15/23,The Book of Mormon,Eugene O'Neill Theatre,125.14,0,7993,1066,8,0
5,702355.37,-36496.21,80.35,-1.91,10/15/23,Chicago,Ambassador Theatre,101.17,237,6942,1080,8,0
6,342868.7,16903.8,75.26,-1.55,10/15/23,The Cottage,Helen Hayes Theater,98.02,247,3498,581,8,0
7,842158.62,42377.14,94.76,3.53,10/15/23,Gutenberg! The Musical!,James Earl Jones Theatre,104.21,297,8081,1066,5,3
8,678275.8,-61110.65,93.06,-2.49,10/15/23,Hadestown,Walter Kerr Theatre,99.25,0,6834,918,8,0
9,1931917,51527,100.94,1.36,10/15/23,Hamilton,Richard Rodgers Theatre,180.69,449,10692,1324,8,0
10,1198488.6,-161939.4,87.45,-1.29,10/15/23,Harry Potter and the Cursed Child,Lyric Theatre,105.62,299,11347,1622,8,0
11,601218.18,-19673.56,78.93,0.3,10/15/23,Here Lies Love,Broadway Theatre,86.48,327,6952,1101,8,0
12,295640.9,0,94.91,0,10/15/23,I Need That,American Airlines Theatre,140.31,322,2107,740,0,3
13,334147,74272,92.69,-4.86,10/15/23,Jaja’s African Hair Braiding,Samuel J. Friedman Theatre,70.08,276,4768,643,8,0
14,678716.75,10404.15,89.15,1.76,10/15/23,Kimberly Akimbo,Booth Theatre,123.11,273,5513,773,8,0
15,2090583,-230998,99.37,-0.17,10/15/23,The Lion King,Minskoff Theatre,155.06,199,13482,1696,8,0
16,214053.5,21786.5,55.45,-7.33,10/15/23,Melissa Etheridge: My Window,Circle in the Square Theatre,106.34,349.5,2013,726,5,0
17,1706962,462566,100,0,10/15/23,Merrily We Roll Along,Hudson Theatre,220.88,499,7728,966,8,0
18,1622144,-47474,94.89,1.47,10/15/23,MJ The Musical,Neil Simon Theatre,154.06,250,10529,1387,8,0
19,1307553.39,495.7,98.9,-0.71,10/15/23,Moulin Rouge! The Musical,Al Hirschfeld Theatre,127.12,0,10286,1300,8,0
20,485208.3,-379.3,58.73,-1.89,10/15/23,Purlie Victorious,Music Box Theatre,102.34,297,4741,1009,8,0
21,245224.74,-9038.66,62.84,4.8,10/15/23,The Shark is Broken,John Golden Theatre,60.82,227,4032,802,8,0
22,747635.2,-4193.6,85.44,0,10/15/23,Shucked,Nederlander Theatre,93.41,179,8004,1171,8,0
23,968177.9,-15874.3,94.54,1.57,10/15/23,SIX: The Musical,Lena Horne Theatre,124.16,249,7798,1031,8,0
24,955929.61,67159.54,81.79,7.45,10/15/23,Some Like It Hot,Sam S. Shubert Theatre,100.9,297,9474,1448,8,0
25,1739034.6,71226.6,99.39,5.24,10/15/23,Sweeney Todd,Lunt-Fontanne Theatre,166.86,399,10422,1498,7,0
26,1906835,-19307,97.18,-1.1,10/15/23,Wicked,Gershwin Theatre,127.35,275,14973,1926,8,0
0,1109650.9,171233.5,93.84,7.1,10/8/23,& Juliet,Stephen Sondheim Theatre,144.07,373,7702,1026,8,0
1,1463979,252195.9,96.78,5.91,10/8/23,Aladdin,New Amsterdam Theatre,109.49,199.5,13371,1727,8,0
2,1299851.85,297607.65,92.98,11.03,10/8/23,Back To The Future,Winter Garden Theatre,118.23,397,10994,1478,8,0
3,965586.78,51922.48,74.05,6.35,10/8/23,"A Beautiful Noise, The Neil Diamond Musical",Broadhurst Theatre,141.37,347.5,6830,1153,8,0
4,1047154.42,116909.38,97.23,3.7,10/8/23,The Book of Mormon,Eugene O'Neill Theatre,126.28,0,8292,1066,8,0
5,738851.58,52286.33,82.26,0.1,10/8/23,Chicago,Ambassador Theatre,103.96,237,7107,1080,8,0
6,325964.9,32285,76.81,4.41,10/8/23,The Cottage,Helen Hayes Theater,91.31,227,3570,581,8,0
7,799781.48,40442.8,91.23,6.94,10/8/23,Gutenberg! The Musical!,James Earl Jones Theatre,102.8,277,7780,1066,0,8
8,739386.45,198542,95.55,12.5,10/8/23,Hadestown,Walter Kerr Theatre,105.37,0,7017,918,8,0
9,1880390,104306,99.58,-0.09,10/8/23,Hamilton,Richard Rodgers Theatre,178.29,449,10547,1324,8,0
10,1360428,398140.7,88.74,9.65,10/8/23,Harry Potter and the Cursed Child,Lyric Theatre,118.14,299,11515,1622,8,0
11,620891.74,99202.24,78.63,13.8,10/8/23,Here Lies Love,Broadway Theatre,89.65,327,6926,1101,8,0
12,259875,66256,97.55,4.86,10/8/23,Jaja’s African Hair Braiding,Samuel J. Friedman Theatre,51.79,276,5018,643,8,0
13,668312.6,94060.82,87.39,6.97,10/8/23,Kimberly Akimbo,Booth Theatre,123.67,273,5404,773,8,0
14,2321581,398318,99.54,0.15,10/8/23,The Lion King,Minskoff Theatre,171.89,199,13506,1696,8,0
15,192267,13154,62.78,-17.39,10/8/23,Melissa Etheridge: My Window,Circle in the Square Theatre,105.47,349.5,1823,726,4,0
16,1244396,-227248,100,0,10/8/23,Merrily We Roll Along,Hudson Theatre,184.03,499,6762,966,0,7
17,1669618,257670,93.42,4.11,10/8/23,MJ The Musical,Neil Simon Theatre,161.07,250,10366,1387,8,0
18,1307057.69,185138.42,99.61,4.95,10/8/23,Moulin Rouge! The Musical,Al Hirschfeld Theatre,126.18,0,10359,1300,8,0
19,485587.6,127251.34,60.62,-12.45,10/8/23,Purlie Victorious,Music Box Theatre,99.24,297,4893,1009,8,0
20,254263.4,25756.42,58.04,-2.36,10/8/23,The Shark is Broken,John Golden Theatre,68.28,227,3724,802,8,0
21,751828.8,93498.6,85.44,8.27,10/8/23,Shucked,Nederlander Theatre,93.93,179,8004,1171,8,0
22,984052.2,207916.4,92.97,8.25,10/8/23,SIX: The Musical,Lena Horne Theatre,128.33,249,7668,1031,8,0
23,888770.07,130370.18,74.34,9.45,10/8/23,Some Like It Hot,Sam S. Shubert Theatre,103.21,297,8611,1448,8,0
24,1667808,163737.2,94.15,-3.08,10/8/23,Sweeney Todd,Lunt-Fontanne Theatre,168.93,399,9873,1498,7,0
25,1926142,505774,98.28,16.54,10/8/23,Wicked,Gershwin Theatre,135.58,275,14207,1807,8,0
0,938417.4,14911.7,86.74,1.18,10/1/23,& Juliet,Stephen Sondheim Theatre,131.8,323,7120,1026,8,0
1,1211783.1,45297.4,90.87,-1.42,10/1/23,Aladdin,New Amsterdam Theatre,96.52,199.5,12555,1727,8,0
2,1002244.2,-34743.46,81.95,-4.84,10/1/23,Back To The Future,Winter Garden Theatre,103.43,297,9690,1478,8,0
3,913664.3,22276.03,67.7,-0.51,10/1/23,"A Beautiful Noise, The Neil Diamond Musical",Broadhurst Theatre,146.3,347.5,6245,1153,8,0
4,930245.04,12010.15,93.53,-0.63,10/1/23,The Book of Mormon,Eugene O'Neill Theatre,116.63,0,7976,1066,8,0
5,686565.25,28722.36,82.16,1.58,10/1/23,Chicago,Ambassador Theatre,96.71,237,7099,1080,8,0
6,293679.9,-28910.3,72.4,-4.88,10/1/23,The Cottage,Helen Hayes Theater,87.27,227,3365,581,8,0
7,759338.68,71946.96,84.29,-4.27,10/1/23,Gutenberg! The Musical!,James Earl Jones Theatre,105.64,277,7188,1066,0,8
8,540844.45,-12146,83.05,-1.93,10/1/23,Hadestown,Walter Kerr Theatre,88.68,0,6099,918,8,0
9,1776084,31246,99.67,0.5,10/1/23,Hamilton,Richard Rodgers Theatre,168.24,449,10557,1324,8,0
10,962287.3,25726,79.09,-1.66,10/1/23,Harry Potter and the Cursed Child,Lyric Theatre,93.76,299,10263,1622,8,0
11,521689.5,-56186.2,64.83,-8.57,10/1/23,Here Lies Love,Broadway Theatre,91.36,327,5710,1101,8,0
12,193619,13611,92.69,-3.43,10/1/23,Jaja’s African Hair Braiding,Samuel J. Friedman Theatre,40.61,276,4768,643,0,8
13,574251.78,57269.24,80.42,4.76,10/1/23,Kimberly Akimbo,Booth Theatre,115.47,273,4973,773,8,0
14,1923263,12237,99.39,2.99,10/1/23,The Lion King,Minskoff Theatre,142.62,199,13485,1696,8,0
15,179113,-20629.5,80.17,-9.14,10/1/23,Melissa Etheridge: My Window,Circle in the Square Theatre,76.94,349.5,2328,726,4,0
16,1471644,167136,100,0,10/1/23,Merrily We Roll Along,Hudson Theatre,217.63,499,6762,966,0,7
17,1411948,32366,89.31,0.23,10/1/23,MJ The Musical,Neil Simon Theatre,142.48,250,9910,1387,8,0
18,1121919.27,28907.49,94.66,-1.86,10/1/23,Moulin Rouge! The Musical,Al Hirschfeld Theatre,113.96,0,9845,1300,8,0
19,358336.26,98733.26,73.07,2.44,10/1/23,Purlie Victorious,Music Box Theatre,60.76,297,5898,1009,7,1
20,228506.98,3451.18,60.4,-4.56,10/1/23,The Shark is Broken,John Golden Theatre,58.97,227,3875,802,8,0
21,658330.2,17063.4,77.17,-7.02,10/1/23,Shucked,Nederlander Theatre,91.07,179,7229,1171,8,0
22,776135.8,-4376.95,84.72,1.66,10/1/23,SIX: The Musical,Lena Horne Theatre,111.07,249,6988,1031,8,0
23,758399.89,76914.94,64.89,3.49,10/1/23,Some Like It Hot,Sam S. Shubert Theatre,100.89,297,7517,1448,8,0
24,1504070.8,-26831.7,97.23,1.83,10/1/23,Sweeney Todd,Lunt-Fontanne Theatre,147.52,399,10196,1498,7,0
25,1420368,98408,81.74,4.78,10/1/23,Wicked,Gershwin Theatre,120.2,275,11817,1807,8,0
0,923505.7,-60385.9,85.56,-8.99,9/24/23,& Juliet,Stephen Sondheim Theatre,131.5,373,7023,1026,8,0
1,1166485.7,-58689.6,92.29,-0.62,9/24/23,Aladdin,New Amsterdam Theatre,91.48,199.5,12751,1727,8,0
2,1036987.66,-58431.84,86.79,-9.24,9/24/23,Back To The Future,Winter Garden Theatre,101.05,297,10262,1478,8,0
3,891388.27,-93777.03,68.21,-15.64,9/24/23,"A Beautiful Noise, The Neil Diamond Musical",Broadhurst Theatre,141.67,347.5,6292,1153,8,0
4,918234.89,-13015.65,94.16,-2.44,9/24/23,The Book of Mormon,Eugene O'Neill Theatre,114.35,0,8030,1066,8,0
5,657842.89,-57181.56,80.58,-11.42,9/24/23,Chicago,Ambassador Theatre,94.49,237,6962,1080,8,0
6,322590.2,-35579.25,77.28,-5.79,9/24/23,The Cottage,Helen Hayes Theater,89.81,227,3592,581,8,0
7,687391.72,311092.22,88.56,-7.2,9/24/23,Gutenberg! The Musical!,James Earl Jones Theatre,104.02,277,6608,1066,0,7
8,552990.45,-118696.8,84.98,-11.89,9/24/23,Hadestown,Walter Kerr Theatre,88.61,0,6241,918,8,0
9,1744838,36331.5,99.17,-0.59,9/24/23,Hamilton,Richard Rodgers Theatre,166.11,449,10504,1324,8,0
10,936561.3,-154906.25,80.75,-5.53,9/24/23,Harry Potter and the Cursed Child,Lyric Theatre,91.82,349,10200,1579,8,0
11,577875.7,-56530.18,73.4,-11.8,9/24/23,Here Lies Love,Broadway Theatre,89.39,327,6465,1101,8,0
12,180008,14663,96.12,-1.08,9/24/23,Jaja’s African Hair Braiding,Samuel J. Friedman Theatre,42,276,4286,637,0,7
13,516982.54,-71868.79,75.66,-11.97,9/24/23,Kimberly Akimbo,Booth Theatre,110.49,273,4679,773,8,0
14,1911026,76644,96.4,0.72,9/24/23,The Lion King,Minskoff Theatre,146.1,199,13080,1696,8,0
15,199742.5,15580.5,89.31,9.42,9/24/23,Melissa Etheridge: My Window,Circle in the Square Theatre,61.61,349.5,3242,726,0,5
16,1304508,0,100,0,9/24/23,Merrily We Roll Along,Hudson Theatre,225.07,499,5796,966,0,6
17,1379582,-97652,89.08,-7.71,9/24/23,MJ The Musical,Neil Simon Theatre,139.58,250,9884,1387,8,0
18,1093011.78,-118540.45,96.52,-1.61,9/24/23,Moulin Rouge! The Musical,Al Hirschfeld Theatre,108.89,0,10038,1300,8,0
19,259603,-72096.7,70.63,2.39,9/24/23,Purlie Victorious,Music Box Theatre,45.54,297,5701,1009,0,8
20,225055.8,-49955.2,64.96,-7.41,9/24/23,The Shark is Broken,John Golden Theatre,54,227,4168,802,8,0
21,641266.8,-101525.5,84.19,-5.87,9/24/23,Shucked,Nederlander Theatre,81.31,179,7887,1171,8,0
22,780512.75,-67833.6,83.06,-10.7,9/24/23,SIX: The Musical,Lena Horne Theatre,113.93,249,6851,1031,8,0
23,681484.95,-141613.46,61.4,-17.46,9/24/23,Some Like It Hot,Sam S. Shubert Theatre,95.81,278,7113,1448,8,0
24,1530902.5,675201.5,95.4,-2.7,9/24/23,Sweeney Todd,Lunt-Fontanne Theatre,153.03,399,10004,1498,7,0
25,1321960,-204329,76.96,-21.17,9/24/23,Wicked,Gershwin Theatre,118.82,275,11126,1807,8,0
0,983891.6,63917.8,94.55,5.43,9/17/23,& Juliet,Stephen Sondheim Theatre,126.77,323,7761,1026,8,0
1,1225175.3,5408.4,92.91,-1.1,9/17/23,Aladdin,New Amsterdam Theatre,95.44,199.5,12837,1727,8,0
2,1095419.5,15814.63,96.03,3.13,9/17/23,Back To The Future,Winter Garden Theatre,96.47,297,11355,1478,8,0
3,985165.3,-22855.55,83.85,3.22,9/17/23,"A Beautiful Noise, The Neil Diamond Musical",Broadhurst Theatre,127.38,347.5,7734,1153,8,0
4,931250.54,-10550.8,96.6,-0.63,9/17/23,The Book of Mormon,Eugene O'Neill Theatre,113.04,0,8238,1066,8,0
5,715024.45,24910.48,92,2.59,9/17/23,Chicago,Ambassador Theatre,89.95,237,7949,1080,8,0
6,358169.45,40511.45,83.07,7.36,9/17/23,The Cottage,Helen Hayes Theater,92.77,227,3861,581,8,0
7,376299.5,0,95.76,0,9/17/23,Gutenberg! The Musical!,James Earl Jones Theatre,122.65,297,3068,1068,0,3
8,671687.25,710.55,96.87,1.76,9/17/23,Hadestown,Walter Kerr Theatre,94.42,0,7114,918,8,0
9,1708506.5,-38131.5,99.76,-0.12,9/17/23,Hamilton,Richard Rodgers Theatre,161.68,449,10567,1324,8,0
10,1091467.55,34556.4,86.28,3.64,9/17/23,Harry Potter and the Cursed Child,Lyric Theatre,97.49,299,11196,1622,8,0
11,634405.88,30135.08,85.2,4.9,9/17/23,Here Lies Love,Broadway Theatre,84.54,327,7504,1101,8,0
12,165345,0,97.2,0,9/17/23,Jaja’s African Hair Braiding,Samuel J. Friedman Theatre,44.51,276,3715,637,0,6
13,588851.33,1758.03,87.63,2.22,9/17/23,Kimberly Akimbo,Booth Theatre,108.66,273,5419,773,8,0
14,1834382,-16077,95.68,-1.73,9/17/23,The Lion King,Minskoff Theatre,141.3,199,12982,1696,8,0
15,184162,0,79.89,0,9/17/23,Melissa Etheridge: My Window,Circle in the Square Theatre,79.38,349.5,2320,726,0,4
16,1477234,-38324,96.79,-0.2,9/17/23,MJ The Musical,Neil Simon Theatre,137.55,250,10740,1387,8,0
17,1211552.23,6901.63,98.13,-0.07,9/17/23,Moulin Rouge! The Musical,Al Hirschfeld Theatre,118.71,0,10206,1300,8,0
18,331699.7,103771.4,68.24,7.52,9/17/23,Purlie Victorious,Music Box Theatre,60.22,297,5508,1009,0,8
19,275011,-1910.1,72.37,-2.54,9/17/23,The Shark is Broken,John Golden Theatre,59.23,227,4643,802,8,0
20,742792.3,43603.7,90.06,4.99,9/17/23,Shucked,Nederlander Theatre,88.04,179,8437,1171,8,0
21,848346.35,9827.9,93.76,1.75,9/17/23,SIX: The Musical,Lena Horne Theatre,109.7,249,7733,1031,8,0
22,823098.41,25918.61,78.86,2,9/17/23,Some Like It Hot,Sam S. Shubert Theatre,90.1,278,9135,1448,8,0
23,855701,-737420.6,98.1,2.29,9/17/23,Sweeney Todd,Lunt-Fontanne Theatre,97.05,399,8817,1498,6,0
24,1526289,38416,98.13,2.12,9/17/23,Wicked,Gershwin Theatre,107.59,275,14186,1807,8,0
0,919973.8,-252168.3,89.12,-9.95,9/10/23,& Juliet,Stephen Sondheim Theatre,125.77,373,7315,1026,8,0
1,1219766.9,-142478.9,94.01,-3.04,9/10/23,Aladdin,New Amsterdam Theatre,93.91,199.5,12989,1727,8,0
2,1079604.87,-155035.13,92.9,-5.99,9/10/23,Back To The Future,Winter Garden Theatre,98.29,297,10984,1478,8,0
3,1008020.85,115535.85,80.63,12.1,9/10/23,"A Beautiful Noise, The Neil Diamond Musical",Broadhurst Theatre,135.54,347.5,7437,1153,8,0
4,941801.34,-85375.02,97.23,0.5,9/10/23,The Book of Mormon,Eugene O'Neill Theatre,113.58,0,8292,1066,8,0
5,690113.97,42904.92,89.41,10.23,9/10/23,Chicago,Ambassador Theatre,89.34,237,7725,1080,8,0
6,317658,-16302.2,75.71,-9.9,9/10/23,The Cottage,Helen Hayes Theater,90.27,227,3519,581,8,0
7,670976.7,-20407.3,95.11,-4.81,9/10/23,Hadestown,Walter Kerr Theatre,96.06,0,6985,918,8,0
8,1746638,-149077,99.88,-0.82,9/10/23,Hamilton,Richard Rodgers Theatre,165.1,449,10579,1324,8,0
9,1056911.15,-259713.7,82.64,-2.93,9/10/23,Harry Potter and the Cursed Child,Lyric Theatre,98.56,349,10724,1622,8,0
10,604270.8,-111290.9,80.3,-6.95,9/10/23,Here Lies Love,Broadway Theatre,85.43,327,7073,1101,8,0
11,587093.3,-68771.25,85.41,-3.76,9/10/23,Kimberly Akimbo,Booth Theatre,111.15,273,5282,773,8,0
12,1850459,-226916,97.41,-1.52,9/10/23,The Lion King,Minskoff Theatre,140.01,199,13217,1696,8,0
13,1515558,-75642,96.99,0.88,9/10/23,MJ The Musical,Neil Simon Theatre,140.82,250,10762,1387,8,0
14,1204650.6,-58216.71,98.2,-0.62,9/10/23,Moulin Rouge! The Musical,Al Hirschfeld Theatre,117.95,0,10213,1300,8,0
15,227928.3,0,60.72,0,9/10/23,Purlie Victorious,Music Box Theatre,62,297,3676,1009,0,6
16,276921.1,-5204.6,74.91,-3,9/10/23,The Shark is Broken,John Golden Theatre,57.62,227,4806,802,8,0
17,699188.6,-99701.2,85.07,-9.22,9/10/23,Shucked,Nederlander Theatre,87.74,179,7969,1171,8,0
18,838518.45,-100701.9,92.01,-4.68,9/10/23,SIX: The Musical,Lena Horne Theatre,110.49,249,7589,1031,8,0
19,797179.8,-62641.77,76.86,1.44,9/10/23,Some Like It Hot,Sam S. Shubert Theatre,89.54,278,8903,1448,8,0
20,1593121.6,-81740.2,95.81,-3.88,9/10/23,Sweeney Todd,Lunt-Fontanne Theatre,158.57,399,10047,1498,7,0
21,1487873,-209153.5,96.01,2.22,9/10/23,Wicked,Gershwin Theatre,107.2,275,13879,1807,8,0
0,1172142.1,147240.5,99.07,1.53,9/3/23,& Juliet,Stephen Sondheim Theatre,144.14,323,8132,1026,8,0
1,1362245.8,46254.5,97.05,3.09,9/3/23,Aladdin,New Amsterdam Theatre,101.6,199.5,13408,1727,8,0
2,1234640,65483.41,98.89,4.38,9/3/23,Back To The Future,Winter Garden Theatre,105.59,297,11693,1478,8,0
3,892485,158166.5,68.53,8.23,9/3/23,"A Beautiful Noise, The Neil Diamond Musical",Broadhurst Theatre,141.19,347.5,6321,1153,8,0
4,1027176.36,164575.68,96.73,5.99,9/3/23,The Book of Mormon,Eugene O'Neill Theatre,124.52,0,8249,1066,8,0
5,647209.05,49961.74,79.18,5.02,9/3/23,Chicago,Ambassador Theatre,94.61,273,6841,1080,8,0
6,333960.2,3788.2,85.61,2.82,9/3/23,The Cottage,Helen Hayes Theater,83.93,227,3979,581,8,0
7,2137057.2,4603.26,86.69,-9.65,9/3/23,Funny Girl,August Wilson Theatre,252.79,0,8454,1219,8,0
8,691384,77501.38,99.92,5.48,9/3/23,Hadestown,Walter Kerr Theatre,94.22,0,7338,918,8,0
9,1895715,60864,100.7,1.09,9/3/23,Hamilton,Richard Rodgers Theatre,177.73,449,10666,1324,8,0
10,1316624.85,155527.95,85.57,2.99,9/3/23,Harry Potter and the Cursed Child,Lyric Theatre,118.58,349,11103,1622,8,0
11,715561.7,88041.86,87.25,8.21,9/3/23,Here Lies Love,Broadway Theatre,93.11,327,7685,1101,8,0
12,655864.55,66489.1,89.17,6.83,9/3/23,Kimberly Akimbo,Booth Theatre,118.95,273,5514,773,8,0
13,2077375,85385,98.93,5.05,9/3/23,The Lion King,Minskoff Theatre,154.76,199,13423,1696,8,0
14,1591200,135519,96.11,4.97,9/3/23,MJ The Musical,Neil Simon Theatre,149.21,250,10664,1387,8,0
15,1262867.31,165192.68,98.82,1.59,9/3/23,Moulin Rouge! The Musical,Al Hirschfeld Theatre,122.88,0,10277,1300,8,0
16,761891.8,310077.8,84.31,30.92,9/3/23,Once Upon A One More Time,Marquis Theatre,70.42,297,10819,1604,8,0
17,282125.7,4759.5,77.91,-1.69,9/3/23,The Shark is Broken,John Golden Theatre,56.44,227,4999,802,8,0
18,798889.8,109981.6,94.29,6.72,9/3/23,Shucked,Nederlander Theatre,90.44,179,8833,1171,8,0
19,939220.35,160521.05,96.69,11.75,9/3/23,SIX: The Musical,Lena Horne Theatre,117.77,249,7975,1031,8,0
20,859821.57,126115.86,75.42,11.4,9/3/23,Some Like It Hot,Sam S. Shubert Theatre,98.41,278,8737,1448,8,0
21,1674861.8,307569.8,99.69,14.35,9/3/23,Sweeney Todd,Lunt-Fontanne Theatre,160.23,399,10453,1498,7,0
22,1697026.5,182664.5,93.79,7.49,9/3/23,Wicked,Gershwin Theatre,125.16,275,13559,1807,8,0
0,1024901.6,-54329.2,97.54,0.54,8/27/23,& Juliet,Stephen Sondheim Theatre,128.02,323,8006,1026,8,0
1,1315991.3,-65830.2,93.96,0.72,8/27/23,Aladdin,New Amsterdam Theatre,101.37,179.5,12982,1727,8,0
2,1169156.59,-89306.26,94.51,-1.56,8/27/23,Back To The Future,Winter Garden Theatre,104.62,297,11175,1478,8,0
3,734318.5,12791.71,60.3,2.09,8/27/23,"A Beautiful Noise, The Neil Diamond Musical",Broadhurst Theatre,132.02,347.5,5562,1153,8,0
4,862600.68,-65981.45,90.74,-2.52,8/27/23,The Book of Mormon,Eugene O'Neill Theatre,111.48,0,7738,1066,8,0
5,597247.31,-19070.85,74.16,-0.92,8/27/23,Chicago,Ambassador Theatre,93.22,273,6407,1080,8,0
6,330172,19868.1,82.79,4.97,8/27/23,The Cottage,Helen Hayes Theater,85.8,227,3848,581,8,0
7,2717000,2092174,96.46,8.98,8/27/23,El Mago Pop,Ethel Barrymore Theatre,212.85,350,12765,1018,13,0
8,2132453.94,915995.04,96.34,15.95,8/27/23,Funny Girl,August Wilson Theatre,226.98,0,9395,1219,8,0
9,1147057.04,85268.44,101.03,1.58,8/27/23,"Good Night, Oscar",Belasco Theatre,158.7,322,7228,1022,7,0
10,613882.62,-59564.89,94.44,-4.44,8/27/23,Hadestown,Walter Kerr Theatre,88.51,0,6936,918,8,0
11,1834851,-70002,99.61,-1.18,8/27/23,Hamilton,Richard Rodgers Theatre,173.9,449,10551,1324,8,0
12,1161096.9,-121033,82.58,-1.09,8/27/23,Harry Potter and the Cursed Child,Lyric Theatre,108.36,349,10715,1622,8,0
13,627519.84,-150154.12,79.04,-11.74,8/27/23,Here Lies Love,Broadway Theatre,90.13,327,6962,1101,8,0
14,589375.45,43420.9,82.34,3.07,8/27/23,Kimberly Akimbo,Booth Theatre,115.75,273,5092,773,8,0
15,1991990,-234645,93.88,-5.61,8/27/23,The Lion King,Minskoff Theatre,156.39,199,12737,1696,8,0
16,1455681,3778,91.14,0.14,8/27/23,MJ The Musical,Neil Simon Theatre,143.94,250,10113,1387,8,0
17,1097674.63,26103.72,97.23,2.38,8/27/23,Moulin Rouge! The Musical,Al Hirschfeld Theatre,108.55,0,10112,1300,8,0
18,451814,9410,53.39,8.47,8/27/23,Once Upon A One More Time,Marquis Theatre,65.95,297,6851,1604,8,0
19,277366.2,5577,79.6,6.21,8/27/23,The Shark is Broken,John Golden Theatre,54.31,227,5107,802,8,0
20,688908.2,14558.4,87.57,1,8/27/23,Shucked,Nederlander Theatre,83.97,179,8204,1171,8,0
21,778699.3,-48522.55,84.94,-4.22,8/27/23,SIX: The Musical,Lena Horne Theatre,111.15,249,7006,1031,8,0
22,733705.71,-26471.54,64.02,-3.16,8/27/23,Some Like It Hot,Sam S. Shubert Theatre,98.94,278,7416,1448,8,0
23,1367292,41809,85.34,6.18,8/27/23,Sweeney Todd,Lunt-Fontanne Theatre,152.79,399,8949,1498,7,0
24,1514362,-45118,86.3,0.29,8/27/23,Wicked,Gershwin Theatre,121.39,275,12475,1807,8,0
0,1079230.8,-64977.1,97,0.34,8/20/23,& Juliet,Stephen Sondheim Theatre,135.55,348,7962,1026,8,0
1,1381821.5,-218720.7,93.24,-4.09,8/20/23,Aladdin,New Amsterdam Theatre,107.27,199.5,12882,1727,8,0
2,1258462.85,-63617.16,96.07,-1.8,8/20/23,Back To The Future,Winter Garden Theatre,110.79,297,11359,1478,8,0
3,721526.79,65598.54,58.21,5.41,8/20/23,"A Beautiful Noise, The Neil Diamond Musical",Broadhurst Theatre,134.39,347.5,5369,1153,8,0
4,928582.13,6583.79,93.26,-0.82,8/20/23,The Book of Mormon,Eugene O'Neill Theatre,116.76,0,7953,1066,8,0
5,616318.16,-52415.67,75.08,-5.93,8/20/23,Chicago,Ambassador Theatre,95.01,273,6487,1080,8,0
6,310303.9,-3320.15,77.82,-2.02,8/20/23,The Cottage,Helen Hayes Theater,85.79,227,3617,581,8,0
7,624826,0,87.48,0,8/20/23,El Mago Pop,Ethel Barrymore Theatre,116.94,285,5343,1018,1,5
8,1216458.9,-668185.75,80.39,-14.04,8/20/23,Funny Girl,August Wilson Theatre,155.16,0,7840,1219,8,0
9,1061788.6,68310.24,99.45,1.34,8/20/23,"Good Night, Oscar",Belasco Theatre,149.23,297,7115,1022,7,0
10,673447.51,-227230.49,98.88,-2.28,8/20/23,Hadestown,Walter Kerr Theatre,92.74,0,7262,918,8,0
11,1904853,-4939,100.79,-0.46,8/20/23,Hamilton,Richard Rodgers Theatre,178.42,449,10676,1324,8,0
12,1282129.9,-115176.4,83.67,-8.22,8/20/23,Harry Potter and the Cursed Child,Lyric Theatre,118.09,349,10857,1622,8,0
13,777673.96,-173159.78,90.78,-8.28,8/20/23,Here Lies Love,Broadway Theatre,97.26,327,7996,1101,8,0
14,812208,131857,99.47,0.83,8/20/23,Just For Us,Hudson Theatre,104.68,179,7759,975,8,0
15,545954.55,-20330.35,79.27,-2.18,8/20/23,Kimberly Akimbo,Booth Theatre,111.37,273,4902,773,8,0
16,2226635,-241767,99.49,1.01,8/20/23,The Lion King,Minskoff Theatre,164.95,199,13499,1696,8,0
17,1451903,-66552,91,-2.85,8/20/23,MJ The Musical,Neil Simon Theatre,143.8,250,10097,1387,8,0
18,1071570.91,-19660.21,94.85,-2.68,8/20/23,Moulin Rouge! The Musical,Al Hirschfeld Theatre,108.63,0,9864,1300,8,0
19,442404,-69604,44.92,-2.49,8/20/23,Once Upon A One More Time,Marquis Theatre,76.75,297,5764,1604,8,0
20,271789.2,16871.7,73.39,-19.52,8/20/23,The Shark is Broken,John Golden Theatre,57.72,227,4709,802,8,0
21,674349.8,-43549.2,86.57,-1.41,8/20/23,Shucked,Nederlander Theatre,83.15,179,8110,1171,8,0
22,827221.85,-34744.15,89.16,-2.6,8/20/23,SIX: The Musical,Lena Horne Theatre,112.49,249,7354,1031,8,0
23,760177.25,-52207.23,67.18,-6.87,8/20/23,Some Like It Hot,Sam S. Shubert Theatre,97.68,278,7782,1448,8,0
24,1325483,-373985,79.16,-19.37,8/20/23,Sweeney Todd,Lunt-Fontanne Theatre,159.68,399,8301,1498,7,0
25,1559480,-248813,86.01,-9.98,8/20/23,Wicked,Gershwin Theatre,125.43,275,12433,1807,8,0
0,1144207.9,-48705.3,96.66,-1.68,8/13/23,& Juliet,Stephen Sondheim Theatre,144.22,348,7934,1026,8,0
1,1600542.2,-18390.8,97.33,-1.34,8/13/23,Aladdin,New Amsterdam Theatre,119.03,215.5,13447,1727,8,0
2,1322080.01,-148531.51,97.87,-0.71,8/13/23,Back To The Future,Winter Garden Theatre,114.25,297,11572,1478,8,0
3,655928.25,-45723.57,52.8,-8.79,8/13/23,"A Beautiful Noise, The Neil Diamond Musical",Broadhurst Theatre,134.69,347.5,4870,1153,8,0
4,921998.34,-52119.96,94.08,-3.07,8/13/23,The Book of Mormon,Eugene O'Neill Theatre,114.92,0,8023,1066,8,0
5,668733.83,31461.83,81.01,2.54,8/13/23,Chicago,Ambassador Theatre,95.55,273,6999,1080,8,0
6,313624.05,5319.1,79.84,4.82,8/13/23,The Cottage,Helen Hayes Theater,84.51,227,3711,581,8,0
7,1884644.65,55943.2,94.43,-0.79,8/13/23,Funny Girl,August Wilson Theatre,204.65,0,9209,1219,8,0
8,993478.36,63448.48,98.11,4.25,8/13/23,"Good Night, Oscar",Belasco Theatre,141.54,297,7019,1022,7,0
9,900678,127773.7,101.16,0.72,8/13/23,Hadestown,Walter Kerr Theatre,121.24,0,7429,918,8,0
10,1909792,-12532,101.25,0.09,8/13/23,Hamilton,Richard Rodgers Theatre,178.09,449,10724,1324,8,0
11,1397306.3,-80720.6,91.89,-0.3,8/13/23,Harry Potter and the Cursed Child,Lyric Theatre,117.18,349,11924,1622,8,0
12,950833.74,35978.94,99.06,0.59,8/13/23,Here Lies Love,Broadway Theatre,108.98,327,8725,1101,8,0
13,680351,111349,98.64,4.67,8/13/23,Just For Us,Hudson Theatre,88.43,179,7694,975,8,0
14,566284.9,-90550.25,81.45,-9.79,8/13/23,Kimberly Akimbo,Booth Theatre,112.43,273,5037,773,8,0
15,2468402,-25148,98.48,1.75,8/13/23,The Lion King,Minskoff Theatre,184.73,199,13362,1696,8,0
16,1518455,-56479,93.85,-1.07,8/13/23,MJ The Musical,Neil Simon Theatre,145.81,250,10414,1387,8,0
17,1091231.12,-66978.99,97.53,-0.73,8/13/23,Moulin Rouge! The Musical,Al Hirschfeld Theatre,107.58,0,10143,1300,8,0
18,512008,-2434,47.41,-5.05,8/13/23,Once Upon A One More Time,Marquis Theatre,84.16,297,6084,1604,8,0
19,254917.5,-14583.58,92.91,0.02,8/13/23,The Shark is Broken,John Golden Theatre,42.76,227,5961,802,4,4
20,717899,-30494.2,87.98,-1.08,8/13/23,Shucked,Nederlander Theatre,87.1,179,8242,1171,8,0
21,861966,-82170,91.76,-3.74,8/13/23,SIX: The Musical,Lena Horne Theatre,113.9,249,7568,1031,8,0
22,812384.48,-77041.92,74.05,-2.63,8/13/23,Some Like It Hot,Sam S. Shubert Theatre,94.71,278,8578,1448,8,0
23,1699468,-65968,98.53,0.61,8/13/23,Sweeney Todd,Lunt-Fontanne Theatre,164.49,399,10332,1498,7,0
24,1808293,-101809,95.99,-1.69,8/13/23,Wicked,Gershwin Theatre,130.32,275,13876,1807,8,0
0,1192913.2,-14016,98.34,-1.2,8/6/23,& Juliet,Stephen Sondheim Theatre,147.78,348,8072,1026,8,0
1,1618933,-470.5,98.67,0.72,8/6/23,Aladdin,New Amsterdam Theatre,118.76,215.5,13632,1727,8,0
2,1470611.52,334719.67,98.58,-0.67,8/6/23,Back To The Future,Winter Garden Theatre,125.23,297,11743,1489,5,3
3,701651.82,44571.32,61.59,6.34,8/6/23,"A Beautiful Noise, The Neil Diamond Musical",Broadhurst Theatre,123.62,347.5,5676,1152,8,0
4,974118.3,12954.79,97.15,1.27,8/6/23,The Book of Mormon,Eugene O'Neill Theatre,117.58,0,8285,1066,8,0
5,637272,-268.75,78.47,-1.83,8/6/23,Chicago,Ambassador Theatre,93.99,248,6780,1080,8,0
6,308304.95,56061.25,75.02,-10.3,8/6/23,The Cottage,Helen Hayes Theater,88.42,227,3487,581,8,0
7,1828701.45,155890.7,95.22,1.59,8/6/23,Funny Girl,August Wilson Theatre,196.93,0,9286,1219,8,0
8,930029.88,66258.2,93.86,4.34,8/6/23,"Good Night, Oscar",Belasco Theatre,138.5,297,6715,1022,7,0
9,772904.3,44611.28,100.44,0.32,8/6/23,Hadestown,Walter Kerr Theatre,104.79,0,7376,918,8,0
10,1922324,49115,101.16,-0.26,8/6/23,Hamilton,Richard Rodgers Theatre,179.4,449,10715,1324,8,0
11,1478026.9,29610.8,92.19,1.22,8/6/23,Harry Potter and the Cursed Child,Lyric Theatre,123.56,349,11962,1622,8,0
12,914854.8,1073.06,98.47,-0.62,8/6/23,Here Lies Love,Broadway Theatre,106.54,327,8587,1090,8,0
13,569002,78485,93.97,3.92,8/6/23,Just For Us,Hudson Theatre,77.63,179,7330,975,8,0
14,656835.15,-38521.62,91.24,0.25,8/6/23,Kimberly Akimbo,Booth Theatre,116.42,273,5642,773,8,0
15,2493550,-320244,96.73,-0.32,8/6/23,The Lion King,Minskoff Theatre,190,199,13124,1696,8,0
16,1574934,-23908,94.92,-1.67,8/6/23,MJ The Musical,Neil Simon Theatre,149.54,250,10532,1387,8,0
17,1158210.11,-183317.58,98.26,-1.7,8/6/23,Moulin Rouge! The Musical,Al Hirschfeld Theatre,113.34,0,10219,1300,8,0
18,514442,-64936,52.46,-3.74,8/6/23,Once Upon A One More Time,Marquis Theatre,87.34,297,5890,1604,7,0
19,1814013.27,286076.35,102.66,0.07,8/6/23,Parade,Bernard B. Jacobs Theatre,192.49,497,9424,1020,9,0
20,269501.08,61627.83,92.89,0.97,8/6/23,The Shark is Broken,John Golden Theatre,45.22,227,5960,802,0,8
21,748393.2,23352.8,89.06,2.17,8/6/23,Shucked,Nederlander Theatre,89.7,179,8343,1171,8,0
22,944136,-17480.25,95.5,-0.49,8/6/23,SIX: The Musical,Lena Horne Theatre,119.86,249,7877,1031,8,0
23,889426.4,85870.12,76.68,4.43,8/6/23,Some Like It Hot,Sam S. Shubert Theatre,100.13,278,8883,1448,8,0
24,1765436,-9447,97.92,-1.9,8/6/23,Sweeney Todd,Lunt-Fontanne Theatre,171.94,399,10268,1498,7,0
25,1910102,-229323,97.68,-0.6,8/6/23,Wicked,Gershwin Theatre,130.96,275,14585,1867,8,0
0,1206929.2,-41677.8,99.54,0.79,7/30/23,& Juliet,Stephen Sondheim Theatre,147.73,348,8170,1026,8,0
1,1619403.5,2018.8,97.95,0.65,7/30/23,Aladdin,New Amsterdam Theatre,119.66,215.5,13533,1727,8,0
2,1135891.85,-240528.35,99.25,1.86,7/30/23,Back To The Future,Winter Garden Theatre,109.8,297,10345,1489,0,7
3,657080.5,-64364.75,55.25,-3.43,7/30/23,"A Beautiful Noise, The Neil Diamond Musical",Broadhurst Theatre,129.04,347.5,5092,1152,8,0
4,961163.51,-29191.42,95.88,-1.83,7/30/23,The Book of Mormon,Eugene O'Neill Theatre,117.54,0,8177,1066,8,0
5,637540.75,22266.1,80.3,3.73,7/30/23,Chicago,Ambassador Theatre,91.89,248,6938,1080,8,0
6,252243.7,-40643.75,85.32,-8.98,7/30/23,The Cottage,Helen Hayes Theater,72.69,227,3470,581,7,0
7,1672810.75,352946.4,93.63,13.18,7/30/23,Funny Girl,August Wilson Theatre,183.2,0,9131,1219,8,0
8,863771.68,30497.68,89.52,4.07,7/30/23,"Good Night, Oscar",Belasco Theatre,134.88,297,6404,1022,7,0
9,644099.51,232017.61,98.48,18.9,7/30/23,Grey House,Lyceum Theatre,90.44,257,7122,904,8,0
10,728293.02,17888.87,100.12,-0.26,7/30/23,Hadestown,Walter Kerr Theatre,99.05,0,7353,918,8,0
11,1873209,-19353,101.42,0,7/30/23,Hamilton,Richard Rodgers Theatre,174.38,449,10742,1324,8,0
12,1448416.1,13216.4,90.97,1.47,7/30/23,Harry Potter and the Cursed Child,Lyric Theatre,122.71,349,11804,1622,8,0
13,913781.74,153716.72,99.09,-0.64,7/30/23,Here Lies Love,Broadway Theatre,105.75,327,8641,1090,8,0
14,490517,55123,90.05,-1.47,7/30/23,Just For Us,Hudson Theatre,77.33,179,6343,881,8,0
15,695356.77,9147.42,90.99,-3.32,7/30/23,Kimberly Akimbo,Booth Theatre,123.58,273,5627,773,8,0
16,2813794,343798,97.05,-0.25,7/30/23,The Lion King,Minskoff Theatre,189.94,199,14814,1696,9,0
17,1598842,-23986,96.59,-1.23,7/30/23,MJ The Musical,Neil Simon Theatre,149.17,250,10718,1387,8,0
18,1341527.69,150074.85,99.96,0.59,7/30/23,Moulin Rouge! The Musical,Al Hirschfeld Theatre,129.04,0,10396,1300,8,0
19,914747.88,228887.26,85.2,16.11,7/30/23,"New York, New York",St. James Theatre,80.89,0,11308,1659,8,0
20,579378,28439.5,56.2,4.34,7/30/23,Once Upon A One More Time,Marquis Theatre,80.35,297,7211,1604,8,0
21,1527936.92,232307.42,102.59,0.52,7/30/23,Parade,Bernard B. Jacobs Theatre,162.24,347,9418,1020,9,0
22,207873.25,0,91.92,0,7/30/23,The Shark is Broken,John Golden Theatre,47,227,4423,802,0,6
23,725040.4,-64170.2,86.89,-1.67,7/30/23,Shucked,Nederlander Theatre,89.07,179,8140,1171,8,0
24,961616.25,-7293.5,95.99,1.42,7/30/23,SIX: The Musical,Lena Horne Theatre,121.46,249,7917,1031,8,0
25,803556.28,-132924.62,72.25,-7.45,7/30/23,Some Like It Hot,Sam S. Shubert Theatre,96,278,8370,1448,8,0
26,1774883,-55352,99.82,-0.98,7/30/23,Sweeney Todd,Lunt-Fontanne Theatre,169.57,399,10467,1498,7,0
27,2139425,223384,98.28,0.81,7/30/23,Wicked,Gershwin Theatre,130.05,275,16451,1860,9,0
0,1248607,49995.6,98.75,-0.02,7/23/23,& Juliet,Stephen Sondheim Theatre,154.05,348,8105,1026,8,0
1,1617384.7,31305,97.3,-0.11,7/23/23,Aladdin,New Amsterdam Theatre,120.31,215.5,13443,1727,8,0
2,1376420.2,176382.45,97.39,-0.76,7/23/23,Back To The Future,Winter Garden Theatre,118.65,297,11601,1489,0,8
3,721445.25,-35652.36,58.68,-3.55,7/23/23,"A Beautiful Noise, The Neil Diamond Musical",Broadhurst Theatre,133.4,347.5,5408,1152,8,0
4,990354.93,34953.64,97.71,0.95,7/23/23,The Book of Mormon,Eugene O'Neill Theatre,118.85,0,8333,1066,8,0
5,780457,189142,96.39,13.46,7/23/23,Camelot,Vivian Beaumont Theater,96.66,249,8074,1047,8,0
6,615274.65,-23485,76.57,-2.82,7/23/23,Chicago,Ambassador Theatre,93,248,6616,1080,8,0
7,292887.45,21715.55,94.3,1.28,7/23/23,The Cottage,Helen Hayes Theater,76.37,227,3835,581,0,7
8,1319864.35,-159157.95,80.45,-4.21,7/23/23,Funny Girl,August Wilson Theatre,168.24,0,7845,1219,8,0
9,833274,25028.5,85.45,1.4,7/23/23,"Good Night, Oscar",Belasco Theatre,136.31,297,6113,1022,7,0
10,412081.9,69589.49,79.58,11.48,7/23/23,Grey House,Lyceum Theatre,71.6,257,5755,904,8,0
11,710404.15,38353.53,100.38,3.2,7/23/23,Hadestown,Walter Kerr Theatre,96.37,0,7372,918,8,0
12,1892562,45935,101.42,0.23,7/23/23,Hamilton,Richard Rodgers Theatre,176.18,449,10742,1324,8,0
13,1435199.7,4937.4,89.5,-1.28,7/23/23,Harry Potter and the Cursed Child,Lyric Theatre,123.59,349,11613,1622,8,0
14,760065.02,-24970.42,99.73,1.61,7/23/23,Here Lies Love,Broadway Theatre,89.28,327,8513,1067,6,2
15,435394,10304,91.52,1.79,7/23/23,Just For Us,Hudson Theatre,80.05,179,5439,849,7,0
16,686209.35,6070.25,94.31,2.07,7/23/23,Kimberly Akimbo,Booth Theatre,117.66,273,5832,773,8,0
17,585043,75516.7,92.65,7.05,7/23/23,Life of Pi,Gerald Schoenfeld Theatre,80.71,247,7249,978,8,0
18,2469996,-168961,97.3,3.24,7/23/23,The Lion King,Minskoff Theatre,187.09,199,13202,1696,8,0
19,1622828,26339,97.82,0.64,7/23/23,MJ The Musical,Neil Simon Theatre,149.51,250,10854,1387,8,0
20,1191452.84,-8747.48,99.37,2.77,7/23/23,Moulin Rouge! The Musical,Al Hirschfeld Theatre,115.29,0,10334,1300,8,0
21,685860.62,-6189.91,69.09,0.82,7/23/23,"New York, New York",St. James Theatre,74.79,0,9170,1659,8,0
22,550938.5,-76987.5,51.86,-4.34,7/23/23,Once Upon A One More Time,Marquis Theatre,82.79,297,6655,1604,8,0
23,1295629.5,-48836.07,102.07,1.99,7/23/23,Parade,Bernard B. Jacobs Theatre,155.56,297,8329,1020,8,0
24,550081.8,102411.8,75.45,11.16,7/23/23,Peter Pan Goes Wrong,Ethel Barrymore Theatre,87.04,197,6320,1047,8,0
25,789210.6,49637.7,88.56,0.23,7/23/23,Shucked,Nederlander Theatre,95.13,179,8296,1171,8,0
26,968909.75,36153.75,94.57,-0.86,7/23/23,SIX: The Musical,Lena Horne Theatre,124.22,249,7800,1031,8,0
27,936480.9,42328.6,79.7,1.81,7/23/23,Some Like It Hot,Sam S. Shubert Theatre,101.44,278,9232,1448,8,0
28,1830235,24725,100.8,0.08,7/23/23,Sweeney Todd,Lunt-Fontanne Theatre,173.15,399,10570,1498,7,0
29,1916041,113445,97.47,1.79,7/23/23,Wicked,Gershwin Theatre,131.65,275,14554,1867,8,0
0,1198611.4,65622,98.77,0.26,7/16/23,& Juliet,Stephen Sondheim Theatre,147.85,348,8107,1026,8,0
1,1586079.7,26695.1,97.41,0.38,7/16/23,Aladdin,New Amsterdam Theatre,117.85,215.5,13458,1727,8,0
2,1200037.75,-22693.15,98.15,-0.99,7/16/23,Back To The Future,Winter Garden Theatre,117.31,297,10230,1489,0,7
3,757097.61,133999.36,62.23,6.71,7/16/23,"A Beautiful Noise, The Neil Diamond Musical",Broadhurst Theatre,132.01,347.5,5735,1152,8,0
4,955401.29,15821.39,96.76,-0.63,7/16/23,The Book of Mormon,Eugene O'Neill Theatre,115.78,0,8252,1066,8,0
5,591315,105679,82.93,13.46,7/16/23,Camelot,Vivian Beaumont Theater,85.13,249,6946,1047,8,0
6,638759.65,26760.2,79.39,4.15,7/16/23,Chicago,Ambassador Theatre,93.13,248,6859,1080,8,0
7,271171.9,153174.1,93.02,7.25,7/16/23,The Cottage,Helen Hayes Theater,71.68,197,3783,581,0,7
8,1479022.3,252886.46,84.66,-1.51,7/16/23,Funny Girl,August Wilson Theatre,179.15,0,8256,1219,8,0
9,808245.5,177363.4,84.05,12.98,7/16/23,"Good Night, Oscar",Belasco Theatre,134.42,297,6013,1022,7,0
10,342492.41,15035.32,68.1,7.4,7/16/23,Grey House,Lyceum Theatre,69.54,257,4925,904,8,0
11,672050.62,-2113.22,97.18,0.45,7/16/23,Hadestown,Walter Kerr Theatre,94.16,0,7137,918,8,0
12,1846627,-9102,101.19,0.14,7/16/23,Hamilton,Richard Rodgers Theatre,172.29,449,10718,1324,8,0
13,1430262.3,-33881.8,90.78,-2.45,7/16/23,Harry Potter and the Cursed Child,Lyric Theatre,121.42,349,11779,1622,8,0
14,785035.44,270066.54,98.12,2.82,7/16/23,Here Lies Love,Broadway Theatre,96.44,327,8140,1037,0,8
15,425090,76092,89.73,0.89,7/16/23,Just For Us,Hudson Theatre,74.95,179,5672,903,7,0
16,680139.1,67051.85,92.24,5.08,7/16/23,Kimberly Akimbo,Booth Theatre,119.24,273,5704,773,8,0
17,509526.3,8243.29,85.6,-1.49,7/16/23,Life of Pi,Gerald Schoenfeld Theatre,76.08,247,6697,978,8,0
18,2638957,206728,94.06,0.1,7/16/23,The Lion King,Minskoff Theatre,183.8,199,14358,1696,9,0
19,1596489,55522,97.18,2.34,7/16/23,MJ The Musical,Neil Simon Theatre,148.06,250,10783,1387,8,0
20,1200200.32,24731.27,96.6,0.97,7/16/23,Moulin Rouge! The Musical,Al Hirschfeld Theatre,119.47,0,10046,1300,8,0
21,692050.53,61589.75,68.27,-1.96,7/16/23,"New York, New York",St. James Theatre,76.38,0,9061,1659,8,0
22,627926,11071.5,56.2,4.71,7/16/23,Once Upon A One More Time,Marquis Theatre,87.07,297,7212,1604,8,0
23,1344465.57,297210.09,100.08,4.06,7/16/23,Parade,Bernard B. Jacobs Theatre,146.34,297,9187,1020,9,0
24,447670,-63932.5,64.29,-9.49,7/16/23,Peter Pan Goes Wrong,Ethel Barrymore Theatre,83.13,197,5385,1047,8,0
25,739572.9,41247.9,88.33,-1.6,7/16/23,Shucked,Nederlander Theatre,89.37,179,8275,1171,8,0
26,932756,81671,95.43,6.57,7/16/23,SIX: The Musical,Lena Horne Theatre,118.51,249,7871,1031,8,0
27,894152.3,97645.35,77.89,6.75,7/16/23,Some Like It Hot,Sam S. Shubert Theatre,99.1,278,9023,1448,8,0
28,1805510,64730,100.72,1.03,7/16/23,Sweeney Todd,Lunt-Fontanne Theatre,170.96,399,10561,1498,7,0
29,1802596,-165194,95.68,-3.88,7/16/23,Wicked,Gershwin Theatre,130.33,275,13831,1807,8,0
0,1132989.4,-48697.6,98.51,-0.81,7/9/23,& Juliet,Stephen Sondheim Theatre,140.12,348,8086,1026,8,0
1,1559384.6,-48353.4,97.03,-0.78,7/9/23,Aladdin,New Amsterdam Theatre,116.32,215.5,13406,1727,8,0
2,1222730.9,187474.9,99.14,-0.86,7/9/23,Back To The Future,Winter Garden Theatre,138.05,347,8857,1489,0,6
3,623098.25,-111208.3,55.52,-11.04,7/9/23,"A Beautiful Noise, The Neil Diamond Musical",Broadhurst Theatre,121.77,347.5,5117,1152,8,0
4,939579.9,-64336.13,97.39,-1,7/9/23,The Book of Mormon,Eugene O'Neill Theatre,113.13,0,8305,1066,8,0
5,485636,-16503,69.47,-5.12,7/9/23,Camelot,Vivian Beaumont Theater,83.46,249,5819,1047,8,0
6,611999.45,-26644.56,75.24,-3.56,7/9/23,Chicago,Ambassador Theatre,94.14,248,6501,1080,8,0
7,117997.8,0,85.77,0,7/9/23,The Cottage,Helen Hayes Theater,78.93,197,1495,581,0,3
8,1226135.84,-147469.22,86.17,-0.48,7/9/23,Funny Girl,August Wilson Theatre,145.92,0,8403,1219,8,0
9,630882.1,-100733.5,71.07,-8.13,7/9/23,"Good Night, Oscar",Belasco Theatre,124.09,297,5084,1022,7,0
10,327457.09,-27538.88,60.7,-4.65,7/9/23,Grey House,Lyceum Theatre,74.59,257,4390,904,8,0
11,674163.84,2086.71,96.73,-2.75,7/9/23,Hadestown,Walter Kerr Theatre,94.9,0,7104,918,8,0
12,1855729,-36713,101.05,-0.28,7/9/23,Hamilton,Richard Rodgers Theatre,173.38,449,10703,1324,8,0
13,1464144.1,-2436.2,93.23,1.98,7/9/23,Harry Potter and the Cursed Child,Lyric Theatre,121.02,349,12098,1622,8,0
14,514968.9,-87222.8,95.3,12.71,7/9/23,Here Lies Love,Broadway Theatre,74.44,327,6918,1037,0,7
15,348998,19399,88.84,-4.09,7/9/23,Just For Us,Hudson Theatre,64.73,179,5392,867,7,0
16,613087.25,-36076.6,87.16,-5.58,7/9/23,Kimberly Akimbo,Booth Theatre,113.75,277,5390,773,8,0
17,501283.01,43378.26,87.09,7.45,7/9/23,Life of Pi,Gerald Schoenfeld Theatre,73.57,247,6814,978,8,0
18,2432229,-53557,93.96,-4.17,7/9/23,The Lion King,Minskoff Theatre,190.78,199,12749,1696,8,0
19,1540967,-16550,94.84,1,7/9/23,MJ The Musical,Neil Simon Theatre,146.44,250,10523,1387,8,0
20,1175469.05,-8277.04,95.63,-2.42,7/9/23,Moulin Rouge! The Musical,Al Hirschfeld Theatre,118.19,0,9946,1300,8,0
21,630460.78,-139601.72,70.23,-6.22,7/9/23,"New York, New York",St. James Theatre,67.64,0,9321,1659,8,0
22,616854.5,-3188.5,51.49,-8.13,7/9/23,Once Upon A One More Time,Marquis Theatre,93.36,297,6607,1604,8,0
23,1047255.48,-94052.18,96.02,-3.26,7/9/23,Parade,Bernard B. Jacobs Theatre,133.66,297,7835,1020,8,0
24,511602.5,-43211.5,73.78,-2.01,7/9/23,Peter Pan Goes Wrong,Ethel Barrymore Theatre,82.78,197,6180,1047,8,0
25,698325,-32267.2,89.93,-5.17,7/9/23,Shucked,Nederlander Theatre,82.89,179,8425,1171,8,0
26,851085,-62022,88.86,-3.47,7/9/23,SIX: The Musical,Lena Horne Theatre,116.13,249,7329,1031,8,0
27,796506.95,-115969.3,71.14,-7.91,7/9/23,Some Like It Hot,Sam S. Shubert Theatre,96.65,278,8241,1448,8,0
28,1740780,-53305,99.69,-1.1,7/9/23,Sweeney Todd,Lunt-Fontanne Theatre,166.52,399,10454,1498,7,0
29,1967790,87572,99.56,0.09,7/9/23,Wicked,Gershwin Theatre,132.37,275,14866,1867,8,0
0,1181687,-220231.7,99.32,-0.2,7/2/23,& Juliet,Stephen Sondheim Theatre,144.96,348,8152,1026,8,0
1,1607738,58583.7,97.81,1.34,7/2/23,Aladdin,New Amsterdam Theatre,118.98,227.5,13513,1727,8,0
2,1035256,0,100,0,7/2/23,Back To The Future,Winter Garden Theatre,173.82,347,5956,1489,0,4
3,734306.55,-153837.45,66.56,-2.67,7/2/23,"A Beautiful Noise, The Neil Diamond Musical",Broadhurst Theatre,119.71,347.5,6134,1152,8,0
4,1003916.03,1763.58,98.39,0.36,7/2/23,The Book of Mormon,Eugene O'Neill Theatre,119.64,0,8391,1066,8,0
5,502139,-233344,74.59,-4.43,7/2/23,Camelot,Vivian Beaumont Theater,80.37,249,6248,1047,8,0
6,638644.01,21780.75,78.8,3.29,7/2/23,Chicago,Ambassador Theatre,93.81,237,6808,1080,8,0
7,457459,-14046,99.89,2.16,7/2/23,Fat Ham,American Airlines Theatre,81.31,247,5626,704,8,0
8,1373605.06,-151272.59,86.65,-1.93,7/2/23,Funny Girl,August Wilson Theatre,162.56,0,8450,1219,8,0
9,731615.6,-24822.32,79.2,-0.76,7/2/23,"Good Night, Oscar",Belasco Theatre,129.12,297,5666,1022,7,0
10,354995.97,-12363,65.35,6.38,7/2/23,Grey House,Lyceum Theatre,75.12,257,4726,904,8,0
11,672077.13,-61019.39,99.48,-0.26,7/2/23,Hadestown,Walter Kerr Theatre,91.99,0,7306,918,8,0
12,1892442,-58611,101.33,0.24,7/2/23,Hamilton,Richard Rodgers Theatre,176.32,449,10733,1324,8,0
13,1466580.3,-3346.1,91.25,-0.87,7/2/23,Harry Potter and the Cursed Child,Lyric Theatre,123.86,349,11841,1622,8,0
14,602191.7,-39959.5,82.59,-1.07,7/2/23,Here Lies Love,Broadway Theatre,87.89,327,6852,1037,0,8
15,329599,160392,92.93,4.5,7/2/23,Just For Us,Hudson Theatre,58.44,179,5640,867,7,0
16,649163.85,-87154.8,92.74,-5.4,7/2/23,Kimberly Akimbo,Booth Theatre,113.19,277,5735,773,8,0
17,1295520.76,164774.53,99.78,4.48,7/2/23,Leopoldstadt,Longacre Theatre,150.98,448,8581,1075,8,0
18,457904.75,6401.19,79.64,6.94,7/2/23,Life of Pi,Gerald Schoenfeld Theatre,73.49,277,6231,978,8,0
19,2485786,63872,98.13,0.97,7/2/23,The Lion King,Minskoff Theatre,186.7,199,13314,1696,8,0
20,1557517,-74823,93.84,-5.26,7/2/23,MJ The Musical,Neil Simon Theatre,149.57,250,10413,1387,8,0
21,1183746.09,-41699.98,98.05,0.75,7/2/23,Moulin Rouge! The Musical,Al Hirschfeld Theatre,116.09,0,10197,1300,8,0
22,770062.5,-98789.51,76.45,-2.22,7/2/23,"New York, New York",St. James Theatre,75.89,0,10147,1659,8,0
23,620043,-81382,59.62,-31.9,7/2/23,Once Upon A One More Time,Marquis Theatre,81.04,297,7651,1604,8,0
24,1141307.66,-156953.57,99.28,0.72,7/2/23,Parade,Bernard B. Jacobs Theatre,140.88,327,8101,1020,8,0
25,554814,-91115.28,75.79,-6.93,7/2/23,Peter Pan Goes Wrong,Ethel Barrymore Theatre,87.4,197,6348,1047,8,0
26,1249649.95,71682.87,99.83,0.03,7/2/23,Prima Facie,John Golden Theatre,195.11,397,6405,802,8,0
27,730592.2,-98788.6,95.1,0.92,7/2/23,Shucked,Nederlander Theatre,82.01,179,8909,1171,8,0
28,729160.1,95953.06,81.63,6.77,7/2/23,The Sign in Sidney Brustein's Window,James Earl Jones Theatre,104.45,337,6981,1069,8,0
29,913107,-83477,92.33,-0.29,7/2/23,SIX: The Musical,Lena Horne Theatre,119.91,249,7615,1031,8,0
30,912476.25,-176973.94,79.05,-8.86,7/2/23,Some Like It Hot,Sam S. Shubert Theatre,99.65,278,9157,1448,8,0
31,1794085,-97695,100.79,-0.01,7/2/23,Sweeney Todd,Lunt-Fontanne Theatre,169.75,399,10569,1498,7,0
32,1880218,-113579,99.47,0.68,7/2/23,Wicked,Gershwin Theatre,130.76,275,14379,1807,8,0
0,1401918.7,62065.1,99.52,-0.16,6/25/23,& Juliet,Stephen Sondheim Theatre,171.61,347,8169,1026,8,0
1,1549154.3,16676.5,96.47,-0.54,6/25/23,Aladdin,New Amsterdam Theatre,116.23,227.5,13328,1727,8,0
2,888144,48221.05,69.23,-1.15,6/25/23,"A Beautiful Noise, The Neil Diamond Musical",Broadhurst Theatre,139.21,347.5,6380,1152,8,0
3,1002152.45,49065.54,98.03,1.2,6/25/23,The Book of Mormon,Eugene O'Neill Theatre,119.87,0,8360,1066,8,0
4,735483,-21652,79.02,-1.54,6/25/23,Camelot,Vivian Beaumont Theater,111.12,249,6619,1047,8,0
5,616863.26,28321.46,75.51,2.27,6/25/23,Chicago,Ambassador Theatre,94.55,237,6524,1080,8,0
6,471505,82404,97.73,7.46,6/25/23,Fat Ham,American Airlines Theatre,85.67,247,5504,704,8,0
7,1524877.65,-85053.1,88.58,-2.99,6/25/23,Funny Girl,August Wilson Theatre,176.53,0,8638,1219,8,0
8,756437.92,14994.11,79.96,1.98,6/25/23,"Good Night, Oscar",Belasco Theatre,132.24,297,5720,1022,7,0
9,367358.97,-1348.64,58.97,1.17,6/25/23,Grey House,Lyceum Theatre,86.13,257,4265,904,8,0
10,733096.52,24151.77,99.74,0.03,6/25/23,Hadestown,Walter Kerr Theatre,100.08,0,7325,918,8,0
11,1951053,-5954,101.09,-0.05,6/25/23,Hamilton,Richard Rodgers Theatre,182.22,449,10707,1324,8,0
12,1469926.4,77095.8,92.12,5.69,6/25/23,Harry Potter and the Cursed Child,Lyric Theatre,122.97,349,11954,1622,8,0
13,642151.2,515690.2,83.66,-16.34,6/25/23,Here Lies Love,Broadway Theatre,106.05,347,6055,1034,0,7
14,169207,0,88.43,0,6/25/23,Just For Us,Hudson Theatre,56.35,179,3003,849,0,4
15,736318.65,40914.07,98.14,-2.56,6/25/23,Kimberly Akimbo,Booth Theatre,121.32,277,6069,773,8,0
16,1130746.23,206712.88,95.3,11.17,6/25/23,Leopoldstadt,Longacre Theatre,137.96,397,8196,1075,8,0
17,451503.56,-42497.84,72.7,-2.53,6/25/23,Life of Pi,Gerald Schoenfeld Theatre,79.38,277,5688,978,8,0
18,2421914,72651,97.16,1.95,6/25/23,The Lion King,Minskoff Theatre,183.71,199,13183,1696,8,0
19,1632340,45172,99.1,2.23,6/25/23,MJ The Musical,Neil Simon Theatre,148.45,250,10996,1387,8,0
20,1225446.07,12332.06,97.3,0.63,6/25/23,Moulin Rouge! The Musical,Al Hirschfeld Theatre,121.1,0,10119,1300,8,0
21,868852.01,-126991.68,78.67,-1.85,6/25/23,"New York, New York",St. James Theatre,83.22,0,10441,1659,8,0
22,701425,55797,91.52,20.53,6/25/23,Once Upon A One More Time,Marquis Theatre,59.73,297,11744,1604,4,4
23,1298261.23,129797.98,98.56,0.15,6/25/23,Parade,Bernard B. Jacobs Theatre,143.49,327,9048,1020,9,0
24,645929.28,36313.78,82.72,3.36,6/25/23,Peter Pan Goes Wrong,Ethel Barrymore Theatre,93.22,197,6929,1047,8,0
25,1177967.08,70137.12,99.8,0.05,6/25/23,Prima Facie,John Golden Theatre,183.97,324,6403,802,8,0
26,829380.8,-32806.7,94.18,0.04,6/25/23,Shucked,Nederlander Theatre,94,179,8823,1171,8,0
27,633207.04,143779.86,74.86,13.52,6/25/23,The Sign in Sidney Brustein's Window,James Earl Jones Theatre,98.91,337,6402,1069,8,0
28,996584,15198,92.62,-1.15,6/25/23,SIX: The Musical,Lena Horne Theatre,130.46,249,7639,1031,8,0
29,1089450.19,-54037.31,87.91,-2.46,6/25/23,Some Like It Hot,Sam S. Shubert Theatre,106.99,278,10183,1448,8,0
30,1891780,-44132,100.8,0,6/25/23,Sweeney Todd,Lunt-Fontanne Theatre,178.98,399,10570,1498,7,0
31,1993797,8685,98.79,-0.19,6/25/23,Wicked,Gershwin Theatre,130.98,275,15222,1926,8,0
0,1339853.6,205694.3,99.68,0.84,6/18/23,& Juliet,Stephen Sondheim Theatre,163.76,347,8182,1026,8,0
1,1532477.8,13315.8,97.01,1.16,6/18/23,Aladdin,New Amsterdam Theatre,114.34,227.5,13403,1727,8,0
2,839922.95,-90813.1,70.38,-4.36,6/18/23,"A Beautiful Noise, The Neil Diamond Musical",Broadhurst Theatre,129.5,347.5,6486,1152,8,0
3,953086.91,19088.33,96.83,1.54,6/18/23,The Book of Mormon,Eugene O'Neill Theatre,115.41,0,8258,1066,8,0
4,757135,63248,80.56,-0.84,6/18/23,Camelot,Vivian Beaumont Theater,112.2,249,6748,1047,8,0
5,588541.8,-11659.05,73.24,-0.72,6/18/23,Chicago,Ambassador Theatre,93.01,237,6328,1080,8,0
6,389101,-4748,90.27,0.14,6/18/23,Fat Ham,American Airlines Theatre,76.53,247,5084,704,8,0
7,1609930.75,1081881.45,91.57,33.26,6/18/23,Funny Girl,August Wilson Theatre,180.28,0,8930,1219,8,0
8,741443.81,88401.41,77.98,8.59,6/18/23,"Good Night, Oscar",Belasco Theatre,132.9,297,5579,1022,7,0
9,368707.61,-27568.49,57.8,-3.48,6/18/23,Grey House,Lyceum Theatre,88.21,257,4180,904,8,0
10,708944.75,-2153.75,99.71,3.39,6/18/23,Hadestown,Walter Kerr Theatre,96.81,0,7323,918,8,0
11,1957007,224949,101.14,0.26,6/18/23,Hamilton,Richard Rodgers Theatre,182.68,449,10713,1324,8,0
12,1392830.6,144350,86.43,5.32,6/18/23,Harry Potter and the Cursed Child,Lyric Theatre,124.19,349,11215,1622,8,0
13,126461,0,100,0,6/18/23,Here Lies Love,Broadway Theatre,125.58,347,1007,1007,0,1
14,695404.58,169229.37,100.7,3.44,6/18/23,Kimberly Akimbo,Booth Theatre,111.68,277,6227,773,8,0
15,924033.35,273804.04,84.13,21.22,6/18/23,Leopoldstadt,Longacre Theatre,127.72,373,7235,1075,8,0
16,494001.4,10970.54,75.23,-3.68,6/18/23,Life of Pi,Gerald Schoenfeld Theatre,83.93,277,5886,978,8,0
17,2349263,64929,95.21,0.89,6/18/23,The Lion King,Minskoff Theatre,181.86,199,12918,1696,8,0
18,1587168,-51053,96.87,-2.35,6/18/23,MJ The Musical,Neil Simon Theatre,147.66,250,10749,1387,8,0
19,1213114.01,-35982.91,96.67,0.45,6/18/23,Moulin Rouge! The Musical,Al Hirschfeld Theatre,120.66,0,10054,1300,8,0
20,995843.69,141105.49,80.52,1.56,6/18/23,"New York, New York",St. James Theatre,93.18,0,10687,1659,8,0
21,645628,33273,70.99,1.45,6/18/23,Once Upon A One More Time,Marquis Theatre,70.87,297,9110,1604,0,8
22,1168463.25,108733.69,98.41,3.81,6/18/23,Parade,Bernard B. Jacobs Theatre,145.51,297,8030,1020,8,0
23,609615.5,109852.5,79.36,10.32,6/18/23,Peter Pan Goes Wrong,Ethel Barrymore Theatre,91.71,197,6647,1047,8,0
24,1107829.96,161576.06,99.75,7.36,6/18/23,Prima Facie,John Golden Theatre,173.1,324,6400,802,8,0
25,862187.5,162233.2,94.14,-2.75,6/18/23,Shucked,Nederlander Theatre,97.76,179,8819,1171,8,0
26,489427.18,-19097.28,61.34,-8.54,6/18/23,The Sign in Sidney Brustein's Window,James Earl Jones Theatre,93.3,337,5246,1069,8,0
27,981386,27672,93.77,-2.75,6/18/23,SIX: The Musical,Lena Horne Theatre,126.89,249,7734,1031,8,0
28,1143487.5,103038.76,90.37,1.95,6/18/23,Some Like It Hot,Sam S. Shubert Theatre,109.24,278,10468,1448,8,0
29,446296,40185,89.48,2.53,6/18/23,"Summer, 1976",Samuel J. Friedman Theatre,97.87,319,4560,637,8,0
30,1935912,54973,100.8,0,6/18/23,Sweeney Todd,Lunt-Fontanne Theatre,183.15,399,10570,1498,7,0
31,1985112,30848,98.98,0.52,6/18/23,Wicked,Gershwin Theatre,130.16,275,15251,1926,8,0
0,1134159.3,2754.4,98.84,3.07,6/11/23,& Juliet,Stephen Sondheim Theatre,139.8,323,8113,1026,8,0
1,1519162,101228.5,95.85,3.71,6/11/23,Aladdin,New Amsterdam Theatre,114.72,227.5,13242,1727,8,0
2,930736.05,54929.35,74.74,6.29,6/11/23,"A Beautiful Noise, The Neil Diamond Musical",Broadhurst Theatre,135.12,347.5,6888,1152,8,0
3,933998.58,72209.26,95.29,4.25,6/11/23,The Book of Mormon,Eugene O'Neill Theatre,114.94,0,8126,1066,8,0
4,693887,-54071,81.4,1.02,6/11/23,Camelot,Vivian Beaumont Theater,116.31,249,5966,1047,7,0
5,600200.85,-3178.17,73.96,-1.5,6/11/23,Chicago,Ambassador Theatre,93.93,237,6390,1080,8,0
6,974352.6,49860.6,100,3.61,6/11/23,A Doll's House,Hudson Theatre,147.14,299,6622,946,7,0
7,393849,14665,90.13,1.09,6/11/23,Fat Ham,American Airlines Theatre,77.59,247,5076,704,8,0
8,528049.3,-842084.7,58.31,-21.53,6/11/23,Funny Girl,August Wilson Theatre,92.87,0,5686,1219,8,0
9,653042.4,72476.7,69.39,6.46,6/11/23,"Good Night, Oscar",Belasco Theatre,131.56,297,4964,1022,7,0
10,396276.1,62674.6,61.28,-12.74,6/11/23,Grey House,Lyceum Theatre,89.41,257,4432,904,8,0
11,711098.5,23475.5,96.32,2.53,6/11/23,Hadestown,Walter Kerr Theatre,100.52,0,7074,918,8,0
12,1732058,-206545,100.88,0.99,6/11/23,Hamilton,Richard Rodgers Theatre,185.25,449,9350,1324,7,0
13,1248480.6,30854.9,81.11,-1.24,6/11/23,Harry Potter and the Cursed Child,Lyric Theatre,118.62,349,10525,1622,8,0
14,526175.21,8525.11,97.26,6.69,6/11/23,Kimberly Akimbo,Booth Theatre,99.98,277,5263,773,7,0
15,650229.31,92333.4,62.91,7.72,6/11/23,Leopoldstadt,Longacre Theatre,120.19,347,5410,1075,8,0
16,483030.86,49127.32,78.91,11.6,6/11/23,Life of Pi,Gerald Schoenfeld Theatre,78.24,277,6174,978,8,0
17,2284334,48861,94.32,-1,6/11/23,The Lion King,Minskoff Theatre,178.49,199,12798,1696,8,0
18,1638221,135638,99.22,4.13,6/11/23,MJ The Musical,Neil Simon Theatre,148.79,250,11010,1387,8,0
19,1249096.92,46957.6,96.22,-0.09,6/11/23,Moulin Rouge! The Musical,Al Hirschfeld Theatre,124.82,0,10007,1300,8,0
20,854738.2,-4546.8,78.96,4.96,6/11/23,"New York, New York",St. James Theatre,93.21,0,9170,1659,7,0
21,612355,3270.5,69.54,4.91,6/11/23,Once Upon A One More Time,Marquis Theatre,68.63,297,8923,1604,0,8
22,1059729.56,24295.5,94.6,2.91,6/11/23,Parade,Bernard B. Jacobs Theatre,137.29,297,7719,1020,8,0
23,499763,26419.5,69.04,0.31,6/11/23,Peter Pan Goes Wrong,Ethel Barrymore Theatre,86.42,197,5783,1047,8,0
24,946253.9,31484.18,92.39,-1.97,6/11/23,Prima Facie,John Golden Theatre,159.62,314,5928,802,8,0
25,699954.3,-6728.7,96.89,4.43,6/11/23,Shucked,Nederlander Theatre,88.13,179,7942,1171,7,0
26,508524.46,27280.88,69.88,1.66,6/11/23,The Sign in Sidney Brustein's Window,James Earl Jones Theatre,85.09,337,5976,1069,8,0
27,953714,104695,96.52,12.97,6/11/23,SIX: The Musical,Lena Horne Theatre,119.8,249,7961,1031,8,0
28,1040448.74,115850.59,88.42,8.92,6/11/23,Some Like It Hot,Sam S. Shubert Theatre,101.58,257,10243,1448,8,0
29,406111,3134,86.95,10.99,6/11/23,"Summer, 1976",Samuel J. Friedman Theatre,104.75,319,3877,637,7,0
30,1880939,35693,100.8,0,6/11/23,Sweeney Todd,Lunt-Fontanne Theatre,177.95,399,10570,1498,7,0
31,264246.25,-1028,79.11,9.66,6/11/23,The Thanksgiving Play,Helen Hayes Theater,71.86,223,3677,581,8,0
32,1954264,80747,98.46,-0.41,6/11/23,Wicked,Gershwin Theatre,128.82,275,15170,1926,8,0
0,1131404.9,7690.3,95.77,-0.34,6/4/23,& Juliet,Stephen Sondheim Theatre,143.93,323,7861,1026,8,0
1,1417933.5,-35520,92.14,-1.99,6/4/23,Aladdin,New Amsterdam Theatre,111.39,227.5,12730,1727,8,0
2,384017,32853.52,76.56,7.2,6/4/23,Bad Cinderella,Imperial Theatre,44.85,297,8562,1398,8,0
3,875806.7,-1133.52,68.45,-7.53,6/4/23,"A Beautiful Noise, The Neil Diamond Musical",Broadhurst Theatre,138.84,347.5,6308,1152,8,0
4,861789.32,-178253.98,91.04,-5.23,6/4/23,The Book of Mormon,Eugene O'Neill Theatre,111,0,7764,1066,8,0
5,747958,-63645.5,80.38,-5.75,6/4/23,Camelot,Vivian Beaumont Theater,111.09,249,6733,1047,8,0
6,603379.02,-97980.06,75.46,-8.93,6/4/23,Chicago,Ambassador Theatre,92.54,237,6520,1080,8,0
7,924492,77412,96.39,2.35,6/4/23,A Doll's House,Hudson Theatre,126.73,299,7295,946,8,0
8,379184,-12248.6,89.04,-4.78,6/4/23,Fat Ham,American Airlines Theatre,75.61,247,5015,704,8,0
9,1370134,-213123,79.84,-9.49,6/4/23,Funny Girl,August Wilson Theatre,175.97,0,7786,1219,8,0
10,580565.7,29595.36,62.93,3.8,6/4/23,"Good Night, Oscar",Belasco Theatre,128.96,297,4502,1022,7,0
11,333601.5,-80263,74.02,-1.09,6/4/23,Grey House,Lyceum Theatre,62.32,257,5353,904,0,8
12,687623,-84019.1,93.79,-5.05,6/4/23,Hadestown,Walter Kerr Theatre,99.83,0,6888,918,8,0
13,1938603,44374,99.89,-0.84,6/4/23,Hamilton,Richard Rodgers Theatre,183.23,449,10580,1324,8,0
14,1217625.7,-154118.7,82.35,0.56,6/4/23,Harry Potter and the Cursed Child,Lyric Theatre,113.95,349,10686,1622,8,0
15,517650.1,-24428.82,90.57,-6.05,6/4/23,Kimberly Akimbo,Booth Theatre,92.42,277,5601,773,8,0
16,557895.91,2072.26,55.19,-4.15,6/4/23,Leopoldstadt,Longacre Theatre,117.55,347,4746,1075,8,0
17,433903.54,-67329.01,67.31,-15.21,6/4/23,Life of Pi,Gerald Schoenfeld Theatre,82.4,277,5266,978,8,0
18,2235473,-10509,95.32,1.89,6/4/23,The Lion King,Minskoff Theatre,172.85,199,12933,1696,8,0
19,1502583,-179869,95.09,-3.56,6/4/23,MJ The Musical,Neil Simon Theatre,142.41,250,10551,1387,8,0
20,1202139.32,-153258.98,96.31,-0.89,6/4/23,Moulin Rouge! The Musical,Al Hirschfeld Theatre,120.02,0,10016,1300,8,0
21,859285,-80574.25,74,-8.45,6/4/23,"New York, New York",St. James Theatre,87.49,0,9821,1659,8,0
22,609084.5,2806,64.63,-21.67,6/4/23,Once Upon A One More Time,Marquis Theatre,83.93,297,7257,1604,0,7
23,1035434.06,-72685.99,91.69,-4.65,6/4/23,Parade,Bernard B. Jacobs Theatre,138.39,297,7482,1020,8,0
24,473343.5,-65533.5,68.73,-3.37,6/4/23,Peter Pan Goes Wrong,Ethel Barrymore Theatre,82.22,197,5757,1047,8,0
25,914769.72,-35024.04,94.36,-3.27,6/4/23,Prima Facie,John Golden Theatre,151.1,294,6054,802,8,0
26,706683,-102595.3,92.46,-4.88,6/4/23,Shucked,Nederlander Theatre,81.58,179,8662,1171,8,0
27,481243.58,-51609.42,68.22,-2.82,6/4/23,The Sign in Sidney Brustein's Window,James Earl Jones Theatre,82.49,337,5834,1069,8,0
28,849019,-195228,83.55,-8.75,6/4/23,SIX: The Musical,Lena Horne Theatre,123.21,249,6891,1031,8,0
29,924598.15,-81654.73,79.5,-3.61,6/4/23,Some Like It Hot,Sam S. Shubert Theatre,100.4,257,9209,1448,8,0
30,402977,-108968,75.96,-14.46,6/4/23,"Summer, 1976",Samuel J. Friedman Theatre,104.1,319,3871,637,8,0
31,1845246,-36838,100.8,0.01,6/4/23,Sweeney Todd,Lunt-Fontanne Theatre,174.57,399,10570,1498,7,0
32,265274.25,-2313.25,69.45,-1.91,6/4/23,The Thanksgiving Play,Helen Hayes Theater,82.18,223,3228,581,8,0
33,1873517,47761,98.87,0.1,6/4/23,Wicked,Gershwin Theatre,126.9,275,14764,1867,8,0
0,1123714.6,-61919.3,96.11,-1.79,5/28/23,& Juliet,Stephen Sondheim Theatre,142.44,323,7889,1026,8,0
1,1453453.5,69692,94.13,-1.38,5/28/23,Aladdin,New Amsterdam Theatre,111.76,227.5,13005,1727,8,0
2,351163.48,-33364.22,69.36,0.99,5/28/23,Bad Cinderella,Imperial Theatre,45.27,297,7757,1398,8,0
3,876940.22,-212898.02,75.98,-6.91,5/28/23,"A Beautiful Noise, The Neil Diamond Musical",Broadhurst Theatre,125.24,347.5,7002,1152,8,0
4,1040043.3,4575.2,96.27,-1.76,5/28/23,The Book of Mormon,Eugene O'Neill Theatre,126.68,0,8210,1066,8,0
5,811603.5,-39798.5,86.13,-4.4,5/28/23,Camelot,Vivian Beaumont Theater,112.5,249,7214,1047,8,0
6,701359.08,-17023.68,84.39,-2.22,5/28/23,Chicago,Ambassador Theatre,96.2,237,7291,1080,8,0
7,847080,-56236,94.04,-2.55,5/28/23,A Doll's House,Hudson Theatre,119.02,299,7117,946,8,0
8,391432.6,-1603.2,93.82,1.05,5/28/23,Fat Ham,American Airlines Theatre,74.08,247,5284,704,8,0
9,1583257,434871.5,89.33,21.66,5/28/23,Funny Girl,August Wilson Theatre,181.75,0,8711,1219,8,0
10,550970.34,-171170.76,59.13,-12.83,5/28/23,"Good Night, Oscar",Belasco Theatre,130.25,297,4230,1022,7,0
11,413864.5,61915.8,75.11,-10.48,5/28/23,Grey House,Lyceum Theatre,76.87,237,5384,896,0,8
12,771642.1,359.85,98.84,-0.25,5/28/23,Hadestown,Walter Kerr Theatre,106.3,0,7259,918,8,0
13,1894229,-12375,100.73,-0.09,5/28/23,Hamilton,Richard Rodgers Theatre,177.55,449,10669,1324,8,0
14,1371744.4,179787.3,81.79,-3.04,5/28/23,Harry Potter and the Cursed Child,Lyric Theatre,129.25,349,10613,1622,8,0
15,542078.92,1226.57,96.62,0.36,5/28/23,Kimberly Akimbo,Booth Theatre,90.72,277,5975,773,8,0
16,555823.65,-42777.25,59.34,-6.95,5/28/23,Leopoldstadt,Longacre Theatre,108.92,347,5103,1075,8,0
17,501232.55,-29253.35,82.52,-2.79,5/28/23,Life of Pi,Gerald Schoenfeld Theatre,77.64,277,6456,978,8,0
18,2245982,101265,93.43,0.23,5/28/23,The Lion King,Minskoff Theatre,177.18,199,12676,1696,8,0
19,1682452,-490,98.65,-0.58,5/28/23,MJ The Musical,Neil Simon Theatre,153.7,250,10946,1387,8,0
20,1355398.3,-49820.45,97.2,-1.73,5/28/23,Moulin Rouge! The Musical,Al Hirschfeld Theatre,134.08,0,10109,1300,8,0
21,939859.25,-213265.25,82.45,-7.14,5/28/23,"New York, New York",St. James Theatre,85.89,0,10943,1659,8,0
22,606278.5,24621,86.3,12.81,5/28/23,Once Upon A One More Time,Marquis Theatre,62.57,297,9690,1604,0,7
23,1108120.05,95670.1,96.34,-1.49,5/28/23,Parade,Bernard B. Jacobs Theatre,140.96,327,7861,1020,8,0
24,538877,56129.26,72.1,4.81,5/28/23,Peter Pan Goes Wrong,Ethel Barrymore Theatre,89.23,197,6039,1047,8,0
25,949793.76,-23031.98,97.63,-1.22,5/28/23,Prima Facie,John Golden Theatre,134.78,294,7047,802,9,0
26,809278.3,29292.2,97.34,-1.17,5/28/23,Shucked,Nederlander Theatre,88.75,179,9119,1171,8,0
27,532853,11033.48,71.04,-2.65,5/28/23,The Sign in Sidney Brustein's Window,James Earl Jones Theatre,87.71,337,6075,1069,8,0
28,1044247,15227,92.3,1.09,5/28/23,SIX: The Musical,Lena Horne Theatre,137.17,249,7613,1031,8,0
29,1006252.88,-150120.77,83.11,-8.4,5/28/23,Some Like It Hot,Sam S. Shubert Theatre,104.51,257,9628,1448,8,0
30,511945,12556,90.42,-1.55,5/28/23,"Summer, 1976",Samuel J. Friedman Theatre,111.1,319,4608,637,8,0
31,1882084,14716,100.79,1.09,5/28/23,Sweeney Todd,Lunt-Fontanne Theatre,178.08,399,10569,1498,7,0
32,267587.5,24553,71.36,3.35,5/28/23,The Thanksgiving Play,Helen Hayes Theater,80.67,223,3317,581,8,0
33,1825756,146812,98.77,2.72,5/28/23,Wicked,Gershwin Theatre,123.79,275,14749,1867,8,0
0,1185633.9,119107.9,97.9,3.3,5/21/23,& Juliet,Stephen Sondheim Theatre,147.54,323,8036,1026,8,0
1,1383761.5,207669.1,95.51,5.62,5/21/23,Aladdin,New Amsterdam Theatre,104.87,215.5,13195,1727,8,0
2,384527.7,60524.7,68.37,5.17,5/21/23,Bad Cinderella,Imperial Theatre,50.28,297,7647,1398,8,0
3,1089838.24,80574.99,82.89,3.9,5/21/23,"A Beautiful Noise, The Neil Diamond Musical",Broadhurst Theatre,142.67,347.5,7639,1152,8,0
4,1035468.1,135245.9,98.03,5.77,5/21/23,The Book of Mormon,Eugene O'Neill Theatre,123.86,0,8360,1066,8,0
5,851402,-19888,90.53,-2.47,5/21/23,Camelot,Vivian Beaumont Theater,112.28,249,7583,1047,8,0
6,718382.76,161233.61,86.61,17.74,5/21/23,Chicago,Ambassador Theatre,96,237,7483,1080,8,0
7,903316,98438,96.59,6.12,5/21/23,A Doll's House,Hudson Theatre,123.57,299,7310,946,8,0
8,393035.8,33003.1,92.77,8.06,5/21/23,Fat Ham,American Airlines Theatre,75.22,247,5225,704,8,0
9,1148385.5,-489239.6,67.67,-23.34,5/21/23,Funny Girl,August Wilson Theatre,174.02,0,6599,1219,8,0
10,722141.1,54010.88,71.96,7.06,5/21/23,"Good Night, Oscar",Belasco Theatre,140.28,297,5148,1022,7,0
11,351948.7,-32226.75,85.59,10.28,5/21/23,Grey House,Lyceum Theatre,65.56,237,5368,896,0,7
12,771282.25,98334,99.09,5.35,5/21/23,Hadestown,Walter Kerr Theatre,105.99,0,7277,918,8,0
13,1906604,17089,100.82,2.87,5/21/23,Hamilton,Richard Rodgers Theatre,178.54,449,10679,1324,8,0
14,1191957.1,135152,84.83,6.81,5/21/23,Harry Potter and the Cursed Child,Lyric Theatre,108.28,349,11008,1622,8,0
15,540852.35,53460.65,96.26,3.38,5/21/23,Kimberly Akimbo,Booth Theatre,90.85,277,5953,773,8,0
16,598600.9,93857.92,66.29,7.3,5/21/23,Leopoldstadt,Longacre Theatre,105,347,5701,1075,8,0
17,530485.9,-6703.9,85.31,4.97,5/21/23,Life of Pi,Gerald Schoenfeld Theatre,79.47,277,6675,978,8,0
18,2144717,184639,93.2,0.74,5/21/23,The Lion King,Minskoff Theatre,169.61,199,12645,1696,8,0
19,1682942,76012,99.23,2.53,5/21/23,MJ The Musical,Neil Simon Theatre,152.84,250,11011,1387,8,0
20,1405218.75,142766.87,98.93,2.27,5/21/23,Moulin Rouge! The Musical,Al Hirschfeld Theatre,136.57,0,10289,1300,8,0
21,1153124.5,143663.25,89.59,5.11,5/21/23,"New York, New York",St. James Theatre,96.97,0,11891,1659,8,0
22,581657.5,412669,73.49,-9.99,5/21/23,Once Upon A One More Time,Marquis Theatre,70.49,297,8252,1604,0,7
23,1012449.95,-88027.9,97.83,4.48,5/21/23,Parade,Bernard B. Jacobs Theatre,126.83,357,7983,1020,8,0
24,482747.74,19412.74,67.29,3.49,5/21/23,Peter Pan Goes Wrong,Ethel Barrymore Theatre,85.65,197,5636,1047,8,0
25,972825.74,2704.54,98.85,1.59,5/21/23,Prima Facie,John Golden Theatre,153.39,294,6342,802,8,0
26,779986.1,67231.3,98.51,4.97,5/21/23,Shucked,Nederlander Theatre,84.52,179,9228,1171,8,0
27,521819.52,43930.28,73.69,3.43,5/21/23,The Sign in Sidney Brustein's Window,James Earl Jones Theatre,82.8,337,6302,1069,8,0
28,1029020,92253,91.21,2.16,5/21/23,SIX: The Musical,Lena Horne Theatre,136.78,249,7523,1031,8,0
29,1156373.65,163024.77,91.51,11.25,5/21/23,Some Like It Hot,Sam S. Shubert Theatre,109.08,257,10601,1448,8,0
30,499389,25232,91.97,0.56,5/21/23,"Summer, 1976",Samuel J. Friedman Theatre,106.55,319,4687,637,8,0
31,1867368,26371,99.7,2.27,5/21/23,Sweeney Todd,Lunt-Fontanne Theatre,178.61,399,10455,1498,7,0
32,243034.5,31253.5,68.01,4.56,5/21/23,The Thanksgiving Play,Helen Hayes Theater,76.89,223,3161,581,8,0
33,1678944,178758,96.05,9.31,5/21/23,Wicked,Gershwin Theatre,120.92,275,13885,1807,8,0
0,1066526,59282.2,94.6,-0.6,5/14/23,& Juliet,Stephen Sondheim Theatre,137.35,323,7765,1026,8,0
1,1176092.4,-59847.8,89.89,-2.55,5/14/23,Aladdin,New Amsterdam Theatre,94.7,215.5,12419,1727,8,0
2,324003,-2299.9,63.2,9.5,5/14/23,Bad Cinderella,Imperial Theatre,45.84,297,7068,1398,8,0
3,1009263.25,39932.85,78.99,3.52,5/14/23,"A Beautiful Noise, The Neil Diamond Musical",Broadhurst Theatre,138.64,347.5,7280,1152,8,0
4,900222.2,45791.86,92.26,4.12,5/14/23,The Book of Mormon,Eugene O'Neill Theatre,114.42,0,7868,1066,8,0
5,871290,39816,93,6.61,5/14/23,Camelot,Vivian Beaumont Theater,111.85,249,7790,1047,8,0
6,557149.15,-14667.25,68.87,-1.95,5/14/23,Chicago,Ambassador Theatre,93.64,237,5950,1080,8,0
7,678146.7,194712.68,87.55,19.84,5/14/23,Dancin',Music Box Theatre,97.9,297,6927,989,8,0
8,804878,28910,90.47,0.41,5/14/23,A Doll's House,Hudson Theatre,117.55,299,6847,946,8,0
9,360032.7,10686.7,84.71,-1.26,5/14/23,Fat Ham,American Airlines Theatre,75.46,247,4771,704,8,0
10,1637625.1,189081.1,91.01,13.72,5/14/23,Funny Girl,August Wilson Theatre,184.52,0,8875,1219,8,0
11,668130.22,-34323.94,64.9,-3.26,5/14/23,"Good Night, Oscar",Belasco Theatre,143.9,297,4643,1022,7,0
12,384175.45,26962.1,75.31,-5.24,5/14/23,Grey House,Lyceum Theatre,71.17,237,5398,896,0,8
13,672948.25,43181.25,93.74,2.01,5/14/23,Hadestown,Walter Kerr Theatre,97.76,0,6884,918,8,0
14,1889515,111290,97.95,-2.8,5/14/23,Hamilton,Richard Rodgers Theatre,182.12,449,10375,1324,8,0
15,1056805.1,-94006.4,78.02,-4.32,5/14/23,Harry Potter and the Cursed Child,Lyric Theatre,104.39,349,10124,1622,8,0
16,487391.7,75112.95,92.88,2.31,5/14/23,Kimberly Akimbo,Booth Theatre,84.85,277,5744,773,8,0
17,504742.98,31289.64,58.99,-2.72,5/14/23,Leopoldstadt,Longacre Theatre,99.5,347,5073,1075,8,0
18,537189.8,38342.2,80.34,1.8,5/14/23,Life of Pi,Gerald Schoenfeld Theatre,85.46,277,6286,978,8,0
19,1960078,-21072,92.46,2.9,5/14/23,The Lion King,Minskoff Theatre,156.24,199,12545,1696,8,0
20,1606930,-46273,96.7,-0.57,5/14/23,MJ The Musical,Neil Simon Theatre,149.76,250,10730,1387,8,0
21,1262451.88,11600.05,96.66,-1.09,5/14/23,Moulin Rouge! The Musical,Al Hirschfeld Theatre,125.58,0,10053,1300,8,0
22,1009461.25,-9660,84.48,0.87,5/14/23,"New York, New York",St. James Theatre,90.03,0,11212,1659,8,0
23,168988.5,0,83.48,0,5/14/23,Once Upon A One More Time,Marquis Theatre,126.21,297,1339,1604,0,1
24,1100477.85,88126.45,93.35,4.62,5/14/23,Parade,Bernard B. Jacobs Theatre,144.48,297,7617,1020,8,0
25,463335,-220110.3,63.8,-14.35,5/14/23,Peter Pan Goes Wrong,Ethel Barrymore Theatre,86.7,197,5344,1047,8,0
26,970121.2,-3205.22,97.26,1.25,5/14/23,Prima Facie,John Golden Theatre,155.47,294,6240,802,8,0
27,712754.8,92679.4,93.54,5.88,5/14/23,Shucked,Nederlander Theatre,81.34,179,8763,1171,8,0
28,477889.24,66566.24,70.26,-8.62,5/14/23,The Sign in Sidney Brustein's Window,James Earl Jones Theatre,79.53,337,6009,1069,8,0
29,936767,83398,89.05,5.81,5/14/23,SIX: The Musical,Lena Horne Theatre,127.54,249,7345,1031,8,0
30,993348.88,117156.07,80.26,8.26,5/14/23,Some Like It Hot,Sam S. Shubert Theatre,106.85,257,9297,1448,8,0
31,474157,22797,91.41,2.48,5/14/23,"Summer, 1976",Samuel J. Friedman Theatre,101.79,319,4658,637,8,0
32,1840997,14623,97.43,-1.53,5/14/23,Sweeney Todd,Lunt-Fontanne Theatre,180.19,399,10217,1498,7,0
33,211781,12630.25,63.45,-0.43,5/14/23,The Thanksgiving Play,Helen Hayes Theater,71.81,197,2949,581,8,0
34,1500186,15228,86.74,0.42,5/14/23,Wicked,Gershwin Theatre,119.64,275,12539,1807,8,0
0,1007243.8,-23524.5,95.2,-0.29,5/7/23,& Juliet,Stephen Sondheim Theatre,128.9,323,7814,1026,8,0
1,1235940.2,-225159.4,92.44,-4.34,5/7/23,Aladdin,New Amsterdam Theatre,96.78,215.5,12771,1727,8,0
2,326302.9,-188677.5,53.7,-11.4,5/7/23,Bad Cinderella,Imperial Theatre,54.33,297,6006,1398,8,0
3,969330.4,-34902.4,75.47,0.27,5/7/23,"A Beautiful Noise, The Neil Diamond Musical",Broadhurst Theatre,139.37,347.5,6955,1152,8,0
4,854430.34,-97673.49,88.14,-7.65,5/7/23,The Book of Mormon,Eugene O'Neill Theatre,113.67,0,7517,1066,8,0
5,831474,-89544,86.39,-3.62,5/7/23,Camelot,Vivian Beaumont Theater,114.91,249,7236,1047,8,0
6,571816.4,-129010.61,70.82,-15.58,5/7/23,Chicago,Ambassador Theatre,93.45,237,6119,1080,8,0
7,483434.02,96464.2,67.71,18.83,5/7/23,Dancin',Music Box Theatre,90.24,297,5357,989,8,0
8,775968,-38050,90.06,-3.2,5/7/23,A Doll's House,Hudson Theatre,113.85,299,6816,946,8,0
9,349346,-20988,85.97,-1.6,5/7/23,Fat Ham,American Airlines Theatre,72.15,247,4842,704,8,0
10,1448544,-132106.95,77.29,-6.64,5/7/23,Funny Girl,August Wilson Theatre,192.19,0,7537,1219,8,0
11,702454.16,62129.76,68.16,-11.05,5/7/23,"Good Night, Oscar",Belasco Theatre,144.06,297,4876,1022,7,0
12,357213.35,260789.35,80.55,-19.45,5/7/23,Grey House,Lyceum Theatre,70.71,237,5052,896,0,7
13,629767,-101593.5,91.73,-2.55,5/7/23,Hadestown,Walter Kerr Theatre,93.48,0,6737,918,8,0
14,1778225,-30800,100.75,0.32,5/7/23,Hamilton,Richard Rodgers Theatre,166.64,449,10671,1324,8,0
15,1150811.5,-47808.7,82.34,-5.24,5/7/23,Harry Potter and the Cursed Child,Lyric Theatre,107.7,349,10685,1622,8,0
16,412278.75,-7649.55,90.57,1.63,5/7/23,Kimberly Akimbo,Booth Theatre,73.61,277,5601,773,8,0
17,473453.34,-49553.56,61.71,1.99,5/7/23,Leopoldstadt,Longacre Theatre,89.21,347,5307,1075,8,0
18,498847.6,-30046.96,78.54,-5.18,5/7/23,Life of Pi,Gerald Schoenfeld Theatre,81.18,277,6145,978,8,0
19,1981150,-174222,89.56,-5.86,5/7/23,The Lion King,Minskoff Theatre,163.03,199,12152,1696,8,0
20,1653203,33567,97.27,0.78,5/7/23,MJ The Musical,Neil Simon Theatre,153.17,250,10793,1387,8,0
21,1250851.83,-123725.87,97.75,-0.28,5/7/23,Moulin Rouge! The Musical,Al Hirschfeld Theatre,123.04,0,10166,1300,8,0
22,1019121.25,75727.75,83.61,-12.73,5/7/23,"New York, New York",St. James Theatre,91.84,0,11097,1659,8,0
23,1012351.4,-54940.8,88.73,-4.26,5/7/23,Parade,Bernard B. Jacobs Theatre,139.83,327,7240,1020,8,0
24,683445.3,-305114.3,78.15,-14.14,5/7/23,Peter Pan Goes Wrong,Ethel Barrymore Theatre,104.41,257,6546,1047,8,0
25,973326.42,-13524.28,96.01,-2.42,5/7/23,Prima Facie,John Golden Theatre,158.01,294,6160,802,8,0
26,620075.4,69529.4,87.66,0.62,5/7/23,Shucked,Nederlander Theatre,75.51,179,8212,1171,8,0
27,411323,-101118,78.88,-7.81,5/7/23,The Sign in Sidney Brustein's Window,James Earl Jones Theatre,60.97,337,6746,1069,8,0
28,853369,-92868,83.24,-6.66,5/7/23,SIX: The Musical,Lena Horne Theatre,124.29,249,6866,1031,8,0
29,876192.81,115448.08,72,4.44,5/7/23,Some Like It Hot,Sam S. Shubert Theatre,105.05,257,8341,1448,8,0
30,451360,76906,88.93,-3.44,5/7/23,"Summer, 1976",Samuel J. Friedman Theatre,99.59,319,4532,637,8,0
31,1826374,43250,98.96,2.53,5/7/23,Sweeney Todd,Lunt-Fontanne Theatre,176,399,10377,1498,7,0
32,199150.75,-20456.69,63.88,-14.89,5/7/23,The Thanksgiving Play,Helen Hayes Theater,67.08,197,2969,581,8,0
33,1484958,-167864,86.32,-8.6,5/7/23,Wicked,Gershwin Theatre,119,275,12479,1807,8,0
0,1030768.3,-88898.1,95.49,-1.85,4/30/23,& Juliet,Stephen Sondheim Theatre,131.51,323,7838,1026,8,0
1,1461099.6,102603.6,96.78,0.8,4/30/23,Aladdin,New Amsterdam Theatre,109.27,215.5,13371,1727,8,0
2,514980.4,-24138.81,65.1,0.01,4/30/23,Bad Cinderella,Imperial Theatre,70.73,297,7281,1398,8,0
3,1004232.8,-32188.9,75.2,-2.23,4/30/23,"A Beautiful Noise, The Neil Diamond Musical",Broadhurst Theatre,144.91,347.5,6930,1152,8,0
4,952103.83,-19744.68,95.79,1.83,4/30/23,The Book of Mormon,Eugene O'Neill Theatre,116.55,0,8169,1066,8,0
5,921018,24870,90.01,-1.82,4/30/23,Camelot,Vivian Beaumont Theater,122.17,249,7539,1047,8,0
6,700827.01,46152.76,86.4,6.42,4/30/23,Chicago,Ambassador Theatre,93.88,237,7465,1080,8,0
7,386969.82,-69372.98,48.88,-8.19,4/30/23,Dancin',Music Box Theatre,100.07,297,3867,989,8,0
8,814018,7733,93.26,1.54,4/30/23,A Doll's House,Hudson Theatre,115.33,299,7058,946,8,0
9,370334,1604,87.57,-0.76,4/30/23,Fat Ham,American Airlines Theatre,75.09,247,4932,704,8,0
10,1580650.95,-32358.3,83.93,0.14,4/30/23,Funny Girl,August Wilson Theatre,193.12,0,8185,1219,8,0
11,640324.4,25919.88,79.21,-3.07,4/30/23,"Good Night, Oscar",Belasco Theatre,112.99,297,5667,1022,7,0
12,96424,0,100,0,4/30/23,Grey House,Lyceum Theatre,107.62,237,896,896,0,1
13,731360.5,-30136.25,94.28,-0.57,4/30/23,Hadestown,Walter Kerr Theatre,105.63,0,6924,918,8,0
14,1809025,-137284,100.43,-0.34,4/30/23,Hamilton,Richard Rodgers Theatre,170.05,449,10638,1324,8,0
15,1198620.2,-48640.4,87.58,4.48,4/30/23,Harry Potter and the Cursed Child,Lyric Theatre,105.48,349,11364,1622,8,0
16,419928.3,-36711.8,88.94,-0.21,4/30/23,Kimberly Akimbo,Booth Theatre,76.35,263,5500,773,8,0
17,523006.9,40343.3,59.72,3.71,4/30/23,Leopoldstadt,Longacre Theatre,101.83,347,5136,1075,8,0
18,528894.56,4281.06,83.72,3.24,4/30/23,Life of Pi,Gerald Schoenfeld Theatre,80.75,277,6550,978,8,0
19,2155372,-9993,95.42,0.96,4/30/23,The Lion King,Minskoff Theatre,166.49,199,12946,1696,8,0
20,1619636,-21556,96.49,-0.07,4/30/23,MJ The Musical,Neil Simon Theatre,151.28,250,10706,1387,8,0
21,1374577.7,25849.79,98.03,1.19,4/30/23,Moulin Rouge! The Musical,Al Hirschfeld Theatre,134.83,0,10195,1300,8,0
22,943393.5,-23711,96.34,6.11,4/30/23,"New York, New York",St. James Theatre,74.5,0,12663,1643,7,1
23,1067292.2,-33688.73,92.99,-2.5,4/30/23,Parade,Bernard B. Jacobs Theatre,140.66,297,7588,1020,8,0
24,988559.6,170647.78,92.29,1.92,4/30/23,Peter Pan Goes Wrong,Ethel Barrymore Theatre,127.89,257,7730,1047,8,0
25,310652,17792,81.39,7.48,4/30/23,Pictures From Home,Studio 54,67.56,297,4598,807,7,0
26,986850.7,179435.1,98.43,1.55,4/30/23,Prima Facie,John Golden Theatre,156.27,294,6315,802,8,0
27,550546,-35927.6,87.04,-2.16,4/30/23,Shucked,Nederlander Theatre,67.52,179,8154,1171,8,0
28,512441,0,86.69,0,4/30/23,The Sign in Sidney Brustein's Window,James Earl Jones Theatre,69.12,337,7414,1069,5,3
29,946237,-103725,89.9,-4.87,4/30/23,SIX: The Musical,Lena Horne Theatre,127.61,249,7415,1031,8,0
30,760744.73,-47716.57,67.56,-1.41,4/30/23,Some Like It Hot,Sam S. Shubert Theatre,97.21,257,7826,1448,8,0
31,374454,19089,92.37,-2.49,4/30/23,"Summer, 1976",Samuel J. Friedman Theatre,79.55,319,4707,637,8,0
32,1783124,-40576,96.43,-4.35,4/30/23,Sweeney Todd,Lunt-Fontanne Theatre,176.34,399,10112,1498,7,0
33,219607.44,13800.84,78.77,-6.32,4/30/23,The Thanksgiving Play,Helen Hayes Theater,59.99,197,3661,581,8,0
34,1652822,-79894,94.92,-2.51,4/30/23,Wicked,Gershwin Theatre,120.45,275,13722,1807,8,0
0,1119666.4,-177729,97.34,-2.6,4/23/23,& Juliet,Stephen Sondheim Theatre,140.13,323,7990,1026,8,0
1,1358496,-403156.8,95.98,-1.01,4/23/23,Aladdin,New Amsterdam Theatre,102.44,215.5,13261,1727,8,0
2,539119.21,-32072.39,65.09,-7.06,4/23/23,Bad Cinderella,Imperial Theatre,74.05,297,7280,1398,8,0
3,1036421.7,79403.6,77.43,1.77,4/23/23,"A Beautiful Noise, The Neil Diamond Musical",Broadhurst Theatre,145.24,347.5,7136,1152,8,0
4,971848.51,-79571.29,93.96,-3.24,4/23/23,The Book of Mormon,Eugene O'Neill Theatre,121.28,0,8013,1066,8,0
5,896148,84755,91.83,-4.06,4/23/23,Camelot,Vivian Beaumont Theater,116.5,249,7692,1047,8,0
6,654674.25,-28805.86,79.98,-1.28,4/23/23,Chicago,Ambassador Theatre,94.74,237,6910,1080,8,0
7,456342.8,-132752.54,57.07,-16.67,4/23/23,Dancin',Music Box Theatre,101.07,297,4515,989,8,0
8,806285,-52547,91.72,-1.46,4/23/23,A Doll's House,Hudson Theatre,116.16,299,6941,946,8,0
9,368730,58899,88.33,12.09,4/23/23,Fat Ham,American Airlines Theatre,74.12,247,4975,704,8,0
10,1613009.25,-149866,83.79,-7.06,4/23/23,Funny Girl,August Wilson Theatre,197.41,0,8171,1219,8,0
11,614404.52,10848.94,82.28,12.51,4/23/23,"Good Night, Oscar",Belasco Theatre,104.38,297,5886,1022,0,7
12,761496.75,-126763.65,94.85,-3.68,4/23/23,Hadestown,Walter Kerr Theatre,109.32,0,6966,918,8,0
13,1946309,-93934,100.77,-0.41,4/23/23,Hamilton,Richard Rodgers Theatre,182.34,449,10674,1324,8,0
14,1247260.6,-424597.5,83.1,-14.46,4/23/23,Harry Potter and the Cursed Child,Lyric Theatre,115.67,349,10783,1622,8,0
15,456640.1,1481.9,89.15,6.92,4/23/23,Kimberly Akimbo,Booth Theatre,82.83,263,5513,773,8,0
16,482663.6,21127,56.01,-1.96,4/23/23,Leopoldstadt,Longacre Theatre,100.2,347,4817,1075,8,0
17,524613.5,-50250.45,80.48,-1.43,4/23/23,Life of Pi,Gerald Schoenfeld Theatre,83.31,277,6297,978,8,0
18,2165365,-660542,94.46,-2.76,4/23/23,The Lion King,Minskoff Theatre,168.96,199,12816,1696,8,0
19,1641192,-92111,96.56,-2.83,4/23/23,MJ The Musical,Neil Simon Theatre,153.18,250,10714,1387,8,0
20,1348727.91,-121131.65,96.84,-2.61,4/23/23,Moulin Rouge! The Musical,Al Hirschfeld Theatre,133.92,0,10071,1300,8,0
21,967104.5,-50909.75,90.23,2.92,4/23/23,"New York, New York",St. James Theatre,81.54,0,11860,1643,0,8
22,1100980.93,-25857.22,95.49,-2.03,4/23/23,Parade,Bernard B. Jacobs Theatre,141.3,297,7792,1020,8,0
23,817911.82,-85627.68,90.37,-4.53,4/23/23,Peter Pan Goes Wrong,Ethel Barrymore Theatre,108.06,257,7569,1047,7,1
24,292860,7174,73.91,3.38,4/23/23,Pictures From Home,Studio 54,70.15,297,4175,807,7,0
25,807415.6,-82250.1,96.88,-1.48,4/23/23,Prima Facie,John Golden Theatre,129.89,294,6216,802,1,7
26,586473.6,-7875.4,89.2,-1.98,4/23/23,Shucked,Nederlander Theatre,70.19,179,8356,1171,8,0
27,1049962,-84023,94.77,-1.02,4/23/23,SIX: The Musical,Lena Horne Theatre,134.32,249,7817,1031,8,0
28,808461.3,-25310.7,68.97,-5.66,4/23/23,Some Like It Hot,Sam S. Shubert Theatre,101.2,257,7989,1448,8,0
29,355365,-7232,94.86,6.97,4/23/23,"Summer, 1976",Samuel J. Friedman Theatre,84.01,299,4230,637,0,7
30,1823700,34047,100.78,-0.01,4/23/23,Sweeney Todd,Lunt-Fontanne Theatre,172.57,399,10568,1498,7,0
31,205806.6,38599.75,85.09,2.82,4/23/23,The Thanksgiving Play,Helen Hayes Theater,52.04,197,3955,581,5,3
32,1732716,-518296,97.43,-1.6,4/23/23,Wicked,Gershwin Theatre,123.03,275,14084,1807,8,0
0,1297395.4,-4948.2,99.94,-0.29,4/16/23,& Juliet,Stephen Sondheim Theatre,158.16,323,8203,1026,8,0
1,1761652.8,-416743.2,96.99,-2.59,4/16/23,Aladdin,New Amsterdam Theatre,131.47,249.5,13400,1727,8,0
2,571191.6,-68199.05,72.15,-12.43,4/16/23,Bad Cinderella,Imperial Theatre,70.79,297,8069,1398,8,0
3,957018.1,175096.7,75.66,8.51,4/16/23,"A Beautiful Noise, The Neil Diamond Musical",Broadhurst Theatre,137.25,347.5,6973,1152,8,0
4,1051419.8,-59507.1,97.2,-3.46,4/16/23,The Book of Mormon,Eugene O'Neill Theatre,126.85,0,8289,1066,8,0
5,811393,-119853,95.89,2.07,4/16/23,Camelot,Vivian Beaumont Theater,101.02,249,8032,1047,5,3
6,683480.11,-180197.04,81.26,-15.93,4/16/23,Chicago,Ambassador Theatre,97.35,237,7021,1080,8,0
7,589095.34,-21462.36,73.74,-4.04,4/16/23,Dancin',Music Box Theatre,100.98,297,5834,989,8,0
8,858832,17391,93.18,-2.35,4/16/23,A Doll's House,Hudson Theatre,121.79,299,7052,946,8,0
9,309831,19950,76.24,-16.64,4/16/23,Fat Ham,American Airlines Theatre,72.15,247,4294,704,7,1
10,1762875.25,-67295.75,90.85,-7.12,4/16/23,Funny Girl,August Wilson Theatre,198.97,0,8860,1219,8,0
11,603555.58,338316.78,69.77,-10.51,4/16/23,"Good Night, Oscar",Belasco Theatre,120.93,297,4991,1022,0,7
12,888260.4,22361.15,98.53,-1.24,4/16/23,Hadestown,Walter Kerr Theatre,122.76,0,7236,918,8,0
13,2040243,39149,101.18,-0.23,4/16/23,Hamilton,Richard Rodgers Theatre,190.37,449,10717,1324,8,0
14,1671858.1,-147869,97.56,-2.29,4/16/23,Harry Potter and the Cursed Child,Lyric Theatre,132.07,349,12659,1622,8,0
15,455158.2,-11096.75,82.23,-11.25,4/16/23,Kimberly Akimbo,Booth Theatre,89.51,263,5085,773,8,0
16,461536.6,4807.9,57.97,-2.81,4/16/23,Leopoldstadt,Longacre Theatre,92.59,347,4985,1075,8,0
17,574863.95,-59837,81.91,-12.95,4/16/23,Life of Pi,Gerald Schoenfeld Theatre,89.7,277,6409,978,8,0
18,2825907,-154186,97.22,-2.58,4/16/23,The Lion King,Minskoff Theatre,190.43,199,14840,1696,9,0
19,1733303,-111734,99.39,-0.63,4/16/23,MJ The Musical,Neil Simon Theatre,157.17,250,11028,1387,8,0
20,1469859.56,-331159.63,99.45,-0.93,4/16/23,Moulin Rouge! The Musical,Al Hirschfeld Theatre,142.11,0,10343,1300,8,0
21,1018014.25,86903.45,87.31,-6.58,4/16/23,"New York, New York",St. James Theatre,88.71,0,11476,1643,0,8
22,1126838.15,-7700.4,97.52,-1.84,4/16/23,Parade,Bernard B. Jacobs Theatre,141.6,297,7958,1020,8,0
23,903539.5,312829.3,94.9,10.13,4/16/23,Peter Pan Goes Wrong,Ethel Barrymore Theatre,113.67,197,7949,1047,0,8
24,3739934.16,91062.03,101.46,-0.26,4/16/23,The Phantom of the Opera,Majestic Theatre,287.07,1498,13028,1605,8,0
25,285686,102107.48,70.53,13.63,4/16/23,Pictures From Home,Studio 54,71.71,297,3984,807,7,0
26,889665.7,0,98.36,0,4/16/23,Prima Facie,John Golden Theatre,161.11,294,5522,802,0,7
27,594349,39393.4,91.18,-4.25,4/16/23,Shucked,Nederlander Theatre,69.58,179,8542,1171,8,0
28,1133985,-74393,95.79,-4.46,4/16/23,SIX: The Musical,Lena Horne Theatre,143.52,249,7901,1031,8,0
29,833772,-15748.98,74.63,-4.28,4/16/23,Some Like It Hot,Sam S. Shubert Theatre,96.45,257,8645,1448,8,0
30,362597,87626,87.89,1.78,4/16/23,"Summer, 1976",Samuel J. Friedman Theatre,92.52,299,3919,637,0,7
31,1789653,-1173,100.79,0.03,4/16/23,Sweeney Todd,Lunt-Fontanne Theatre,169.33,399,10569,1498,7,0
32,167206.85,8019.4,82.27,8.41,4/16/23,The Thanksgiving Play,Helen Hayes Theater,43.73,197,3824,581,0,8
33,2251012,-500647,99.03,-0.93,4/16/23,Wicked,Gershwin Theatre,147.53,275,15258,1926,8,0
0,1302343.6,123375.8,100.23,4.49,4/9/23,& Juliet,Stephen Sondheim Theatre,158.3,323,8227,1026,8,0
1,2178396,686503,99.58,0.41,4/9/23,Aladdin,New Amsterdam Theatre,140.75,249.5,15477,1727,9,0
2,639390.65,7500.77,84.58,4.3,4/9/23,Bad Cinderella,Imperial Theatre,67.6,297,9459,1398,8,0
3,781921.4,-102576.4,67.15,-4.2,4/9/23,"A Beautiful Noise, The Neil Diamond Musical",Broadhurst Theatre,126.34,347.5,6189,1152,8,0
4,1110926.9,52335.96,100.66,1.69,4/9/23,The Book of Mormon,Eugene O'Neill Theatre,129.42,0,8584,1066,8,0
5,931246,40536,93.82,-1.86,4/9/23,Camelot,Vivian Beaumont Theater,118.51,249,7858,1047,0,8
6,863677.15,81712.71,97.19,3.13,4/9/23,Chicago,Ambassador Theatre,102.86,237,8397,1080,8,0
7,610557.7,29145.4,77.78,3.37,4/9/23,Dancin',Music Box Theatre,99.21,297,6154,989,8,0
8,841441,-25657,95.53,-1.07,4/9/23,A Doll's House,Hudson Theatre,116.38,299,7230,946,8,0
9,289881,-78365,92.88,-3.39,4/9/23,Fat Ham,American Airlines Theatre,63.33,247,4577,704,0,7
10,1830171,15659.75,97.97,4.33,4/9/23,Funny Girl,August Wilson Theatre,191.56,0,9554,1219,8,0
11,265238.8,0,80.28,0,4/9/23,"Good Night, Oscar",Belasco Theatre,161.63,297,1641,1022,0,2
12,865899.25,-34160.5,99.77,-0.65,4/9/23,Hadestown,Walter Kerr Theatre,118.18,0,7327,918,8,0
13,2001094,8778,101.41,0.34,4/9/23,Hamilton,Richard Rodgers Theatre,186.3,449,10741,1324,8,0
14,1819727.1,388481.7,99.85,7.53,4/9/23,Harry Potter and the Cursed Child,Lyric Theatre,140.44,349,12957,1622,8,0
15,466254.95,-18757.5,93.48,2.78,4/9/23,Kimberly Akimbo,Booth Theatre,80.65,263,5781,773,8,0
16,456728.7,-37511.85,60.78,3.68,4/9/23,Leopoldstadt,Longacre Theatre,87.38,347,5227,1075,8,0
17,634700.95,134633.11,94.86,1.82,4/9/23,Life of Pi,Gerald Schoenfeld Theatre,84.48,277,7513,990,8,0
18,2980093,716305,99.8,0.96,4/9/23,The Lion King,Minskoff Theatre,220.08,199,13541,1696,8,0
19,1845037,73361,100.02,0.07,4/9/23,MJ The Musical,Neil Simon Theatre,166.25,250,11098,1387,8,0
20,1801019.19,239395.48,100.38,0.12,4/9/23,Moulin Rouge! The Musical,Al Hirschfeld Theatre,172.53,0,10439,1300,8,0
21,931110.8,60297.05,93.89,4.84,4/9/23,"New York, New York",St. James Theatre,86.23,0,10798,1643,0,7
22,1134538.55,-23954.35,99.36,0.02,4/9/23,Parade,Bernard B. Jacobs Theatre,139.93,297,8108,1020,8,0
23,590710.2,141627.7,84.77,9.5,4/9/23,Peter Pan Goes Wrong,Ethel Barrymore Theatre,83.2,197,7100,1047,0,8
24,3648872.13,401766.1,101.72,-0.02,4/9/23,The Phantom of the Opera,Majestic Theatre,279.37,697,13061,1605,8,0
25,183578.52,-141005.48,56.9,-17.02,4/9/23,Pictures From Home,Studio 54,66.63,297,2755,807,6,0
26,554955.6,72759.9,95.43,-2.35,4/9/23,Shucked,Nederlander Theatre,62.08,179,8940,1171,8,0
27,1208378,34448,100.25,-0.15,4/9/23,SIX: The Musical,Lena Horne Theatre,146.13,249,8269,1031,8,0
28,849520.98,22378.78,78.91,4.63,4/9/23,Some Like It Hot,Sam S. Shubert Theatre,92.94,257,9141,1448,8,0
29,274971,0,86.11,0,4/9/23,"Summer, 1976",Samuel J. Friedman Theatre,83.55,299,3291,637,0,6
30,1790826,55896,100.76,0.05,4/9/23,Sweeney Todd,Lunt-Fontanne Theatre,169.49,399,10566,1498,7,0
31,159187.45,-31568.4,73.86,-5.96,4/9/23,The Thanksgiving Play,Helen Hayes Theater,46.37,147,3433,581,0,8
32,2751659,750300,99.96,0.36,4/9/23,Wicked,Gershwin Theatre,158.81,275,17327,1926,9,0
0,1178967.8,16566.9,95.74,-0.14,4/2/23,& Juliet,Stephen Sondheim Theatre,150.03,323,7858,1026,8,0
1,1491893,134543.1,99.17,3.02,4/2/23,Aladdin,New Amsterdam Theatre,108.89,199.5,13701,1727,8,0
2,631889.88,-2039.27,80.28,-10.79,4/2/23,Bad Cinderella,Imperial Theatre,70.38,297,8978,1398,8,0
3,884497.8,-77969.34,71.35,-4.76,4/2/23,"A Beautiful Noise, The Neil Diamond Musical",Broadhurst Theatre,134.5,347.5,6576,1152,8,0
4,1058590.94,23702.04,98.97,1.02,4/2/23,The Book of Mormon,Eugene O'Neill Theatre,125.43,0,8440,1066,8,0
5,890710,31083.5,95.68,4.11,4/2/23,Camelot,Vivian Beaumont Theater,111.14,249,8014,1047,0,8
6,781964.44,-144333.15,94.06,-5.86,4/2/23,Chicago,Ambassador Theatre,96.22,237,8127,1080,8,0
7,581412.3,-65531.6,74.41,-3.21,4/2/23,Dancin',Music Box Theatre,98.76,297,5887,989,8,0
8,867098,-18382,96.6,-0.97,4/2/23,A Doll's House,Hudson Theatre,118.6,299,7311,946,8,0
9,368246,151768,96.27,0.13,4/2/23,Fat Ham,American Airlines Theatre,67.92,247,5422,704,0,8
10,1814511.25,169791.05,93.64,8.84,4/2/23,Funny Girl,August Wilson Theatre,198.7,0,9132,1219,8,0
11,900059.75,48385,100.42,0.68,4/2/23,Hadestown,Walter Kerr Theatre,122.04,0,7375,918,8,0
12,1992316,76536.5,101.07,0.05,4/2/23,Hamilton,Richard Rodgers Theatre,186.11,449,10705,1324,8,0
13,1431245.4,22934.95,92.32,0.34,4/2/23,Harry Potter and the Cursed Child,Lyric Theatre,119.48,299,11979,1622,8,0
14,485012.45,-42275.9,90.7,-1.76,4/2/23,Kimberly Akimbo,Booth Theatre,86.47,263,5609,773,8,0
15,494240.55,-37899.85,57.1,-3.85,4/2/23,Leopoldstadt,Longacre Theatre,100.64,347,4911,1075,8,0
16,500067.84,53716.93,93.04,-1.22,4/2/23,Life of Pi,Gerald Schoenfeld Theatre,67.86,277,7369,990,5,3
17,2263788,132963,98.84,0.32,4/2/23,The Lion King,Minskoff Theatre,168.81,199,13410,1696,8,0
18,1771676,67904.5,99.95,-0.19,4/2/23,MJ The Musical,Neil Simon Theatre,159.75,250,11090,1387,8,0
19,1561623.71,79338.75,100.26,0.62,4/2/23,Moulin Rouge! The Musical,Al Hirschfeld Theatre,149.77,0,10427,1300,8,0
20,870813.75,452212.5,89.05,-11.13,4/2/23,"New York, New York",St. James Theatre,85.02,0,10242,1643,0,7
21,1158492.9,31420,99.34,-0.5,4/2/23,Parade,Bernard B. Jacobs Theatre,142.92,277,8106,1020,8,0
22,449082.5,-25180,75.27,-0.79,4/2/23,Peter Pan Goes Wrong,Ethel Barrymore Theatre,70.96,197,6329,1051,0,8
23,3247106.03,189173.19,101.74,0.08,4/2/23,The Phantom of the Opera,Majestic Theatre,248.57,697,13063,1605,8,0
24,324584,15798.5,73.92,-10.82,4/2/23,Pictures From Home,Studio 54,77.73,297,4176,807,7,0
25,482195.7,-35100.7,97.78,0.25,4/2/23,Shucked,Nederlander Theatre,52.64,179,9160,1171,0,8
26,1173930,37263.5,100.4,0.21,4/2/23,SIX: The Musical,Lena Horne Theatre,126.01,249,9316,1031,9,0
27,827142.2,-98708.75,74.28,-5.97,4/2/23,Some Like It Hot,Sam S. Shubert Theatre,96.12,257,8605,1448,8,0
28,1734930,340528,100.71,0.71,4/2/23,Sweeney Todd,Lunt-Fontanne Theatre,164.29,399,10560,1498,7,0
29,190755.85,103354.85,79.82,-10.08,4/2/23,The Thanksgiving Play,Helen Hayes Theater,51.42,147,3710,581,0,8
30,2001359,122439,99.6,0.13,4/2/23,Wicked,Gershwin Theatre,130.42,275,15346,1926,8,0
0,1162400.9,-111879.5,95.88,-4.51,3/26/23,& Juliet,Stephen Sondheim Theatre,147.7,323,7870,1026,8,0
1,1357349.9,-148956.6,96.15,-3.84,3/26/23,Aladdin,New Amsterdam Theatre,102.18,199.5,13284,1727,8,0
2,633929.15,-8267.2,91.07,1.64,3/26/23,Bad Cinderella,Imperial Theatre,62.24,297,10185,1398,5,3
3,962467.14,120131.94,76.11,2.88,3/26/23,"A Beautiful Noise, The Neil Diamond Musical",Broadhurst Theatre,137.22,347.5,7014,1152,8,0
4,1034888.9,-69269.77,97.95,-2.52,3/26/23,The Book of Mormon,Eugene O'Neill Theatre,123.89,0,8353,1066,8,0
5,859626.5,118283.5,91.57,1.37,3/26/23,Camelot,Vivian Beaumont Theater,112.08,249,7670,1047,0,8
6,926297.59,22301.94,99.92,0.97,3/26/23,Chicago,Ambassador Theatre,107.3,247,8633,1080,8,0
7,646943.9,82437.6,77.62,-12.74,3/26/23,Dancin',Music Box Theatre,105.35,297,6141,989,8,0
8,885480,16372,97.57,-1.85,3/26/23,A Doll's House,Hudson Theatre,119.92,299,7384,946,8,0
9,216478,0,96.14,0,3/26/23,Fat Ham,American Airlines Theatre,63.97,247,3384,704,0,5
10,1644720.2,379947.95,84.8,-0.56,3/26/23,Funny Girl,August Wilson Theatre,198.88,0,8270,1219,8,0
11,851674.75,-60493.5,99.74,-0.87,3/26/23,Hadestown,Walter Kerr Theatre,116.27,0,7325,918,8,0
12,1915779.5,-209446.5,101.02,0.01,3/26/23,Hamilton,Richard Rodgers Theatre,179.04,449,10700,1324,8,0
13,1408310.45,-219147.35,91.98,-7.42,3/26/23,Harry Potter and the Cursed Child,Lyric Theatre,118,299,11935,1622,8,0
14,527288.35,12232.56,92.46,-4.48,3/26/23,Kimberly Akimbo,Booth Theatre,92.22,263,5718,773,8,0
15,532140.4,-21297,60.95,-7.92,3/26/23,Leopoldstadt,Longacre Theatre,101.51,347,5242,1075,8,0
16,446350.91,-47250.89,94.26,0.38,3/26/23,Life of Pi,Gerald Schoenfeld Theatre,68.33,277,6532,990,0,7
17,2130825,-121574,98.52,-1.4,3/26/23,The Lion King,Minskoff Theatre,159.41,199,13367,1696,8,0
18,1703771.5,-38898.5,100.14,0.03,3/26/23,MJ The Musical,Neil Simon Theatre,153.34,250,11111,1387,8,0
19,1482284.96,-84975.2,99.64,-0.73,3/26/23,Moulin Rouge! The Musical,Al Hirschfeld Theatre,143.04,0,10363,1300,8,0
20,418601.25,0,100.18,0,3/26/23,"New York, New York",St. James Theatre,127.16,0,3292,1643,0,2
21,1127072.9,86191.25,99.84,-1.94,3/26/23,Parade,Bernard B. Jacobs Theatre,138.34,277,8147,1020,8,0
22,474262.5,110115.5,76.06,-4.26,3/26/23,Peter Pan Goes Wrong,Ethel Barrymore Theatre,74.16,197,6395,1051,0,8
23,3057932.84,28106.92,101.66,-0.05,3/26/23,The Phantom of the Opera,Majestic Theatre,234.27,697,13053,1605,8,0
24,308785.5,-19716.5,84.74,0.77,3/26/23,Pictures From Home,Studio 54,64.51,297,4787,807,7,0
25,517296.4,60577.3,97.53,-2.47,3/26/23,Shucked,Nederlander Theatre,56.62,179,9137,1171,0,8
26,1136666.5,-20657.5,100.19,-0.43,3/26/23,SIX: The Musical,Lena Horne Theatre,137.54,249,8264,1031,8,0
27,925850.95,-45559.14,80.25,-7.33,3/26/23,Some Like It Hot,Sam S. Shubert Theatre,99.6,257,9296,1448,8,0
28,1394402,-284612,100,5.41,3/26/23,Sweeney Todd,Lunt-Fontanne Theatre,132.98,399,10486,1498,1,6
29,87401,0,89.9,0,3/26/23,The Thanksgiving Play,Helen Hayes Theater,55.78,147,1567,581,0,3
30,1878920,-159272,99.47,-0.37,3/26/23,Wicked,Gershwin Theatre,126.5,275,14853,1867,8,0
0,1274280.4,178376.4,100.39,5.8,3/19/23,& Juliet,Stephen Sondheim Theatre,154.65,323,8240,1026,8,0
1,1506306.5,319927.9,99.99,4.36,3/19/23,Aladdin,New Amsterdam Theatre,109.04,199.5,13814,1727,8,0
2,642196.35,49258.75,89.43,0.91,3/19/23,Bad Cinderella,Imperial Theatre,73.38,297,8752,1398,0,7
3,842335.2,-1587.25,73.23,6.11,3/19/23,"A Beautiful Noise, The Neil Diamond Musical",Broadhurst Theatre,124.81,347.5,6749,1152,8,0
4,1104158.67,97617.31,100.47,1.11,3/19/23,The Book of Mormon,Eugene O'Neill Theatre,128.87,0,8568,1066,8,0
5,741343,254651,90.2,-4.79,3/19/23,Camelot,Vivian Beaumont Theater,112.14,249,6611,1047,0,7
6,903995.65,-9165.25,98.95,-1.37,3/19/23,Chicago,Ambassador Theatre,105.74,247,8549,1080,8,0
7,564506.3,149255.6,90.36,8.34,3/19/23,Dancin',Music Box Theatre,78.96,297,7149,989,1,7
8,869108,140195,99.42,1.97,3/19/23,A Doll's House,Hudson Theatre,115.51,299,7524,946,8,0
9,1264772.25,-585786.25,85.36,-10.6,3/19/23,Funny Girl,August Wilson Theatre,151.94,0,8324,1219,8,0
10,912168.25,112891.25,100.61,1.26,3/19/23,Hadestown,Walter Kerr Theatre,123.45,0,7389,918,8,0
11,2125226,209764,101.01,-0.41,3/19/23,Hamilton,Richard Rodgers Theatre,198.64,449,10699,1324,8,0
12,1627457.8,421292.4,99.4,13.43,3/19/23,Harry Potter and the Cursed Child,Lyric Theatre,126.18,299,12898,1622,8,0
13,1556128,0,100,0,3/19/23,Jonas Brothers,Marquis Theatre,192.35,0,8090,1618,5,0
14,515055.79,31677.69,96.94,10.04,3/19/23,Kimberly Akimbo,Booth Theatre,85.91,263,5995,773,8,0
15,553437.4,-12419.2,68.87,0.28,3/19/23,Leopoldstadt,Longacre Theatre,93.44,347,5923,1075,8,0
16,493601.8,117239.75,93.88,-4.87,3/19/23,Life of Pi,Gerald Schoenfeld Theatre,75.87,277,6506,990,0,7
17,2252399,614495,99.92,0.86,3/19/23,The Lion King,Minskoff Theatre,166.14,199,13557,1696,8,0
18,1742670,178489,100.11,4.26,3/19/23,MJ The Musical,Neil Simon Theatre,156.88,250,11108,1387,8,0
19,1567260.16,167203.25,100.37,1.2,3/19/23,Moulin Rouge! The Musical,Al Hirschfeld Theatre,150.15,0,10438,1300,8,0
20,1040881.65,179174.75,101.78,6.82,3/19/23,Parade,Bernard B. Jacobs Theatre,125.33,297,8305,1020,5,3
21,364147,0,80.32,0,3/19/23,Peter Pan Goes Wrong,Ethel Barrymore Theatre,86.27,197,4221,1051,0,5
22,3029825.92,289514.72,101.71,0.05,3/19/23,The Phantom of the Opera,Majestic Theatre,232.01,597,13059,1605,8,0
23,328502,16720,83.97,13.93,3/19/23,Pictures From Home,Studio 54,60.6,297,5421,807,8,0
24,456719.1,164747.6,100,0.55,3/19/23,Shucked,Nederlander Theatre,55.72,179,8197,1171,0,7
25,1157324,60623,100.62,3.95,3/19/23,SIX: The Musical,Lena Horne Theatre,139.45,249,8299,1031,8,0
26,971410.09,198842.89,87.58,17.21,3/19/23,Some Like It Hot,Sam S. Shubert Theatre,95.75,257,10145,1448,8,0
27,1679014,-126496,94.59,-5.41,3/19/23,Sweeney Todd,Lunt-Fontanne Theatre,169.27,399,9919,1498,0,7
28,2038192,348823,99.84,1.44,3/19/23,Wicked,Gershwin Theatre,132.5,275,15383,1926,8,0
0,1095904,80586.7,94.59,1.83,3/12/23,& Juliet,Stephen Sondheim Theatre,141.15,323,7764,1026,8,0
1,1186378.6,197203.1,95.63,2.12,3/12/23,Aladdin,New Amsterdam Theatre,89.8,215.5,13212,1727,8,0
2,592937.6,24772.74,88.52,-0.33,3/12/23,Bad Cinderella,Imperial Theatre,68.44,297,8663,1398,0,7
3,843922.45,42707.5,67.12,4.7,3/12/23,"A Beautiful Noise, The Neil Diamond Musical",Broadhurst Theatre,136.42,347.5,6186,1152,8,0
4,1006541.36,128479.91,99.36,5.05,3/12/23,The Book of Mormon,Eugene O'Neill Theatre,118.79,0,8473,1066,8,0
5,486692,0,94.99,0,3/12/23,Camelot,Vivian Beaumont Theater,122.35,249,3978,1047,0,4
6,913160.9,119308.75,100.32,7.37,3/12/23,Chicago,Ambassador Theatre,105.35,237,8668,1080,8,0
7,415250.7,83494.2,82.02,-5.67,3/12/23,Dancin',Music Box Theatre,85.32,297,4867,989,0,6
8,728913,-13783,97.45,4.44,3/12/23,A Doll's House,Hudson Theatre,98.84,299,7375,946,4,4
9,1850558.5,43166.13,95.96,5.24,3/12/23,Funny Girl,August Wilson Theatre,197.75,0,9358,1219,8,0
10,799277,127328.75,99.35,6.93,3/12/23,Hadestown,Walter Kerr Theatre,109.55,0,7296,918,8,0
11,1915462,281476,101.42,1.03,3/12/23,Hamilton,Richard Rodgers Theatre,178.32,449,10742,1324,8,0
12,1206165.4,66767.2,85.97,3.58,3/12/23,Harry Potter and the Cursed Child,Lyric Theatre,108.13,299,11155,1622,8,0
13,483378.1,9760.95,86.9,2.96,3/12/23,Kimberly Akimbo,Booth Theatre,89.95,263,5374,773,8,0
14,565856.6,20712.4,68.59,7.59,3/12/23,Leopoldstadt,Longacre Theatre,95.92,347,5899,1075,8,0
15,376362.05,0,98.75,0,3/12/23,Life of Pi,Gerald Schoenfeld Theatre,77,277,4888,990,0,5
16,1637904,-47686,99.06,3.03,3/12/23,The Lion King,Minskoff Theatre,121.86,199,13441,1696,8,0
17,1564181,84689.5,95.85,2.48,3/12/23,MJ The Musical,Neil Simon Theatre,147.06,250,10636,1387,8,0
18,1400056.91,100003.46,99.17,2.29,3/12/23,Moulin Rouge! The Musical,Al Hirschfeld Theatre,135.74,0,10314,1300,8,0
19,861706.9,-52803.43,94.96,0.46,3/12/23,Parade,Bernard B. Jacobs Theatre,127.1,297,6780,1020,0,7
20,2740311.2,197884.2,101.66,0.85,3/12/23,The Phantom of the Opera,Majestic Theatre,209.94,497,13053,1605,8,0
21,311782,-22321,70.04,5.36,3/12/23,Pictures From Home,Studio 54,68.95,297,4522,807,8,0
22,291971.5,0,99.45,0,3/12/23,Shucked,Nederlander Theatre,50.14,179,5823,1171,0,5
23,1096701,159732,96.67,4.66,3/12/23,SIX: The Musical,Lena Horne Theatre,137.55,249,7973,1031,8,0
24,772567.2,108932.6,70.37,7.76,3/12/23,Some Like It Hot,Sam S. Shubert Theatre,94.77,257,8152,1448,8,0
25,1805510,279256,100,0,3/12/23,Sweeney Todd,Lunt-Fontanne Theatre,172.18,399,10486,1498,0,7
26,1689369,301073,98.4,9.69,3/12/23,Wicked,Gershwin Theatre,114.98,275,14693,1867,8,0
0,1015317.3,-214222.7,92.76,-7.82,3/5/23,& Juliet,Stephen Sondheim Theatre,133.35,323,7614,1026,8,0
1,989175.5,-416276.7,93.51,-6.14,3/5/23,Aladdin,New Amsterdam Theatre,76.57,215.5,12919,1727,8,0
2,568164.86,-116656.79,88.85,-4.21,3/5/23,Bad Cinderella,Imperial Theatre,65.34,297,8695,1398,0,7
3,801214.95,-82518.43,62.42,-9.66,3/5/23,"A Beautiful Noise, The Neil Diamond Musical",Broadhurst Theatre,139.27,347.5,5753,1152,8,0
4,878061.45,-95081.75,94.31,-4.36,3/5/23,The Book of Mormon,Eugene O'Neill Theatre,109.17,0,8043,1066,8,0
5,793852.15,-110725.3,92.95,-6.55,3/5/23,Chicago,Ambassador Theatre,98.85,237,8031,1080,8,0
6,331756.5,0,87.69,0,3/5/23,Dancin',Music Box Theatre,95.63,297,3469,989,0,4
7,742696,-68565,93.01,-2.43,3/5/23,A Doll's House,Hudson Theatre,105.51,299,7039,946,0,8
8,1807392.37,873664.62,90.72,6.25,3/5/23,Funny Girl,August Wilson Theatre,204.29,0,8847,1219,8,0
9,671948.25,-129034.5,92.42,-7.77,3/5/23,Hadestown,Walter Kerr Theatre,99.01,0,6787,918,8,0
10,1633986,-310503,100.39,-0.78,3/5/23,Hamilton,Richard Rodgers Theatre,153.67,449,10633,1324,8,0
11,1139398.2,-335911.8,82.39,-13.18,3/5/23,Harry Potter and the Cursed Child,Lyric Theatre,106.58,299,10691,1622,8,0
12,473617.15,-70129.25,83.94,-11.01,3/5/23,Kimberly Akimbo,Booth Theatre,91.24,263,5191,773,8,0
13,545144.2,-84544.8,61,-7.69,3/5/23,Leopoldstadt,Longacre Theatre,103.92,347,5246,1075,8,0
14,1685590,-245718,96.03,-3.82,3/5/23,The Lion King,Minskoff Theatre,129.36,199,13030,1696,8,0
15,1479491.5,-235858.5,93.37,-6.55,3/5/23,MJ The Musical,Neil Simon Theatre,142.81,250,10360,1387,8,0
16,1300053.45,-145628.5,96.88,-3.31,3/5/23,Moulin Rouge! The Musical,Al Hirschfeld Theatre,129.04,0,10075,1300,8,0
17,914510.33,327504.33,94.5,-5.94,3/5/23,Parade,Bernard B. Jacobs Theatre,135.54,297,6747,1020,0,7
18,2542427,-46314.58,100.81,-0.84,3/5/23,The Phantom of the Opera,Majestic Theatre,196.42,497,12944,1605,8,0
19,334103,-35014.5,64.68,0.48,3/5/23,Pictures From Home,Studio 54,80.01,297,4176,807,8,0
20,936969,-166132,92.01,-6.04,3/5/23,SIX: The Musical,Lena Horne Theatre,123.46,249,7589,1031,8,0
21,663634.6,-165743.9,62.61,-14.07,3/5/23,Some Like It Hot,Sam S. Shubert Theatre,91.5,257,7253,1448,8,0
22,1526254,1265563,100,0,3/5/23,Sweeney Todd,Lunt-Fontanne Theatre,169.81,399,8988,1498,0,6
23,1388296,-393285,88.71,-9.29,3/5/23,Wicked,Gershwin Theatre,108.26,275,12824,1807,8,0
0,1229540,-22853.5,100.58,2.29,2/26/23,& Juliet,Stephen Sondheim Theatre,148.93,323,8256,1026,8,0
1,1405452.2,43812.9,99.65,1.17,2/26/23,Aladdin,New Amsterdam Theatre,102.09,199.5,13767,1727,8,0
2,684821.65,366344.1,93.06,-6.94,2/26/23,Bad Cinderella,Imperial Theatre,75.2,297,9107,1398,0,7
3,883733.38,-143899.42,72.08,-9.69,2/26/23,"A Beautiful Noise, The Neil Diamond Musical",Broadhurst Theatre,133.03,347.5,6643,1152,8,0
4,973143.2,-106826.64,98.67,1.8,2/26/23,The Book of Mormon,Eugene O'Neill Theatre,115.64,0,8415,1066,8,0
5,904577.45,7749.3,99.5,0.43,2/26/23,Chicago,Ambassador Theatre,105.22,247,8597,1080,8,0
6,811261,7958.4,95.44,-1.15,2/26/23,A Doll's House,Hudson Theatre,112.32,299,7223,946,0,8
7,933727.75,-949603.75,84.47,-9.94,2/26/23,Funny Girl,August Wilson Theatre,113.34,0,8238,1219,8,0
8,800982.75,-65744.5,100.19,1.33,2/26/23,Hadestown,Walter Kerr Theatre,108.86,0,7358,918,8,0
9,1944489,-56309,101.17,1.07,2/26/23,Hamilton,Richard Rodgers Theatre,181.46,449,10716,1324,8,0
10,1475310,-51618.4,95.57,2.68,2/26/23,Harry Potter and the Cursed Child,Lyric Theatre,118.97,299,12401,1622,8,0
11,543746.4,-29054.21,94.95,0.55,2/26/23,Kimberly Akimbo,Booth Theatre,92.6,263,5872,773,8,0
12,629689,-40186.38,68.69,-2.17,2/26/23,Leopoldstadt,Longacre Theatre,106.6,347,5907,1075,8,0
13,1931308,1606,99.85,1.25,2/26/23,The Lion King,Minskoff Theatre,142.55,199,13548,1696,8,0
14,1715350,-108391.5,99.92,1.56,2/26/23,MJ The Musical,Neil Simon Theatre,154.72,250,11087,1387,8,0
15,1445681.95,-145126.1,100.19,-0.1,2/26/23,Moulin Rouge! The Musical,Al Hirschfeld Theatre,138.74,0,10420,1300,8,0
16,587006,0,100.44,0,2/26/23,Parade,Bernard B. Jacobs Theatre,143.24,327,4098,1020,0,4
17,2588741.58,26384.74,101.65,0.77,2/26/23,The Phantom of the Opera,Majestic Theatre,198.34,497,13052,1605,8,0
18,369117.5,-69239.5,64.2,-17.85,2/26/23,Pictures From Home,Studio 54,89.05,297,4145,807,8,0
19,1103101,-20438,98.05,0.9,2/26/23,SIX: The Musical,Lena Horne Theatre,136.4,249,8087,1031,8,0
20,829378.5,-82067.85,76.68,-0.5,2/26/23,Some Like It Hot,Sam S. Shubert Theatre,93.37,257,8883,1448,8,0
21,260691,0,100,0,2/26/23,Sweeney Todd,Lunt-Fontanne Theatre,174.03,399,1498,1498,0,1
22,1781581,-9711,98,1.7,2/26/23,Wicked,Gershwin Theatre,121.75,275,14633,1867,8,0
0,1252393.5,217464.6,98.29,-0.47,2/19/23,& Juliet,Stephen Sondheim Theatre,155.23,323,8068,1026,8,0
1,1361639.3,204671.3,98.48,2.66,2/19/23,Aladdin,New Amsterdam Theatre,100.08,215.5,13606,1727,8,0
2,318477.55,0,100,0,2/19/23,Bad Cinderella,Imperial Theatre,113.9,297,2796,1398,0,2
3,1027632.8,15987.85,81.77,-7.6,2/19/23,"A Beautiful Noise, The Neil Diamond Musical",Broadhurst Theatre,136.36,347.5,7536,1152,8,0
4,421349.9,30957.77,96.09,1.94,2/19/23,Between Riverside and Crazy,Helen Hayes Theater,94.66,197,4451,579,8,0
5,1079969.84,113015.56,96.87,-0.91,2/19/23,The Book of Mormon,Eugene O'Neill Theatre,130.73,0,8261,1066,8,0
6,896828.15,99587.97,99.07,-1.44,2/19/23,Chicago,Ambassador Theatre,104.77,247,8560,1080,8,0
7,803302.6,0,96.59,0,2/19/23,A Doll's House,Hudson Theatre,125.59,299,6396,946,0,7
8,1883331.5,83219.7,94.41,-1.86,2/19/23,Funny Girl,August Wilson Theatre,204.55,0,9207,1219,8,0
9,866727.25,121038.25,98.86,-0.87,2/19/23,Hadestown,Walter Kerr Theatre,119.38,0,7260,918,8,0
10,2000798,278008,100.1,0.42,2/19/23,Hamilton,Richard Rodgers Theatre,188.7,449,10603,1324,8,0
11,1526928.4,244417.55,92.89,-1.86,2/19/23,Harry Potter and the Cursed Child,Lyric Theatre,126.68,299,12053,1622,8,0
12,572800.61,49192.41,94.4,-1.62,2/19/23,Kimberly Akimbo,Booth Theatre,98.12,263,5838,773,8,0
13,669875.38,-24549.97,70.86,-7.3,2/19/23,Leopoldstadt,Longacre Theatre,109.92,347,6094,1075,8,0
14,1929702,303431,98.6,4.36,2/19/23,The Lion King,Minskoff Theatre,144.24,199,13378,1696,8,0
15,1823741.5,257458,98.36,-1.86,2/19/23,MJ The Musical,Neil Simon Theatre,167.1,250,10914,1387,8,0
16,1590808.05,238002.4,100.29,1.34,2/19/23,Moulin Rouge! The Musical,Al Hirschfeld Theatre,152.52,0,10430,1300,8,0
17,2562356.84,137354.84,100.88,1.03,2/19/23,The Phantom of the Opera,Majestic Theatre,197.82,497,12953,1605,8,0
18,438357,13734,82.05,-14.23,2/19/23,Pictures From Home,Studio 54,82.76,297,5297,807,8,0
19,1123539,129602,97.15,-1.16,2/19/23,SIX: The Musical,Lena Horne Theatre,140.21,249,8013,1031,8,0
20,911446.35,83066.65,77.18,-3.61,2/19/23,Some Like It Hot,Sam S. Shubert Theatre,101.95,257,8940,1448,8,0
21,1791292,325032.5,96.3,-2.87,2/19/23,Wicked,Gershwin Theatre,128.68,275,13921,1807,8,0
0,1034928.9,15251.1,98.76,0.61,2/12/23,& Juliet,Stephen Sondheim Theatre,127.67,323,8106,1026,8,0
1,1156968,51068.9,95.82,1.49,2/12/23,Aladdin,New Amsterdam Theatre,87.39,199.5,13239,1727,8,0
2,1011644.95,-7565.2,89.37,0.93,2/12/23,"A Beautiful Noise, The Neil Diamond Musical",Broadhurst Theatre,122.83,347.5,8236,1152,8,0
3,390392.13,7939.64,94.15,-1.58,2/12/23,Between Riverside and Crazy,Helen Hayes Theater,89.52,197,4361,579,8,0
4,966954.28,62615.23,97.78,2.02,2/12/23,The Book of Mormon,Eugene O'Neill Theatre,115.96,0,8339,1066,8,0
5,797240.18,44938.27,100.51,3.2,2/12/23,Chicago,Ambassador Theatre,91.81,237,8684,1080,8,0
6,253568,-32904,81.25,4.6,2/12/23,The Collaboration,Samuel J. Friedman Theatre,69.99,279,3623,637,7,0
7,1800111.8,-956.1,96.27,6.04,2/12/23,Funny Girl,August Wilson Theatre,191.75,0,9388,1219,8,0
8,745689,50508.75,99.73,3.79,2/12/23,Hadestown,Walter Kerr Theatre,101.81,0,7324,918,8,0
9,1722790,27588,99.68,0.63,2/12/23,Hamilton,Richard Rodgers Theatre,163.17,449,10558,1324,8,0
10,1282510.85,114406.25,94.75,4.93,2/12/23,Harry Potter and the Cursed Child,Lyric Theatre,104.31,299,12295,1622,8,0
11,523608.2,-2967.9,96.02,1.19,2/12/23,Kimberly Akimbo,Booth Theatre,88.18,273,5938,773,8,0
12,694425.35,-27505.07,78.16,3.31,2/12/23,Leopoldstadt,Longacre Theatre,103.31,347,6722,1075,8,0
13,1626271,36868,94.24,1.64,2/12/23,The Lion King,Minskoff Theatre,127.19,199,12786,1696,8,0
14,1566283.5,30769.5,100.22,0.83,2/12/23,MJ The Musical,Neil Simon Theatre,140.85,250,11120,1387,8,0
15,1352805.65,56099.8,98.95,2.76,2/12/23,Moulin Rouge! The Musical,Al Hirschfeld Theatre,131.46,0,10291,1300,8,0
16,2425002,-191848,99.85,0.22,2/12/23,The Phantom of the Opera,Majestic Theatre,189.14,497,12821,1605,8,0
17,424623,-7654.5,96.28,4.38,2/12/23,Pictures From Home,Studio 54,68.31,297,6216,807,5,3
18,993937,-9200,98.31,-0.37,2/12/23,SIX: The Musical,Lena Horne Theatre,122.57,249,8109,1031,8,0
19,828379.7,86441.05,80.79,8.09,2/12/23,Some Like It Hot,Sam S. Shubert Theatre,88.51,257,9359,1448,8,0
20,1466259.5,-26495,99.17,0.57,2/12/23,Wicked,Gershwin Theatre,99.02,275,14808,1867,8,0
0,1019677.8,-22132.9,98.15,0.01,2/5/23,& Juliet,Stephen Sondheim Theatre,126.57,323,8056,1026,8,0
1,1105899.1,-59277.5,94.33,-0.94,2/5/23,Aladdin,New Amsterdam Theatre,84.85,199.5,13033,1727,8,0
2,1019210.15,-100172.95,88.44,-1.62,2/5/23,"A Beautiful Noise, The Neil Diamond Musical",Broadhurst Theatre,125.04,347.5,8151,1152,8,0
3,382452.49,15447.16,95.73,2.68,2/5/23,Between Riverside and Crazy,Helen Hayes Theater,86.25,197,4434,579,8,0
4,904339.05,-38364.59,95.76,-2.27,2/5/23,The Book of Mormon,Eugene O'Neill Theatre,110.74,0,8166,1066,8,0
5,752301.91,-32407.79,97.31,-0.86,2/5/23,Chicago,Ambassador Theatre,89.47,237,8408,1080,8,0
6,286472,-34628,76.65,-3.75,2/5/23,The Collaboration,Samuel J. Friedman Theatre,73.34,279,3906,637,8,0
7,1801067.9,-71793.85,90.23,-4.15,2/5/23,Funny Girl,August Wilson Theatre,204.69,0,8799,1219,8,0
8,695180.25,-58528,95.94,-2.45,2/5/23,Hadestown,Walter Kerr Theatre,98.66,0,7046,918,8,0
9,1695202,-176718.5,99.05,-0.94,2/5/23,Hamilton,Richard Rodgers Theatre,161.59,449,10491,1324,8,0
10,1168104.6,-86057.1,89.82,-2.3,2/5/23,Harry Potter and the Cursed Child,Lyric Theatre,100.22,299,11655,1622,8,0
11,526576.1,-24015.55,94.83,-2.02,2/5/23,Kimberly Akimbo,Booth Theatre,89.8,273,5864,773,8,0
12,721930.42,-57226.48,74.85,-5.44,2/5/23,Leopoldstadt,Longacre Theatre,112.15,347,6437,1075,8,0
13,1589403,-96276,92.6,-1.05,2/5/23,The Lion King,Minskoff Theatre,126.5,199,12564,1696,8,0
14,1535514,-48705,99.39,-0.47,2/5/23,MJ The Musical,Neil Simon Theatre,139.24,250,11028,1387,8,0
15,1296705.85,-79592.05,96.19,-2.61,2/5/23,Moulin Rouge! The Musical,Al Hirschfeld Theatre,129.62,0,10004,1300,8,0
16,2616850,133318,99.63,-0.28,2/5/23,The Phantom of the Opera,Majestic Theatre,204.57,497,12792,1605,8,0
17,432277.5,-24998,91.9,-5.56,2/5/23,Pictures From Home,Studio 54,72.86,297,5933,807,0,8
18,1003137,-4475.5,98.68,1.6,2/5/23,SIX: The Musical,Lena Horne Theatre,123.25,249,8139,1031,8,0
19,741938.65,-104395.89,72.7,-4.66,2/5/23,Some Like It Hot,Sam S. Shubert Theatre,88.1,257,8422,1448,8,0
20,731708.06,100461.2,93.52,7.96,2/5/23,Take Me Out,Gerald Schoenfeld Theatre,92.18,317,7938,1061,8,0
21,1492754.5,-56492,98.6,0.36,2/5/23,Wicked,Gershwin Theatre,104.73,275,14254,1807,8,0
0,1041810.7,2431.4,98.14,0.84,1/29/23,& Juliet,Stephen Sondheim Theatre,129.34,323,8055,1026,8,0
1,1165176.6,5980.3,95.27,-1.08,1/29/23,Aladdin,New Amsterdam Theatre,88.52,199.5,13163,1727,8,0
2,1119383.1,-21592.15,90.06,2.78,1/29/23,"A Beautiful Noise, The Neil Diamond Musical",Broadhurst Theatre,134.87,347.5,8300,1152,8,0
3,367005.33,23422.36,93.05,-2.55,1/29/23,Between Riverside and Crazy,Helen Hayes Theater,85.15,197,4310,579,8,0
4,942703.64,-18092.41,98.03,-0.57,1/29/23,The Book of Mormon,Eugene O'Neill Theatre,112.76,0,8360,1066,8,0
5,784709.7,-51608.55,98.17,-0.77,1/29/23,Chicago,Ambassador Theatre,92.51,207,8482,1080,8,0
6,321100,-49901,80.4,-9.22,1/29/23,The Collaboration,Samuel J. Friedman Theatre,78.37,279,4097,637,8,0
7,1872861.75,-61008.75,94.38,-3.27,1/29/23,Funny Girl,August Wilson Theatre,203.48,0,9204,1219,8,0
8,753708.25,-2264.25,98.39,-1.19,1/29/23,Hadestown,Walter Kerr Theatre,104.31,0,7226,918,8,0
9,1871920.5,-74879.5,99.99,0.19,1/29/23,Hamilton,Richard Rodgers Theatre,176.75,449,10591,1324,8,0
10,1254161.7,6256.4,92.12,2.86,1/29/23,Harry Potter and the Cursed Child,Lyric Theatre,104.92,299,11953,1622,8,0
11,550591.65,12938.85,96.85,2.95,1/29/23,Kimberly Akimbo,Booth Theatre,91.93,273,5989,773,8,0
12,779156.9,-28988.2,80.29,5.95,1/29/23,Leopoldstadt,Longacre Theatre,112.84,347,6905,1075,8,0
13,1685679,-109760,93.65,-1.55,1/29/23,The Lion King,Minskoff Theatre,132.66,199,12707,1696,8,0
14,1584219,-70215.5,99.86,-0.19,1/29/23,MJ The Musical,Neil Simon Theatre,142.98,250,11080,1387,8,0
15,1376297.9,-61117.6,98.8,0.83,1/29/23,Moulin Rouge! The Musical,Al Hirschfeld Theatre,133.95,0,10275,1300,8,0
16,2483532,256347.24,99.91,-0.7,1/29/23,The Phantom of the Opera,Majestic Theatre,193.6,497,12828,1605,8,0
17,1259305.76,121428.98,99.83,0.03,1/29/23,The Piano Lesson,Ethel Barrymore Theatre,151.18,348,8330,1043,8,0
18,457275.5,43987.5,97.46,5.66,1/29/23,Pictures From Home,Studio 54,72.68,297,6292,807,0,8
19,1007612.5,-53655.5,97.08,-0.52,1/29/23,SIX: The Musical,Lena Horne Theatre,125.84,249,8007,1031,8,0
20,846334.54,21579.92,77.36,2.11,1/29/23,Some Like It Hot,Sam S. Shubert Theatre,94.45,257,8961,1448,8,0
21,631246.86,86577.56,85.56,9.37,1/29/23,Take Me Out,Gerald Schoenfeld Theatre,86.92,297,7262,1061,8,0
22,1549246.5,-108190,98.24,1.19,1/29/23,Wicked,Gershwin Theatre,109.09,275,14201,1807,8,0
0,1039379.3,-130919.6,97.3,0.11,1/22/23,& Juliet,Stephen Sondheim Theatre,130.15,323,7986,1026,8,0
1,1159196.3,-86397.7,96.35,-1.19,1/22/23,Aladdin,New Amsterdam Theatre,87.08,199.5,13312,1727,8,0
2,1140975.25,-43637.27,87.28,4.61,1/22/23,"A Beautiful Noise, The Neil Diamond Musical",Broadhurst Theatre,141.84,347.5,8044,1152,8,0
3,343582.97,35937.22,95.6,4.62,1/22/23,Between Riverside and Crazy,Helen Hayes Theater,77.59,197,4428,579,8,0
4,960796.05,-98887.98,98.6,0.5,1/22/23,The Book of Mormon,Eugene O'Neill Theatre,114.26,0,8409,1066,8,0
5,836318.25,208945.45,98.94,8.42,1/22/23,Chicago,Ambassador Theatre,97.84,207,8548,1080,8,0
6,371001,19161,89.62,6.46,1/22/23,The Collaboration,Samuel J. Friedman Theatre,81.24,279,4567,637,8,0
7,1933870.5,-84006.75,97.65,-0.57,1/22/23,Funny Girl,August Wilson Theatre,203.07,0,9523,1219,8,0
8,755972.5,-84968.5,99.58,-0.88,1/22/23,Hadestown,Walter Kerr Theatre,103.37,0,7313,918,8,0
9,1946800,-131821,99.8,-0.84,1/22/23,Hamilton,Richard Rodgers Theatre,184.16,449,10571,1324,8,0
10,1247905.3,-246496.7,89.26,-4.21,1/22/23,Harry Potter and the Cursed Child,Lyric Theatre,107.75,299,11582,1622,8,0
11,537652.8,-77825.25,93.9,-2.15,1/22/23,Kimberly Akimbo,Booth Theatre,92.59,273,5807,773,8,0
12,808145.1,-61999.58,74.34,-2.13,1/22/23,Leopoldstadt,Longacre Theatre,126.41,347,6393,1075,8,0
13,1795439,-90392,95.2,-0.69,1/22/23,The Lion King,Minskoff Theatre,139,199,12917,1696,8,0
14,1654434.5,-64779.5,100.05,4.25,1/22/23,MJ The Musical,Neil Simon Theatre,149.03,250,11101,1387,8,0
15,1437415.5,102353,97.97,-1.22,1/22/23,Moulin Rouge! The Musical,Al Hirschfeld Theatre,141.08,0,10189,1300,8,0
16,2227184.76,46848.09,100.61,-0.51,1/22/23,The Phantom of the Opera,Majestic Theatre,172.41,497,12918,1605,8,0
17,1137876.78,259309.83,99.8,19.8,1/22/23,The Piano Lesson,Ethel Barrymore Theatre,136.65,297,8327,1043,8,0
18,413288,129716,91.8,-1.42,1/22/23,Pictures From Home,Studio 54,79.69,297,5186,807,0,7
19,1061268,-96288,97.6,1.54,1/22/23,SIX: The Musical,Lena Horne Theatre,131.83,249,8050,1031,8,0
20,824754.62,-97139.6,75.25,0.55,1/22/23,Some Like It Hot,Sam S. Shubert Theatre,94.61,257,8717,1448,8,0
21,544669.3,15366.3,76.19,4.95,1/22/23,Take Me Out,Gerald Schoenfeld Theatre,84.22,297,6467,1061,8,0
22,1657436.5,-9855.5,97.05,1.9,1/22/23,Wicked,Gershwin Theatre,114.37,275,14492,1867,8,0
0,1170298.9,46843.6,97.19,-2.12,1/15/23,& Juliet,Stephen Sondheim Theatre,146.71,323,7977,1026,8,0
1,1245594,-173448.3,97.54,-1.58,1/15/23,Aladdin,New Amsterdam Theatre,92.43,215.5,13476,1727,8,0
2,1184612.52,113551.85,82.67,5.6,1/15/23,"A Beautiful Noise, The Neil Diamond Musical",Broadhurst Theatre,155.48,347.5,7619,1152,8,0
3,307645.75,167727,90.98,0.52,1/15/23,Between Riverside and Crazy,Helen Hayes Theater,73.01,197,4214,579,8,0
4,1059684.03,-67542.08,98.1,-2.72,1/15/23,The Book of Mormon,Eugene O'Neill Theatre,126.67,0,8366,1066,8,0
5,627372.8,-132654,90.52,-3.82,1/15/23,Chicago,Ambassador Theatre,91.68,197,6843,1080,7,0
6,351840,53908,83.16,5.06,1/15/23,The Collaboration,Samuel J. Friedman Theatre,83.02,279,4238,637,8,0
7,914406.75,197794.25,97.56,7.43,1/15/23,Death of a Salesman,Hudson Theatre,120.16,299,7610,975,8,0
8,2017877.25,-44861.85,98.22,0.14,1/15/23,Funny Girl,August Wilson Theatre,210.68,0,9578,1219,8,0
9,840941,6549.5,100.46,-0.33,1/15/23,Hadestown,Walter Kerr Theatre,113.98,0,7378,918,8,0
10,2078621,-42190,100.64,-0.17,1/15/23,Hamilton,Richard Rodgers Theatre,194.99,449,10660,1324,8,0
11,1494402,-155350.5,93.47,-6.42,1/15/23,Harry Potter and the Cursed Child,Lyric Theatre,123.21,399,12129,1622,8,0
12,615478.05,33040.05,96.05,1.4,1/15/23,Kimberly Akimbo,Booth Theatre,103.62,263,5940,773,8,0
13,870144.68,61920.78,76.47,7.98,1/15/23,Leopoldstadt,Longacre Theatre,132.32,347,6576,1075,8,0
14,1885831,-112463,95.89,-3.98,1/15/23,The Lion King,Minskoff Theatre,144.94,199,13011,1696,8,0
15,762802.5,109128.5,97.43,7.72,1/15/23,Mike Birbiglia: The Old Man & the Pool,Vivian Beaumont Theater,90.7,397,8410,1079,8,0
16,1719214,-21890,95.8,-4.63,1/15/23,MJ The Musical,Neil Simon Theatre,161.73,250,10630,1387,8,0
17,1335062.5,-8611,99.19,-0.42,1/15/23,Moulin Rouge! The Musical,Al Hirschfeld Theatre,129.42,0,10316,1300,8,0
18,3589148.68,442984.52,101.89,1.93,1/15/23,The Music Man,Winter Garden Theatre,288.73,878,12431,1525,8,0
19,641976.5,280735,93.5,33.61,1/15/23,Ohio State Murders,James Earl Jones Theatre,80.21,223,8004,1070,8,0
20,2180336.67,-4948.98,101.12,-0.58,1/15/23,The Phantom of the Opera,Majestic Theatre,167.92,397,12984,1605,8,0
21,878566.95,-108864.5,80,-13.71,1/15/23,The Piano Lesson,Ethel Barrymore Theatre,131.62,348,6675,1043,8,0
22,283572,0,93.22,0,1/15/23,Pictures From Home,Studio 54,94.24,297,3009,807,0,4
23,1157556,-63879,96.06,-2.22,1/15/23,SIX: The Musical,Lena Horne Theatre,146.1,249,7923,1031,8,0
24,921894.22,61054.87,74.7,-2.35,1/15/23,Some Like It Hot,Sam S. Shubert Theatre,106.54,257,8653,1448,8,0
25,955590.8,461484.6,99.31,3.02,1/15/23,A Strange Loop,Lyceum Theatre,131.88,308,7246,912,8,0
26,529303,115684.5,71.24,9.58,1/15/23,Take Me Out,Gerald Schoenfeld Theatre,87.53,297,6047,1061,8,0
27,572922.2,171867.2,93.03,19.67,1/15/23,Topdog/Underdog,John Golden Theatre,95.98,297,5969,802,8,0
28,1667292,-315472,95.15,-4.14,1/15/23,Wicked,Gershwin Theatre,121.21,275,13755,1807,8,0
0,1123455.3,-516332.9,99.31,-0.85,1/8/23,& Juliet,Stephen Sondheim Theatre,137.83,323,8151,1026,8,0
1,361426,35203.2,90.01,-6.47,1/8/23,1776,American Airlines Theatre,69.42,248,5206,723,8,0
2,1419042.3,-1430681.09,99.12,-0.8,1/8/23,Aladdin,New Amsterdam Theatre,103.63,199.5,13694,1727,8,0
3,886112.13,-168929.53,91.19,-5.57,1/8/23,Almost Famous,Bernard B. Jacobs Theatre,118.73,297,7463,1023,8,0
4,1071060.67,-354820.96,77.07,-7.05,1/8/23,"A Beautiful Noise, The Neil Diamond Musical",Broadhurst Theatre,150.79,347.5,7103,1152,8,0
5,2146200,-316631,101,0.17,1/8/23,Beetlejuice,Marquis Theatre,165.81,249,12944,1602,8,0
6,139918.75,-120166.25,90.46,-5.74,1/8/23,Between Riverside and Crazy,Helen Hayes Theater,66.79,197,2095,579,4,0
7,1127226.11,-552897.84,100.82,-0.99,1/8/23,The Book of Mormon,Eugene O'Neill Theatre,131.1,0,8598,1066,8,0
8,760026.8,-539377.65,94.34,-6.94,1/8/23,Chicago,Ambassador Theatre,93.24,197,8151,1080,8,0
9,297932,49342,78.1,2.43,1/8/23,The Collaboration,Samuel J. Friedman Theatre,74.86,279,3980,637,8,0
10,716612.5,92105.75,90.13,0.34,1/8/23,Death of a Salesman,Hudson Theatre,101.94,299,7030,975,8,0
11,2062739.1,-343161.4,98.08,4.85,1/8/23,Funny Girl,August Wilson Theatre,215.65,0,9565,1219,8,0
12,834391.5,-445418,100.79,-0.41,1/8/23,Hadestown,Walter Kerr Theatre,112.73,0,7402,918,8,0
13,2120811,-619788,100.81,-0.84,1/8/23,Hamilton,Richard Rodgers Theatre,198.62,449,10678,1324,8,0
14,1649752.5,-1021438.5,99.89,-0.11,1/8/23,Harry Potter and the Cursed Child,Lyric Theatre,127.28,399,12962,1622,8,0
15,1496875.7,-395749.65,84.85,-9.43,1/8/23,Into the Woods,St. James Theatre,131.18,0,11411,1681,8,0
16,582438,-91917.76,94.65,0.6,1/8/23,Kimberly Akimbo,Booth Theatre,99.51,273,5853,773,8,0
17,808223.9,-107477.15,68.49,-13.46,1/8/23,Leopoldstadt,Longacre Theatre,137.22,347,5890,1075,8,0
18,1998294,-2316970,99.87,0.64,1/8/23,The Lion King,Minskoff Theatre,147.48,199,13550,1696,8,0
19,653674,34205,89.71,0.3,1/8/23,Mike Birbiglia: The Old Man & the Pool,Vivian Beaumont Theater,84.41,347,7744,1079,8,0
20,1741104,-481965,100.43,0.05,1/8/23,MJ The Musical,Neil Simon Theatre,156.24,250,11144,1387,8,0
21,1343673.5,-631458.1,99.61,-0.31,1/8/23,Moulin Rouge! The Musical,Al Hirschfeld Theatre,129.71,0,10359,1300,8,0
22,3146164.16,-825366.64,99.96,-1.29,1/8/23,The Music Man,Winter Garden Theatre,257.99,697,12195,1525,8,0
23,361241.5,49349,59.89,10.76,1/8/23,Ohio State Murders,James Earl Jones Theatre,70.46,223,5127,1070,8,0
24,2185285.65,-602731.65,101.7,0,1/8/23,The Phantom of the Opera,Majestic Theatre,167.35,397,13058,1605,8,0
25,987431.45,-153005.29,93.71,-0.41,1/8/23,The Piano Lesson,Ethel Barrymore Theatre,126.29,323,7819,1043,8,0
26,1221435,-427771,98.28,-1.93,1/8/23,SIX: The Musical,Lena Horne Theatre,150.68,249,8106,1031,8,0
27,860839.35,-315946.81,77.05,-7.7,1/8/23,Some Like It Hot,Sam S. Shubert Theatre,96.45,257,8925,1448,8,0
28,494106.2,-237313.8,96.29,1.07,1/8/23,A Strange Loop,Lyceum Theatre,112.53,297,4391,912,5,0
29,413618.5,-123970,61.66,-4.39,1/8/23,Take Me Out,Gerald Schoenfeld Theatre,79.03,297,5234,1061,8,0
30,401055,55488.3,73.36,12.37,1/8/23,Topdog/Underdog,John Golden Theatre,85.2,273,4707,802,8,0
31,1982764,-1169915,99.29,-0.71,1/8/23,Wicked,Gershwin Theatre,129.6,275,15299,1926,8,0
0,1639788.2,712555.6,100.16,3.71,1/1/23,& Juliet,Stephen Sondheim Theatre,177.29,347,9249,1026,9,0
1,326222.8,195981,96.48,35.23,1/1/23,1776,American Airlines Theatre,66.81,248,4883,723,7,0
2,2849723.39,1207424.94,99.92,1.39,1/1/23,Aladdin,New Amsterdam Theatre,183.49,299.5,15531,1727,9,0
3,1055041.66,403880.34,96.76,27.27,1/1/23,Almost Famous,Bernard B. Jacobs Theatre,133.23,297,7919,1023,8,0
4,1425881.63,637674.38,84.12,17.76,1/1/23,"A Beautiful Noise, The Neil Diamond Musical",Broadhurst Theatre,163.48,347.5,8722,1152,9,0
5,2462831,1068388.4,100.83,4.72,1/1/23,Beetlejuice,Marquis Theatre,169.42,249,14537,1602,9,0
6,260085,129065.75,96.2,20.63,1/1/23,Between Riverside and Crazy,Helen Hayes Theater,58.37,197,4456,579,8,0
7,1680123.95,595959.77,101.81,6.96,1/1/23,The Book of Mormon,Eugene O'Neill Theatre,172,0,9768,1066,9,0
8,1299404.45,577539.7,101.28,7.68,1/1/23,Chicago,Ambassador Theatre,132,238,9844,1080,9,0
9,522424,-207150,54.52,-8.37,1/1/23,A Christmas Carol,Nederlander Theatre,89.84,229,5815,1185,9,0
10,248590,0,75.67,0,1/1/23,The Collaboration,Samuel J. Friedman Theatre,73.68,279,3374,637,7,0
11,624506.75,293617,89.79,24.53,1/1/23,Death of a Salesman,Hudson Theatre,89.16,299,7004,975,8,0
12,2405900.5,510715.75,93.23,-6.39,1/1/23,Funny Girl,August Wilson Theatre,235.23,0,10228,1219,9,0
13,1279809.5,519180,101.2,0.62,1/1/23,Hadestown,Walter Kerr Theatre,153.07,0,8361,918,9,0
14,2740599,84497,101.65,0.72,1/1/23,Hamilton,Richard Rodgers Theatre,254.54,449,10767,1324,8,0
15,2671191,677217.3,100,1.6,1/1/23,Harry Potter and the Cursed Child,Lyric Theatre,205.86,449,12976,1622,8,0
16,1892625.35,1016229.5,94.28,22.9,1/1/23,Into the Woods,St. James Theatre,134.77,0,14043,1655,9,0
17,674355.76,163529.26,94.05,20.02,1/1/23,Kimberly Akimbo,Booth Theatre,115.95,273,5816,773,8,0
18,915701.05,260432.37,81.95,7.28,1/1/23,Leopoldstadt,Longacre Theatre,115.49,347,7929,1075,9,0
19,4315264,1724958,99.23,2.89,1/1/23,The Lion King,Minskoff Theatre,284.89,199,15147,1696,9,0
20,619469,277519.5,89.41,23.79,1/1/23,Mike Birbiglia: The Old Man & the Pool,Vivian Beaumont Theater,80.26,277,7718,1079,8,0
21,2223069,382502,100.38,0.28,1/1/23,MJ The Musical,Neil Simon Theatre,199.59,250,11138,1387,8,0
22,1975131.6,815174.35,99.92,3.7,1/1/23,Moulin Rouge! The Musical,Al Hirschfeld Theatre,168.94,0,11691,1300,9,0
23,3971530.8,1353870.52,101.25,4.61,1/1/23,The Music Man,Winter Garden Theatre,285.8,797,13896,1525,9,0
24,311892.5,129390.64,49.13,13.32,1/1/23,Ohio State Murders,James Earl Jones Theatre,65.93,223,4731,1070,9,0
25,2788017.3,866445.79,101.7,0.26,1/1/23,The Phantom of the Opera,Majestic Theatre,189.79,497,14690,1605,9,0
26,1140436.74,501236.24,94.12,20.25,1/1/23,The Piano Lesson,Ethel Barrymore Theatre,129.08,297,8835,1043,9,0
27,1649206,374922,100.21,3.7,1/1/23,SIX: The Musical,Lena Horne Theatre,199.54,249,8265,1031,8,0
28,1176786.16,633418.5,84.75,32.51,1/1/23,Some Like It Hot,Sam S. Shubert Theatre,106.55,257,11044,1448,9,0
29,731420,448333.9,95.22,26.4,1/1/23,A Strange Loop,Lyceum Theatre,105.29,297,6947,912,8,0
30,537588.5,313225.22,66.05,11.49,1/1/23,Take Me Out,Gerald Schoenfeld Theatre,85.24,317,6307,1061,9,0
31,345566.7,144937.2,60.99,19.81,1/1/23,Topdog/Underdog,John Golden Theatre,88.31,273,3913,802,8,0
32,3152679,789749,100,1.87,1/1/23,Wicked,Gershwin Theatre,181.88,275,17334,1926,9,0
0,927232.6,-143924.6,96.45,4.78,12/25/22,& Juliet,Stephen Sondheim Theatre,133.86,323,6927,1026,7,0
1,130241.8,-81868.3,61.25,-9.57,12/25/22,1776,American Airlines Theatre,49.02,248,2657,723,6,0
2,765341.5,266038.5,98.23,5.27,12/25/22,Ain't No Mo',Belasco Theatre,109.23,297,7007,1019,7,0
3,1642298.45,119861.12,98.53,3.29,12/25/22,Aladdin,New Amsterdam Theatre,137.88,249.5,11911,1727,7,0
4,651161.32,-52552.72,69.49,1.78,12/25/22,Almost Famous,Bernard B. Jacobs Theatre,114.5,297,5687,1023,8,0
5,788207.25,-583891.97,66.36,-24.45,12/25/22,"A Beautiful Noise, The Neil Diamond Musical",Broadhurst Theatre,147.3,347.5,5351,1152,7,0
6,1394442.6,-55515.7,96.11,4.66,12/25/22,Beetlejuice,Marquis Theatre,129.38,249,10778,1602,7,0
7,131019.25,-32300.75,75.57,-7.48,12/25/22,Between Riverside and Crazy,Helen Hayes Theater,42.77,197,3063,579,7,0
8,1084164.18,-136945.28,94.85,-3.85,12/25/22,The Book of Mormon,Eugene O'Neill Theatre,153.17,0,7078,1066,7,0
9,721864.75,21544.32,93.6,5.51,12/25/22,Chicago,Ambassador Theatre,102.02,227,7076,1080,7,0
10,729574,-93483,62.89,-21.37,12/25/22,A Christmas Carol,Nederlander Theatre,122.37,229,5962,1185,8,0
11,330889.75,-124532.5,65.26,-4.52,12/25/22,Death of a Salesman,Hudson Theatre,74.29,299,4454,975,7,0
12,1895184.75,-110512.05,99.62,3.19,12/25/22,Funny Girl,August Wilson Theatre,222.94,0,8501,1219,7,0
13,760629.5,-86483,100.58,0.76,12/25/22,Hadestown,Walter Kerr Theatre,117.69,0,6463,918,7,0
14,2656102,400681,100.93,0.62,12/25/22,Hamilton,Richard Rodgers Theatre,248.44,449,10691,1324,8,0
15,1993973.7,473219.5,98.4,8.99,12/25/22,Harry Potter and the Cursed Child,Lyric Theatre,156.17,449,12768,1622,8,0
16,876395.85,-123860.3,71.38,-4.27,12/25/22,Into the Woods,St. James Theatre,106.11,0,8259,1653,7,0
17,510826.5,8081.25,74.03,-4.5,12/25/22,Kimberly Akimbo,Booth Theatre,111.58,273,4578,773,8,0
18,655268.68,-240326.24,74.67,0.84,12/25/22,Leopoldstadt,Longacre Theatre,116.62,347,5619,1075,7,0
19,2590306,141305,96.34,-0.87,12/25/22,The Lion King,Minskoff Theatre,226.48,199,11437,1696,7,0
20,341949.5,-56763,65.62,-10.1,12/25/22,Mike Birbiglia: The Old Man & the Pool,Vivian Beaumont Theater,69,277,4956,1079,7,0
21,1840567,99094,100.1,0.18,12/25/22,MJ The Musical,Neil Simon Theatre,165.71,250,11107,1387,8,0
22,1159957.25,-240067.35,96.22,-0.94,12/25/22,Moulin Rouge! The Musical,Al Hirschfeld Theatre,132.48,0,8756,1300,7,0
23,2617660.28,-631705.24,96.64,-2.75,12/25/22,The Music Man,Winter Garden Theatre,253.75,697,10316,1525,7,0
24,182501.86,-100285.14,35.81,-8.23,12/25/22,Ohio State Murders,James Earl Jones Theatre,68.05,223,2682,1070,7,0
25,1921571.51,-118173.79,101.44,0.03,12/25/22,The Phantom of the Opera,Majestic Theatre,168.6,497,11397,1605,7,0
26,639200.5,-275551.38,73.87,-13.03,12/25/22,The Piano Lesson,Ethel Barrymore Theatre,118.52,297,5393,1043,7,0
27,1274284,-37318,96.51,-0.31,12/25/22,SIX: The Musical,Lena Horne Theatre,160.09,249,7960,1031,8,0
28,543367.66,-258973.74,52.24,-21.47,12/25/22,Some Like It Hot,Sam S. Shubert Theatre,102.62,257,5295,1448,7,0
29,283086.1,-237855.91,68.82,-6.13,12/25/22,A Strange Loop,Lyceum Theatre,90.21,297,3138,912,5,0
30,224363.28,-111579.52,54.56,7.65,12/25/22,Take Me Out,Gerald Schoenfeld Theatre,64.6,297,3473,1061,6,0
31,200629.5,-56587.8,41.18,-10.36,12/25/22,Topdog/Underdog,John Golden Theatre,75.94,273,2642,802,8,0
32,2362930,203905,98.13,-0.94,12/25/22,Wicked,Gershwin Theatre,156.28,275,15120,1926,8,0
0,1071157.2,-81251.8,91.67,-3.43,12/18/22,& Juliet,Stephen Sondheim Theatre,142.37,323,7524,1026,8,0
1,212110.1,-49412.7,70.82,2.75,12/18/22,1776,American Airlines Theatre,59.18,248,3584,723,7,0
2,499303,334711.5,92.96,45.98,12/18/22,Ain't No Mo',Belasco Theatre,65.89,297,7578,1019,8,0
3,1522437.33,6094.13,95.24,-3.39,12/18/22,Aladdin,New Amsterdam Theatre,115.7,227.5,13159,1727,8,0
4,703714.04,-61346.41,67.71,-6.2,12/18/22,Almost Famous,Bernard B. Jacobs Theatre,127,297,5541,1023,8,0
5,1372099.22,-75404.03,90.81,-4.4,12/18/22,"A Beautiful Noise, The Neil Diamond Musical",Broadhurst Theatre,163.95,347.5,8369,1152,8,0
6,1449958.3,148560.9,91.45,5.62,12/18/22,Beetlejuice,Marquis Theatre,123.72,249,11720,1602,8,0
7,163320,3244,83.05,10.36,12/18/22,Between Riverside and Crazy,Helen Hayes Theater,42.45,197,3847,579,0,8
8,1221109.46,62153.72,98.7,-1.05,12/18/22,The Book of Mormon,Eugene O'Neill Theatre,145.08,0,8417,1066,8,0
9,700320.43,1139.55,88.09,-1.01,12/18/22,Chicago,Ambassador Theatre,92.01,197,7611,1080,8,0
10,823057,81047.5,84.26,1.44,12/18/22,A Christmas Carol,Nederlander Theatre,103.04,229,7988,1185,8,0
11,203103,-109273,92.27,10.62,12/18/22,The Collaboration,Samuel J. Friedman Theatre,43.2,279,4702,637,0,8
12,455422.25,-25689,69.78,-0.68,12/18/22,Death of a Salesman,Hudson Theatre,83.67,299,5443,975,8,0
13,2005696.8,113318.95,96.43,-3.6,12/18/22,Funny Girl,August Wilson Theatre,213.28,0,9404,1219,8,0
14,847112.5,49404.25,99.82,2.43,12/18/22,Hadestown,Walter Kerr Theatre,115.55,0,7331,918,8,0
15,2255421,177691,100.31,-0.55,12/18/22,Hamilton,Richard Rodgers Theatre,212.27,449,10625,1324,8,0
16,1520754.2,42775.05,89.41,0.45,12/18/22,Harry Potter and the Cursed Child,Lyric Theatre,131.08,326.5,11602,1622,8,0
17,1000256.15,101261.9,75.65,3.82,12/18/22,Into the Woods,St. James Theatre,108.02,0,9260,1530,8,0
18,502745.25,-67409.6,78.53,-7.08,12/18/22,Kimberly Akimbo,Booth Theatre,103.53,273,4856,773,8,0
19,895594.92,-182620.41,73.83,-7.5,12/18/22,Leopoldstadt,Longacre Theatre,141.06,347,6349,1075,8,0
20,2449001,83034,97.21,-1.54,12/18/22,The Lion King,Minskoff Theatre,185.67,199,13190,1696,8,0
21,398712.5,-36597.5,75.72,-6.05,12/18/22,Mike Birbiglia: The Old Man & the Pool,Vivian Beaumont Theater,69.72,277,5719,1079,7,0
22,1741473,-22529,99.92,-0.32,12/18/22,MJ The Musical,Neil Simon Theatre,157.07,250,11087,1387,8,0
23,1400024.6,-53627.5,97.16,-2.48,12/18/22,Moulin Rouge! The Musical,Al Hirschfeld Theatre,138.55,0,10105,1300,8,0
24,3249365.52,-140491.38,99.39,-1.29,12/18/22,The Music Man,Winter Garden Theatre,267.99,597,12125,1525,8,0
25,282787,-17392.5,44.04,-20.24,12/18/22,Ohio State Murders,James Earl Jones Theatre,75.01,223,3770,1070,8,0
26,2039745.3,19500.72,101.41,0.23,12/18/22,The Phantom of the Opera,Majestic Theatre,156.65,497,13021,1605,8,0
27,914751.88,-23351.02,86.9,-2.22,12/18/22,The Piano Lesson,Ethel Barrymore Theatre,126.16,297,7251,1043,8,0
28,1311602,16282,96.82,-0.94,12/18/22,SIX: The Musical,Lena Horne Theatre,164.24,249,7986,1031,8,0
29,802341.4,55199.55,73.71,-17.17,12/18/22,Some Like It Hot,Sam S. Shubert Theatre,93.97,257,8538,1448,8,0
30,520942.01,12704.16,74.95,-3.5,12/18/22,A Strange Loop,Lyceum Theatre,95.27,297,5468,912,8,0
31,335942.8,-77379.5,46.91,-4.19,12/18/22,Take Me Out,Gerald Schoenfeld Theatre,84.37,297,3982,1061,8,0
32,257217.3,-7747.7,51.54,-0.75,12/18/22,Topdog/Underdog,John Golden Theatre,77.78,227,3307,802,8,0
33,2159025,75780,99.07,0.18,12/18/22,Wicked,Gershwin Theatre,141.44,275,15265,1926,8,0
0,1152409,123378.3,95.1,5.88,12/11/22,& Juliet,Stephen Sondheim Theatre,147.63,323,7806,1026,8,0
1,261522.8,35056.1,68.07,13.04,12/11/22,1776,American Airlines Theatre,66.43,248,3937,723,8,0
2,164591.5,43690.9,46.98,-22.45,12/11/22,Ain't No Mo',Belasco Theatre,42.97,297,3830,1019,8,0
3,1516343.2,90459.71,98.63,3.96,12/11/22,Aladdin,New Amsterdam Theatre,111.27,227.5,13627,1727,8,0
4,765060.45,30493.7,73.91,1.49,12/11/22,Almost Famous,Bernard B. Jacobs Theatre,126.48,297,6049,1023,8,0
5,1447503.25,435542.75,95.21,4.05,12/11/22,"A Beautiful Noise, The Neil Diamond Musical",Broadhurst Theatre,164.96,347.5,8775,1152,8,0
6,1301397.4,178375.8,85.83,6.83,12/11/22,Beetlejuice,Marquis Theatre,118.31,249,11000,1602,8,0
7,160076,42085.25,72.69,-7.82,12/11/22,Between Riverside and Crazy,Helen Hayes Theater,47.54,197,3367,579,0,8
8,1158955.74,98399.14,99.75,6.35,12/11/22,The Book of Mormon,Eugene O'Neill Theatre,136.24,0,8507,1066,8,0
9,699180.88,86725.98,89.1,10.37,12/11/22,Chicago,Ambassador Theatre,90.83,197,7698,1080,8,0
10,742009.5,188787,82.82,14.74,12/11/22,A Christmas Carol,Nederlander Theatre,94.51,229,7851,1185,8,0
11,312376,103779,81.65,-3.49,12/11/22,The Collaboration,Samuel J. Friedman Theatre,75.07,279,4161,637,0,8
12,481111.25,22237.75,70.46,5.25,12/11/22,Death of a Salesman,Hudson Theatre,87.54,299,5496,975,8,0
13,1892377.85,162341.6,100.03,1.03,12/11/22,Funny Girl,August Wilson Theatre,193.99,0,9755,1219,8,0
14,797708.25,72539,97.39,3.48,12/11/22,Hadestown,Walter Kerr Theatre,111.54,0,7152,918,8,0
15,2077730,-5716,100.86,5.45,12/11/22,Hamilton,Richard Rodgers Theatre,194.49,449,10683,1324,8,0
16,1477979.15,160978.85,88.96,8.64,12/11/22,Harry Potter and the Cursed Child,Lyric Theatre,128.03,326.5,11544,1622,8,0
17,898994.25,59519.36,71.83,3.46,12/11/22,Into the Woods,St. James Theatre,103.2,0,8711,1516,8,0
18,570154.85,34003.14,85.61,5.68,12/11/22,Kimberly Akimbo,Booth Theatre,107.7,263,5294,773,8,0
19,281757.1,155263.7,100.29,28.49,12/11/22,KPOP,Circle in the Square Theatre,51.12,229.5,5512,687,8,0
20,1078215.33,-8948.97,81.33,-0.15,12/11/22,Leopoldstadt,Longacre Theatre,154.16,347,6994,1075,8,0
21,2365967,202968,98.75,3.81,12/11/22,The Lion King,Minskoff Theatre,176.59,199,13398,1696,8,0
22,435310,37215,81.77,0.94,12/11/22,Mike Birbiglia: The Old Man & the Pool,Vivian Beaumont Theater,70.48,277,6176,1079,7,0
23,1764002,24517,100.24,0.61,12/11/22,MJ The Musical,Neil Simon Theatre,158.59,250,11123,1387,8,0
24,1453652.1,53923.9,99.64,0.97,12/11/22,Moulin Rouge! The Musical,Al Hirschfeld Theatre,140.27,0,10363,1300,8,0
25,3389856.9,358957.76,100.68,2.68,12/11/22,The Music Man,Winter Garden Theatre,275.98,597,12283,1525,8,0
26,300179.5,103638.5,64.28,18.75,12/11/22,Ohio State Murders,James Earl Jones Theatre,54.56,223,5502,1070,4,4
27,2020244.58,54185.18,101.18,0.09,12/11/22,The Phantom of the Opera,Majestic Theatre,155.51,497,12991,1605,8,0
28,938102.9,38083.1,89.12,4.94,12/11/22,The Piano Lesson,Ethel Barrymore Theatre,126.16,297,7436,1043,8,0
29,1295320,-22634,97.76,0,12/11/22,SIX: The Musical,Lena Horne Theatre,160.65,249,8063,1031,8,0
30,747141.85,124785.15,90.88,25.89,12/11/22,Some Like It Hot,Sam S. Shubert Theatre,70.97,257,10527,1448,1,7
31,508237.85,-8097.23,78.45,5.75,12/11/22,A Strange Loop,Lyceum Theatre,101.49,297,5008,912,7,0
32,413322.3,27026.6,51.1,1.43,12/11/22,Take Me Out,Gerald Schoenfeld Theatre,95.3,297,4337,1061,8,0
33,264965,-36305.4,52.29,-4.4,12/11/22,Topdog/Underdog,John Golden Theatre,78.98,248,3355,802,8,0
34,2083245,258452,98.89,3.27,12/11/22,Wicked,Gershwin Theatre,136.72,275,15237,1926,8,0
0,1029030.7,-116540.6,89.22,-9.61,12/4/22,& Juliet,Stephen Sondheim Theatre,140.52,323,7323,1026,8,0
1,226466.7,-43398.1,55.03,-11.58,12/4/22,1776,American Airlines Theatre,71.15,248,3183,723,8,0
2,120900.6,-4801.4,69.43,12.36,12/4/22,Ain't No Mo',Belasco Theatre,21.36,297,5660,1019,5,3
3,1425883.49,-372418.2,94.67,-2.75,12/4/22,Aladdin,New Amsterdam Theatre,109.01,227.5,13080,1727,8,0
4,734566.75,-66724.65,72.42,0.6,12/4/22,Almost Famous,Bernard B. Jacobs Theatre,123.94,297,5927,1023,8,0
5,1011960.5,31555.75,91.16,25.44,12/4/22,"A Beautiful Noise, The Neil Diamond Musical",Broadhurst Theatre,120.46,347.5,8401,1152,1,7
6,1123021.6,-335038.7,79,-5,12/4/22,Beetlejuice,Marquis Theatre,110.92,249,10125,1602,8,0
7,117990.75,0,80.51,0,12/4/22,Between Riverside and Crazy,Helen Hayes Theater,42.18,197,2797,579,0,6
8,1060556.6,-161971.23,93.4,-4.1,12/4/22,The Book of Mormon,Eugene O'Neill Theatre,133.15,0,7965,1066,8,0
9,612454.9,-142010.95,78.73,-12.55,12/4/22,Chicago,Ambassador Theatre,90.04,197,6802,1080,8,0
10,553222.5,183072.5,68.08,6.09,12/4/22,A Christmas Carol,Nederlander Theatre,85.72,229,6454,1185,8,0
11,208597,0,85.14,0,12/4/22,The Collaboration,Samuel J. Friedman Theatre,64.1,279,3254,637,0,6
12,458873.5,-4117.75,65.21,0.04,12/4/22,Death of a Salesman,Hudson Theatre,90.22,299,5086,975,8,0
13,1730036.25,-155067.35,99,6.71,12/4/22,Funny Girl,August Wilson Theatre,179.2,0,9654,1219,8,0
14,725169.25,-268711.25,93.91,-3.86,12/4/22,Hadestown,Walter Kerr Theatre,105.14,0,6897,918,8,0
15,2083446,-530210,95.41,-2.72,12/4/22,Hamilton,Richard Rodgers Theatre,206.16,449,10106,1324,8,0
16,1317000.3,-541937.05,80.32,-10.28,12/4/22,Harry Potter and the Cursed Child,Lyric Theatre,126.37,326.5,10422,1622,8,0
17,839474.89,-192917.61,68.37,7.1,12/4/22,Into the Woods,St. James Theatre,102.11,0,8221,1503,8,0
18,536151.71,1108.71,79.93,2.41,12/4/22,Kimberly Akimbo,Booth Theatre,108.47,263,4943,773,8,0
19,126493.4,-97895.6,71.8,-9.86,12/4/22,KPOP,Circle in the Square Theatre,32.06,229.5,3946,687,8,0
20,1087164.3,82601.32,81.48,2.08,12/4/22,Leopoldstadt,Longacre Theatre,155.15,347,7007,1075,8,0
21,2162999,-511899,94.94,0.81,12/4/22,The Lion King,Minskoff Theatre,167.92,199,12881,1696,8,0
22,398095,6942.44,80.83,2.79,12/4/22,Mike Birbiglia: The Old Man & the Pool,Vivian Beaumont Theater,65.21,277,6105,1079,7,0
23,1739485,-218692,99.63,-0.79,12/4/22,MJ The Musical,Neil Simon Theatre,157.35,250,11055,1387,8,0
24,1399728.2,25867.25,98.67,-0.32,12/4/22,Moulin Rouge! The Musical,Al Hirschfeld Theatre,136.4,0,10262,1300,8,0
25,3030899.14,165356.64,98,8.34,12/4/22,The Music Man,Winter Garden Theatre,253.5,597,11956,1525,8,0
26,196541,-32618,45.53,3.02,12/4/22,Ohio State Murders,James Earl Jones Theatre,67.24,223,2923,1070,0,6
27,1966059.4,-275257.52,101.09,-0.37,12/4/22,The Phantom of the Opera,Majestic Theatre,151.47,497,12980,1605,8,0
28,900019.8,67854.26,84.18,5.18,12/4/22,The Piano Lesson,Ethel Barrymore Theatre,128.13,297,7024,1043,8,0
29,1317954,-29604,97.76,-1.63,12/4/22,SIX: The Musical,Lena Horne Theatre,163.46,249,8063,1031,8,0
30,622356.7,-34088.1,64.99,-2.15,12/4/22,Some Like It Hot,Sam S. Shubert Theatre,94.48,257,6587,1448,0,7
31,516335.08,-2521.54,72.7,3.26,12/4/22,A Strange Loop,Lyceum Theatre,97.35,297,5304,912,8,0
32,386295.7,73614.5,49.67,6.35,12/4/22,Take Me Out,Gerald Schoenfeld Theatre,91.63,297,4216,1061,8,0
33,301270.4,85149.3,56.69,12.83,12/4/22,Topdog/Underdog,John Golden Theatre,82.83,248,3637,802,8,0
34,1824793,-495750,95.62,-3.12,12/4/22,Wicked,Gershwin Theatre,132.01,250,13823,1807,8,0
0,1145571.3,232537.7,98.83,0.47,11/27/22,& Juliet,Stephen Sondheim Theatre,141.22,347,8112,1026,8,0
1,269864.8,1018.1,66.61,0.62,11/27/22,1776,American Airlines Theatre,70.04,248,3853,723,8,0
2,125702,22311.5,57.07,-4.07,11/27/22,Ain't No Mo',Belasco Theatre,27.02,297,4652,1019,0,8
3,1798301.69,622932.63,97.42,6.68,11/27/22,Aladdin,New Amsterdam Theatre,133.6,249.5,13460,1727,8,0
4,801291.4,136865.05,71.82,5.35,11/27/22,Almost Famous,Bernard B. Jacobs Theatre,136.32,297,5878,1023,8,0
5,980404.75,-217998,65.72,-18.55,11/27/22,"A Beautiful Noise, The Neil Diamond Musical",Broadhurst Theatre,161.86,347.5,6057,1152,0,8
6,1458060.3,404087.3,84,13.95,11/27/22,Beetlejuice,Marquis Theatre,135.44,249,10765,1602,8,0
7,1222527.83,233599.59,97.5,3.26,11/27/22,The Book of Mormon,Eugene O'Neill Theatre,147.03,0,8315,1066,8,0
8,754465.85,229461.37,91.28,21.27,11/27/22,Chicago,Ambassador Theatre,95.66,207,7887,1080,8,0
9,370150,151206,61.99,-26.91,11/27/22,A Christmas Carol,Nederlander Theatre,62.98,229,5877,1185,8,0
10,462991.25,-22830.25,65.17,-1.01,11/27/22,Death of a Salesman,Hudson Theatre,91.09,299,5083,975,8,0
11,1885103.6,230380,92.29,-5.39,11/27/22,Funny Girl,August Wilson Theatre,209.46,0,9000,1219,8,0
12,993880.5,303988.5,97.77,2.75,11/27/22,Hadestown,Walter Kerr Theatre,138.42,0,7180,918,8,0
13,2613656,688352,98.13,3.31,11/27/22,Hamilton,Richard Rodgers Theatre,251.46,449,10394,1324,8,0
14,1858937.35,725624.85,90.6,3.31,11/27/22,Harry Potter and the Cursed Child,Lyric Theatre,158.13,326.5,11756,1622,8,0
15,1032392.5,298551.49,61.27,-0.06,11/27/22,Into the Woods,St. James Theatre,123.76,0,8342,1702,8,0
16,535043,78324.85,77.52,-2.2,11/27/22,Kimberly Akimbo,Booth Theatre,111.61,273,4794,773,8,0
17,224389,97127.3,81.66,-12.69,11/27/22,KPOP,Circle in the Square Theatre,50,229.5,4488,687,1,7
18,1004562.98,-151682.28,79.4,-8.65,11/27/22,Leopoldstadt,Longacre Theatre,147.12,347,6828,1075,8,0
19,2674898,818348,94.13,-4.96,11/27/22,The Lion King,Minskoff Theatre,209.43,199,12772,1696,8,0
20,391152.56,17623.06,78.04,-2.92,11/27/22,Mike Birbiglia: The Old Man & the Pool,Vivian Beaumont Theater,66.36,277,5894,1079,7,0
21,1958177,263674,100.42,1.82,11/27/22,MJ The Musical,Neil Simon Theatre,175.73,250,11143,1387,8,0
22,1373860.95,179590.5,98.99,1.8,11/27/22,Moulin Rouge! The Musical,Al Hirschfeld Theatre,133.45,0,10295,1300,8,0
23,2865542.5,356939.5,89.66,0.84,11/27/22,The Music Man,Winter Garden Theatre,261.96,623,10939,1525,8,0
24,229159,-62423.5,42.51,-6.11,11/27/22,Ohio State Murders,James Earl Jones Theatre,62.97,223,3639,1070,0,8
25,2241316.92,456667.23,101.46,0.1,11/27/22,The Phantom of the Opera,Majestic Theatre,172.05,497,13027,1605,8,0
26,832165.54,-128902.41,79,-10.69,11/27/22,The Piano Lesson,Ethel Barrymore Theatre,126.24,297,6592,1043,8,0
27,1347558,212374,99.39,2.29,11/27/22,SIX: The Musical,Lena Horne Theatre,164.38,249,8198,1031,8,0
28,656444.8,-1135.7,67.14,-8.84,11/27/22,Some Like It Hot,Sam S. Shubert Theatre,84.41,257,7777,1448,0,8
29,518856.62,27030.67,69.44,-4.98,11/27/22,A Strange Loop,Lyceum Theatre,102.42,297,5066,912,8,0
30,312681.2,-30637.2,43.32,-5.81,11/27/22,Take Me Out,Gerald Schoenfeld Theatre,85.04,297,3677,1061,8,0
31,216121.1,-49045.9,43.86,-8.95,11/27/22,Topdog/Underdog,John Golden Theatre,76.8,273,2814,802,8,0
32,2320543,701217,98.74,6.3,11/27/22,Wicked,Gershwin Theatre,157.39,275,14744,1867,8,0
0,913033.6,-3607.2,98.36,0.46,11/20/22,& Juliet,Stephen Sondheim Theatre,112.22,297,8136,1034,5,3
1,268846.7,-24805.8,65.99,-7,11/20/22,1776,American Airlines Theatre,70.43,248,3817,723,8,0
2,103390.5,16036.5,61.14,-2.63,11/20/22,Ain't No Mo',Belasco Theatre,23.71,297,4361,1019,0,7
3,1175369.06,-91461.69,90.74,-6.84,11/20/22,Aladdin,New Amsterdam Theatre,93.76,199.5,12536,1727,8,0
4,664426.35,-151323.91,66.47,-16.17,11/20/22,Almost Famous,Bernard B. Jacobs Theatre,122.14,297,5440,1023,8,0
5,1198402.75,61931.68,84.27,-5.92,11/20/22,"A Beautiful Noise, The Neil Diamond Musical",Broadhurst Theatre,154.31,347.5,7766,1152,0,8
6,1053973,-146900,70.05,-12.39,11/20/22,Beetlejuice,Marquis Theatre,117.4,249,8978,1602,8,0
7,988928.24,-80398.36,94.24,-3.02,11/20/22,The Book of Mormon,Eugene O'Neill Theatre,123.05,0,8037,1066,8,0
8,525004.48,-104616.22,70.01,-11.68,11/20/22,Chicago,Ambassador Theatre,86.79,197,6049,1080,8,0
9,218944,53140.5,88.9,-4.5,11/20/22,A Christmas Carol,Nederlander Theatre,29.69,229,7374,1185,0,7
10,485821.5,-71370.5,66.18,-7.29,11/20/22,Death of a Salesman,Hudson Theatre,94.11,299,5162,975,8,0
11,1654723.6,14501.55,97.68,0.42,11/20/22,Funny Girl,August Wilson Theatre,173.71,0,9526,1219,8,0
12,689892,-101347.5,95.02,-3.52,11/20/22,Hadestown,Walter Kerr Theatre,98.87,0,6978,918,8,0
13,1925304,-114625,94.82,-4.69,11/20/22,Hamilton,Richard Rodgers Theatre,191.71,449,10043,1324,8,0
14,1133312.5,-198333.8,87.29,-2.53,11/20/22,Harry Potter and the Cursed Child,Lyric Theatre,114.35,276.5,9911,1622,7,0
15,733841.01,-193909.94,61.33,-16.45,11/20/22,Into the Woods,St. James Theatre,104.37,0,7031,1433,8,0
16,456718.15,-34446.95,79.72,-13.8,11/20/22,Kimberly Akimbo,Booth Theatre,92.64,263,4930,773,8,0
17,127261.7,-7086.4,94.35,6.67,11/20/22,KPOP,Circle in the Square Theatre,32.72,229.5,3889,687,0,6
18,1156245.26,-20750.09,88.05,-3.97,11/20/22,Leopoldstadt,Longacre Theatre,152.7,347,7572,1075,8,0
19,1856550,318741,99.09,1.6,11/20/22,The Lion King,Minskoff Theatre,138.08,199,13445,1696,8,0
20,373529.5,83225,80.96,-10.61,11/20/22,Mike Birbiglia: The Old Man & the Pool,Vivian Beaumont Theater,61.08,277,6115,1079,7,0
21,1694503,-120850,98.6,-1.77,11/20/22,MJ The Musical,Neil Simon Theatre,154.88,250,10941,1387,8,0
22,1194270.45,-85352.1,97.19,-0.74,11/20/22,Moulin Rouge! The Musical,Al Hirschfeld Theatre,118.15,0,10108,1300,8,0
23,2508603,-417791.5,88.82,-9.32,11/20/22,The Music Man,Winter Garden Theatre,231.51,597,10836,1525,8,0
24,291582.5,146572,48.62,-8.98,11/20/22,Ohio State Murders,James Earl Jones Theatre,70.06,223,4162,1070,0,8
25,1784649.69,86796.46,101.36,0.23,11/20/22,The Phantom of the Opera,Majestic Theatre,137.13,497,13014,1605,8,0
26,961067.95,-24218.09,89.69,-2.47,11/20/22,The Piano Lesson,Ethel Barrymore Theatre,128.42,297,7484,1043,8,0
27,1135184,-28384,97.1,-1.05,11/20/22,SIX: The Musical,Lena Horne Theatre,141.74,249,8009,1031,8,0
28,657580.5,35171.8,75.98,-15.8,11/20/22,Some Like It Hot,Sam S. Shubert Theatre,74.71,257,8802,1448,0,8
29,491825.95,-22589.07,74.42,-10.68,11/20/22,A Strange Loop,Lyceum Theatre,90.58,273,5430,912,8,0
30,343318.4,-114085.3,49.13,-7.22,11/20/22,Take Me Out,Gerald Schoenfeld Theatre,82.33,297,4170,1061,8,0
31,265167,-41732.4,52.81,-9.44,11/20/22,Topdog/Underdog,John Golden Theatre,78.27,219,3388,802,8,0
32,262122.4,66906.7,61.1,13.42,11/20/22,Walking with Ghosts,Music Box Theatre,62.86,297,4170,975,7,0
33,1619326,-85239,92.44,-5.06,11/20/22,Wicked,Gershwin Theatre,121.18,250,13363,1807,8,0
0,916640.8,137238.6,97.9,0,11/13/22,& Juliet,Stephen Sondheim Theatre,113.19,297,8098,1034,0,8
1,293652.5,27923.8,72.99,2.26,11/13/22,1776,American Airlines Theatre,69.55,248,4222,723,8,0
2,87354,0,63.77,0,11/13/22,Ain't No Mo',Belasco Theatre,26.89,297,3249,1019,0,5
3,1266830.75,113572.82,97.58,4.75,11/13/22,Aladdin,New Amsterdam Theatre,93.96,199.5,13482,1727,8,0
4,815750.26,173863.96,82.64,1.42,11/13/22,Almost Famous,Bernard B. Jacobs Theatre,120.14,297,6790,1027,8,0
5,1136471.07,291396.85,90.19,1.98,11/13/22,"A Beautiful Noise, The Neil Diamond Musical",Broadhurst Theatre,156.26,347.5,7273,1152,0,7
6,1200873,156497,82.44,7.92,11/13/22,Beetlejuice,Marquis Theatre,113.65,249,10566,1602,8,0
7,1069326.6,92654.15,97.26,4.4,11/13/22,The Book of Mormon,Eugene O'Neill Theatre,128.93,0,8294,1066,8,0
8,629620.7,115641.01,81.69,11.28,11/13/22,Chicago,Ambassador Theatre,89.21,197,7058,1080,8,0
9,165803.5,0,93.4,0,11/13/22,A Christmas Carol,Nederlander Theatre,21.36,229,7761,1187,0,7
10,557192,71366.25,73.47,7.96,11/13/22,Death of a Salesman,Hudson Theatre,97.22,299,5731,975,8,0
11,1640222.05,-56055.2,97.26,-0.94,11/13/22,Funny Girl,August Wilson Theatre,172.93,0,9485,1219,8,0
12,791239.5,92789,98.54,5.29,11/13/22,Hadestown,Walter Kerr Theatre,109.33,0,7237,918,8,0
13,2039929,76101,99.51,8.5,11/13/22,Hamilton,Richard Rodgers Theatre,193.54,449,10540,1324,8,0
14,1331646.3,159733.6,89.82,6.44,11/13/22,Harry Potter and the Cursed Child,Lyric Theatre,114.26,276.5,11655,1622,8,0
15,927750.95,217694.69,77.78,14.27,11/13/22,Into the Woods,St. James Theatre,108.36,0,8562,1376,8,0
16,491165.1,70465.3,93.52,3.29,11/13/22,Kimberly Akimbo,Booth Theatre,84.93,263,5783,773,5,3
17,134348.1,-5039.7,87.68,5.06,11/13/22,KPOP,Circle in the Square Theatre,37.17,229.5,3614,687,0,6
18,1176995.35,63003.75,92.02,8.38,11/13/22,Leopoldstadt,Longacre Theatre,148.72,347,7914,1075,8,0
19,1537809,-223347,97.49,-1.06,11/13/22,The Lion King,Minskoff Theatre,116.26,199,13227,1696,8,0
20,290304.5,-67983,91.57,18.77,11/13/22,Mike Birbiglia: The Old Man & the Pool,Vivian Beaumont Theater,41.98,277,6916,1079,1,6
21,1815353,55170,100.37,0.11,11/13/22,MJ The Musical,Neil Simon Theatre,163,250,11137,1387,8,0
22,1279622.55,60572.5,97.93,0.89,11/13/22,Moulin Rouge! The Musical,Al Hirschfeld Theatre,125.64,0,10185,1300,8,0
23,2926394.5,26989.5,98.14,2.83,11/13/22,The Music Man,Winter Garden Theatre,244.42,597,11973,1525,8,0
24,145010.5,0,57.6,0,11/13/22,Ohio State Murders,James Earl Jones Theatre,78.43,223,1849,1070,0,3
25,1697853.23,54613.5,101.13,0.43,11/13/22,The Phantom of the Opera,Majestic Theatre,130.75,297,12985,1605,8,0
26,985286.04,93335.69,92.16,4.83,11/13/22,The Piano Lesson,Ethel Barrymore Theatre,128.13,297,7690,1043,8,0
27,1163568,106905,98.15,6.09,11/13/22,SIX: The Musical,Lena Horne Theatre,143.74,249,8095,1031,8,0
28,622408.7,82815.84,91.78,9.7,11/13/22,Some Like It Hot,Sam S. Shubert Theatre,66.9,257,9303,1448,0,7
29,514415.02,-15887.21,85.1,7.8,11/13/22,A Strange Loop,Lyceum Theatre,94.68,273,5433,912,7,0
30,457403.7,5909.6,56.35,-0.37,11/13/22,Take Me Out,Gerald Schoenfeld Theatre,95.63,297,4783,1061,4,4
31,306899.4,46222.26,62.25,8.65,11/13/22,Topdog/Underdog,John Golden Theatre,76.84,219,3994,802,8,0
32,195215.7,26837.3,47.68,1.25,11/13/22,Walking with Ghosts,Music Box Theatre,59.99,297,3254,975,7,0
33,1704565,291433,97.5,9.41,11/13/22,Wicked,Gershwin Theatre,120.94,250,14094,1807,8,0
0,779402.2,463191.2,97.9,-0.99,11/6/22,& Juliet,Stephen Sondheim Theatre,109.99,297,7086,1034,0,7
1,265728.7,-5138.7,70.73,-1.52,11/6/22,1776,American Airlines Theatre,64.95,248,4091,723,8,0
2,1153257.93,35416.48,92.83,2.52,11/6/22,Aladdin,New Amsterdam Theatre,89.92,199.5,12826,1727,8,0
3,641886.3,66540.9,81.22,4.42,11/6/22,Almost Famous,Bernard B. Jacobs Theatre,96.19,297,6673,1027,5,3
4,845074.22,0,88.21,0,11/6/22,"A Beautiful Noise, The Neil Diamond Musical",Broadhurst Theatre,166.32,347.5,5081,1152,0,5
5,1044376,15396,74.52,2.06,11/6/22,Beetlejuice,Marquis Theatre,109.35,249,9551,1602,8,0
6,976672.45,68066.55,92.86,-0.42,11/6/22,The Book of Mormon,Eugene O'Neill Theatre,123.33,0,7919,1066,8,0
7,513979.69,19344.04,70.41,2.1,11/6/22,Chicago,Ambassador Theatre,84.49,197,6083,1080,8,0
8,239420,-23773,74.72,-1.22,11/6/22,Cost of Living,Samuel J. Friedman Theatre,64.08,279,3736,625,8,0
9,485825.75,14287.75,65.51,0.64,11/6/22,Death of a Salesman,Hudson Theatre,95.07,299,5110,975,8,0
10,1696277.25,60417.35,98.2,-0.18,11/6/22,Funny Girl,August Wilson Theatre,177.14,0,9576,1219,8,0
11,698450.5,65519.5,93.25,1.41,11/6/22,Hadestown,Walter Kerr Theatre,101.99,0,6848,918,8,0
12,1963828,15976,91.01,-1.72,11/6/22,Hamilton,Richard Rodgers Theatre,203.72,449,9640,1324,8,0
13,1171912.7,66913.6,83.38,-1.06,11/6/22,Harry Potter and the Cursed Child,Lyric Theatre,108.32,276.5,10819,1622,8,0
14,710056.26,8784.95,63.51,1.52,11/6/22,Into the Woods,St. James Theatre,101.57,0,6991,1376,8,0
15,420699.8,19746.38,90.23,7.68,11/6/22,Kimberly Akimbo,Booth Theatre,75.39,263,5580,773,0,8
16,139387.8,-25786.4,82.62,11.13,11/6/22,KPOP,Circle in the Square Theatre,35.08,229.5,3973,687,0,7
17,1113991.6,5695.5,83.64,-1.26,11/6/22,Leopoldstadt,Longacre Theatre,154.87,347,7193,1075,8,0
18,1761156,56439,98.55,1.82,11/6/22,The Lion King,Minskoff Theatre,131.71,199,13371,1696,8,0
19,358287.5,139229.5,72.8,-27.25,11/6/22,Mike Birbiglia: The Old Man & the Pool,Vivian Beaumont Theater,57.02,277,6284,1079,0,8
20,1760183,-50089,100.26,0.69,11/6/22,MJ The Musical,Neil Simon Theatre,158.22,250,11125,1387,8,0
21,1219050.05,51322.35,97.04,1.1,11/6/22,Moulin Rouge! The Musical,Al Hirschfeld Theatre,120.79,0,10092,1300,8,0
22,2899405,183168,95.31,-1.04,11/6/22,The Music Man,Winter Garden Theatre,249.35,597,11628,1525,8,0
23,1643239.73,40253.73,100.7,0.19,11/6/22,The Phantom of the Opera,Majestic Theatre,127.09,297,12930,1605,8,0
24,891950.35,-26797.95,87.33,1.99,11/6/22,The Piano Lesson,Ethel Barrymore Theatre,122.4,297,7287,1043,8,0
25,1056663,83255,92.06,2.64,11/6/22,SIX: The Musical,Lena Horne Theatre,139.16,249,7593,1031,8,0
26,539592.86,0,82.08,0,11/6/22,Some Like It Hot,Sam S. Shubert Theatre,75.67,257,7131,1448,0,6
27,530302.23,15626.54,77.3,-1.94,11/6/22,A Strange Loop,Lyceum Theatre,94.03,273,5640,912,8,0
28,451494.1,109509.8,56.72,-6.92,11/6/22,Take Me Out,Gerald Schoenfeld Theatre,93.79,297,4814,1061,8,0
29,260677.14,-17168.76,53.6,-14.89,11/6/22,Topdog/Underdog,John Golden Theatre,75.8,219,3439,802,8,0
30,168378.4,-8617.1,46.43,-15.27,11/6/22,Walking with Ghosts,Music Box Theatre,53.13,297,3169,975,7,0
31,1413132,67076,88.09,2.8,11/6/22,Wicked,Gershwin Theatre,110.97,250,12734,1807,8,0
0,316211,0,98.89,0,10/30/22,& Juliet,Stephen Sondheim Theatre,154.63,297,2045,1034,0,2
1,270867.4,-84715.1,72.25,-5.22,10/30/22,1776,American Airlines Theatre,64.82,248,4179,723,8,0
2,1117841.45,-95103.21,90.31,-4.69,10/30/22,Aladdin,New Amsterdam Theatre,89.59,199.5,12477,1727,8,0
3,575345.4,-19688.7,76.8,-13.25,10/30/22,Almost Famous,Bernard B. Jacobs Theatre,91.18,247,6310,1027,0,8
4,1028980,-136783,72.46,-10.14,10/30/22,Beetlejuice,Marquis Theatre,110.81,249,9286,1602,8,0
5,908605.9,-182130.05,93.28,-6.71,10/30/22,The Book of Mormon,Eugene O'Neill Theatre,114.22,0,7955,1066,8,0
6,494635.65,-103766.24,68.31,-11.88,10/30/22,Chicago,Ambassador Theatre,83.81,197,5902,1080,8,0
7,263193,1685,75.94,6.84,10/30/22,Cost of Living,Samuel J. Friedman Theatre,69.32,279,3797,625,8,0
8,471538,-85878,64.87,-6.41,10/30/22,Death of a Salesman,Hudson Theatre,93.19,299,5060,975,8,0
9,1635859.9,-87939.72,98.38,-1.79,10/30/22,Funny Girl,August Wilson Theatre,170.51,0,9594,1219,8,0
10,632931,-146748.75,91.84,-5.45,10/30/22,Hadestown,Walter Kerr Theatre,93.84,0,6745,918,8,0
11,1947852,-93603,92.73,-6.33,10/30/22,Hamilton,Richard Rodgers Theatre,198.32,449,9822,1324,8,0
12,1104999.1,-96995.7,84.44,-2.02,10/30/22,Harry Potter and the Cursed Child,Lyric Theatre,103.6,276.5,10666,1579,8,0
13,701271.31,-74087.78,61.99,-12.43,10/30/22,Into the Woods,St. James Theatre,102.77,0,6824,1376,8,0
14,400953.42,33879.57,82.55,-8.73,10/30/22,Kimberly Akimbo,Booth Theatre,78.54,263,5105,773,0,8
15,431556.05,50201.4,84.49,8.5,10/30/22,The Kite Runner,Helen Hayes Theater,109.89,247,3927,581,8,0
16,165174.2,-31244.4,71.49,-8.4,10/30/22,KPOP,Circle in the Square Theatre,42.04,229.5,3929,687,0,8
17,1108296.1,-49754.6,84.9,-5.03,10/30/22,Leopoldstadt,Longacre Theatre,151.8,347,7301,1075,8,0
18,1704717,-9990,96.73,-3.07,10/30/22,The Lion King,Minskoff Theatre,129.89,199,13124,1696,8,0
19,219058,0,100.05,0,10/30/22,Mike Birbiglia: The Old Man & the Pool,Vivian Beaumont Theater,51.3,277,4270,1067,0,4
20,1810272,63603,99.57,-0.82,10/30/22,MJ The Musical,Neil Simon Theatre,163.86,250,11048,1387,8,0
21,1167727.7,-102202.25,95.94,-3.66,10/30/22,Moulin Rouge! The Musical,Al Hirschfeld Theatre,117.03,0,9978,1300,8,0
22,2716237,-312354,96.35,-3.26,10/30/22,The Music Man,Winter Garden Theatre,231.07,597,11755,1525,8,0
23,1602986,-19827.44,100.51,-0.76,10/30/22,The Phantom of the Opera,Majestic Theatre,124.2,297,12906,1605,8,0
24,918748.3,3631.9,85.34,2.19,10/30/22,The Piano Lesson,Ethel Barrymore Theatre,129.02,297,7121,1043,8,0
25,973408,-216484,89.42,-9.02,10/30/22,SIX: The Musical,Lena Horne Theatre,131.99,249,7375,1031,8,0
26,514675.69,-125353.31,79.24,-6.09,10/30/22,A Strange Loop,Lyceum Theatre,89.03,273,5781,912,8,0
27,341984.3,0,63.64,0,10/30/22,Take Me Out,Gerald Schoenfeld Theatre,101.3,297,3376,1061,5,0
28,277845.9,39788.3,68.49,-3.42,10/30/22,Topdog/Underdog,John Golden Theatre,63.23,219,4394,802,8,0
29,176995.5,30594,61.7,-1.44,10/30/22,Walking with Ghosts,Music Box Theatre,42.03,297,4211,975,4,3
30,1346056,-264325,85.29,-9.56,10/30/22,Wicked,Gershwin Theatre,109.17,250,12330,1807,8,0
0,355582.5,15699.2,77.47,0.76,10/23/22,1776,American Airlines Theatre,79.35,248,4481,723,8,0
1,1212944.66,-47168.3,95,-2.89,10/23/22,Aladdin,New Amsterdam Theatre,92.41,199.5,13125,1727,8,0
2,595034.1,-11746.2,90.05,-3.88,10/23/22,Almost Famous,Bernard B. Jacobs Theatre,107.23,247,5549,1027,0,6
3,1165763,73088,82.6,4.6,10/23/22,Beetlejuice,Marquis Theatre,110.12,249,10586,1602,8,0
4,1090735.95,20444.75,99.99,2.23,10/23/22,The Book of Mormon,Eugene O'Neill Theatre,127.92,0,8527,1066,8,0
5,598401.89,-22538.81,80.19,-2.61,10/23/22,Chicago,Ambassador Theatre,86.37,197,6928,1080,8,0
6,261508,37387,69.1,7.46,10/23/22,Cost of Living,Samuel J. Friedman Theatre,75.69,279,3455,625,8,0
7,557416,44437,71.28,-7.68,10/23/22,Death of a Salesman,Hudson Theatre,100.25,299,5560,975,8,0
8,1723799.62,27443.92,100.17,-0.19,10/23/22,Funny Girl,August Wilson Theatre,176.46,0,9769,1219,8,0
9,779679.75,-4296,97.29,1.08,10/23/22,Hadestown,Walter Kerr Theatre,109.12,0,7145,918,8,0
10,2041455,-10097,99.06,-1.58,10/23/22,Hamilton,Richard Rodgers Theatre,194.57,449,10492,1324,8,0
11,1201994.8,-41616.15,86.46,-1.91,10/23/22,Harry Potter and the Cursed Child,Lyric Theatre,110.06,276.5,10921,1579,8,0
12,775359.09,-435293.81,74.42,3.29,10/23/22,Into the Woods,St. James Theatre,94.65,0,8192,1376,8,0
13,367073.85,66640.95,91.28,0.18,10/23/22,Kimberly Akimbo,Booth Theatre,74.32,263,4939,773,0,7
14,381354.65,33264.95,75.99,3.4,10/23/22,The Kite Runner,Helen Hayes Theater,107.97,247,3532,581,8,0
15,196418.6,5300,79.89,-3.92,10/23/22,KPOP,Circle in the Square Theatre,59.65,229.5,3293,687,0,6
16,1158050.7,62522.2,89.93,6.7,10/23/22,Leopoldstadt,Longacre Theatre,149.74,347,7734,1075,8,0
17,1714707,-100562,99.8,0.18,10/23/22,The Lion King,Minskoff Theatre,126.63,199,13541,1696,8,0
18,1746669,-30469,100.39,-0.03,10/23/22,MJ The Musical,Neil Simon Theatre,156.81,250,11139,1387,8,0
19,1269929.95,-55245.3,99.6,-0.17,10/23/22,Moulin Rouge! The Musical,Al Hirschfeld Theatre,122.6,0,10358,1300,8,0
20,3028591,103127.92,99.61,-0.04,10/23/22,The Music Man,Winter Garden Theatre,249.23,597,12152,1525,8,0
21,1622813.44,19550.43,101.27,0.41,10/23/22,The Phantom of the Opera,Majestic Theatre,124.8,297,13003,1605,8,0
22,915116.4,217834.9,83.15,-6.23,10/23/22,The Piano Lesson,Ethel Barrymore Theatre,131.9,297,6938,1043,8,0
23,1189892,-35895,98.44,1,10/23/22,SIX: The Musical,Lena Horne Theatre,146.56,249,8119,1031,8,0
24,640029,-16720.88,85.33,0.54,10/23/22,A Strange Loop,Lyceum Theatre,102.8,273,6226,912,8,0
25,238057.6,18041.12,71.91,-13.86,10/23/22,Topdog/Underdog,John Golden Theatre,51.59,273,4614,802,5,3
26,146401.5,0,63.14,0,10/23/22,Walking with Ghosts,Music Box Theatre,47.56,297,3078,975,0,5
27,1610381,-115855,94.85,-2.28,10/23/22,Wicked,Gershwin Theatre,117.45,250,13711,1807,8,0
0,339883.3,-4582.7,76.71,-12.19,10/16/22,1776,American Airlines Theatre,76.6,248,4437,723,8,0
1,1260112.96,-47482.21,97.89,0.18,10/16/22,Aladdin,New Amsterdam Theatre,93.18,199.5,13524,1727,8,0
2,606780.3,-88861.9,93.93,3.81,10/16/22,Almost Famous,Bernard B. Jacobs Theatre,104.83,247,5788,1027,0,6
3,1092675,-191298.7,78,-4.39,10/16/22,Beetlejuice,Marquis Theatre,109.3,249,9997,1602,8,0
4,1070291.2,-44054.35,97.76,-0.69,10/16/22,The Book of Mormon,Eugene O'Neill Theatre,128.38,0,8337,1066,8,0
5,620940.7,-36450.35,82.8,-2.52,10/16/22,Chicago,Ambassador Theatre,86.8,197,7154,1080,8,0
6,224121,55438,61.64,-18.78,10/16/22,Cost of Living,Samuel J. Friedman Theatre,72.72,279,3082,625,8,0
7,512979,111527.75,78.96,-11.14,10/16/22,Death of a Salesman,Hudson Theatre,83.29,299,6159,975,8,0
8,1696355.7,13628.25,100.36,0.54,10/16/22,Funny Girl,August Wilson Theatre,173.33,0,9787,1219,8,0
9,783975.75,-64955,96.21,-1.54,10/16/22,Hadestown,Walter Kerr Theatre,110.95,0,7066,918,8,0
10,2051552,-107222,100.64,3.99,10/16/22,Hamilton,Richard Rodgers Theatre,192.45,449,10660,1324,8,0
11,1243610.95,-226226.45,88.37,-5.19,10/16/22,Harry Potter and the Cursed Child,Lyric Theatre,111.4,276.5,11163,1579,8,0
12,1210652.9,-19475.1,71.13,-7.65,10/16/22,Into the Woods,St. James Theatre,125,0,9685,1702,8,0
13,300432.9,0,91.1,0,10/16/22,Kimberly Akimbo,Booth Theatre,71.11,263,4225,773,0,6
14,348089.7,13339.45,72.59,2.09,10/16/22,The Kite Runner,Helen Hayes Theater,103.17,247,3374,581,8,0
15,191118.6,0,83.81,0,10/16/22,KPOP,Circle in the Square Theatre,82.99,229.5,2303,687,0,4
16,1095528.5,191095.75,83.23,2.36,10/16/22,Leopoldstadt,Longacre Theatre,153.05,347,7158,1075,8,0
17,1815269,-250790,99.62,0.33,10/16/22,The Lion King,Minskoff Theatre,134.3,199,13517,1696,8,0
18,1777138,11462,100.42,0.16,10/16/22,MJ The Musical,Neil Simon Theatre,159.48,250,11143,1387,8,0
19,1325175.25,-5330.3,99.77,-0.09,10/16/22,Moulin Rouge! The Musical,Al Hirschfeld Theatre,127.72,0,10376,1300,8,0
20,2925463.08,-174244.72,99.65,0.2,10/16/22,The Music Man,Winter Garden Theatre,240.64,597,12157,1525,8,0
21,1603263.01,61407.31,100.86,-0.06,10/16/22,The Phantom of the Opera,Majestic Theatre,123.79,297,12951,1605,8,0
22,697281.5,-45980.4,89.38,9.42,10/16/22,The Piano Lesson,Ethel Barrymore Theatre,93.49,297,7458,1043,4,4
23,1225787,12386,97.44,1.54,10/16/22,SIX: The Musical,Lena Horne Theatre,152.52,249,8037,1031,8,0
24,656749.88,15024.38,84.79,-3.71,10/16/22,A Strange Loop,Lyceum Theatre,106.17,273,6186,912,8,0
25,220016.48,1237.28,85.77,13.39,10/16/22,Topdog/Underdog,John Golden Theatre,39.98,219,5503,802,0,8
26,1726236,-113121,97.13,-1.62,10/16/22,Wicked,Gershwin Theatre,119.02,250,14504,1867,8,0
0,344466,-4684.8,88.9,4.22,10/9/22,1776,American Airlines Theatre,66.99,248,5142,723,5,3
1,1307595.17,249697.44,97.71,2.74,10/9/22,Aladdin,New Amsterdam Theatre,96.86,199.5,13500,1727,8,0
2,695642.2,0,90.12,0,10/9/22,Almost Famous,Bernard B. Jacobs Theatre,107.37,247,6479,1027,0,7
3,1283973.7,486093.7,82.39,21.85,10/9/22,Beetlejuice,Marquis Theatre,121.6,249,10559,1602,8,0
4,1114345.55,125355.35,98.45,0.95,10/9/22,The Book of Mormon,Eugene O'Neill Theatre,132.72,0,8396,1066,8,0
5,657391.05,118353.8,85.32,11.49,10/9/22,Chicago,Ambassador Theatre,89.17,207,7372,1080,8,0
6,168683,28715,80.42,-3.78,10/9/22,Cost of Living,Samuel J. Friedman Theatre,41.95,279,4021,625,8,0
7,401451.25,-36846.5,90.1,16.98,10/9/22,Death of a Salesman,Hudson Theatre,57.12,299,7028,975,1,7
8,1682727.45,43798.75,99.82,0.43,10/9/22,Funny Girl,August Wilson Theatre,172.87,0,9734,1219,8,0
9,848930.75,189716.75,97.75,-0.43,10/9/22,Hadestown,Walter Kerr Theatre,118.25,0,7179,918,8,0
10,2158774,245913,96.65,6.83,10/9/22,Hamilton,Richard Rodgers Theatre,210.88,449,10237,1324,8,0
11,1469837.4,389344.45,93.56,10.41,10/9/22,Harry Potter and the Cursed Child,Lyric Theatre,121.07,276.5,12140,1622,8,0
12,1230128,224127,78.78,3.3,10/9/22,Into the Woods,St. James Theatre,120.45,0,10213,1621,8,0
13,334750.25,7749.1,70.5,3.55,10/9/22,The Kite Runner,Helen Hayes Theater,102.15,247,3277,581,8,0
14,904432.75,145445.24,80.87,-8.07,10/9/22,Leopoldstadt,Longacre Theatre,130.04,347,6955,1075,8,0
15,2066059,492067,99.29,1.77,10/9/22,The Lion King,Minskoff Theatre,153.37,199,13471,1696,8,0
16,1765676,37391,100.26,0.21,10/9/22,MJ The Musical,Neil Simon Theatre,158.71,250,11125,1387,8,0
17,1330505.55,116270.35,99.86,2.37,10/9/22,Moulin Rouge! The Musical,Al Hirschfeld Theatre,128.12,0,10385,1300,8,0
18,3099707.8,364850.3,99.45,4.35,10/9/22,The Music Man,Winter Garden Theatre,255.48,622,12133,1525,8,0
19,1541855.7,210831.72,100.92,2.72,10/9/22,The Phantom of the Opera,Majestic Theatre,118.99,277,12958,1605,8,0
20,743261.9,39211.3,79.96,9.59,10/9/22,The Piano Lesson,Ethel Barrymore Theatre,111.4,297,6672,1043,0,8
21,1213401,169295,95.9,3.91,10/9/22,SIX: The Musical,Lena Horne Theatre,153.4,249,7910,1031,8,0
22,641725.5,62371.5,88.5,9,10/9/22,A Strange Loop,Lyceum Theatre,99.38,273,6457,912,8,0
23,218779.2,-9981.7,72.38,-0.94,10/9/22,Topdog/Underdog,John Golden Theatre,47.11,273,4644,802,0,8
24,1839357,510701,98.75,14.88,10/9/22,Wicked,Gershwin Theatre,128.84,250,14276,1807,8,0
0,349150.8,6373.9,84.68,0.25,10/2/22,1776,American Airlines Theatre,71.28,248,4898,723,0,8
1,1057897.73,-98824.34,94.97,0.78,10/2/22,Aladdin,New Amsterdam Theatre,80.63,199.5,13121,1727,8,0
2,797880,-266089.5,60.54,-30.74,10/2/22,Beetlejuice,Marquis Theatre,102.83,249,7759,1602,8,0
3,988990.2,-39048.5,97.5,-1.62,10/2/22,The Book of Mormon,Eugene O'Neill Theatre,118.94,0,8315,1066,8,0
4,539037.25,-96075.95,73.83,-17.06,10/2/22,Chicago,Ambassador Theatre,84.5,197,6379,1080,8,0
5,1046553.7,102992.5,101.86,1.25,10/2/22,Come From Away,Gerald Schoenfeld Theatre,122.78,297,8524,1046,8,0
6,139968,2172,84.2,1.62,10/2/22,Cost of Living,Samuel J. Friedman Theatre,33.25,247,4210,625,0,8
7,438297.75,24869.5,73.12,-8.33,10/2/22,Death of a Salesman,Hudson Theatre,76.85,299,5703,975,0,8
8,1638928.7,-1441.55,99.39,1.16,10/2/22,Funny Girl,August Wilson Theatre,169.08,0,9693,1219,8,0
9,659214,-104791,98.18,-1.19,10/2/22,Hadestown,Walter Kerr Theatre,91.43,0,7210,918,8,0
10,1912861,-2467,89.82,-0.26,10/2/22,Hamilton,Richard Rodgers Theatre,201.06,449,9514,1324,8,0
11,1080492.95,-179803.3,83.15,-8.89,10/2/22,Harry Potter and the Cursed Child,Lyric Theatre,102.87,276.5,10503,1579,8,0
12,1006001,-137348.1,75.48,0.75,10/2/22,Into the Woods,St. James Theatre,121.07,0,8309,1376,8,0
13,327001.15,-29189.1,66.95,-7.79,10/2/22,The Kite Runner,Helen Hayes Theater,105.08,197,3112,581,8,0
14,758987.51,5831.01,88.94,10.11,10/2/22,Leopoldstadt,Longacre Theatre,99.23,347,7649,1075,1,7
15,1573992,-129446,97.52,1.91,10/2/22,The Lion King,Minskoff Theatre,118.96,199,13231,1696,8,0
16,1728285,-4510.5,100.05,-0.33,10/2/22,MJ The Musical,Neil Simon Theatre,155.69,250,11101,1387,8,0
17,1214235.2,-67662.4,97.49,-1.87,10/2/22,Moulin Rouge! The Musical,Al Hirschfeld Theatre,119.76,0,10139,1300,8,0
18,2734857.5,-69227,95.1,-1.44,10/2/22,The Music Man,Winter Garden Theatre,235.72,597,11602,1525,8,0
19,1331023.98,125660.38,98.2,-2.42,10/2/22,The Phantom of the Opera,Majestic Theatre,105.56,247,12609,1605,8,0
20,704050.6,-91255.5,70.37,-10.71,10/2/22,The Piano Lesson,Ethel Barrymore Theatre,119.9,297,5872,1043,0,8
21,1044106,-104637.5,91.99,-6.06,10/2/22,SIX: The Musical,Lena Horne Theatre,137.62,249,7587,1031,8,0
22,579354,-65356.37,79.5,-14.03,10/2/22,A Strange Loop,Lyceum Theatre,99.89,273,5800,912,8,0
23,228760.9,0,73.32,0,10/2/22,Topdog/Underdog,John Golden Theatre,48.63,273,4704,802,0,8
24,1328656,-168324.5,83.87,-13.55,10/2/22,Wicked,Gershwin Theatre,109.59,250,12124,1807,8,0
0,342776.9,160545.6,84.43,-7,9/25/22,1776,American Airlines Theatre,80.22,248,4273,723,0,7
1,1156722.07,43738.7,94.19,1.02,9/25/22,Aladdin,New Amsterdam Theatre,88.89,199.5,13013,1727,8,0
2,1063969.5,133172,91.28,8.59,9/25/22,Beetlejuice,Marquis Theatre,90.95,249,11698,1602,8,0
3,1028038.7,20042.2,99.12,0.59,9/25/22,The Book of Mormon,Eugene O'Neill Theatre,121.62,0,8453,1066,8,0
4,635113.2,18925.3,90.89,3.24,9/25/22,Chicago,Ambassador Theatre,80.88,197,7853,1080,8,0
5,943561.2,83545.7,100.61,0.1,9/25/22,Come From Away,Gerald Schoenfeld Theatre,112.08,247,8419,1046,8,0
6,137796,17009,82.58,3.19,9/25/22,Cost of Living,Samuel J. Friedman Theatre,38.14,247,3613,625,0,7
7,413428.25,320314,81.45,-16.6,9/25/22,Death of a Salesman,Hudson Theatre,86.76,299,4765,975,0,6
8,1640370.25,503852.05,98.23,13.89,9/25/22,Funny Girl,August Wilson Theatre,171.25,0,9579,1219,8,0
9,764005,7861.75,99.37,-0.36,9/25/22,Hadestown,Walter Kerr Theatre,104.69,0,7298,918,8,0
10,1915328,7177,90.08,-0.01,9/25/22,Hamilton,Richard Rodgers Theatre,200.75,449,9541,1324,8,0
11,1260296.25,78364.75,92.04,3.62,9/25/22,Harry Potter and the Cursed Child,Lyric Theatre,105.53,276.5,11943,1622,8,0
12,1143349.1,43342.9,74.73,4.19,9/25/22,Into the Woods,St. James Theatre,112.37,0,10175,1702,8,0
13,356190.25,-30725.85,74.74,-3.06,9/25/22,The Kite Runner,Helen Hayes Theater,102.53,197,3474,581,8,0
14,753156.5,196663.9,78.83,3.15,9/25/22,Leopoldstadt,Longacre Theatre,126.97,297,5932,1075,0,7
15,1703438,64351,95.61,0.22,9/25/22,The Lion King,Minskoff Theatre,131.31,199,12973,1696,8,0
16,1732795.5,8351.5,100.38,0.01,9/25/22,MJ The Musical,Neil Simon Theatre,155.58,250,11138,1387,8,0
17,1281897.6,-23540.7,99.36,-0.22,9/25/22,Moulin Rouge! The Musical,Al Hirschfeld Theatre,124.06,0,10333,1300,8,0
18,2804084.5,-149978.5,96.54,-0.74,9/25/22,The Music Man,Winter Garden Theatre,238.08,597,11778,1525,8,0
19,1205363.6,241191.25,100.62,11.33,9/25/22,The Phantom of the Opera,Majestic Theatre,93.29,247,12920,1605,8,0
20,795306.1,0,81.08,0,9/25/22,The Piano Lesson,Ethel Barrymore Theatre,134.34,297,5920,1043,0,7
21,1148743.5,44707.5,98.05,2.45,9/25/22,SIX: The Musical,Lena Horne Theatre,142.05,249,8087,1031,8,0
22,644710.37,-1712.77,93.53,0.79,9/25/22,A Strange Loop,Lyceum Theatre,94.48,273,6824,912,8,0
23,1496980.5,81993,97.42,5.08,9/25/22,Wicked,Gershwin Theatre,106.3,250,14083,1807,8,0
0,182231.3,0,91.43,0,9/18/22,1776,American Airlines Theatre,91.39,248,1994,727,0,3
1,1112983.37,3160.2,93.17,-1,9/18/22,Aladdin,New Amsterdam Theatre,86.46,179.5,12873,1727,8,0
2,930797.5,55172,82.69,5.12,9/18/22,Beetlejuice,Marquis Theatre,87.84,249,10597,1602,8,0
3,1007996.5,27435.65,98.53,0.25,9/18/22,The Book of Mormon,Eugene O'Neill Theatre,119.96,0,8403,1066,8,0
4,616187.9,-21013.7,87.65,-0.48,9/18/22,Chicago,Ambassador Theatre,81.37,197,7573,1080,8,0
5,860015.5,78842.2,100.51,1.93,9/18/22,Come From Away,Gerald Schoenfeld Theatre,102.25,247,8411,1046,8,0
6,120787,0,79.39,0,9/18/22,Cost of Living,Samuel J. Friedman Theatre,40.57,247,2977,625,0,6
7,1251593.39,201426.25,100.56,0.46,9/18/22,Dear Evan Hansen,Music Box Theatre,158.11,397,7916,984,8,0
8,93114.25,0,98.05,0,9/18/22,Death of a Salesman,Hudson Theatre,97.4,299,956,975,0,1
9,1136518.2,-502694.05,84.34,-11.47,9/18/22,Funny Girl,August Wilson Theatre,138.18,0,8225,1219,8,0
10,756143.25,27043,99.73,1.08,9/18/22,Hadestown,Walter Kerr Theatre,103.24,0,7324,918,8,0
11,1908151,24046,90.09,0.06,9/18/22,Hamilton,Richard Rodgers Theatre,199.97,449,9542,1324,8,0
12,1181931.5,18764.9,88.42,2.99,9/18/22,Harry Potter and the Cursed Child,Lyric Theatre,103.02,276.5,11473,1622,8,0
13,1100006.2,55205,70.54,2.58,9/18/22,Into the Woods,St. James Theatre,114.52,0,9605,1702,8,0
14,386916.1,46137.3,77.8,4.65,9/18/22,The Kite Runner,Helen Hayes Theater,107,197,3616,581,8,0
15,556492.6,0,75.68,0,9/18/22,Leopoldstadt,Longacre Theatre,136.8,297,4068,1075,0,5
16,1639087,58793,95.39,0.99,9/18/22,The Lion King,Minskoff Theatre,126.65,199,12942,1696,8,0
17,1724444,26154,100.37,0.01,9/18/22,MJ The Musical,Neil Simon Theatre,154.84,250,11137,1387,8,0
18,1305438.3,27482.05,99.58,0.19,9/18/22,Moulin Rouge! The Musical,Al Hirschfeld Theatre,126.06,0,10356,1300,8,0
19,2954063,0,97.28,0,9/18/22,The Music Man,Winter Garden Theatre,248.91,597,11868,1525,8,0
20,964172.35,96175.15,89.29,7.98,9/18/22,The Phantom of the Opera,Majestic Theatre,84.1,247,11465,1605,8,0
21,1104036,90928,95.6,3.82,9/18/22,SIX: The Musical,Lena Horne Theatre,140.02,249,7885,1031,8,0
22,646423.14,41330.14,92.74,4.64,9/18/22,A Strange Loop,Lyceum Theatre,95.54,273,6766,912,8,0
23,1414987.5,54887.5,92.34,1.59,9/18/22,Wicked,Gershwin Theatre,106,250,13349,1807,8,0
0,1109823.17,-72601,94.17,1.87,9/11/22,Aladdin,New Amsterdam Theatre,85.3,179.5,13011,1727,8,0
1,875625.5,-54924.5,77.57,6.96,9/11/22,Beetlejuice,Marquis Theatre,88.08,249,9941,1602,8,0
2,980560.85,-58344.55,98.28,1.07,9/11/22,The Book of Mormon,Eugene O'Neill Theatre,117,0,8381,1066,8,0
3,637201.6,77103.9,88.13,12.81,9/11/22,Chicago,Ambassador Theatre,83.69,197,7614,1080,8,0
4,781173.3,106186.83,98.58,10.54,9/11/22,Come From Away,Gerald Schoenfeld Theatre,94.7,247,8249,1046,8,0
5,1050167.14,-18655.86,100.1,-0.93,9/11/22,Dear Evan Hansen,Music Box Theatre,133.27,297,7880,984,8,0
6,1639212.25,979337.95,95.81,16.81,9/11/22,Funny Girl,August Wilson Theatre,175.45,0,9343,1219,8,0
7,729100.25,26910,98.65,3.93,9/11/22,Hadestown,Walter Kerr Theatre,100.63,0,7245,918,8,0
8,1884105,-221934,90.03,-3.8,9/11/22,Hamilton,Richard Rodgers Theatre,197.58,449,9536,1324,8,0
9,1163166.6,-269104.1,85.43,-1.49,9/11/22,Harry Potter and the Cursed Child,Lyric Theatre,104.93,276.5,11085,1622,8,0
10,1044801.2,-823060.35,67.96,-30.88,9/11/22,Into the Woods,St. James Theatre,112.9,0,9254,1702,8,0
11,340778.8,45816.2,73.15,-0.02,9/11/22,The Kite Runner,Helen Hayes Theater,100.23,197,3400,581,8,0
12,1580294,-177568,94.4,-1.26,9/11/22,The Lion King,Minskoff Theatre,123.38,199,12808,1696,8,0
13,1698290,-64269,100.36,-0.01,9/11/22,MJ The Musical,Neil Simon Theatre,152.5,250,11136,1387,8,0
14,1277956.25,57961.6,99.39,1.72,9/11/22,Moulin Rouge! The Musical,Al Hirschfeld Theatre,123.63,0,10337,1300,8,0
15,867997.2,-47983.82,81.31,4.31,9/11/22,The Phantom of the Opera,Majestic Theatre,83.14,247,10440,1605,8,0
16,1013108,-154707,91.78,-0.53,9/11/22,SIX: The Musical,Lena Horne Theatre,133.83,249,7570,1031,8,0
17,605093,31202.22,88.1,-0.76,9/11/22,A Strange Loop,Lyceum Theatre,94.13,373,6428,912,8,0
18,1360100,-174285,90.75,3.41,9/11/22,Wicked,Gershwin Theatre,103.67,250,13119,1807,8,0
0,1182424.17,70834.26,92.3,8.74,9/4/22,Aladdin,New Amsterdam Theatre,92.72,199.5,12752,1727,8,0
1,930550,168384,70.61,10.44,9/4/22,Beetlejuice,Marquis Theatre,102.82,249,9050,1602,8,0
2,1038905.4,132801,97.21,3.5,9/4/22,The Book of Mormon,Eugene O'Neill Theatre,125.32,0,8290,1066,8,0
3,560097.7,69401.25,75.32,8.63,9/4/22,Chicago,Ambassador Theatre,86.06,197,6508,1080,8,0
4,674986.47,74571.55,88.04,6.26,9/4/22,Come From Away,Gerald Schoenfeld Theatre,91.62,247,7367,1046,8,0
5,1068823,27875.06,101.03,0.27,9/4/22,Dear Evan Hansen,Music Box Theatre,134.39,297,7953,984,8,0
6,659874.3,86727.6,79,8.35,9/4/22,Funny Girl,August Wilson Theatre,85.65,0,7704,1219,8,0
7,702190.25,21298.25,94.72,-0.91,9/4/22,Hadestown,Walter Kerr Theatre,100.95,0,6956,918,8,0
8,2106039,33070,93.83,-0.41,9/4/22,Hamilton,Richard Rodgers Theatre,211.9,449,9939,1324,8,0
9,1432270.7,140742.6,86.92,2.95,9/4/22,Harry Potter and the Cursed Child,Lyric Theatre,126.99,276.5,11279,1622,8,0
10,1867861.55,251304.2,98.84,5.09,9/4/22,Into the Woods,St. James Theatre,138.79,0,13458,1702,8,0
11,294962.6,7313.35,73.17,5.59,9/4/22,The Kite Runner,Helen Hayes Theater,86.73,197,3401,581,8,0
12,1757862,-37931,95.66,-1.82,9/4/22,The Lion King,Minskoff Theatre,135.44,199,12979,1696,8,0
13,1762559,30646.4,100.37,0.23,9/4/22,MJ The Musical,Neil Simon Theatre,158.26,250,11137,1387,8,0
14,1219994.65,70105.55,97.67,1.03,9/4/22,Moulin Rouge! The Musical,Al Hirschfeld Theatre,120.1,0,10158,1300,8,0
15,1014614.3,151725.1,97.98,8.69,9/4/22,Mr. Saturday Night,Nederlander Theatre,124.52,299,8148,1188,7,0
16,2863653,147146.2,95.03,1.51,9/4/22,The Music Man,Winter Garden Theatre,246.99,597,11594,1525,8,0
17,915981.02,64415.07,77,4.8,9/4/22,The Phantom of the Opera,Majestic Theatre,92.64,247,9887,1605,8,0
18,1167815,129560,92.31,1.79,9/4/22,SIX: The Musical,Lena Horne Theatre,153.38,249,7614,1031,8,0
19,573890.78,-4279.22,88.86,7.38,9/4/22,A Strange Loop,Lyceum Theatre,101.16,373,5673,912,7,0
20,1534385,180437,87.34,6.47,9/4/22,Wicked,Gershwin Theatre,121.53,250,12626,1807,8,0
0,1111589.91,-219165.22,83.56,-14.12,8/28/22,Aladdin,New Amsterdam Theatre,96.29,199.5,11544,1727,8,0
1,762166,-162434.5,60.17,-6.91,8/28/22,Beetlejuice,Marquis Theatre,98.84,249,7711,1602,8,0
2,906104.4,-62896.7,93.71,-3.39,8/28/22,The Book of Mormon,Eugene O'Neill Theatre,113.38,0,7992,1066,8,0
3,490696.45,-50151.85,66.69,-6.52,8/28/22,Chicago,Ambassador Theatre,85.16,197,5762,1080,8,0
4,600414.92,-35698.8,81.78,-5.86,8/28/22,Come From Away,Gerald Schoenfeld Theatre,87.74,247,6843,1046,8,0
5,1040947.94,317298.33,100.76,-0.51,8/28/22,Dear Evan Hansen,Music Box Theatre,131.23,297,7932,984,8,0
6,573146.7,-14885.5,70.65,-3.41,8/28/22,Funny Girl,August Wilson Theatre,83.19,0,6890,1219,8,0
7,680892,-15076.75,95.63,-3.16,8/28/22,Hadestown,Walter Kerr Theatre,96.95,0,7023,918,8,0
8,2072969,-125693,94.24,-6.04,8/28/22,Hamilton,Richard Rodgers Theatre,207.67,449,9982,1324,8,0
9,1291528.1,-135176.2,83.97,-5.67,8/28/22,Harry Potter and the Cursed Child,Lyric Theatre,118.53,276.5,10896,1622,8,0
10,1616557.35,-466094.35,93.75,-6.79,8/28/22,Into the Woods,St. James Theatre,126.64,0,12765,1702,8,0
11,287649.25,10844.95,67.58,-3.93,8/28/22,The Kite Runner,Helen Hayes Theater,91.58,197,3141,581,8,0
12,1795793,-184813,97.48,-2.2,8/28/22,The Lion King,Minskoff Theatre,135.78,199,13226,1696,8,0
13,1731912.6,-2161.4,100.14,-0.28,8/28/22,MJ The Musical,Neil Simon Theatre,155.86,250,11112,1387,8,0
14,1149889.1,-15738.1,96.64,-0.88,8/28/22,Moulin Rouge! The Musical,Al Hirschfeld Theatre,114.41,0,10051,1300,8,0
15,862889.2,124746.2,89.29,12.17,8/28/22,Mr. Saturday Night,Nederlander Theatre,116.21,299,7425,1188,7,0
16,2716506.8,0,93.52,0,8/28/22,The Music Man,Winter Garden Theatre,238.08,597,11410,1525,8,0
17,851565.95,-64865.35,72.2,-5.62,8/28/22,The Phantom of the Opera,Majestic Theatre,91.85,247,9271,1605,8,0
18,1038255,-43353,90.52,-2.23,8/28/22,SIX: The Musical,Lena Horne Theatre,139.06,249,7466,1031,8,0
19,578170,-53887.14,81.48,-7.23,8/28/22,A Strange Loop,Lyceum Theatre,97.25,373,5945,912,8,0
20,1353948,-236241,80.87,-6.94,8/28/22,Wicked,Gershwin Theatre,115.82,250,11690,1807,8,0
0,1330755.13,-123681.42,97.68,0.92,8/21/22,Aladdin,New Amsterdam Theatre,98.61,227.5,13495,1727,8,0
1,924600.5,-4610,67.08,2.47,8/21/22,Beetlejuice,Marquis Theatre,107.55,249,8597,1602,8,0
2,969001.1,-29422.05,97.1,-0.82,8/21/22,The Book of Mormon,Eugene O'Neill Theatre,117.01,0,8281,1066,8,0
3,540848.3,22594.75,73.21,2.96,8/21/22,Chicago,Ambassador Theatre,85.51,197,6325,1080,8,0
4,636113.72,68566.62,87.64,7.81,8/21/22,Come From Away,Gerald Schoenfeld Theatre,86.73,247,7334,1046,8,0
5,723649.61,-238137.76,101.27,0.32,8/21/22,Dear Evan Hansen,Music Box Theatre,121.03,247,5979,984,6,0
6,588032.2,-39921.9,74.06,0.37,8/21/22,Funny Girl,August Wilson Theatre,81.42,0,7222,1219,8,0
7,695968.75,-35695.25,98.79,3,8/21/22,Hadestown,Walter Kerr Theatre,95.93,0,7255,918,8,0
8,2198662,4568,100.28,0.3,8/21/22,Hamilton,Richard Rodgers Theatre,206.99,449,10622,1324,8,0
9,1426704.3,-27928.5,89.64,-0.33,8/21/22,Harry Potter and the Cursed Child,Lyric Theatre,122.65,276.5,11632,1622,8,0
10,2082651.7,78641.1,100.54,0.36,8/21/22,Into the Woods,St. James Theatre,152.14,0,13689,1702,8,0
11,276804.3,12874.4,71.51,6.17,8/21/22,The Kite Runner,Helen Hayes Theater,83.27,197,3324,581,8,0
12,1980606,-71530,99.68,1.68,8/21/22,The Lion King,Minskoff Theatre,146.45,199,13524,1696,8,0
13,1734074,-8995,100.42,0.02,8/21/22,MJ The Musical,Neil Simon Theatre,155.62,250,11143,1387,8,0
14,1165627.2,8177.5,97.52,3.87,8/21/22,Moulin Rouge! The Musical,Al Hirschfeld Theatre,114.93,0,10142,1300,8,0
15,738143,33570,77.12,4.57,8/21/22,Mr. Saturday Night,Nederlander Theatre,115.1,299,6413,1188,7,0
16,916431.3,-73661.87,77.82,-5.67,8/21/22,The Phantom of the Opera,Majestic Theatre,91.72,247,9992,1605,8,0
17,1081608,-38526,92.75,-1.18,8/21/22,SIX: The Musical,Lena Horne Theatre,141.39,249,7650,1031,8,0
18,632057.14,-23830.88,88.71,2.39,8/21/22,A Strange Loop,Lyceum Theatre,97.66,373,6472,912,8,0
19,1590189,27559,87.81,3.47,8/21/22,Wicked,Gershwin Theatre,125.27,250,12694,1807,8,0
0,1454436.55,-2498.88,96.76,2.18,8/14/22,Aladdin,New Amsterdam Theatre,108.8,227.5,13368,1727,8,0
1,929210.5,-163292.5,64.61,-8.68,8/14/22,Beetlejuice,Marquis Theatre,112.21,249,8281,1602,8,0
2,998423.15,12291.35,97.92,0.44,8/14/22,The Book of Mormon,Eugene O'Neill Theatre,119.56,0,8351,1066,8,0
3,518253.55,-603.55,70.25,0.03,8/14/22,Chicago,Ambassador Theatre,85.38,197,6070,1080,8,0
4,567547.1,-49389.6,79.83,-5.02,8/14/22,Come From Away,Gerald Schoenfeld Theatre,84.96,247,6680,1046,8,0
5,961787.37,46132.37,100.95,-0.16,8/14/22,Dear Evan Hansen,Music Box Theatre,121.03,247,7947,984,8,0
6,627954.1,45685.1,73.69,-1.89,8/14/22,Funny Girl,August Wilson Theatre,87.39,0,7186,1219,8,0
7,731664,-29796.5,95.79,-0.93,8/14/22,Hadestown,Walter Kerr Theatre,104,0,7035,918,8,0
8,2194094,-24963,99.98,-1.16,8/14/22,Hamilton,Richard Rodgers Theatre,207.19,449,10590,1324,8,0
9,1454632.8,-119286.8,89.97,-3.87,8/14/22,Harry Potter and the Cursed Child,Lyric Theatre,124.6,276.5,11674,1622,8,0
10,2004010.6,70618.6,100.18,1.68,8/14/22,Into the Woods,St. James Theatre,146.91,0,13641,1702,8,0
11,263929.9,-42322.1,65.34,-5.08,8/14/22,The Kite Runner,Helen Hayes Theater,86.9,197,3037,581,8,0
12,2052136,-170616,98,-0.04,8/14/22,The Lion King,Minskoff Theatre,154.33,199,13297,1696,8,0
13,1743069,-3832,100.4,-0.03,8/14/22,MJ The Musical,Neil Simon Theatre,156.47,250,11140,1387,8,0
14,1157449.7,-13359.7,93.65,-2.43,8/14/22,Moulin Rouge! The Musical,Al Hirschfeld Theatre,118.83,0,9740,1300,8,0
15,704573,163211,72.55,6.05,8/14/22,Mr. Saturday Night,Nederlander Theatre,116.79,299,6033,1188,7,0
16,2784927.16,-40238.56,94.39,-0.57,8/14/22,The Music Man,Winter Garden Theatre,241.85,597,11515,1525,8,0
17,990093.17,-18734.42,83.49,-1.01,8/14/22,The Phantom of the Opera,Majestic Theatre,92.36,247,10720,1605,8,0
18,750188.1,170891.6,76.78,12.01,8/14/22,"POTUS: Or, Behind Every Great Dumbass Are Seven Women Trying to Keep Him Alive",Sam S. Shubert Theatre,84.17,248,8913,1451,8,0
19,1120134,-107993,93.93,-5.09,8/14/22,SIX: The Musical,Lena Horne Theatre,144.59,249,7747,1031,8,0
20,655888.02,10056.5,86.32,4.43,8/14/22,A Strange Loop,Lyceum Theatre,104.14,373,6298,912,8,0
21,1334842.4,290247.4,99.62,14.45,8/14/22,Tina: The Tina Turner Musical,Lunt-Fontanne Theatre,113.32,249,11779,1478,8,0
22,1562630,-142988,84.34,-5.93,8/14/22,Wicked,Gershwin Theatre,128.17,260,12192,1807,8,0
0,1456935.43,-88006.01,94.58,-3.11,8/7/22,Aladdin,New Amsterdam Theatre,111.5,227.5,13067,1727,8,0
1,1092503,-32798,73.29,-3.47,8/7/22,Beetlejuice,Marquis Theatre,116.31,249,9393,1602,8,0
2,986131.8,-521.6,97.48,0.93,8/7/22,The Book of Mormon,Eugene O'Neill Theatre,118.63,0,8313,1066,8,0
3,518857.1,-13790.74,70.22,-2.3,8/7/22,Chicago,Ambassador Theatre,85.52,197,6067,1080,8,0
4,616936.7,18875.5,84.85,0.95,8/7/22,Come From Away,Gerald Schoenfeld Theatre,86.89,247,7100,1046,8,0
5,915655,33975.29,101.11,1.12,8/7/22,Dear Evan Hansen,Music Box Theatre,115.05,247,7959,984,8,0
6,582269,-183401.31,75.58,4.38,8/7/22,Funny Girl,August Wilson Theatre,78.99,0,7371,1219,8,0
7,761460.5,1921.75,96.72,-1.7,8/7/22,Hadestown,Walter Kerr Theatre,107.2,0,7103,918,8,0
8,2219057,-27691,101.14,0.48,8/7/22,Hamilton,Richard Rodgers Theatre,207.14,449,10713,1324,8,0
9,1573919.6,-36591.95,93.84,-3.31,8/7/22,Harry Potter and the Cursed Child,Lyric Theatre,129.25,276.5,12177,1622,8,0
10,1933392,-7633.8,98.5,-0.99,8/7/22,Into the Woods,St. James Theatre,144.15,0,13412,1702,8,0
11,306252,-40248.4,70.42,-3.87,8/7/22,The Kite Runner,Helen Hayes Theater,93.57,197,3273,581,8,0
12,2222752,56154,98.04,0.6,8/7/22,The Lion King,Minskoff Theatre,167.1,199,13302,1696,8,0
13,1746901,13906,100.43,0.01,8/7/22,MJ The Musical,Neil Simon Theatre,156.76,250,11144,1387,8,0
14,1170809.4,17466.2,96.08,-1.08,8/7/22,Moulin Rouge! The Musical,Al Hirschfeld Theatre,117.17,0,9992,1300,8,0
15,541362,-45381,66.5,3.32,8/7/22,Mr. Saturday Night,Nederlander Theatre,114.21,299,4740,1188,6,0
16,2825165.72,-115026,94.96,-3.55,8/7/22,The Music Man,Winter Garden Theatre,243.86,597,11585,1525,8,0
17,1008827.59,207.99,84.5,-0.02,8/7/22,The Phantom of the Opera,Majestic Theatre,92.98,247,10850,1605,8,0
18,579296.5,62155.48,64.77,9.69,8/7/22,"POTUS: Or, Behind Every Great Dumbass Are Seven Women Trying to Keep Him Alive",Sam S. Shubert Theatre,77.04,248,7519,1451,8,0
19,1228127,-12035,99.02,-0.81,8/7/22,SIX: The Musical,Lena Horne Theatre,150.38,249,8167,1031,8,0
20,645831.52,-97457.03,81.89,-8.04,8/7/22,A Strange Loop,Lyceum Theatre,108.09,373,5975,912,8,0
21,1044595,101373,85.17,4.6,8/7/22,Tina: The Tina Turner Musical,Lunt-Fontanne Theatre,103.73,249,10070,1478,8,0
22,1705618,-230402,90.27,0.19,8/7/22,Wicked,Gershwin Theatre,130.71,260,13049,1807,8,0
0,1544941.44,57475.62,97.69,0.7,7/31/22,Aladdin,New Amsterdam Theatre,114.47,227.5,13497,1727,8,0
1,1125301,124091.5,76.76,1.43,7/31/22,Beetlejuice,Marquis Theatre,114.39,249,9837,1602,8,0
2,986653.4,3180.45,96.55,-0.87,7/31/22,The Book of Mormon,Eugene O'Neill Theatre,119.83,0,8234,1066,8,0
3,532647.84,-6883.16,72.52,0.32,7/31/22,Chicago,Ambassador Theatre,85.01,197,6266,1080,8,0
4,598061.2,29489.2,83.9,3.64,7/31/22,Come From Away,Gerald Schoenfeld Theatre,85.18,247,7021,1046,8,0
5,1194544.49,179661.34,102.17,2.88,7/31/22,Company,Bernard B. Jacobs Theatre,139.71,327,8550,1046,8,0
6,881679.71,-2498.63,99.99,0.7,7/31/22,Dear Evan Hansen,Music Box Theatre,112.02,248,7871,984,8,0
7,765670.31,-34055.04,71.2,-1.14,7/31/22,Funny Girl,August Wilson Theatre,110.28,0,6943,1219,8,0
8,759538.75,-33884.5,98.42,-0.64,7/31/22,Hadestown,Walter Kerr Theatre,105.08,0,7228,918,8,0
9,2246748,-3809,100.66,0.16,7/31/22,Hamilton,Richard Rodgers Theatre,210.72,449,10662,1324,8,0
10,1610511.55,32210.15,97.15,-0.34,7/31/22,Harry Potter and the Cursed Child,Lyric Theatre,127.76,276.5,12606,1622,8,0
11,1941025.8,50410.45,99.49,1.79,7/31/22,Into the Woods,St. James Theatre,143.28,0,13547,1702,8,0
12,346500.4,68879.65,74.29,-13.06,7/31/22,The Kite Runner,Helen Hayes Theater,100.35,197,3453,581,8,0
13,2166598,-268067,97.44,-0.57,7/31/22,The Lion King,Minskoff Theatre,163.88,199,13221,1696,8,0
14,1732995,207183,100.42,0.02,7/31/22,MJ The Musical,Neil Simon Theatre,155.52,250,11143,1387,8,0
15,1153343.2,-81545.95,97.16,-0.23,7/31/22,Moulin Rouge! The Musical,Al Hirschfeld Theatre,114.14,0,10105,1300,8,0
16,586743,-80559.5,63.18,-1.3,7/31/22,Mr. Saturday Night,Nederlander Theatre,111.68,299,5254,1188,7,0
17,2940191.72,-76508.28,98.51,-1.09,7/31/22,The Music Man,Winter Garden Theatre,244.65,597,12018,1525,8,0
18,1008619.6,-3811.55,84.52,1.36,7/31/22,The Phantom of the Opera,Majestic Theatre,92.93,247,10853,1605,8,0
19,517141.02,-7180.36,55.08,0.31,7/31/22,"POTUS: Or, Behind Every Great Dumbass Are Seven Women Trying to Keep Him Alive",Sam S. Shubert Theatre,80.88,248,6394,1451,8,0
20,1240162,-9361,99.83,1.16,7/31/22,SIX: The Musical,Lena Horne Theatre,150.61,249,8234,1031,8,0
21,743288.55,-4945.95,89.93,0.84,7/31/22,A Strange Loop,Lyceum Theatre,113.29,373,6561,912,8,0
22,943222,33407,80.57,4.79,7/31/22,Tina: The Tina Turner Musical,Lunt-Fontanne Theatre,99.01,249,9527,1478,8,0
23,1936020,89536,90.08,-5.85,7/31/22,Wicked,Gershwin Theatre,132.16,260,14649,1807,9,0
0,1487465.82,-12843.49,96.99,4.47,7/24/22,Aladdin,New Amsterdam Theatre,111,227.5,13400,1727,8,0
1,1001209.5,-114257.5,75.33,1.73,7/24/22,Beetlejuice,Marquis Theatre,118.53,249,8447,1602,7,0
2,983472.95,30852.8,97.42,3.49,7/24/22,The Book of Mormon,Eugene O'Neill Theatre,118.38,0,8308,1066,8,0
3,539531,25190,72.2,5.06,7/24/22,Chicago,Ambassador Theatre,86.49,197,6238,1080,8,0
4,568572,27592.6,80.26,3.86,7/24/22,Come From Away,Gerald Schoenfeld Theatre,84.66,247,6716,1046,8,0
5,1014883.15,110281.3,99.29,4.86,7/24/22,Company,Bernard B. Jacobs Theatre,122.14,327,8309,1046,8,0
6,884178.34,265918.69,99.29,13.14,7/24/22,Dear Evan Hansen,Music Box Theatre,113.12,248,7816,984,8,0
7,799725.35,14620.6,72.34,-0.57,7/24/22,Funny Girl,August Wilson Theatre,113.36,0,7055,1219,8,0
8,793423.25,-11071.25,99.06,1.63,7/24/22,Hadestown,Walter Kerr Theatre,109.06,0,7275,918,8,0
9,2250557,-4786,100.5,-0.12,7/24/22,Hamilton,Richard Rodgers Theatre,211.42,449,10645,1324,8,0
10,1578301.4,861.6,97.49,0.72,7/24/22,Harry Potter and the Cursed Child,Lyric Theatre,124.77,276.5,12650,1622,8,0
11,1890615.35,60674.85,97.7,-1.76,7/24/22,Into the Woods,St. James Theatre,142.12,0,13303,1702,8,0
12,277620.75,-53890.1,87.35,-1.83,7/24/22,The Kite Runner,Helen Hayes Theater,68.38,197,4060,581,5,3
13,2434665,304128,98.01,0.85,7/24/22,The Lion King,Minskoff Theatre,162.74,199,14960,1696,9,0
14,291867,63359,81.62,16.79,7/24/22,The Minutes,Studio 54,76.59,195,3811,667,7,0
15,1525812,46313,100.4,0.06,7/24/22,MJ The Musical,Neil Simon Theatre,156.53,250,9748,1387,7,0
16,1234889.15,57497.55,97.39,0.34,7/24/22,Moulin Rouge! The Musical,Al Hirschfeld Theatre,121.92,0,10129,1300,8,0
17,667302.5,43768,64.48,3.75,7/24/22,Mr. Saturday Night,Nederlander Theatre,124.45,299,5362,1188,7,0
18,3016700,-46032.8,99.6,0,7/24/22,The Music Man,Winter Garden Theatre,248.27,597,12151,1525,8,0
19,1012431.15,86666.1,83.16,5.47,7/24/22,The Phantom of the Opera,Majestic Theatre,94.81,247,10678,1605,8,0
20,524321.38,57374.38,54.77,5.29,7/24/22,"POTUS: Or, Behind Every Great Dumbass Are Seven Women Trying to Keep Him Alive",Sam S. Shubert Theatre,82.47,248,6358,1451,8,0
21,1249523,7269,98.67,-0.43,7/24/22,SIX: The Musical,Lena Horne Theatre,153.54,249,8138,1031,8,0
22,748234.5,-56029.5,89.09,-2.06,7/24/22,A Strange Loop,Lyceum Theatre,115.11,373,6500,912,8,0
23,909815,79863.5,75.78,6.19,7/24/22,Tina: The Tina Turner Musical,Lunt-Fontanne Theatre,101.54,249,8960,1478,8,0
24,1846484,79052,95.93,3.38,7/24/22,Wicked,Gershwin Theatre,133.16,260,13867,1807,8,0
0,1500309.31,101406.54,92.52,-4.54,7/17/22,Aladdin,New Amsterdam Theatre,104.33,227.5,14381,1727,9,0
1,1115467,59004.5,73.6,2.95,7/17/22,Beetlejuice,Marquis Theatre,118.26,249,9432,1602,8,0
2,952620.15,-19816.5,93.93,-3.08,7/17/22,The Book of Mormon,Eugene O'Neill Theatre,118.93,0,8010,1066,8,0
3,514341,64047,67.14,7.98,7/17/22,Chicago,Ambassador Theatre,88.66,197,5801,1080,8,0
4,540979.4,69330.62,76.4,7.67,7/17/22,Come From Away,Gerald Schoenfeld Theatre,84.62,247,6393,1046,8,0
5,904601.85,145227.85,94.43,9.5,7/17/22,Company,Bernard B. Jacobs Theatre,114.48,327,7902,1046,8,0
6,618259.65,54944.55,86.15,4.56,7/17/22,Dear Evan Hansen,Music Box Theatre,91.16,248,6782,984,8,0
7,785104.75,76242.75,72.91,7.45,7/17/22,Funny Girl,August Wilson Theatre,110.42,0,7110,1219,8,0
8,804494.5,66660.5,97.43,2.4,7/17/22,Hadestown,Walter Kerr Theatre,112.44,0,7155,918,8,0
9,2255343,30790,100.62,1.14,7/17/22,Hamilton,Richard Rodgers Theatre,211.61,449,10658,1324,8,0
10,1577439.8,65181.95,96.77,1.23,7/17/22,Harry Potter and the Cursed Child,Lyric Theatre,125.62,276.5,12557,1622,8,0
11,1829940.5,381637.3,99.46,5.42,7/17/22,Into the Woods,St. James Theatre,135.12,0,13543,1702,8,0
12,331510.85,64899.25,89.18,6.68,7/17/22,The Kite Runner,Helen Hayes Theater,79.98,197,4145,581,0,8
13,2130537,-227917,97.16,-0.27,7/17/22,The Lion King,Minskoff Theatre,161.61,199,13183,1696,8,0
14,228508,30713,64.83,8.82,7/17/22,The Minutes,Studio 54,75.49,195,3027,667,7,0
15,1479499,-225177,100.34,0.65,7/17/22,MJ The Musical,Neil Simon Theatre,151.87,250,9742,1387,7,0
16,1177391.6,104008.5,97.05,2.63,7/17/22,Moulin Rouge! The Musical,Al Hirschfeld Theatre,116.65,0,10093,1300,8,0
17,623534.5,80839,60.73,-0.65,7/17/22,Mr. Saturday Night,Nederlander Theatre,123.47,299,5050,1188,7,0
18,3062732.8,100133.55,99.6,3.73,7/17/22,The Music Man,Winter Garden Theatre,252.06,597,12151,1525,8,0
19,520749.6,253823.3,73.13,25.05,7/17/22,Paradise Square,Ethel Barrymore Theatre,90.64,348,5745,982,8,0
20,925765.05,57296.85,77.69,3.38,7/17/22,The Phantom of the Opera,Majestic Theatre,92.8,247,9976,1605,8,0
21,466947,75173.87,49.48,5.93,7/17/22,"POTUS: Or, Behind Every Great Dumbass Are Seven Women Trying to Keep Him Alive",Sam S. Shubert Theatre,81.29,248,5744,1451,8,0
22,1242254,54205,99.1,4.34,7/17/22,SIX: The Musical,Lena Horne Theatre,151.98,249,8174,1031,8,0
23,804264,23771.6,91.15,1.74,7/17/22,A Strange Loop,Lyceum Theatre,120.94,373,6650,912,8,0
24,829951.5,91448.5,69.59,7.35,7/17/22,Tina: The Tina Turner Musical,Lunt-Fontanne Theatre,100.87,249,8228,1478,8,0
25,1767432,171952,92.55,7.6,7/17/22,Wicked,Gershwin Theatre,132.1,260,13379,1807,8,0
0,1398902.77,19773.72,97.06,-0.91,7/10/22,Aladdin,New Amsterdam Theatre,104.32,227.5,13410,1727,8,0
1,556976.15,132592.15,87.42,8.86,7/10/22,American Buffalo,Circle in the Square Theatre,106.05,299.5,5252,751,8,0
2,1056462.5,-18078.5,70.65,-2.6,7/10/22,Beetlejuice,Marquis Theatre,116.67,249,9055,1602,8,0
3,972436.65,2547,97.01,0.04,7/10/22,The Book of Mormon,Eugene O'Neill Theatre,117.54,0,8273,1066,8,0
4,450294,-86140.28,59.16,-10.99,7/10/22,Chicago,Ambassador Theatre,88.1,197,5111,1080,8,0
5,471648.78,-24493.7,68.73,-8.71,7/10/22,Come From Away,Gerald Schoenfeld Theatre,82.01,247,5751,1046,8,0
6,759374,921.94,84.93,0.09,7/10/22,Company,Bernard B. Jacobs Theatre,106.85,327,7107,1046,8,0
7,563315.1,-55898.9,81.59,-8.54,7/10/22,Dear Evan Hansen,Music Box Theatre,87.7,248,6423,984,8,0
8,708862,-34350.8,65.46,-9.38,7/10/22,Funny Girl,August Wilson Theatre,111.04,0,6384,1219,8,0
9,737834,-63399.25,95.03,-3.12,7/10/22,Hadestown,Walter Kerr Theatre,105.72,0,6979,918,8,0
10,2224553,71712,99.48,-1.12,7/10/22,Hamilton,Richard Rodgers Theatre,211.12,449,10537,1324,8,0
11,1512257.85,18552.75,95.54,-3.99,7/10/22,Harry Potter and the Cursed Child,Lyric Theatre,121.99,276.5,12397,1622,8,0
12,1448303.2,67542.95,94.04,-0.37,7/10/22,Into the Woods,St. James Theatre,113.1,0,12805,1702,1,7
13,266611.6,0,82.5,0,7/10/22,The Kite Runner,Helen Hayes Theater,92.7,197,2876,581,0,6
14,2358454,196038,97.43,-1.56,7/10/22,The Lion King,Minskoff Theatre,158.58,199,14872,1696,9,0
15,882381.7,154210.38,98.4,2.93,7/10/22,Macbeth,Longacre Theatre,121.89,497,7239,1051,7,0
16,197795,4145,56.01,-2.01,7/10/22,The Minutes,Studio 54,75.64,195,2615,667,7,0
17,1704676,-8990,99.69,-0.41,7/10/22,MJ The Musical,Neil Simon Theatre,154.1,250,11062,1387,8,0
18,1073383.1,-33307.55,94.42,-0.55,7/10/22,Moulin Rouge! The Musical,Al Hirschfeld Theatre,109.31,0,9820,1300,8,0
19,542695.5,-142270.5,61.38,-12.96,7/10/22,Mr. Saturday Night,Nederlander Theatre,124.04,299,4375,1188,6,0
20,2962599.25,-104947.99,95.87,-2.05,7/10/22,The Music Man,Winter Garden Theatre,253.3,597,11696,1525,8,0
21,266926.3,-33582.1,48.08,-6.39,7/10/22,Paradise Square,Ethel Barrymore Theatre,70.67,297,3777,982,8,0
22,868468.2,-169491.45,74.31,-11.27,7/10/22,The Phantom of the Opera,Majestic Theatre,91.02,247,9541,1605,8,0
23,1430342,384491.1,100,0.05,7/10/22,Plaza Suite,Hudson Theatre,183.38,549,7800,975,8,0
24,391773.13,-15152.75,43.55,-4.15,7/10/22,"POTUS: Or, Behind Every Great Dumbass Are Seven Women Trying to Keep Him Alive",Sam S. Shubert Theatre,77.5,248,5055,1451,8,0
25,1188049,-63268,94.76,-3.45,7/10/22,SIX: The Musical,Lena Horne Theatre,152,249,7816,1031,8,0
26,780492.4,-73914.56,89.41,-9.73,7/10/22,A Strange Loop,Lyceum Theatre,119.65,373,6523,912,8,0
27,738503,22438,62.24,-3.51,7/10/22,Tina: The Tina Turner Musical,Lunt-Fontanne Theatre,100.35,249,7359,1478,8,0
28,1595480,-230546,84.95,-11.37,7/10/22,Wicked,Gershwin Theatre,129.93,260,12280,1807,8,0
0,1379129.05,23798.73,97.97,-0.26,7/3/22,Aladdin,New Amsterdam Theatre,101.89,199.5,13536,1727,8,0
1,424384,-18261.94,78.56,5.19,7/3/22,American Buffalo,Circle in the Square Theatre,89.91,299.5,4720,751,8,0
2,1074541,-157310.5,73.25,-8.11,7/3/22,Beetlejuice,Marquis Theatre,114.46,249,9388,1602,8,0
3,969889.65,-78891.05,96.97,-1.08,7/3/22,The Book of Mormon,Eugene O'Neill Theatre,117.28,0,8270,1066,8,0
4,536434.28,11477.63,70.15,2.28,7/3/22,Chicago,Ambassador Theatre,88.51,197,6061,1080,8,0
5,496142.48,-49120.66,77.44,-6.01,7/3/22,Come From Away,Gerald Schoenfeld Theatre,76.57,247,6480,1046,8,0
6,758452.06,-65234.13,84.84,-0.87,7/3/22,Company,Bernard B. Jacobs Theatre,106.84,327,7099,1046,8,0
7,619214,-16847.05,90.13,4.85,7/3/22,Dear Evan Hansen,Music Box Theatre,87.27,248,7095,984,8,0
8,743212.8,-328405.13,74.84,-10.55,7/3/22,Funny Girl,August Wilson Theatre,101.84,0,7298,1219,8,0
9,801233.25,-65802.75,98.15,-1.06,7/3/22,Hadestown,Walter Kerr Theatre,111.16,0,7208,918,8,0
10,2152841,-121091,100.6,0.7,7/3/22,Hamilton,Richard Rodgers Theatre,202.03,449,10656,1324,8,0
11,1493705.1,-79196.25,99.53,3.25,7/3/22,Harry Potter and the Cursed Child,Lyric Theatre,115.66,276.5,12915,1622,8,0
12,1380760.25,0,94.41,0,7/3/22,Into the Woods,St. James Theatre,122.68,0,11255,1703,0,7
13,2162416,45180,98.99,-0.69,7/3/22,The Lion King,Minskoff Theatre,161,199,13431,1696,8,0
14,728171.32,-68665.18,95.47,7.96,7/3/22,Macbeth,Longacre Theatre,90.72,473,8027,1051,8,0
15,193650,-57521,58.02,-1.93,7/3/22,The Minutes,Studio 54,71.48,195,2709,667,7,0
16,1713666,31995,100.1,-0.29,7/3/22,MJ The Musical,Neil Simon Theatre,154.29,250,11107,1387,8,0
17,1106690.65,-101666.1,94.97,-3.56,7/3/22,Moulin Rouge! The Musical,Al Hirschfeld Theatre,112.05,0,9877,1300,8,0
18,684966,-135724.5,74.34,2.77,7/3/22,Mr. Saturday Night,Nederlander Theatre,110.8,299,6182,1188,7,0
19,3067547.24,-166470.68,97.92,-0.36,7/3/22,The Music Man,Winter Garden Theatre,256.78,597,11946,1525,8,0
20,300508.4,-63155.4,54.47,-3.47,7/3/22,Paradise Square,Ethel Barrymore Theatre,70.23,297,4279,982,8,0
21,1037959.65,79888.84,85.58,6.31,7/3/22,The Phantom of the Opera,Majestic Theatre,94.45,247,10989,1605,8,0
22,1045850.9,-551884.1,99.95,0.24,7/3/22,Plaza Suite,Hudson Theatre,178.87,549,5847,975,6,0
23,406925.88,-87255.62,47.7,-2.84,7/3/22,"POTUS: Or, Behind Every Great Dumbass Are Seven Women Trying to Keep Him Alive",Sam S. Shubert Theatre,73.49,248,5537,1451,8,0
24,1251317,51009,98.21,-2.14,7/3/22,SIX: The Musical,Lena Horne Theatre,154.48,249,8100,1031,8,0
25,854406.96,-6089.04,99.14,-0.44,7/3/22,A Strange Loop,Lyceum Theatre,118.13,397,7233,912,8,0
26,716065,-126908,65.75,-3.42,7/3/22,Tina: The Tina Turner Musical,Lunt-Fontanne Theatre,92.11,249,7774,1478,8,0
27,1826026,-142130,96.32,-2.14,7/3/22,Wicked,Gershwin Theatre,131.14,260,13924,1807,8,0
0,1355330.32,107980.37,98.23,3.34,6/26/22,Aladdin,New Amsterdam Theatre,99.86,199.5,13572,1727,8,0
1,442645.94,-26174.76,73.37,-1.75,6/26/22,American Buffalo,Circle in the Square Theatre,100.42,299.5,4408,751,8,0
2,1231851.5,34265,81.36,1.82,6/26/22,Beetlejuice,Marquis Theatre,118.14,249,10427,1602,8,0
3,1048780.7,140164.5,98.05,9.94,6/26/22,The Book of Mormon,Eugene O'Neill Theatre,125.42,0,8362,1066,8,0
4,524956.65,-83371.36,67.87,-9.63,6/26/22,Chicago,Ambassador Theatre,89.52,197,5864,1080,8,0
5,545263.14,-6769.36,83.45,5.55,6/26/22,Come From Away,Gerald Schoenfeld Theatre,89.24,247,6110,1046,7,0
6,823686.19,96507.7,85.71,8.63,6/26/22,Company,Bernard B. Jacobs Theatre,114.85,327,7172,1046,8,0
7,636061.05,35578.9,85.28,0.31,6/26/22,Dear Evan Hansen,Music Box Theatre,94.75,248,6713,984,8,0
8,1071617.93,-59871.92,85.39,0.37,6/26/22,Funny Girl,August Wilson Theatre,128.69,0,8327,1219,8,0
9,867036,-17570.5,99.21,-0.4,6/26/22,Hadestown,Walter Kerr Theatre,119,0,7286,918,8,0
10,2273932,43499,99.9,1.28,6/26/22,Hamilton,Richard Rodgers Theatre,214.91,449,10581,1324,8,0
11,1572901.35,50053.8,96.28,1.81,6/26/22,Harry Potter and the Cursed Child,Lyric Theatre,125.9,276.5,12493,1622,8,0
12,2117236,170091,99.68,1.34,6/26/22,The Lion King,Minskoff Theatre,156.55,199,13524,1696,8,0
13,796836.5,-126629.4,87.51,4.15,6/26/22,Macbeth,Longacre Theatre,123.77,497,6438,1051,7,0
14,251171,-20964,59.95,1.52,6/26/22,The Minutes,Studio 54,89.74,195,2799,667,7,0
15,1681671,20693,100.39,0.62,6/26/22,MJ The Musical,Neil Simon Theatre,150.97,250,11139,1387,8,0
16,1208356.75,-65815.35,98.53,-0.02,6/26/22,Moulin Rouge! The Musical,Al Hirschfeld Theatre,117.92,0,10247,1300,8,0
17,820690.5,87881,71.57,-3.64,6/26/22,Mr. Saturday Night,Nederlander Theatre,137.88,299,5952,1188,7,0
18,3234017.92,1453967.44,98.28,27.48,6/26/22,The Music Man,Winter Garden Theatre,269.73,597,11990,1525,8,0
19,363663.8,-24006.1,57.94,-6.52,6/26/22,Paradise Square,Ethel Barrymore Theatre,79.89,297,4552,982,8,0
20,958070.81,-28309.23,79.27,-2.05,6/26/22,The Phantom of the Opera,Majestic Theatre,94.13,247,10178,1605,8,0
21,1597735,1427.9,99.71,-0.15,6/26/22,Plaza Suite,Hudson Theatre,205.44,549,7777,975,8,0
22,494181.5,-3250,50.54,0.45,6/26/22,"POTUS: Or, Behind Every Great Dumbass Are Seven Women Trying to Keep Him Alive",Sam S. Shubert Theatre,84.23,248,5867,1451,8,0
23,1200308,28373,100.35,0.83,6/26/22,SIX: The Musical,Lena Horne Theatre,165.74,249,7242,1031,7,0
24,860496,15182.56,99.58,-0.3,6/26/22,A Strange Loop,Lyceum Theatre,118.44,397,7265,912,8,0
25,842973,71432.5,69.17,8.77,6/26/22,Tina: The Tina Turner Musical,Lunt-Fontanne Theatre,103.07,249,8179,1478,8,0
26,1968156,73157,98.46,1.14,6/26/22,Wicked,Gershwin Theatre,133.87,260,14702,1867,8,0
0,1247349.95,-25655.7,94.89,-0.35,6/19/22,Aladdin,New Amsterdam Theatre,95.14,199.5,13110,1727,8,0
1,468820.7,8778.74,75.12,0.59,6/19/22,American Buffalo,Circle in the Square Theatre,103.88,299.5,4513,751,8,0
2,1197586.5,36999,79.54,2.53,6/19/22,Beetlejuice,Marquis Theatre,117.48,249,10194,1602,8,0
3,908616.2,-94747.3,88.11,-6.4,6/19/22,The Book of Mormon,Eugene O'Neill Theatre,120.92,0,7514,1066,8,0
4,608328.01,59408.62,77.5,6.26,6/19/22,Chicago,Ambassador Theatre,90.85,197,6696,1080,8,0
5,552032.5,-40731,77.9,1.12,6/19/22,Come From Away,Gerald Schoenfeld Theatre,84.68,247,6519,1046,8,0
6,727178.49,86881.46,77.08,3.05,6/19/22,Company,Bernard B. Jacobs Theatre,112.74,327,6450,1046,8,0
7,600482.15,13215.35,84.97,6.3,6/19/22,Dear Evan Hansen,Music Box Theatre,89.77,248,6689,984,8,0
8,1131489.85,14794.6,85.02,-0.9,6/19/22,Funny Girl,August Wilson Theatre,136.47,0,8291,1219,8,0
9,342227.54,67494.04,72.51,8.39,6/19/22,Girl From the North Country,Belasco Theatre,73.93,197,4629,798,8,0
10,884606.5,6313.75,99.61,0.99,6/19/22,Hadestown,Walter Kerr Theatre,120.93,0,7315,918,8,0
11,2230433,39768,98.62,1.93,6/19/22,Hamilton,Richard Rodgers Theatre,213.52,449,10446,1324,8,0
12,358976,65484.64,58.98,9.17,6/19/22,Hangmen,John Golden Theatre,94.87,223,3784,802,8,0
13,1522847.55,41630.15,94.47,1.97,6/19/22,Harry Potter and the Cursed Child,Lyric Theatre,124.23,276.5,12258,1622,8,0
14,1947145,-3927,98.34,-0.23,6/19/22,The Lion King,Minskoff Theatre,145.93,199,13343,1696,8,0
15,923465.9,14121.9,83.36,-2.76,6/19/22,Macbeth,Longacre Theatre,131.75,497,7009,1051,8,0
16,272135,-8667,58.43,-1.13,6/19/22,The Minutes,Studio 54,87.28,195,3118,667,8,0
17,1660978,216921.4,99.77,3.65,6/19/22,MJ The Musical,Neil Simon Theatre,150.04,250,11070,1387,8,0
18,1274172.1,38898.4,98.55,1.33,6/19/22,Moulin Rouge! The Musical,Al Hirschfeld Theatre,124.32,0,10249,1300,8,0
19,732809.5,-115220.5,75.21,-2.57,6/19/22,Mr. Saturday Night,Nederlander Theatre,136.69,299,5361,1188,6,0
20,1780050.48,-1631334.48,70.8,-29.75,6/19/22,The Music Man,Winter Garden Theatre,206.1,597,8637,1525,8,0
21,387669.9,124523.4,64.46,4.35,6/19/22,Paradise Square,Ethel Barrymore Theatre,76.55,297,5064,982,8,0
22,986380.04,20730.34,81.32,0.61,6/19/22,The Phantom of the Opera,Majestic Theatre,94.46,247,10442,1605,8,0
23,1596307.1,-112079.5,99.86,0.08,6/19/22,Plaza Suite,Hudson Theatre,204.94,549,7789,975,8,0
24,497431.5,18459.75,50.09,-0.73,6/19/22,"POTUS: Or, Behind Every Great Dumbass Are Seven Women Trying to Keep Him Alive",Sam S. Shubert Theatre,85.56,248,5814,1451,8,0
25,1171935,55371,99.52,0.38,6/19/22,SIX: The Musical,Lena Horne Theatre,163.18,249,7182,1031,7,0
26,845313.44,168997.94,99.88,1.99,6/19/22,A Strange Loop,Lyceum Theatre,116,373,7287,912,8,0
27,771540.5,-160263.5,60.4,-6.05,6/19/22,Tina: The Tina Turner Musical,Lunt-Fontanne Theatre,108.03,249,7142,1478,8,0
28,1894999,33903,97.32,-1.41,6/19/22,Wicked,Gershwin Theatre,130.4,260,14532,1867,8,0
0,1273005.65,84366.48,95.24,-0.35,6/12/22,Aladdin,New Amsterdam Theatre,96.74,199.5,13159,1727,8,0
1,460041.96,26493.16,74.53,1.08,6/12/22,American Buffalo,Circle in the Square Theatre,102.73,299.5,4478,751,8,0
2,1160587.5,141086,77.01,7.61,6/12/22,Beetlejuice,Marquis Theatre,117.59,249,9870,1602,8,0
3,1003363.5,55519.6,94.51,3.54,6/12/22,The Book of Mormon,Eugene O'Neill Theatre,124.49,0,8060,1066,8,0
4,548919.39,-214533.1,71.24,-19.01,6/12/22,Chicago,Ambassador Theatre,89.18,197,6155,1080,8,0
5,592763.5,131004,76.78,13.13,6/12/22,Come From Away,Gerald Schoenfeld Theatre,92.26,247,6425,1046,8,0
6,640297.03,57317.88,74.03,8.47,6/12/22,Company,Bernard B. Jacobs Theatre,103.36,327,6195,1046,8,0
7,587266.8,78811.85,78.67,9.15,6/12/22,Dear Evan Hansen,Music Box Theatre,94.83,248,6193,984,8,0
8,1116695.25,-61331.5,85.92,-1.8,6/12/22,Funny Girl,August Wilson Theatre,133.27,0,8379,1219,8,0
9,274733.5,-33400.74,64.12,8.61,6/12/22,Girl From the North Country,Belasco Theatre,76.7,197,3582,798,7,0
10,878292.75,31353.9,98.62,1.32,6/12/22,Hadestown,Walter Kerr Theatre,121.26,0,7243,918,8,0
11,2190665,-1053,96.69,-3.3,6/12/22,Hamilton,Richard Rodgers Theatre,213.91,449,10241,1324,8,0
12,293491.36,36292.8,49.81,6.23,6/12/22,Hangmen,John Golden Theatre,91.83,223,3196,802,8,0
13,1481217.4,150025.1,92.5,4.78,6/12/22,Harry Potter and the Cursed Child,Lyric Theatre,123.4,276.5,12003,1622,8,0
14,288289,127741,90.92,15.84,6/12/22,How I Learned to Drive,Samuel J. Friedman Theatre,71.11,299,4054,637,7,0
15,1951072,86488,98.57,2.39,6/12/22,The Lion King,Minskoff Theatre,145.89,199,13374,1696,8,0
16,909344,-85926.2,86.12,6.79,6/12/22,Macbeth,Longacre Theatre,143.52,497,6336,1051,7,0
17,280802,8304,59.56,1.13,6/12/22,The Minutes,Studio 54,88.36,195,3178,667,8,0
18,1444056.6,41159.2,96.12,1.41,6/12/22,MJ The Musical,Neil Simon Theatre,135.39,250,10666,1387,8,0
19,1235273.7,38554.9,97.22,5.08,6/12/22,Moulin Rouge! The Musical,Al Hirschfeld Theatre,122.17,0,10111,1300,8,0
20,848030,0,77.78,0,6/12/22,Mr. Saturday Night,Nederlander Theatre,131.11,299,6468,1188,7,0
21,3411384.96,137099.32,100.55,0.62,6/12/22,The Music Man,Winter Garden Theatre,278.09,597,12267,1525,8,0
22,263146.5,33809.8,60.11,1.57,6/12/22,Paradise Square,Ethel Barrymore Theatre,55.73,248,4722,982,8,0
23,965649.7,84994.86,80.71,8.81,6/12/22,The Phantom of the Opera,Majestic Theatre,93.18,247,10363,1605,8,0
24,1708386.6,131487.05,99.78,1.23,6/12/22,Plaza Suite,Hudson Theatre,219.5,549,7783,975,8,0
25,478971.75,48071.75,50.82,2.72,6/12/22,"POTUS: Or, Behind Every Great Dumbass Are Seven Women Trying to Keep Him Alive",Sam S. Shubert Theatre,81.2,248,5899,1451,8,0
26,1116564,-50634,99.14,6.1,6/12/22,SIX: The Musical,Lena Horne Theatre,156.05,249,7155,1031,7,0
27,676315.5,-9456.63,97.89,8.53,6/12/22,A Strange Loop,Lyceum Theatre,108.23,347,6249,912,7,0
28,717419.65,59209.5,99.61,0.94,6/12/22,Take Me Out,Helen Hayes Theater,154.95,299,4630,581,8,0
29,931804,183873.5,66.45,12.79,6/12/22,Tina: The Tina Turner Musical,Lunt-Fontanne Theatre,118.6,249,7857,1478,8,0
30,1861096,169502,98.73,5.51,6/12/22,Wicked,Gershwin Theatre,130.39,260,14273,1807,8,0
0,1188639.17,347462.64,95.59,-1.6,6/5/22,Aladdin,New Amsterdam Theatre,90,199.5,13207,1727,8,0
1,433548.8,-62654.52,73.45,-8.04,6/5/22,American Buffalo,Circle in the Square Theatre,98.24,299.5,4413,751,8,0
2,1019501.5,-48427.5,69.4,-2.18,6/5/22,Beetlejuice,Marquis Theatre,114.63,249,8894,1602,8,0
3,947843.9,-105309.15,90.97,-5.71,6/5/22,The Book of Mormon,Eugene O'Neill Theatre,122.18,0,7758,1066,8,0
4,763452.49,-9230.17,90.25,-1.38,6/5/22,Chicago,Ambassador Theatre,97.9,207,7798,1080,8,0
5,461759.5,2104,63.65,0.49,6/5/22,Come From Away,Gerald Schoenfeld Theatre,86.7,247,5326,1046,8,0
6,582979.15,-101530.45,65.56,-9.26,6/5/22,Company,Bernard B. Jacobs Theatre,106.27,327,5486,1046,8,0
7,508454.95,-79916.34,69.52,-9.61,6/5/22,Dear Evan Hansen,Music Box Theatre,92.9,248,5473,984,8,0
8,300666.34,74359.64,70.41,18.18,6/5/22,for colored girls who have considered suicide/when the rainbow is enuf,Booth Theatre,69.06,223,4354,773,8,0
9,1178026.75,-83587.8,87.72,-7.18,6/5/22,Funny Girl,August Wilson Theatre,137.72,0,8554,1219,8,0
10,308134.24,776.24,55.51,-2.29,6/5/22,Girl From the North Country,Belasco Theatre,86.95,197,3544,798,8,0
11,846938.85,-323930.65,97.3,-3.11,6/5/22,Hadestown,Walter Kerr Theatre,118.52,0,7146,918,8,0
12,2191718,-131271,99.99,1.49,6/5/22,Hamilton,Richard Rodgers Theatre,206.94,449,10591,1324,8,0
13,257198.56,-30252.44,43.58,-2.66,6/5/22,Hangmen,John Golden Theatre,91.99,223,2796,802,8,0
14,1331192.3,-255372.8,87.72,-9,6/5/22,Harry Potter and the Cursed Child,Lyric Theatre,116.96,276.5,11382,1622,8,0
15,160548,-210625,75.08,-9.34,6/5/22,How I Learned to Drive,Samuel J. Friedman Theatre,47.95,299,3348,637,7,0
16,1864584,-135700,96.18,-3.15,6/5/22,The Lion King,Minskoff Theatre,142.88,199,13050,1696,8,0
17,995270.2,-121308.2,79.33,-14.87,6/5/22,Macbeth,Longacre Theatre,149.22,497,6670,1051,8,0
18,272498,-49675,58.43,-9.82,6/5/22,The Minutes,Studio 54,87.4,195,3118,667,8,0
19,1402897.4,-57292.9,94.71,0.91,6/5/22,MJ The Musical,Neil Simon Theatre,133.49,250,10509,1387,8,0
20,1196718.8,-113438.05,92.14,-0.96,6/5/22,Moulin Rouge! The Musical,Al Hirschfeld Theatre,124.88,0,9583,1300,8,0
21,3274285.64,-13008.24,99.93,-0.41,6/5/22,The Music Man,Winter Garden Theatre,268.58,597,12191,1525,8,0
22,229336.7,-31919,58.54,-2.56,6/5/22,Paradise Square,Ethel Barrymore Theatre,49.87,248,4599,982,8,0
23,880654.84,-95449.59,71.9,-6.36,6/5/22,The Phantom of the Opera,Majestic Theatre,95.39,247,9232,1605,8,0
24,1576899.55,-67156.3,98.55,-0.53,6/5/22,Plaza Suite,Hudson Theatre,205.14,549,7687,975,8,0
25,430900,-14841,48.1,-3.67,6/5/22,"POTUS: Or, Behind Every Great Dumbass Are Seven Women Trying to Keep Him Alive",Sam S. Shubert Theatre,77.17,248,5584,1451,8,0
26,1167198,-116646,93.04,-5.53,6/5/22,SIX: The Musical,Lena Horne Theatre,152.1,249,7674,1031,8,0
27,685772.13,-34781.21,89.36,-3.22,6/5/22,A Strange Loop,Lyceum Theatre,105.18,347,6520,912,8,0
28,658210.15,66651.3,98.67,0.74,6/5/22,Take Me Out,Helen Hayes Theater,143.53,299,4586,581,8,0
29,747930.5,-161075,53.66,-11.94,6/5/22,Tina: The Tina Turner Musical,Lunt-Fontanne Theatre,117.88,249,6345,1478,8,0
30,1691594,-88613,93.22,-1.29,6/5/22,Wicked,Gershwin Theatre,125.53,260,13476,1807,8,0
0,841176.53,-239200.26,97.19,2.92,5/29/22,Aladdin,New Amsterdam Theatre,100.24,199.5,8392,1727,5,0
1,496203.32,-59062.08,81.49,1.08,5/29/22,American Buffalo,Circle in the Square Theatre,101.35,299.5,4896,751,8,0
2,1067929,164598.5,71.58,8.24,5/29/22,Beetlejuice,Marquis Theatre,116.41,249,9174,1602,8,0
3,328372,57735,81.1,15.14,5/29/22,Birthday Candles,American Airlines Theatre,69.61,197,4717,727,8,0
4,1053153.05,32004.6,96.68,1.93,5/29/22,The Book of Mormon,Eugene O'Neill Theatre,127.73,0,8245,1066,8,0
5,772682.66,53882.87,91.63,5.17,5/29/22,Chicago,Ambassador Theatre,97.6,207,7917,1080,8,0
6,459655.5,-20814.48,63.16,2.57,5/29/22,Come From Away,Gerald Schoenfeld Theatre,86.97,247,5285,1046,8,0
7,684509.6,-41500.1,74.82,-1.57,5/29/22,Company,Bernard B. Jacobs Theatre,109.33,327,6261,1046,8,0
8,588371.29,41127.79,79.13,6.44,5/29/22,Dear Evan Hansen,Music Box Theatre,94.46,248,6229,984,8,0
9,226306.7,-112870.7,52.23,-19.62,5/29/22,for colored girls who have considered suicide/when the rainbow is enuf,Booth Theatre,70.06,223,3230,773,8,0
10,1261614.55,-58156.95,94.9,-2.9,5/29/22,Funny Girl,August Wilson Theatre,136.32,0,9255,1219,8,0
11,307358,2549,57.8,1.33,5/29/22,Girl From the North Country,Belasco Theatre,83.29,197,3690,798,8,0
12,1170869.5,130595.25,100.41,-0.33,5/29/22,Hadestown,Walter Kerr Theatre,158.78,0,7374,918,8,0
13,2322989,56664,98.5,2.48,5/29/22,Hamilton,Richard Rodgers Theatre,222.66,449,10433,1324,8,0
14,287451,-19416.91,46.24,-2.53,5/29/22,Hangmen,John Golden Theatre,96.88,223,2967,802,8,0
15,1586565.1,254020.6,96.72,8.93,5/29/22,Harry Potter and the Cursed Child,Lyric Theatre,126.41,276.5,12551,1622,8,0
16,371173,806,84.42,1.22,5/29/22,How I Learned to Drive,Samuel J. Friedman Theatre,86.28,299,4302,637,8,0
17,2000284,228927,99.33,3.45,5/29/22,The Lion King,Minskoff Theatre,148.42,199,13477,1696,8,0
18,1116578.4,-237121.1,94.2,-2.55,5/29/22,Macbeth,Longacre Theatre,161.12,473,6930,1051,7,0
19,322173,-20001,68.25,-1.71,5/29/22,The Minutes,Studio 54,88.46,195,3642,667,8,0
20,1460190.3,-4435.5,93.8,-3.33,5/29/22,MJ The Musical,Neil Simon Theatre,140.29,250,10408,1387,8,0
21,1310156.85,-59104.8,93.1,-2.05,5/29/22,Moulin Rouge! The Musical,Al Hirschfeld Theatre,135.32,0,9682,1300,8,0
22,396540,-422442,63.38,-6.12,5/29/22,Mr. Saturday Night,Nederlander Theatre,131.65,299,3012,1188,4,0
23,725699.6,215724.6,94.68,20.89,5/29/22,Mrs. Doubtfire,Stephen Sondheim Theatre,92.66,227,7832,1034,8,0
24,3287293.88,-200561.32,100.34,-0.61,5/29/22,The Music Man,Winter Garden Theatre,268.55,597,12241,1525,8,0
25,261255.7,19303.3,61.1,3.79,5/29/22,Paradise Square,Ethel Barrymore Theatre,54.43,248,4800,982,8,0
26,976104.43,83665.39,78.26,6.62,5/29/22,The Phantom of the Opera,Majestic Theatre,97.13,247,10049,1605,8,0
27,1644055.85,-3451.15,99.08,0.02,5/29/22,Plaza Suite,Hudson Theatre,212.74,549,7728,975,8,0
28,445741,-83708.19,51.77,-5.81,5/29/22,"POTUS: Or, Behind Every Great Dumbass Are Seven Women Trying to Keep Him Alive",Sam S. Shubert Theatre,74.17,248,6010,1451,8,0
29,1283844,428,98.57,0.01,5/29/22,SIX: The Musical,Lena Horne Theatre,157.91,249,8130,1031,8,0
30,289682,125203,66.47,22.87,5/29/22,The Skin of Our Teeth,Vivian Beaumont Theater,51.49,225,5626,1058,8,0
31,720553.34,16825.61,92.58,2.79,5/29/22,A Strange Loop,Lyceum Theatre,106.67,313,6755,912,8,0
32,591558.85,50899.4,97.93,1.05,5/29/22,Take Me Out,Helen Hayes Theater,129.96,299,4552,581,8,0
33,909005.5,-104150,65.6,-5.84,5/29/22,Tina: The Tina Turner Musical,Lunt-Fontanne Theatre,117.2,249,7756,1478,8,0
34,1780207,208155,94.51,6.28,5/29/22,Wicked,Gershwin Theatre,130.3,260,13662,1807,8,0
0,1080376.79,82214,94.27,1.79,5/22/22,Aladdin,New Amsterdam Theatre,82.95,199.5,13025,1727,8,0
1,555265.4,19101.5,80.41,-0.62,5/22/22,American Buffalo,Circle in the Square Theatre,114.94,299.5,4831,751,8,0
2,903330.5,16559,63.34,0.4,5/22/22,Beetlejuice,Marquis Theatre,111.28,249,8118,1602,8,0
3,270637,3840,65.96,1.71,5/22/22,Birthday Candles,American Airlines Theatre,70.55,197,3836,727,8,0
4,1021148.45,80117.8,94.75,4.71,5/22/22,The Book of Mormon,Eugene O'Neill Theatre,126.38,0,8080,1066,8,0
5,718799.79,50854.14,86.46,6.09,5/22/22,Chicago,Ambassador Theatre,96.22,207,7470,1080,8,0
6,480469.98,11960.74,60.59,0.26,5/22/22,Come From Away,Gerald Schoenfeld Theatre,94.77,247,5070,1046,8,0
7,726009.7,6041.61,76.39,-7.55,5/22/22,Company,Bernard B. Jacobs Theatre,113.58,327,6392,1046,8,0
8,547243.5,24479.61,72.69,-1.42,5/22/22,Dear Evan Hansen,Music Box Theatre,95.64,248,5722,984,8,0
9,339177.4,89823.8,71.85,6.18,5/22/22,for colored girls who have considered suicide/when the rainbow is enuf,Booth Theatre,76.64,223,4443,773,8,0
10,1319771.5,3314.5,97.8,-0.89,5/22/22,Funny Girl,August Wilson Theatre,138.38,0,9537,1219,8,0
11,304809,15504,56.47,-5.26,5/22/22,Girl From the North Country,Belasco Theatre,84.55,197,3605,798,8,0
12,1040274.25,96705.5,100.74,1.15,5/22/22,Hadestown,Walter Kerr Theatre,140.62,0,7398,918,8,0
13,2266325,213073,96.02,-0.54,5/22/22,Hamilton,Richard Rodgers Theatre,222.84,449,10170,1324,8,0
14,306867.91,18431.83,48.77,1.05,5/22/22,Hangmen,John Golden Theatre,98.07,223,3129,802,8,0
15,1332544.5,169445.4,87.79,8.97,5/22/22,Harry Potter and the Cursed Child,Lyric Theatre,116.97,276.5,11392,1622,8,0
16,370367,5442,83.2,-1.98,5/22/22,How I Learned to Drive,Samuel J. Friedman Theatre,87.35,299,4240,637,8,0
17,1771357,134429,95.88,2.58,5/22/22,The Lion King,Minskoff Theatre,136.16,199,13009,1696,8,0
18,1353699.5,120212.08,96.75,-1.47,5/22/22,Macbeth,Longacre Theatre,166.4,497,8135,1051,8,0
19,342174,-44724,69.96,-2.94,5/22/22,The Minutes,Studio 54,91.66,195,3733,667,8,0
20,1464625.8,112482.6,97.13,2.79,5/22/22,MJ The Musical,Neil Simon Theatre,135.9,250,10777,1387,8,0
21,1369261.65,831556.25,95.15,3.8,5/22/22,Moulin Rouge! The Musical,Al Hirschfeld Theatre,138.37,0,9896,1300,8,0
22,818982,-39865,69.5,-8.69,5/22/22,Mr. Saturday Night,Nederlander Theatre,141.35,299,5794,1191,7,0
23,509975,114296,73.79,10.66,5/22/22,Mrs. Doubtfire,Stephen Sondheim Theatre,83.55,227,6104,1034,8,0
24,3487855.2,110301.16,100.95,0.39,5/22/22,The Music Man,Winter Garden Theatre,283.2,597,12316,1525,8,0
25,241952.4,6348.4,57.31,-12.55,5/22/22,Paradise Square,Ethel Barrymore Theatre,53.74,248,4502,982,8,0
26,892439.04,164356.78,71.64,11.64,5/22/22,The Phantom of the Opera,Majestic Theatre,97.01,247,9199,1605,8,0
27,1647507,27696.1,99.06,0.09,5/22/22,Plaza Suite,Hudson Theatre,213.21,549,7727,975,8,0
28,529449.19,67584.94,57.58,3.08,5/22/22,"POTUS: Or, Behind Every Great Dumbass Are Seven Women Trying to Keep Him Alive",Sam S. Shubert Theatre,79.21,248,6684,1451,8,0
29,1283416,92735,98.56,-0.24,5/22/22,SIX: The Musical,Lena Horne Theatre,157.88,249,8129,1031,8,0
30,164479,48734,43.6,-1.22,5/22/22,The Skin of Our Teeth,Vivian Beaumont Theater,59.42,225,2768,1058,6,0
31,703727.73,13059.78,89.79,0.46,5/22/22,A Strange Loop,Lyceum Theatre,106.26,307,6623,922,8,0
32,540659.45,65708.22,96.88,6.28,5/22/22,Take Me Out,Helen Hayes Theater,120.07,299,4503,581,8,0
33,1013155.5,-1966.5,71.44,-1.51,5/22/22,Tina: The Tina Turner Musical,Lunt-Fontanne Theatre,119.94,249,8447,1478,8,0
34,1572052,210679,88.23,11.86,5/22/22,Wicked,Gershwin Theatre,123.26,230,12754,1807,8,0
0,998162.79,-93222.76,92.48,-2.5,5/15/22,Aladdin,New Amsterdam Theatre,78.12,199.5,12777,1727,8,0
1,536163.9,21662.27,81.03,3.03,5/15/22,American Buffalo,Circle in the Square Theatre,110.14,299.5,4868,751,8,0
2,886771.5,-13851,62.94,0.19,5/15/22,Beetlejuice,Marquis Theatre,109.93,249,8067,1602,8,0
3,266797,2721,64.25,1.94,5/15/22,Birthday Candles,American Airlines Theatre,71.39,197,3737,727,8,0
4,941030.65,35277.94,90.04,-2.3,5/15/22,The Book of Mormon,Eugene O'Neill Theatre,122.55,0,7679,1066,8,0
5,667945.65,-16328.75,80.37,-2.37,5/15/22,Chicago,Ambassador Theatre,96.19,207,6944,1080,8,0
6,468509.24,-4797.44,60.33,1.46,5/15/22,Come From Away,Gerald Schoenfeld Theatre,92.81,247,5048,1046,8,0
7,719968.09,102851.36,83.94,17.46,5/15/22,Company,Bernard B. Jacobs Theatre,102.5,327,7024,1046,8,0
8,522763.89,33759.39,74.11,5.58,5/15/22,Dear Evan Hansen,Music Box Theatre,89.61,248,5834,984,8,0
9,249353.6,90260.7,65.67,26.52,5/15/22,for colored girls who have considered suicide/when the rainbow is enuf,Booth Theatre,61.4,223,4061,773,8,0
10,1316457,-66398.75,98.69,1.15,5/15/22,Funny Girl,August Wilson Theatre,136.79,0,9624,1219,8,0
11,289305,14523.5,61.73,9.4,5/15/22,Girl From the North Country,Belasco Theatre,73.41,197,3941,798,8,0
12,943568.75,87040.25,99.59,1.43,5/15/22,Hadestown,Walter Kerr Theatre,129.01,0,7314,918,8,0
13,2053252,-49768,96.56,2.04,5/15/22,Hamilton,Richard Rodgers Theatre,200.75,449,10228,1324,8,0
14,288436.08,35892.64,47.72,7.18,5/15/22,Hangmen,John Golden Theatre,94.2,223,3062,802,8,0
15,1163099.1,-14821.7,78.82,-1.84,5/15/22,Harry Potter and the Cursed Child,Lyric Theatre,113.72,299,10228,1622,8,0
16,364925,47908,85.18,2.35,5/15/22,How I Learned to Drive,Samuel J. Friedman Theatre,84.06,299,4341,637,8,0
17,1636928,-79253,93.3,-3.95,5/15/22,The Lion King,Minskoff Theatre,129.31,199,12659,1696,8,0
18,1233487.42,-132111.08,98.22,2.16,5/15/22,Macbeth,Longacre Theatre,170.7,497,7226,1051,7,0
19,386898,40615,72.9,3.63,5/15/22,The Minutes,Studio 54,99.46,195,3890,667,8,0
20,1352143.2,-445.8,94.34,4.46,5/15/22,MJ The Musical,Neil Simon Theatre,129.17,250,10468,1387,8,0
21,537705.4,-1054792.1,91.35,-7.91,5/15/22,Moulin Rouge! The Musical,Al Hirschfeld Theatre,113.2,0,4750,1300,4,0
22,858847,293435.5,78.19,10.05,5/15/22,Mr. Saturday Night,Nederlander Theatre,131.75,299,6519,1191,7,0
23,395679,-81453,63.13,-5.9,5/15/22,Mrs. Doubtfire,Stephen Sondheim Theatre,75.77,227,5222,1034,8,0
24,3377554.04,-54103.04,100.56,0.96,5/15/22,The Music Man,Winter Garden Theatre,275.31,597,12268,1525,8,0
25,235604,41934.7,69.86,8.71,5/15/22,Paradise Square,Ethel Barrymore Theatre,42.93,248,5488,982,8,0
26,728082.26,-14225.94,60,-1.11,5/15/22,The Phantom of the Opera,Majestic Theatre,94.51,247,7704,1605,8,0
27,1619810.9,-48972.2,98.97,-0.47,5/15/22,Plaza Suite,Hudson Theatre,209.82,549,7720,975,8,0
28,461864.25,81190.75,54.5,5.32,5/15/22,"POTUS: Or, Behind Every Great Dumbass Are Seven Women Trying to Keep Him Alive",Sam S. Shubert Theatre,73.01,248,6326,1451,8,0
29,1190681,28167,98.8,2.36,5/15/22,SIX: The Musical,Lena Horne Theatre,146.11,249,8149,1031,8,0
30,115745,-58736,44.82,5.78,5/15/22,The Skin of Our Teeth,Vivian Beaumont Theater,48.82,225,2371,1058,5,0
31,690667.95,213870.95,89.33,22.02,5/15/22,A Strange Loop,Lyceum Theatre,104.82,287,6589,922,8,0
32,474951.23,123041.53,90.6,8.99,5/15/22,Take Me Out,Helen Hayes Theater,112.79,299,4211,581,8,0
33,1015122,-50456.3,72.95,-0.58,5/15/22,Tina: The Tina Turner Musical,Lunt-Fontanne Theatre,117.68,249,8626,1478,8,0
34,1361373,20246,76.37,-1.55,5/15/22,Wicked,Gershwin Theatre,123.31,230,11040,1807,8,0
0,1091385.55,125858.37,94.98,4.39,5/8/22,Aladdin,New Amsterdam Theatre,83.17,199.5,13123,1727,8,0
1,514501.63,-14344.67,78,0.94,5/8/22,American Buffalo,Circle in the Square Theatre,109.8,299.5,4686,751,8,0
2,900622.5,24883.9,62.75,5.51,5/8/22,Beetlejuice,Marquis Theatre,111.99,249,8042,1602,8,0
3,264076,-22311,62.31,-5.16,5/8/22,Birthday Candles,American Airlines Theatre,72.87,197,3624,727,8,0
4,905752.71,48571.74,92.34,6.61,5/8/22,The Book of Mormon,Eugene O'Neill Theatre,115.02,0,7875,1066,8,0
5,684274.4,99173.15,82.74,10.68,5/8/22,Chicago,Ambassador Theatre,95.72,207,7149,1080,8,0
6,473306.68,27212.28,58.87,-2.1,5/8/22,Come From Away,Gerald Schoenfeld Theatre,96.08,247,4926,1046,8,0
7,617116.73,-43105.98,66.48,0.14,5/8/22,Company,Bernard B. Jacobs Theatre,110.93,327,5563,1046,8,0
8,489004.5,14396.8,68.53,4.16,5/8/22,Dear Evan Hansen,Music Box Theatre,90.64,248,5395,984,8,0
9,159092.9,-91081.6,39.15,-11.77,5/8/22,for colored girls who have considered suicide/when the rainbow is enuf,Booth Theatre,65.71,223,2421,773,8,0
10,1382855.75,266382.8,97.54,0.58,5/8/22,Funny Girl,August Wilson Theatre,145.38,0,9512,1219,8,0
11,274781.5,142825,52.33,-3.88,5/8/22,Girl From the North Country,Belasco Theatre,82.25,197,3341,798,8,0
12,856528.5,4841.5,98.16,2.79,5/8/22,Hadestown,Walter Kerr Theatre,118.81,0,7209,918,8,0
13,2103020,11287,94.52,3.39,5/8/22,Hamilton,Richard Rodgers Theatre,210.05,449,10012,1324,8,0
14,252543.44,-41489.56,40.54,-15.06,5/8/22,Hangmen,John Golden Theatre,97.09,223,2601,802,8,0
15,1177920.8,81968.8,80.66,9.89,5/8/22,Harry Potter and the Cursed Child,Lyric Theatre,112.55,299,10466,1622,8,0
16,317017,5987,82.83,-13.72,5/8/22,How I Learned to Drive,Samuel J. Friedman Theatre,75.1,299,4221,637,8,0
17,1716181,80784,97.25,3.67,5/8/22,The Lion King,Minskoff Theatre,130.06,199,13195,1696,8,0
18,330668.47,97860.47,52.91,27.01,5/8/22,The Little Prince,Broadway Theatre,53.07,247,6231,1472,8,0
19,1365598.5,394861.5,96.06,-3.34,5/8/22,Macbeth,Longacre Theatre,169.07,497,8077,1051,8,0
20,346283,-28529,69.27,-6.74,5/8/22,The Minutes,Studio 54,93.69,195,3696,667,8,0
21,1352589,125763.9,89.88,5.44,5/8/22,MJ The Musical,Neil Simon Theatre,135.63,250,9973,1387,8,0
22,1592497.5,172652.9,99.26,4.03,5/8/22,Moulin Rouge! The Musical,Al Hirschfeld Theatre,154.27,0,10323,1300,8,0
23,565411.5,-145857.7,68.14,-15.91,5/8/22,Mr. Saturday Night,Nederlander Theatre,139.33,299,4058,1191,5,0
24,477132,55678,69.03,5.1,5/8/22,Mrs. Doubtfire,Stephen Sondheim Theatre,83.56,227,5710,1034,8,0
25,3431657.08,116986.52,99.6,1.61,5/8/22,The Music Man,Winter Garden Theatre,282.42,597,12151,1525,8,0
26,193669.3,-12892.5,61.15,6.87,5/8/22,Paradise Square,Ethel Barrymore Theatre,40.31,248,4804,982,8,0
27,742308.2,117127.78,61.11,9.18,5/8/22,The Phantom of the Opera,Majestic Theatre,94.6,247,7847,1605,8,0
28,1668783.1,12709.5,99.44,0.81,5/8/22,Plaza Suite,Hudson Theatre,215.16,549,7756,975,8,0
29,380673.5,50256.58,49.18,-27.39,5/8/22,"POTUS: Or, Behind Every Great Dumbass Are Seven Women Trying to Keep Him Alive",Sam S. Shubert Theatre,66.68,248,5709,1451,8,0
30,1162514,78644,96.44,7.22,5/8/22,SIX: The Musical,Lena Horne Theatre,146.15,249,7954,1031,8,0
31,174481,33370,39.04,-8.27,5/8/22,The Skin of Our Teeth,Vivian Beaumont Theater,52.81,225,3304,1058,8,0
32,476797,61521.5,67.31,-8.76,5/8/22,A Strange Loop,Lyceum Theatre,96.03,248,4965,922,8,0
33,351909.7,-57013.05,81.61,-5.63,5/8/22,Take Me Out,Helen Hayes Theater,105.3,199,3342,585,7,0
34,1065578.3,193232.8,73.53,14.13,5/8/22,Tina: The Tina Turner Musical,Lunt-Fontanne Theatre,122.56,249,8694,1478,8,0
35,1341127,144364,77.92,4.53,5/8/22,Wicked,Gershwin Theatre,119.06,230,11264,1807,8,0
0,965527.18,-352695.71,90.59,-7.13,5/1/22,Aladdin,New Amsterdam Theatre,77.14,199.5,12516,1727,8,0
1,528846.3,-67979.6,77.06,-10.51,5/1/22,American Buffalo,Circle in the Square Theatre,114.22,299.5,4630,751,8,0
2,875738.6,-492698.1,57.24,-23.42,5/1/22,Beetlejuice,Marquis Theatre,119.38,249,7336,1602,8,0
3,286387,-13869,67.47,-5.74,5/1/22,Birthday Candles,American Airlines Theatre,72.98,197,3924,727,8,0
4,857180.97,-161138.85,85.73,-7.89,5/1/22,The Book of Mormon,Eugene O'Neill Theatre,117.25,0,7311,1066,8,0
5,585101.25,-128776.05,72.06,-9.95,5/1/22,Chicago,Ambassador Theatre,93.98,207,6226,1080,8,0
6,446094.4,-122347.38,60.97,-14.75,5/1/22,Come From Away,Gerald Schoenfeld Theatre,87.44,247,5102,1046,8,0
7,660222.71,-12376.04,66.34,-4.72,5/1/22,Company,Bernard B. Jacobs Theatre,118.94,327,5551,1046,8,0
8,474607.7,-216565.8,64.37,-16.4,5/1/22,Dear Evan Hansen,Music Box Theatre,93.67,248,5067,984,8,0
9,250174.5,105797.54,50.92,-10.98,5/1/22,for colored girls who have considered suicide/when the rainbow is enuf,Booth Theatre,79.45,223,3149,773,8,0
10,1116472.95,-31174.55,96.96,-3.43,5/1/22,Funny Girl,August Wilson Theatre,118.07,0,9456,1219,8,0
11,131956.5,0,56.21,0,5/1/22,Girl From the North Country,Belasco Theatre,78.41,197,1683,998,3,0
12,851687,-161585.1,95.37,-4.67,5/1/22,Hadestown,Walter Kerr Theatre,121.6,0,7004,918,8,0
13,2091733,-353460,91.13,-9.05,5/1/22,Hamilton,Richard Rodgers Theatre,216.69,449,9653,1324,8,0
14,294033,41598.5,55.6,-18.65,5/1/22,Hangmen,John Golden Theatre,82.43,223,3567,802,8,0
15,1095952,-588257.6,70.77,-19.48,5/1/22,Harry Potter and the Cursed Child,Lyric Theatre,119.35,299,9183,1622,8,0
16,311030,45200,96.55,6.78,5/1/22,How I Learned to Drive,Samuel J. Friedman Theatre,72.25,299,4305,637,7,0
17,1635397,-365424,93.58,-5.26,5/1/22,The Lion King,Minskoff Theatre,128.8,199,12697,1696,8,0
18,232808,-48078.75,25.9,-1.62,5/1/22,The Little Prince,Broadway Theatre,76.33,247,3050,1472,8,0
19,970737,-314446,99.4,-0.27,5/1/22,Macbeth,Longacre Theatre,132.74,497,7313,1051,4,3
20,374812,-26283,76.01,-4.91,5/1/22,The Minutes,Studio 54,92.41,195,4056,667,8,0
21,1226825.1,-219533.5,84.44,-10.86,5/1/22,MJ The Musical,Neil Simon Theatre,130.95,250,9369,1387,8,0
22,1419844.6,-49586.9,95.23,-1.87,5/1/22,Moulin Rouge! The Musical,Al Hirschfeld Theatre,143.36,0,9904,1300,8,0
23,711269.2,-58959.8,84.05,-5.96,5/1/22,Mr. Saturday Night,Nederlander Theatre,118.43,299,6006,1191,5,1
24,421454,-210475,63.93,-21.64,5/1/22,Mrs. Doubtfire,Stephen Sondheim Theatre,79.7,227,5288,1034,8,0
25,3314670.56,-149717.84,97.99,-1.82,5/1/22,The Music Man,Winter Garden Theatre,277.26,597,11955,1525,8,0
26,206561.8,-46811.94,54.28,-6.77,5/1/22,Paradise Square,Ethel Barrymore Theatre,48.49,248,4260,981,8,0
27,625180.42,-225759.22,51.93,-13.1,5/1/22,The Phantom of the Opera,Majestic Theatre,93.76,247,6668,1605,8,0
28,1656073.6,-28651.4,98.63,-0.45,5/1/22,Plaza Suite,Hudson Theatre,215.27,549,7693,975,8,0
29,330416.92,17049.67,76.57,7.11,5/1/22,"POTUS: Or, Behind Every Great Dumbass Are Seven Women Trying to Keep Him Alive",Sam S. Shubert Theatre,37.18,248,8888,1451,6,2
30,1083870,-203503,89.22,-8.84,5/1/22,SIX: The Musical,Lena Horne Theatre,147.28,249,7359,1031,8,0
31,141111,-33769,47.31,-7.7,5/1/22,The Skin of Our Teeth,Vivian Beaumont Theater,35.24,225,4004,1058,8,0
32,415275.5,29315.5,76.07,-3.91,5/1/22,A Strange Loop,Lyceum Theatre,74.01,248,5611,922,7,1
33,408922.75,-15363.9,87.24,-3.89,5/1/22,Take Me Out,Helen Hayes Theater,100.15,199,4083,585,8,0
34,872345.5,-97486.5,59.4,-9.34,5/1/22,Tina: The Tina Turner Musical,Lunt-Fontanne Theatre,124.19,249,7024,1478,8,0
35,1196763,-711881,73.39,-23.17,5/1/22,Wicked,Gershwin Theatre,112.81,230,10609,1807,8,0
0,1318222.89,-419632.59,97.72,0.9,4/24/22,Aladdin,New Amsterdam Theatre,97.64,199.5,13501,1727,8,0
1,596825.9,53112,87.57,-7.85,4/24/22,American Buffalo,Circle in the Square Theatre,113.44,299.5,5261,751,8,0
2,1368436.7,-89281.3,80.66,-15.02,4/24/22,Beetlejuice,Marquis Theatre,132.37,249,10338,1602,8,0
3,300256,-2702,73.21,-14.69,4/24/22,Birthday Candles,American Airlines Theatre,70.52,197,4258,727,8,0
4,1018319.82,-116308.88,93.62,-4.64,4/24/22,The Book of Mormon,Eugene O'Neill Theatre,127.55,0,7984,1066,8,0
5,713877.3,-115342.12,82.01,-10.96,4/24/22,Chicago,Ambassador Theatre,100.74,217,7086,1080,8,0
6,568441.78,-19722.68,75.72,-4.19,4/24/22,Come From Away,Gerald Schoenfeld Theatre,89.72,247,6336,1046,8,0
7,672598.75,-19129.09,71.06,-4.35,4/24/22,Company,Bernard B. Jacobs Theatre,113.12,327,5946,1046,8,0
8,691173.5,-67404.1,80.77,-3.86,4/24/22,Dear Evan Hansen,Music Box Theatre,108.71,248,6358,984,8,0
9,144376.96,14017.62,61.9,0.92,4/24/22,for colored girls who have considered suicide/when the rainbow is enuf,Booth Theatre,37.72,223,3828,773,3,5
10,1147647.5,-267438,100.39,0.31,4/24/22,Funny Girl,August Wilson Theatre,117.23,0,9790,1219,1,7
11,1013272.1,-31067.3,100.04,0.58,4/24/22,Hadestown,Walter Kerr Theatre,137.92,0,7347,918,8,0
12,2445193,-8126,100.18,-0.25,4/24/22,Hamilton,Richard Rodgers Theatre,230.44,449,10611,1324,8,0
13,252434.5,43239.4,74.25,4.55,4/24/22,Hangmen,John Golden Theatre,52.99,223,4764,802,4,4
14,1684209.6,-280455.4,90.25,-8.53,4/24/22,Harry Potter and the Cursed Child,Lyric Theatre,143.81,299,11711,1622,8,0
15,265830,27940,89.77,5.35,4/24/22,How I Learned to Drive,Samuel J. Friedman Theatre,66.41,299,4003,637,7,0
16,2000821,-560139,98.84,-0.43,4/24/22,The Lion King,Minskoff Theatre,149.19,199,13411,1696,8,0
17,280886.75,-92944.25,27.52,-29.03,4/24/22,The Little Prince,Broadway Theatre,86.08,247,3263,1482,8,0
18,1285183,115170.43,99.67,0.03,4/24/22,Macbeth,Longacre Theatre,175.26,497,7333,1051,0,7
19,401095,97021,80.92,-4.24,4/24/22,The Minutes,Studio 54,92.89,195,4318,667,8,0
20,1446358.6,-16125.6,95.3,-2.4,4/24/22,MJ The Musical,Neil Simon Theatre,136.78,250,10574,1387,8,0
21,1469431.5,1214.7,97.1,-0.2,4/24/22,Moulin Rouge! The Musical,Al Hirschfeld Theatre,145.52,0,10098,1300,8,0
22,770229,117309,90.01,24.35,4/24/22,Mr. Saturday Night,Nederlander Theatre,102.64,299,7504,1191,0,7
23,631929,103122,85.57,-9.32,4/24/22,Mrs. Doubtfire,Stephen Sondheim Theatre,89.28,227,7078,1034,8,0
24,3464388.4,136135.32,99.81,0.42,4/24/22,The Music Man,Winter Garden Theatre,284.5,597,12177,1525,8,0
25,253373.74,0,61.05,0,4/24/22,Paradise Square,Ethel Barrymore Theatre,52.89,208,4791,981,8,0
26,850939.64,-222323.56,65.03,-12.92,4/24/22,The Phantom of the Opera,Majestic Theatre,101.91,277,8350,1605,8,0
27,1684725,766906,99.08,6.59,4/24/22,Plaza Suite,Hudson Theatre,218,549,7728,975,8,0
28,313367.25,160640.25,69.46,9.73,4/24/22,"POTUS: Or, Behind Every Great Dumbass Are Seven Women Trying to Keep Him Alive",Sam S. Shubert Theatre,44.42,248,7055,1451,0,7
29,1287373,-69903,98.06,-0.82,4/24/22,SIX: The Musical,Lena Horne Theatre,159.17,249,8088,1031,8,0
30,174880,36270,55.01,9.62,4/24/22,The Skin of Our Teeth,Vivian Beaumont Theater,37.56,225,4656,1058,0,8
31,385960,183557.5,79.98,5.25,4/24/22,A Strange Loop,Lyceum Theatre,65.43,223,5899,922,0,8
32,424286.65,26973.3,91.13,1.13,4/24/22,Take Me Out,Helen Hayes Theater,99.48,199,4265,585,8,0
33,969832,143011.5,68.74,8.15,4/24/22,Tina: The Tina Turner Musical,Lunt-Fontanne Theatre,119.32,249,8128,1478,8,0
34,1908644,-405444,96.56,-1.5,4/24/22,Wicked,Gershwin Theatre,136.74,230,13958,1807,8,0
0,1737855.48,675449.06,96.82,1.1,4/17/22,Aladdin,New Amsterdam Theatre,115.48,227.5,15049,1727,9,0
1,543713.9,-43813.5,95.42,7.67,4/17/22,American Buffalo,Circle in the Square Theatre,94.84,279.5,5733,751,5,3
2,1457718,1062014,95.68,-4.32,4/17/22,Beetlejuice,Marquis Theatre,135.87,249,10729,1602,7,0
3,302958,12392,87.9,-6.27,4/17/22,Birthday Candles,American Airlines Theatre,59.26,197,5112,727,8,0
4,1134628.7,103452.69,98.26,0.69,4/17/22,The Book of Mormon,Eugene O'Neill Theatre,135.4,0,8380,1066,8,0
5,829219.42,286100.17,92.97,21.79,4/17/22,Chicago,Ambassador Theatre,103.23,207,8033,1080,8,0
6,588164.46,-13558.02,79.91,1.7,4/17/22,Come From Away,Gerald Schoenfeld Theatre,87.96,247,6687,1046,8,0
7,691727.84,-117210.34,75.41,-10.93,4/17/22,Company,Bernard B. Jacobs Theatre,109.62,327,6310,1046,8,0
8,758577.6,10156.08,84.63,0.32,4/17/22,Dear Evan Hansen,Music Box Theatre,113.87,248,6662,984,8,0
9,130359.34,-36287.18,60.98,-5.74,4/17/22,for colored girls who have considered suicide/when the rainbow is enuf,Booth Theatre,34.57,223,3771,773,0,8
10,1415085.5,152258,100.08,-0.28,4/17/22,Funny Girl,August Wilson Theatre,144.99,0,9760,1219,0,8
11,1044339.4,-9947.4,99.46,-0.58,4/17/22,Hadestown,Walter Kerr Theatre,142.98,0,7304,918,8,0
12,2453319,228470,100.43,0.14,4/17/22,Hamilton,Richard Rodgers Theatre,230.62,449,10638,1324,8,0
13,209195.1,120349.9,69.7,-9.85,4/17/22,Hangmen,John Golden Theatre,62.37,223,3354,802,0,6
14,1964665,348743.4,98.78,7.71,4/17/22,Harry Potter and the Cursed Child,Lyric Theatre,153.27,299,12818,1622,8,0
15,237890,-23734,84.42,5.19,4/17/22,How I Learned to Drive,Samuel J. Friedman Theatre,55.3,299,4302,637,0,8
16,2560960,686623,99.27,-0.16,4/17/22,The Lion King,Minskoff Theatre,169.02,199,15152,1696,9,0
17,373831,62698,56.55,-14.6,4/17/22,The Little Prince,Broadway Theatre,55.76,277,6704,1482,8,0
18,1170012.57,0,99.64,0,4/17/22,Macbeth,Longacre Theatre,186.22,497,6283,1051,0,6
19,304074,-89399,85.16,5.57,4/17/22,The Minutes,Studio 54,66.92,195,4544,667,1,7
20,1462484.2,138711.2,97.7,8.06,4/17/22,MJ The Musical,Neil Simon Theatre,134.9,250,10841,1387,8,0
21,1468216.8,49691.8,97.3,4.69,4/17/22,Moulin Rouge! The Musical,Al Hirschfeld Theatre,145.1,0,10119,1300,8,0
22,652920,-231786.5,65.66,-21.97,4/17/22,Mr. Saturday Night,Nederlander Theatre,119.28,299,5474,1191,0,7
23,528807,0,94.89,0,4/17/22,Mrs. Doubtfire,Stephen Sondheim Theatre,89.83,227,5887,1034,0,6
24,3328253.08,3882.2,99.39,0.14,4/17/22,The Music Man,Winter Garden Theatre,274.47,597,12126,1525,8,0
25,1073263.2,242397.34,77.95,10.14,4/17/22,The Phantom of the Opera,Majestic Theatre,107.23,277,10009,1605,8,0
26,917819,370282.55,92.49,0.87,4/17/22,Plaza Suite,Hudson Theatre,203.55,549,4509,975,5,0
27,152727,0,59.73,0,4/17/22,"POTUS: Or, Behind Every Great Dumbass Are Seven Women Trying to Keep Him Alive",Sam S. Shubert Theatre,44.05,248,3467,1451,0,4
28,1357276,13770,98.88,-1.12,4/17/22,SIX: The Musical,Lena Horne Theatre,166.41,249,8156,1031,8,0
29,138610,-20172,45.39,-9.05,4/17/22,The Skin of Our Teeth,Vivian Beaumont Theater,36.08,225,3842,1058,0,8
30,202402.5,0,74.73,0,4/17/22,A Strange Loop,Lyceum Theatre,73.44,223,2756,922,0,4
31,397313.35,28309.95,90,-6.88,4/17/22,Take Me Out,Helen Hayes Theater,94.33,199,4212,585,8,0
32,826820.5,-31652,60.59,2.5,4/17/22,Tina: The Tina Turner Musical,Lunt-Fontanne Theatre,115.41,249,7164,1478,8,0
33,2314088,447897,98.06,-0.38,4/17/22,Wicked,Gershwin Theatre,145.1,242,15948,1807,9,0
0,1062406.42,49796.02,95.72,5.69,4/10/22,Aladdin,New Amsterdam Theatre,91.81,199.5,11572,1727,7,0
1,587527.4,-4895,87.75,2.16,4/10/22,American Buffalo,Circle in the Square Theatre,111.44,299.5,5272,751,0,8
2,395704,0,100,0,4/10/22,Beetlejuice,Marquis Theatre,123.5,249,3204,1602,2,0
3,290566,-12947,94.17,3.44,4/10/22,Birthday Candles,American Airlines Theatre,53.05,195,5477,727,1,7
4,1031176.01,34775.3,97.57,1.77,4/10/22,The Book of Mormon,Eugene O'Neill Theatre,123.92,0,8321,1066,8,0
5,543119.25,86426.95,71.18,8.85,4/10/22,Chicago,Ambassador Theatre,88.31,197,6150,1080,8,0
6,601722.48,72408.48,78.21,9.87,4/10/22,Come From Away,Gerald Schoenfeld Theatre,91.94,247,6545,1046,8,0
7,808938.18,51876.01,86.34,4.66,4/10/22,Company,Bernard B. Jacobs Theatre,111.96,327,7225,1046,8,0
8,748421.52,110947.77,84.31,12.08,4/10/22,Dear Evan Hansen,Music Box Theatre,112.77,248,6637,984,8,0
9,166646.52,65594.16,66.72,-7.02,4/10/22,for colored girls who have considered suicide/when the rainbow is enuf,Booth Theatre,46.16,223,3610,773,0,7
10,1262827.5,-350.5,100.36,0.21,4/10/22,Funny Girl,August Wilson Theatre,147.46,0,8564,1219,0,7
11,1054286.8,3600.3,100.04,0.18,4/10/22,Hadestown,Walter Kerr Theatre,143.5,0,7347,918,8,0
12,2224849,-60310,100.29,0.26,4/10/22,Hamilton,Richard Rodgers Theatre,209.44,449,10623,1324,8,0
13,88845.2,0,79.55,0,4/10/22,Hangmen,John Golden Theatre,69.63,223,1276,802,0,2
14,1615921.6,221542.1,91.07,6.78,4/10/22,Harry Potter and the Cursed Child,Lyric Theatre,136.75,299,11817,1622,8,0
15,261624,40185,79.23,0.19,4/10/22,How I Learned to Drive,Samuel J. Friedman Theatre,74.05,299,3533,637,0,7
16,1874337,231671,99.43,3.77,4/10/22,The Lion King,Minskoff Theatre,138.93,199,13491,1696,8,0
17,311133,-48131,71.15,15.68,4/10/22,The Little Prince,Broadway Theatre,31.52,277,9870,1734,0,8
18,393473,252503,79.59,-0.52,4/10/22,The Minutes,Studio 54,92.65,195,4247,667,0,8
19,1323773,138290.3,89.64,7.09,4/10/22,MJ The Musical,Neil Simon Theatre,133.1,250,9946,1387,8,0
20,1418525,81565.6,92.61,1.08,4/10/22,Moulin Rouge! The Musical,Al Hirschfeld Theatre,147.29,0,9631,1300,8,0
21,884706.5,79087.5,87.63,0.73,4/10/22,Mr. Saturday Night,Nederlander Theatre,121.09,299,7306,1191,0,7
22,3324370.88,-10830,99.25,-0.2,4/10/22,The Music Man,Winter Garden Theatre,274.56,597,12108,1525,8,0
23,80612,-215737.5,74.24,-17.06,4/10/22,Paradise Square,Ethel Barrymore Theatre,36.89,223,2185,981,3,0
24,830865.86,92291.41,67.81,5.29,4/10/22,The Phantom of the Opera,Majestic Theatre,95.43,277,8707,1605,8,0
25,547536.45,-836026.05,91.62,-7.61,4/10/22,Plaza Suite,Hudson Theatre,204.3,549,2680,975,3,0
26,1343506,54790,100,1.71,4/10/22,SIX: The Musical,Lena Horne Theatre,162.89,249,8248,1031,8,0
27,158782,98874,54.44,8.57,4/10/22,The Skin of Our Teeth,Vivian Beaumont Theater,39.38,225,4032,1058,0,7
28,369003.4,57006,96.88,10.04,4/10/22,Take Me Out,Helen Hayes Theater,81.39,199,4534,585,8,0
29,858472.5,107286.5,58.09,6.18,4/10/22,Tina: The Tina Turner Musical,Lunt-Fontanne Theatre,125,249,6868,1478,8,0
30,1866191,126455,98.44,1.95,4/10/22,Wicked,Gershwin Theatre,131.14,242,14230,1807,8,0
0,1012610.4,-75459.04,90.03,-2.85,4/3/22,Aladdin,New Amsterdam Theatre,81.41,199.5,12438,1727,8,0
1,592422.4,-91124.7,85.59,-7.82,4/3/22,American Buffalo,Circle in the Square Theatre,115.21,279.5,5142,751,0,8
2,303513,6999,90.73,-3.53,4/3/22,Birthday Candles,American Airlines Theatre,57.52,195,5277,727,0,8
3,996400.71,-61983.47,95.8,-2.84,4/3/22,The Book of Mormon,Eugene O'Neill Theatre,121.96,0,8170,1066,8,0
4,456692.3,-56332.2,62.33,-6.2,4/3/22,Chicago,Ambassador Theatre,84.81,197,5385,1080,8,0
5,529314,-93892.5,68.34,-10.45,4/3/22,Come From Away,Gerald Schoenfeld Theatre,92.55,247,5719,1046,8,0
6,757062.17,-130683.44,81.68,-5.06,4/3/22,Company,Bernard B. Jacobs Theatre,110.76,327,6835,1046,8,0
7,1314017,147434.1,97.55,0.68,4/3/22,David Byrne's American Utopia,St. James Theatre,130.07,0,10102,1726,6,0
8,637473.75,-111701.35,72.23,-9.06,4/3/22,Dear Evan Hansen,Music Box Theatre,112.11,248,5686,984,8,0
9,101052.36,0,73.74,0,4/3/22,for colored girls who have considered suicide/when the rainbow is enuf,Booth Theatre,59.09,223,1710,773,0,3
10,1263178,1062385,100.15,-0.26,4/3/22,Funny Girl,August Wilson Theatre,147.81,0,8546,1219,0,7
11,1050686.5,-57495,99.86,-0.7,4/3/22,Hadestown,Walter Kerr Theatre,143.26,0,7334,918,8,0
12,2285159,49280,100.03,0.34,4/3/22,Hamilton,Richard Rodgers Theatre,215.68,449,10595,1324,8,0
13,1394379.5,-119514.6,84.29,-1.95,4/3/22,Harry Potter and the Cursed Child,Lyric Theatre,127.49,299,10937,1622,8,0
14,221439,0,79.04,0,4/3/22,How I Learned to Drive,Samuel J. Friedman Theatre,73.3,299,3021,637,0,6
15,1642666,-66964,95.66,-1.69,4/3/22,The Lion King,Minskoff Theatre,126.56,199,12979,1696,8,0
16,359264,0,55.47,0,4/3/22,The Little Prince,Broadway Theatre,62.25,277,5771,1734,0,6
17,527244,0,99.56,0,4/3/22,Macbeth,Longacre Theatre,167.97,447,3139,1051,0,3
18,140970,0,80.11,0,4/3/22,The Minutes,Studio 54,88.16,197,1599,998,0,2
19,1185482.7,-64594.3,82.55,-5.36,4/3/22,MJ The Musical,Neil Simon Theatre,129.42,250,9160,1387,8,0
20,1336959.4,-69538.4,91.53,-3.74,4/3/22,Moulin Rouge! The Musical,Al Hirschfeld Theatre,140.45,0,9519,1300,8,0
21,805619,0,86.9,0,4/3/22,Mr. Saturday Night,Nederlander Theatre,129.73,299,6210,1191,0,6
22,3335200.88,42250.28,99.45,0.34,4/3/22,The Music Man,Winter Garden Theatre,274.89,697,12133,1525,8,0
23,296349.5,-50301,91.3,-1.55,4/3/22,Paradise Square,Ethel Barrymore Theatre,41.36,248,7165,981,1,7
24,738574.45,-102851.88,62.52,-7.31,4/3/22,The Phantom of the Opera,Majestic Theatre,92.01,247,8027,1605,8,0
25,1383562.5,-183930.25,99.23,-0.65,4/3/22,Plaza Suite,Hudson Theatre,178.75,549,7740,975,8,0
26,1288716,47012,98.29,-0.52,4/3/22,SIX: The Musical,Lena Horne Theatre,158.96,249,8107,1031,8,0
27,59908,0,45.87,0,4/3/22,The Skin of Our Teeth,Vivian Beaumont Theater,41.15,225,1456,1058,0,3
28,311997.4,-53142.96,86.84,5,4/3/22,Take Me Out,Helen Hayes Theater,76.77,199,4064,585,0,8
29,751186,-61494.5,51.91,-6.36,4/3/22,Tina: The Tina Turner Musical,Lunt-Fontanne Theatre,122.38,249,6138,1478,8,0
30,1739736,-115483,96.49,-1.55,4/3/22,Wicked,Gershwin Theatre,124.72,242,13949,1807,8,0
0,1088069.44,-113149.71,92.88,-4.01,3/27/22,Aladdin,New Amsterdam Theatre,84.79,199.5,12832,1727,8,0
1,683547.1,0,93.41,0,3/27/22,American Buffalo,Circle in the Square Theatre,121.8,279.5,5612,751,0,8
2,296514,147903,94.26,-2.53,3/27/22,Birthday Candles,American Airlines Theatre,61.81,195,4797,727,0,7
3,1058384.18,-21953.88,98.64,-0.35,3/27/22,The Book of Mormon,Eugene O'Neill Theatre,125.82,0,8412,1066,8,0
4,513024.5,-74763.82,68.53,-8.87,3/27/22,Chicago,Ambassador Theatre,86.64,197,5921,1080,8,0
5,623206.5,2912.2,78.79,-5.59,3/27/22,Come From Away,Gerald Schoenfeld Theatre,94.53,247,6593,1046,8,0
6,887745.61,-1394.38,86.74,-6.87,3/27/22,Company,Bernard B. Jacobs Theatre,122.31,327,7258,1046,8,0
7,1166582.9,188846.8,96.87,-1.38,3/27/22,David Byrne's American Utopia,St. James Theatre,116.29,0,10032,1726,6,0
8,749175.1,-65577.15,81.29,-5.98,3/27/22,Dear Evan Hansen,Music Box Theatre,117.08,248,6399,984,8,0
9,200793,0,100.41,0,3/27/22,Funny Girl,August Wilson Theatre,164.05,0,1224,1219,0,1
10,1108181.5,3503.4,100.56,-0.58,3/27/22,Hadestown,Walter Kerr Theatre,150.06,0,7385,918,8,0
11,2235879,-36340,99.69,-1.02,3/27/22,Hamilton,Richard Rodgers Theatre,211.75,449,10559,1324,8,0
12,1513894.1,-190258,86.24,-6.48,3/27/22,Harry Potter and the Cursed Child,Lyric Theatre,135.28,329,11191,1622,8,0
13,1709630,-69011,97.35,-1.4,3/27/22,The Lion King,Minskoff Theatre,129.44,199,13208,1696,8,0
14,1250077,-63632.7,87.91,-4.62,3/27/22,MJ The Musical,Neil Simon Theatre,128.16,250,9754,1387,8,0
15,1406497.8,25174.35,95.27,1.95,3/27/22,Moulin Rouge! The Musical,Al Hirschfeld Theatre,141.96,0,9908,1300,8,0
16,3292950.6,-158773.08,99.11,-0.77,3/27/22,The Music Man,Winter Garden Theatre,272.32,697,12092,1525,8,0
17,346650.5,-8750.5,92.85,-3.84,3/27/22,Paradise Square,Ethel Barrymore Theatre,47.57,248,7287,981,0,8
18,841426.33,-117764.73,69.83,-8.2,3/27/22,The Phantom of the Opera,Majestic Theatre,93.85,247,8966,1605,8,0
19,1567492.75,-89597.05,99.88,-0.02,3/27/22,Plaza Suite,Hudson Theatre,201.19,549,7791,975,0,8
20,1241704,-43247,98.81,-1.24,3/27/22,SIX: The Musical,Lena Horne Theatre,152.36,249,8150,1031,8,0
21,365140.36,14121.33,81.84,-4.59,3/27/22,Take Me Out,Helen Hayes Theater,95.34,199,3830,585,0,8
22,812680.5,34459,58.27,3.54,3/27/22,Tina: The Tina Turner Musical,Lunt-Fontanne Theatre,117.95,249,6890,1478,8,0
23,1855219,-89485,98.04,-1.75,3/27/22,Wicked,Gershwin Theatre,126.72,242,14640,1867,8,0
0,1201219.15,251979.18,96.89,8.07,3/20/22,Aladdin,New Amsterdam Theatre,89.74,199.5,13386,1727,8,0
1,148611,0,96.79,0,3/20/22,Birthday Candles,American Airlines Theatre,70.4,195,2111,727,0,3
2,1080338.06,107243.31,98.99,0.75,3/20/22,The Book of Mormon,Eugene O'Neill Theatre,127.97,0,8442,1066,8,0
3,587788.32,115170.76,77.4,13.31,3/20/22,Chicago,Ambassador Theatre,87.9,197,6687,1080,8,0
4,620294.3,116138.3,84.38,16.41,3/20/22,Come From Away,Gerald Schoenfeld Theatre,87.85,247,7061,1046,8,0
5,889139.99,58816.46,93.61,4.04,3/20/22,Company,Bernard B. Jacobs Theatre,113.51,327,7833,1046,8,0
6,977736.1,187054.95,98.25,15.17,3/20/22,David Byrne's American Utopia,St. James Theatre,109.91,0,8896,1509,6,0
7,814752.25,120141.75,87.27,5.75,3/20/22,Dear Evan Hansen,Music Box Theatre,118.6,248,6870,984,8,0
8,1104678.1,514018.1,101.14,0.36,3/20/22,Hadestown,Walter Kerr Theatre,148.72,0,7428,918,8,0
9,2272219,150508,100.71,1.94,3/20/22,Hamilton,Richard Rodgers Theatre,213.01,449,10667,1324,8,0
10,1704152.1,357303.3,92.72,6.92,3/20/22,Harry Potter and the Cursed Child,Lyric Theatre,141.65,329,12031,1622,8,0
11,1778641,261574.6,98.75,3.56,3/20/22,The Lion King,Minskoff Theatre,132.74,199,13399,1696,8,0
12,1313709.7,163279.2,92.53,14.02,3/20/22,MJ The Musical,Neil Simon Theatre,127.95,250,10267,1387,8,0
13,1381323.45,139652.75,93.32,1.47,3/20/22,Moulin Rouge! The Musical,Al Hirschfeld Theatre,142.33,0,9705,1300,8,0
14,3451723.68,269006.04,99.88,2.57,3/20/22,The Music Man,Winter Garden Theatre,283.28,697,12185,1525,8,0
15,355401,0,96.69,0,3/20/22,Paradise Square,Ethel Barrymore Theatre,46.84,248,7588,981,0,8
16,959191.06,236028.42,78.03,17.39,3/20/22,The Phantom of the Opera,Majestic Theatre,95.74,247,10019,1605,8,0
17,1657089.8,78807.45,99.9,0.9,3/20/22,Plaza Suite,Hudson Theatre,212.67,549,7792,975,0,8
18,1284951,33199,100.05,-0.1,3/20/22,SIX: The Musical,Lena Horne Theatre,155.71,249,8252,1031,8,0
19,351019.03,56155.43,86.43,-5.45,3/20/22,Take Me Out,Helen Hayes Theater,86.78,199,4045,585,0,8
20,778221.5,120854,54.73,6.02,3/20/22,Tina: The Tina Turner Musical,Lunt-Fontanne Theatre,120.26,249,6471,1478,8,0
21,1944704,439955,99.79,6.44,3/20/22,Wicked,Gershwin Theatre,130.51,242,14901,1867,8,0
0,949239.97,144270.57,88.82,5.19,3/13/22,Aladdin,New Amsterdam Theatre,77.35,,12272,1727,8,0
1,973094.75,131455.1,98.24,3.59,3/13/22,The Book of Mormon,Eugene O'Neill Theatre,116.15,,8378,1066,8,0
2,472617.56,131686.31,64.09,16.13,3/13/22,Chicago,Ambassador Theatre,85.36,,5537,1080,8,0
3,504156,116462.5,67.97,10.24,3/13/22,Come From Away,Gerald Schoenfeld Theatre,88.64,,5688,1046,8,0
4,830323.53,315324.33,89.57,27.11,3/13/22,Company,Bernard B. Jacobs Theatre,110.78,,7495,1046,8,0
5,790681.15,115418.45,83.08,12.71,3/13/22,David Byrne's American Utopia,St. James Theatre,105.12,,7522,1509,6,0
6,694610.5,158375,81.52,12.05,3/13/22,Dear Evan Hansen,Music Box Theatre,108.25,,6417,984,8,0
7,590660,-232356.3,100.78,2.28,3/13/22,Hadestown,Walter Kerr Theatre,127.68,,4626,918,5,0
8,2121711,164328,98.77,7.94,3/13/22,Hamilton,Richard Rodgers Theatre,202.8,,10462,1324,8,0
9,1346848.8,166551.5,85.8,4.61,3/13/22,Harry Potter and the Cursed Child,Lyric Theatre,120.97,,11134,1622,8,0
10,1517066.4,421982.4,95.19,2.16,3/13/22,The Lion King,Minskoff Theatre,117.46,,12916,1696,8,0
11,1150430.5,25620.6,78.51,-0.63,3/13/22,MJ The Musical,Neil Simon Theatre,129.54,,8881,1414,8,0
12,1241670.7,143826.85,91.85,5.94,3/13/22,Moulin Rouge! The Musical,Al Hirschfeld Theatre,129.99,,9552,1300,8,0
13,3182717.64,-43790.36,97.31,1.46,3/13/22,The Music Man,Winter Garden Theatre,268.09,,11872,1525,8,0
14,723162.64,52861.14,60.64,6.13,3/13/22,The Phantom of the Opera,Majestic Theatre,92.88,,7786,1605,8,0
15,1578282.35,-29470.95,99,1.96,3/13/22,Plaza Suite,Hudson Theatre,204.39,,7722,975,0,8
16,1251752,131255,100.15,3.88,3/13/22,SIX: The Musical,Lena Horne Theatre,151.54,,8260,1031,8,0
17,294863.6,0,91.88,0,3/13/22,Take Me Out,Helen Hayes Theater,91.43,,3225,585,0,6
18,657367.5,48273.5,48.71,4.73,3/13/22,Tina: The Tina Turner Musical,Lunt-Fontanne Theatre,114.15,,5759,1478,8,0
19,1504749,372462,93.35,9.72,3/13/22,Wicked,Gershwin Theatre,111.5,,13495,1807,8,0
0,804969.4,-284656.17,83.63,-13.43,3/6/22,Aladdin,New Amsterdam Theatre,69.66,,11555,1727,8,0
1,841639.65,-115852.13,94.65,-4.21,3/6/22,The Book of Mormon,Eugene O'Neill Theatre,104.27,,8072,1066,8,0
2,340931.25,-169229.52,47.96,-22.47,3/6/22,Chicago,Ambassador Theatre,82.27,,4144,1080,8,0
3,387693.5,-152170,57.73,-24.02,3/6/22,Come From Away,Gerald Schoenfeld Theatre,80.25,,4831,1046,8,0
4,514999.2,-277061.68,62.46,-28.59,3/6/22,Company,Bernard B. Jacobs Theatre,98.53,,5227,1046,8,0
5,675262.7,1608.15,70.37,-8.48,3/6/22,David Byrne's American Utopia,St. James Theatre,105.99,,6371,1509,6,0
6,536235.5,-244353.67,69.47,-26.24,3/6/22,Dear Evan Hansen,Music Box Theatre,98.05,,5469,984,8,0
7,823016.3,-81856.3,98.5,-1.77,3/6/22,Hadestown,Walter Kerr Theatre,113.77,,7234,918,8,0
8,1957383,-316582,90.83,-9.41,3/6/22,Hamilton,Richard Rodgers Theatre,203.45,,9621,1324,8,0
9,1180297.3,-390771.7,81.19,-17.8,3/6/22,Harry Potter and the Cursed Child,Lyric Theatre,115.08,,10256,1579,8,0
10,1095084,-493604,93.03,-5.34,3/6/22,The Lion King,Minskoff Theatre,86.76,,12622,1696,8,0
11,1124809.9,-243082.4,79.14,-16.79,3/6/22,MJ The Musical,Neil Simon Theatre,125.65,,8952,1414,8,0
12,1097843.85,-181933.9,85.91,-13.07,3/6/22,Moulin Rouge! The Musical,Al Hirschfeld Theatre,122.87,,8935,1300,8,0
13,3226508,-177130.09,95.85,-2.62,3/6/22,The Music Man,Winter Garden Theatre,275.91,,11694,1525,8,0
14,670301.5,-195391.68,54.51,-26.85,3/6/22,The Phantom of the Opera,Majestic Theatre,95.77,,6999,1605,8,0
15,1607753.3,886930.8,97.04,-2.96,3/6/22,Plaza Suite,Hudson Theatre,212.41,,7569,975,0,8
16,1120497,-102873,96.27,-2.34,3/6/22,SIX: The Musical,Lena Horne Theatre,141.12,,7940,1031,8,0
17,609094,-265460.5,43.98,-28.14,3/6/22,Tina: The Tina Turner Musical,Lunt-Fontanne Theatre,117.13,,5200,1478,8,0
18,1132287,-454183,83.63,-10.57,3/6/22,Wicked,Gershwin Theatre,107.04,,10578,1807,7,0
0,1089625.57,91673.43,97.06,3.13,2/27/22,Aladdin,New Amsterdam Theatre,81.25,,13410,1727,8,0
1,957491.78,-19559.2,98.86,2.24,2/27/22,The Book of Mormon,Eugene O'Neill Theatre,113.57,,8431,1066,8,0
2,510160.77,-41894.48,70.43,-3.81,2/27/22,Chicago,Ambassador Theatre,83.84,,6085,1080,8,0
3,539863.5,-39700.44,81.75,2.47,2/27/22,Come From Away,Gerald Schoenfeld Theatre,78.92,,6841,1046,8,0
4,792060.88,-59213.36,91.05,0.26,2/27/22,Company,Bernard B. Jacobs Theatre,103.96,,7619,1046,8,0
5,673654.55,25981.95,78.85,2.92,2/27/22,David Byrne's American Utopia,St. James Theatre,94.36,,7139,1509,6,0
6,780589.17,-18662.15,95.71,4.97,2/27/22,Dear Evan Hansen,Music Box Theatre,103.61,,7534,984,8,0
7,904872.6,-41262.59,100.27,-0.42,2/27/22,Hadestown,Walter Kerr Theatre,122.88,,7364,918,8,0
8,2273965,274415,100.24,6.17,2/27/22,Hamilton,Richard Rodgers Theatre,214.18,,10617,1324,8,0
9,1571069,-10969.75,98.99,1.49,2/27/22,Harry Potter and the Cursed Child,Lyric Theatre,125.64,,12505,1579,8,0
10,1588688,131279,98.37,3.06,2/27/22,The Lion King,Minskoff Theatre,119.03,,13347,1696,8,0
11,1367892.3,-41992.7,95.93,-1.9,2/27/22,MJ The Musical,Neil Simon Theatre,126.05,,10852,1414,8,0
12,1279777.75,-27050.55,98.98,-0.18,2/27/22,Moulin Rouge! The Musical,Al Hirschfeld Theatre,124.32,,10294,1300,8,0
13,3403638.09,223767.33,98.47,0.12,2/27/22,The Music Man,Winter Garden Theatre,283.33,,12013,1525,8,0
14,865693.18,12263.98,81.36,7.31,2/27/22,The Phantom of the Opera,Majestic Theatre,82.87,,10446,1605,8,0
15,720822.5,0,100,0,2/27/22,Plaza Suite,Hudson Theatre,246.44,,2925,975,0,3
16,1223370,52284,98.61,1.24,2/27/22,SIX: The Musical,Lena Horne Theatre,150.42,,8133,1031,8,0
17,874554.5,145038.5,72.12,15.47,2/27/22,Tina: The Tina Turner Musical,Lunt-Fontanne Theatre,102.55,,8528,1478,8,0
18,1586470,87648,94.2,-3.35,2/27/22,Wicked,Gershwin Theatre,116.5,,13618,1807,8,0
0,997952.14,137235.72,93.93,-1.16,2/20/22,Aladdin,New Amsterdam Theatre,76.9,,12978,1727,8,0
1,977050.98,191283.6,96.62,2.95,2/20/22,The Book of Mormon,Eugene O'Neill Theatre,118.57,,8240,1066,8,0
2,552055.25,130426.5,74.24,10.4,2/20/22,Chicago,Ambassador Theatre,86.07,,6414,1080,8,0
3,579563.94,139935.44,79.28,12,2/20/22,Come From Away,Gerald Schoenfeld Theatre,87.36,,6634,1046,8,0
4,851274.24,46476.26,90.79,-3.62,2/20/22,Company,Bernard B. Jacobs Theatre,112.05,,7597,1046,8,0
5,647672.6,102950,75.93,4.38,2/20/22,David Byrne's American Utopia,St. James Theatre,94.21,,6875,1509,6,0
6,799251.32,127857.92,90.74,6.31,2/20/22,Dear Evan Hansen,Music Box Theatre,111.89,,7143,984,8,0
7,946135.19,179518.34,100.69,2.35,2/20/22,Hadestown,Walter Kerr Theatre,127.94,,7395,918,8,0
8,1999550,173187,94.07,8.31,2/20/22,Hamilton,Richard Rodgers Theatre,200.68,,9964,1324,8,0
9,1582038.75,282154.25,97.5,5.12,2/20/22,Harry Potter and the Cursed Child,Lyric Theatre,128.45,,12316,1579,8,0
10,1457409,182355.2,95.31,0.42,2/20/22,The Lion King,Minskoff Theatre,112.7,,12932,1696,8,0
11,1409885,171683.5,97.83,5.4,2/20/22,MJ The Musical,Neil Simon Theatre,127.4,,11067,1414,8,0
12,1306828.3,141452.4,99.16,2.12,2/20/22,Moulin Rouge! The Musical,Al Hirschfeld Theatre,126.72,,10313,1300,8,0
13,3179870.76,329047.43,98.35,1.96,2/20/22,The Music Man,Winter Garden Theatre,265.01,,11999,1525,8,0
14,853429.2,147534.2,74.05,4.91,2/20/22,The Phantom of the Opera,Majestic Theatre,89.76,,9508,1605,8,0
15,1171086,176713,97.37,7.54,2/20/22,SIX: The Musical,Lena Horne Theatre,145.82,,8031,1031,8,0
16,295725,45972,103.07,-0.45,2/20/22,Skeleton Crew,Samuel J. Friedman Theatre,62.38,,4741,575,8,0
17,729516,-36624.5,56.65,-7.1,2/20/22,Tina: The Tina Turner Musical,Lunt-Fontanne Theatre,108.92,,6698,1478,8,0
18,1498822,226117,97.55,-0.46,2/20/22,Wicked,Gershwin Theatre,121.47,,12339,1807,7,0
0,860716.42,77804.61,95.09,7.53,2/13/22,Aladdin,New Amsterdam Theatre,65.52,,13137,1727,8,0
1,785767.38,41746.94,93.67,6.98,2/13/22,The Book of Mormon,Eugene O'Neill Theatre,112.41,,6990,1066,7,0
2,421628.75,70793.8,63.84,11.35,2/13/22,Chicago,Ambassador Theatre,76.44,,5516,1080,8,0
3,439628.5,26165.6,67.28,2.16,2/13/22,Come From Away,Gerald Schoenfeld Theatre,78.09,,5630,1046,8,0
4,804797.98,53974.44,94.41,3.98,2/13/22,Company,Bernard B. Jacobs Theatre,101.87,,7900,1046,8,0
5,544722.6,173064.2,71.55,0.14,2/13/22,David Byrne's American Utopia,St. James Theatre,90.64,,6010,1400,6,0
6,671393.4,84362.56,84.43,2.05,2/13/22,Dear Evan Hansen,Music Box Theatre,101.02,,6646,984,8,0
7,766616.85,43610.6,98.34,1.61,2/13/22,Hadestown,Walter Kerr Theatre,106.15,,7222,918,8,0
8,1826363,103075,85.76,6.16,2/13/22,Hamilton,Richard Rodgers Theatre,201.05,,9084,1324,8,0
9,1299884.5,67346.25,92.38,0.46,2/13/22,Harry Potter and the Cursed Child,Lyric Theatre,111.4,,11669,1579,8,0
10,1275053.8,116364.8,94.89,5.08,2/13/22,The Lion King,Minskoff Theatre,99.03,,12875,1696,8,0
11,1238201.5,363935.5,92.43,3.08,2/13/22,MJ The Musical,Neil Simon Theatre,118.42,,10456,1414,8,0
12,1165375.9,149377.35,97.04,6.39,2/13/22,Moulin Rouge! The Musical,Al Hirschfeld Theatre,115.48,,10092,1300,8,0
13,2850823.33,64655.85,96.39,3.82,2/13/22,The Music Man,Winter Garden Theatre,242.42,,11760,1525,5,3
14,705895,198962.5,69.14,16.87,2/13/22,The Phantom of the Opera,Majestic Theatre,79.51,,8878,1605,8,0
15,994373,23551,89.83,3.87,2/13/22,SIX: The Musical,Lena Horne Theatre,134.21,,7409,1031,8,0
16,249753,28251,103.52,-0.59,2/13/22,Skeleton Crew,Samuel J. Friedman Theatre,52.45,,4762,575,8,0
17,766140.5,206565,63.75,15.93,2/13/22,Tina: The Tina Turner Musical,Lunt-Fontanne Theatre,101.64,,7538,1478,8,0
18,1272705,136385.5,98.01,7.99,2/13/22,Wicked,Gershwin Theatre,102.66,,12397,1807,7,0
0,782911.81,63166.85,87.56,4.22,2/6/22,Aladdin,New Amsterdam Theatre,64.72,,12097,1727,8,0
1,744020.44,92750.15,86.69,5.37,2/6/22,The Book of Mormon,Eugene O'Neill Theatre,100.64,,7393,1066,8,0
2,350834.95,96451.35,52.49,14.5,2/6/22,Chicago,Ambassador Theatre,77.36,,4535,1080,8,0
3,413462.9,98541.4,65.12,4.2,2/6/22,Come From Away,Gerald Schoenfeld Theatre,75.88,,5449,1046,8,0
4,750823.54,13655.56,90.43,7.15,2/6/22,Company,Bernard B. Jacobs Theatre,99.22,,7567,1046,8,0
5,371658.4,13088.2,71.41,10.18,2/6/22,David Byrne's American Utopia,St. James Theatre,74.35,,4999,1400,5,0
6,587030.84,75271.09,82.38,13.06,2/6/22,Dear Evan Hansen,Music Box Theatre,103.46,,5674,984,7,0
7,723006.25,39376.6,96.73,2.93,2/6/22,Hadestown,Walter Kerr Theatre,101.77,,7104,918,8,0
8,1723288,-46566,79.6,1.38,2/6/22,Hamilton,Richard Rodgers Theatre,204.4,,8431,1324,8,0
9,1232538.25,108065.75,91.92,0.88,2/6/22,Harry Potter and the Cursed Child,Lyric Theatre,115.59,,10663,1450,8,0
10,1158689,147932,89.81,7.12,2/6/22,The Lion King,Minskoff Theatre,95.09,,12185,1696,8,0
11,874266,167621,89.35,5.23,2/6/22,MJ The Musical,Neil Simon Theatre,86.5,,10107,1414,7,1
12,1015998.55,109070.25,90.65,6.36,2/6/22,Moulin Rouge! The Musical,Al Hirschfeld Theatre,107.76,,9428,1300,8,0
13,2786167.48,293035.37,92.57,11.09,2/6/22,The Music Man,Winter Garden Theatre,246.69,,11294,1525,0,8
14,506932.5,88961.58,52.27,6.48,2/6/22,The Phantom of the Opera,Majestic Theatre,75.54,,6711,1605,8,0
15,970822,54313,85.96,0.19,2/6/22,SIX: The Musical,Lena Horne Theatre,136.93,,7090,1031,8,0
16,221502,98608,104.11,0.28,2/6/22,Skeleton Crew,Samuel J. Friedman Theatre,46.25,,4789,575,8,0
17,559575.5,132517.5,47.82,10.2,2/6/22,Tina: The Tina Turner Musical,Lunt-Fontanne Theatre,98.97,,5654,1478,8,0
18,1136319.5,225763,90.02,13.3,2/6/22,Wicked,Gershwin Theatre,99.79,,11387,1807,7,0
0,719744.96,362.44,83.34,1.07,1/30/22,Aladdin,New Amsterdam Theatre,62.51,,11514,1727,8,0
1,651270.29,-26612.4,81.32,-0.72,1/30/22,The Book of Mormon,Eugene O'Neill Theatre,93.91,,6935,1066,8,0
2,254383.6,-20925.15,37.99,-14.25,1/30/22,Chicago,Ambassador Theatre,77.51,,3282,1080,8,0
3,314921.5,-10548.36,60.92,0.02,1/30/22,Come From Away,Gerald Schoenfeld Theatre,61.77,,5098,1046,8,0
4,737167.98,-79781.13,83.28,-3.37,1/30/22,Company,Bernard B. Jacobs Theatre,105.78,,6969,1046,8,0
5,358570.2,-32721.05,61.23,-3.79,1/30/22,David Byrne's American Utopia,St. James Theatre,69.72,,5143,1400,6,0
6,511759.75,-118710.05,69.32,-9.18,1/30/22,Dear Evan Hansen,Music Box Theatre,107.17,,4775,984,7,0
7,683629.65,-20816.3,93.8,-0.82,1/30/22,Hadestown,Walter Kerr Theatre,99.23,,6889,918,8,0
8,1769854,-197803,78.22,-8.18,1/30/22,Hamilton,Richard Rodgers Theatre,213.62,,8285,1324,8,0
9,1124472.5,-75436.75,91.04,-1.87,1/30/22,Harry Potter and the Cursed Child,Lyric Theatre,106.47,,10561,1450,8,0
10,1010757,-39866,82.69,0.25,1/30/22,The Lion King,Minskoff Theatre,90.09,,11219,1696,8,0
11,706645,82242.5,84.12,-8.73,1/30/22,MJ The Musical,Neil Simon Theatre,84.87,,8326,1414,0,7
12,906928.3,-73558.8,84.29,-0.56,1/30/22,Moulin Rouge! The Musical,Al Hirschfeld Theatre,103.46,,8766,1300,8,0
13,2493132.11,-87844.38,81.48,-0.78,1/30/22,The Music Man,Winter Garden Theatre,250.82,,9940,1525,0,8
14,417970.92,-78198.07,45.79,-1.91,1/30/22,The Phantom of the Opera,Majestic Theatre,71.08,,5880,1605,8,0
15,916509,-26242,85.77,-1.15,1/30/22,SIX: The Musical,Lena Horne Theatre,129.56,,7074,1031,8,0
16,122894,9163,103.83,9.59,1/30/22,Skeleton Crew,Samuel J. Friedman Theatre,25.73,,4776,575,6,2
17,427058,20622.5,37.62,2.78,1/30/22,Tina: The Tina Turner Musical,Lunt-Fontanne Theatre,96.01,,4448,1478,8,0
18,910556.5,-119824,76.72,-5.68,1/30/22,Wicked,Gershwin Theatre,93.83,,9704,1807,7,0
0,719382.52,100570.32,82.27,18.32,1/23/22,Aladdin,New Amsterdam Theatre,63.29,,11367,1727,8,0
1,677882.69,-88522.66,82.04,-1.65,1/23/22,The Book of Mormon,Eugene O'Neill Theatre,96.9,,6996,1066,8,0
2,275308.75,6852.35,52.24,16.97,1/23/22,Chicago,Ambassador Theatre,81.33,,3385,1080,6,0
3,325469.86,14621.86,60.9,13.28,1/23/22,Come From Away,Gerald Schoenfeld Theatre,63.87,,5096,1046,8,0
4,816949.11,-49857.17,86.65,3.25,1/23/22,Company,Bernard B. Jacobs Theatre,112.67,,7251,1046,8,0
5,391291.25,-43347.5,65.02,6.04,1/23/22,David Byrne's American Utopia,St. James Theatre,71.64,,5462,1400,6,0
6,630469.8,-39225.92,78.5,0.52,1/23/22,Dear Evan Hansen,Music Box Theatre,116.6,,5407,984,7,0
7,260979.6,126436.2,52.24,20.59,1/23/22,Girl From the North Country,Belasco Theatre,62.57,,4171,998,8,0
8,704445.95,-91647.45,94.62,-0.76,1/23/22,Hadestown,Walter Kerr Theatre,101.37,,6949,918,8,0
9,1967657,-131320,86.4,-3.28,1/23/22,Hamilton,Richard Rodgers Theatre,215.02,,9151,1324,8,0
10,1199909.25,-127365.75,92.91,3.46,1/23/22,Harry Potter and the Cursed Child,Lyric Theatre,111.33,,10778,1450,8,0
11,1050623,-14335,82.44,8.8,1/23/22,The Lion King,Minskoff Theatre,93.92,,11186,1696,8,0
12,624402.5,92314.5,92.85,21.54,1/23/22,MJ The Musical,Neil Simon Theatre,79.27,,7877,1414,0,6
13,980487.1,-62872.5,84.85,6.64,1/23/22,Moulin Rouge! The Musical,Al Hirschfeld Theatre,111.12,,8824,1300,8,0
14,2580976.49,-39487.76,82.26,2.07,1/23/22,The Music Man,Winter Garden Theatre,257.17,,10036,1525,0,8
15,496168.99,-46841.25,47.7,3,1/23/22,The Phantom of the Opera,Majestic Theatre,81.01,,6125,1605,8,0
16,942751,11868,86.92,1.92,1/23/22,SIX: The Musical,Lena Horne Theatre,131.5,,7169,1031,8,0
17,113731,38881,94.24,32.85,1/23/22,Skeleton Crew,Samuel J. Friedman Theatre,26.24,,4335,575,0,8
18,294236.5,120673,68.89,24.08,1/23/22,Slave Play,August Wilson Theatre,48.81,,6028,1250,7,0
19,406435.5,-21435,34.84,5.4,1/23/22,Tina: The Tina Turner Musical,Lunt-Fontanne Theatre,98.67,,4119,1478,8,0
20,1030380.5,-57645.5,82.4,15.12,1/23/22,Wicked,Gershwin Theatre,98.86,,10423,1807,7,0
0,774977.5,305332,77.81,29.95,1/16/22,Ain't Too Proud—The Life and Times of the Temptations,Imperial Theatre,87.43,,8864,1424,8,0
1,618812.2,-148317.16,63.95,-8.88,1/16/22,Aladdin,New Amsterdam Theatre,70.04,,8835,1727,8,0
2,766405.35,16438.25,83.69,2.38,1/16/22,The Book of Mormon,Eugene O'Neill Theatre,107.38,,7137,1066,8,0
3,268456.4,-45631.39,35.27,-5.75,1/16/22,Chicago,Ambassador Theatre,88.11,,3047,1080,8,0
4,230503.25,81095.25,88.46,26.26,1/16/22,Clyde's,Helen Hayes Theater,55.68,,4140,585,8,0
5,310848,121419.81,47.62,5.32,1/16/22,Come From Away,Gerald Schoenfeld Theatre,78,,3985,1046,8,0
6,866806.28,128496.14,83.4,14.58,1/16/22,Company,Bernard B. Jacobs Theatre,124.2,,6979,1046,8,0
7,434638.75,20228.55,58.98,12.08,1/16/22,David Byrne's American Utopia,St. James Theatre,87.73,,4954,1400,6,0
8,669695.72,12288.72,77.98,0.95,1/16/22,Dear Evan Hansen,Music Box Theatre,124.69,,5371,984,7,0
9,234059,98792,71.85,34.26,1/16/22,Flying Over Sunset,Vivian Beaumont Theater,38.2,,6127,1066,8,0
10,134543.4,27470.15,31.65,12.87,1/16/22,Girl From the North Country,Belasco Theatre,53.24,,2527,998,8,0
11,796093.4,-5555.45,95.38,7.4,1/16/22,Hadestown,Walter Kerr Theatre,113.65,,7005,918,8,0
12,2098977,-23001,89.68,-0.44,1/16/22,Hamilton,Richard Rodgers Theatre,220.97,,9499,1324,8,0
13,1327275,16960.2,89.45,6.04,1/16/22,Harry Potter and the Cursed Child,Lyric Theatre,127.92,,10376,1450,8,0
14,1064958,-222682,73.64,-7.85,1/16/22,The Lion King,Minskoff Theatre,106.58,,9992,1696,8,0
15,532088,-71900.5,71.31,7.82,1/16/22,MJ The Musical,Neil Simon Theatre,75.39,,7058,1414,0,7
16,1043359.6,56261.25,78.21,6.32,1/16/22,Moulin Rouge! The Musical,Al Hirschfeld Theatre,128.27,,8134,1300,8,0
17,2620464.25,895825.42,80.19,0.26,1/16/22,The Music Man,Winter Garden Theatre,267.86,,9783,1525,0,8
18,543010.24,-111109.76,44.7,-9.02,1/16/22,The Phantom of the Opera,Majestic Theatre,94.62,,5739,1605,8,0
19,930883,58229,85,3.3,1/16/22,SIX: The Musical,Lena Horne Theatre,132.77,,7011,1031,8,0
20,74850,0,61.39,0,1/16/22,Skeleton Crew,Samuel J. Friedman Theatre,26.5,,2824,575,0,8
21,173563.5,62927,44.81,11.92,1/16/22,Slave Play,August Wilson Theatre,38.73,,4481,1250,8,0
22,427870.5,47448,29.44,3.53,1/16/22,Tina: The Tina Turner Musical,Lunt-Fontanne Theatre,122.92,,3481,1478,8,0
23,465524.28,103158.78,47.83,3.41,1/16/22,To Kill A Mockingbird,Sam S. Shubert Theatre,84.78,,5491,1435,8,0
24,1088026,-35070,67.28,-0.65,1/16/22,Wicked,Gershwin Theatre,111.87,,9726,1807,8,0
0,469645.5,-12005.82,47.86,-2.11,1/9/22,Ain't Too Proud—The Life and Times of the Temptations,Imperial Theatre,86.14,,5452,1424,8,0
1,767129.36,-462537.74,72.83,-18.93,1/9/22,Aladdin,New Amsterdam Theatre,76.24,,10062,1727,8,0
2,749967.1,-667600.45,81.31,-15.71,1/9/22,The Book of Mormon,Eugene O'Neill Theatre,108.16,,6934,1066,8,0
3,526588,223897,79.39,22.34,1/9/22,"Caroline, or Change",Studio 54,83.74,,6288,990,8,0
4,314087.79,-551203.11,41.02,-34.06,1/9/22,Chicago,Ambassador Theatre,88.63,,3544,1080,8,0
5,149408,13273.75,62.2,1.59,1/9/22,Clyde's,Helen Hayes Theater,51.33,,2911,585,8,0
6,189428.19,-262825.81,42.3,-23.07,1/9/22,Come From Away,Gerald Schoenfeld Theatre,107.02,,1770,1046,4,0
7,738310.14,-269665.96,68.82,-17.5,1/9/22,Company,Bernard B. Jacobs Theatre,128.2,,5759,1046,8,0
8,414410.2,-238665.05,46.9,-14.73,1/9/22,David Byrne's American Utopia,St. James Theatre,105.18,,3940,1400,6,0
9,657407,-670959.74,77.03,-15.47,1/9/22,Dear Evan Hansen,Music Box Theatre,123.9,,5306,984,7,0
10,135267,12213.5,37.59,11.11,1/9/22,Flying Over Sunset,Vivian Beaumont Theater,42.19,,3206,1066,8,0
11,107073.25,-74933.95,18.78,-7.86,1/9/22,Girl From the North Country,Belasco Theatre,71.43,,1499,998,8,0
12,801648.85,-140435.5,87.98,-10.95,1/9/22,Hadestown,Walter Kerr Theatre,124.08,,6461,918,8,0
13,2121978,-472751,90.12,-8.47,1/9/22,Hamilton,Richard Rodgers Theatre,222.29,,9546,1324,8,0
14,1310314.8,-580266.7,83.41,-14.78,1/9/22,Harry Potter and the Cursed Child,Lyric Theatre,135.42,,9676,1450,8,0
15,1287640,-195121,81.49,-9.63,1/9/22,The Lion King,Minskoff Theatre,116.45,,11057,1696,8,0
16,603988.5,-172670,63.49,-17.51,1/9/22,MJ The Musical,Neil Simon Theatre,96.12,,6284,1414,0,7
17,987098.35,309356.85,71.89,-23.78,1/9/22,Moulin Rouge! The Musical,Al Hirschfeld Theatre,132.02,,7477,1300,8,0
18,419319,-514499,69.37,-7.71,1/9/22,Mrs. Doubtfire,Stephen Sondheim Theatre,73.08,,5738,1034,8,0
19,1724638.83,1307472.83,79.93,-18.63,1/9/22,The Music Man,Winter Garden Theatre,282.96,,6095,1525,0,5
20,654120,-763456.62,53.72,-29.38,1/9/22,The Phantom of the Opera,Majestic Theatre,94.83,,6898,1605,8,0
21,872654,591658,81.7,-3.41,1/9/22,SIX: The Musical,Lena Horne Theatre,129.49,,6739,1031,8,0
22,110636.5,24529.25,32.89,6.72,1/9/22,Slave Play,August Wilson Theatre,33.64,,3289,1250,8,0
23,380422.5,-339748,25.91,-10.8,1/9/22,Tina: The Tina Turner Musical,Lunt-Fontanne Theatre,124.16,,3064,1478,8,0
24,362365.5,-1200948.06,44.42,-43.25,1/9/22,To Kill A Mockingbird,Sam S. Shubert Theatre,81.21,,4462,1435,7,0
25,273091.83,168669.19,63.77,6.86,1/9/22,Trouble in Mind,American Airlines Theatre,73.63,,3709,727,8,0
26,1123096,-1657069,67.93,-28.4,1/9/22,Wicked,Gershwin Theatre,114.37,,9820,1807,8,0
0,481651.32,0,49.97,0,1/2/22,Ain't Too Proud—The Life and Times of the Temptations,Imperial Theatre,96.7,,4981,1424,7,0
1,1229667.1,0,91.76,0,1/2/22,Aladdin,New Amsterdam Theatre,129.33,,9508,1727,6,0
2,1417567.55,269003.85,97.02,0.83,1/2/22,The Book of Mormon,Eugene O'Neill Theatre,152.3,,9308,1066,9,0
3,302691,70906,57.05,9.34,1/2/22,"Caroline, or Change",Studio 54,67,,4518,990,8,0
4,865290.9,39821.05,75.08,-20.09,1/2/22,Chicago,Ambassador Theatre,118.57,,7298,1080,9,0
5,136134.25,-32072,60.61,0.59,1/2/22,Clyde's,Helen Hayes Theater,54.85,,2482,585,7,0
6,452254,268047.5,65.37,-1.7,1/2/22,Come From Away,Gerald Schoenfeld Theatre,132.28,,3419,1046,5,0
7,1007976.1,207549.37,86.32,-3.53,1/2/22,Company,Bernard B. Jacobs Theatre,139.55,,7223,1046,8,0
8,653075.25,530107.5,61.63,-12.58,1/2/22,David Byrne's American Utopia,St. James Theatre,112.99,,5780,1563,6,0
9,1328366.74,0,92.5,0,1/2/22,Dear Evan Hansen,Music Box Theatre,162.15,,8192,984,9,0
10,123053.5,63502.5,26.48,-9.01,1/2/22,Flying Over Sunset,Vivian Beaumont Theater,54.5,,2258,1066,8,0
11,412937.5,72317.5,67.63,9.69,1/2/22,Freestyle Love Supreme,Booth Theatre,99.5,,4150,767,8,0
12,182007.2,-15683.5,26.64,-5.6,1/2/22,Girl From the North Country,Belasco Theatre,76.06,,2393,998,9,0
13,942084.35,0,98.93,0,1/2/22,Hadestown,Walter Kerr Theatre,172.89,,5449,918,6,0
14,2594729,0,98.59,0,1/2/22,Hamilton,Richard Rodgers Theatre,283.98,,9137,1324,7,0
15,1890581.5,0,98.19,0,1/2/22,Harry Potter and the Cursed Child,Lyric Theatre,197.84,,9556,1622,6,0
16,1001263.5,94893.5,87.29,9.18,1/2/22,The Lehman Trilogy,Nederlander Theatre,142.73,,7015,1148,7,0
17,1482761,0,91.12,0,1/2/22,The Lion King,Minskoff Theatre,191.89,,7727,1696,5,0
18,776658.5,0,81,0,1/2/22,MJ The Musical,Neil Simon Theatre,135.61,,5727,1414,0,5
19,677741.5,-297452.5,95.67,1.53,1/2/22,Moulin Rouge! The Musical,Al Hirschfeld Theatre,181.65,,3731,1300,3,0
20,933818,268710,77.08,-7.64,1/2/22,Mrs. Doubtfire,Stephen Sondheim Theatre,130.19,,7173,1034,9,0
21,417166,-1807658,98.56,-0.36,1/2/22,The Music Man,Winter Garden Theatre,277.56,,1503,1525,0,1
22,1417576.62,-59854.47,83.1,-11.64,1/2/22,The Phantom of the Opera,Majestic Theatre,132.86,,10670,1605,8,0
23,280996,0,85.11,0,1/2/22,SIX: The Musical,Lena Horne Theatre,160.11,,1755,1031,2,0
24,44425,0,78.04,0,1/2/22,Skeleton Crew,Samuel J. Friedman Theatre,24.75,,1795,575,0,4
25,86107.25,8955.25,26.17,3.47,1/2/22,Slave Play,August Wilson Theatre,37.6,,2290,1250,7,0
26,720170.5,591826.5,36.71,-13.76,1/2/22,Tina: The Tina Turner Musical,Lunt-Fontanne Theatre,165.9,,4341,1478,8,0
27,1563313.56,881565.76,87.67,-7.43,1/2/22,To Kill A Mockingbird,Sam S. Shubert Theatre,155.34,,10064,1435,8,0
28,104422.64,11851.38,56.91,10.93,1/2/22,Trouble in Mind,American Airlines Theatre,36.06,,2896,727,7,0
29,2780165,215315,96.33,-3.27,1/2/22,Wicked,Gershwin Theatre,166.51,,16697,1926,9,0
0,1148563.7,-97463.8,96.19,-3.99,12/26/21,The Book of Mormon,Eugene O'Neill Theatre,160.01,,7178,1066,7,0
1,231785,-246363,47.71,-24.54,12/26/21,"Caroline, or Change",Studio 54,70.11,,3306,990,7,0
2,825469.85,55743.86,95.17,4.93,12/26/21,Chicago,Ambassador Theatre,114.73,,7195,1080,7,0
3,168206.25,-57757.5,60.02,-6.95,12/26/21,Clyde's,Helen Hayes Theater,59.88,,2809,585,8,0
4,184206.5,-546478.3,67.07,-14.77,12/26/21,Come From Away,Gerald Schoenfeld Theatre,131.29,,1403,1046,2,0
5,800426.73,-163540.43,89.85,-10.11,12/26/21,Company,Bernard B. Jacobs Theatre,141.94,,5639,1046,6,0
6,122967.75,-611205,74.21,7.22,12/26/21,David Byrne's American Utopia,St. James Theatre,118.35,,1039,1400,1,0
7,59551,-182685,35.49,-15.76,12/26/21,Flying Over Sunset,Vivian Beaumont Theater,52.47,,1135,1066,3,0
8,340620,-146336.5,57.94,-35.76,12/26/21,Freestyle Love Supreme,Booth Theatre,95.81,,3555,767,8,0
9,197690.7,-101951.8,32.24,-10.67,12/26/21,Girl From the North Country,Belasco Theatre,87.78,,2252,998,7,0
10,906370,-287018.5,78.11,-16.61,12/26/21,The Lehman Trilogy,Nederlander Theatre,144.4,,6277,1148,7,0
11,975194,600599,94.14,-5.82,12/26/21,Moulin Rouge! The Musical,Al Hirschfeld Theatre,159.37,,6119,1300,5,0
12,665108,0,84.72,0,12/26/21,Mrs. Doubtfire,Stephen Sondheim Theatre,126.54,,5256,1034,6,0
13,2224824,0,98.92,0,12/26/21,The Music Man,Winter Garden Theatre,294.95,,7543,1525,0,5
14,1477431.09,358863.56,94.74,4.28,12/26/21,The Phantom of the Opera,Majestic Theatre,121.45,,12165,1605,8,0
15,77152,-63292.75,22.7,-10.42,12/26/21,Slave Play,August Wilson Theatre,38.85,,1986,1250,7,0
16,62985.5,-134181.5,48.67,-11.06,12/26/21,Thoughts of a Colored Man,John Golden Theatre,53.79,,1171,802,3,0
17,128344,-2886,50.47,-13.54,12/26/21,Tina: The Tina Turner Musical,Lunt-Fontanne Theatre,172.04,,746,1478,1,0
18,681747.8,-878222.94,95.1,-4.54,12/26/21,To Kill A Mockingbird,Sam S. Shubert Theatre,124.89,,5459,1435,4,0
19,92571.26,-102805.89,45.98,-12.48,12/26/21,Trouble in Mind,American Airlines Theatre,39.56,,2340,727,7,0
20,133674.2,-733428.6,100,14.64,12/26/21,Waitress,Ethel Barrymore Theatre,129.03,,1036,1036,1,0
21,2564850,408458,99.6,0.85,12/26/21,Wicked,Gershwin Theatre,167.12,,15347,1926,8,0
0,101946.5,-797834.98,70.29,-10.59,12/19/21,Ain't Too Proud—The Life and Times of the Temptations,Imperial Theatre,101.84,,1001,1424,1,0
1,977649.31,-279783.88,95.23,-1.59,12/19/21,Aladdin,New Amsterdam Theatre,99.07,,9868,1727,6,0
2,1246027.5,16256.4,100.18,1.01,12/19/21,The Book of Mormon,Eugene O'Neill Theatre,145.85,,8543,1066,8,0
3,478148,-40048,72.25,-5.45,12/19/21,"Caroline, or Change",Studio 54,83.56,,5722,990,8,0
4,769725.99,120387.48,90.24,11.07,12/19/21,Chicago,Ambassador Theatre,98.72,,7797,1080,8,0
5,225963.75,-17651.75,66.97,-2.52,12/19/21,Clyde's,Helen Hayes Theater,72.1,,3134,585,8,0
6,730684.8,10976.8,81.84,2.19,12/19/21,Come From Away,Gerald Schoenfeld Theatre,106.7,,6848,1046,8,0
7,963967.16,111694.06,99.96,-1.31,12/19/21,Company,Bernard B. Jacobs Theatre,131.71,,7319,1046,7,0
8,734172.75,-138451.5,66.99,-12,12/19/21,David Byrne's American Utopia,St. James Theatre,121.05,,6065,1509,6,0
9,997978.96,607268.96,98.42,0.76,12/19/21,Dear Evan Hansen,Music Box Theatre,128.8,,7748,984,8,0
10,416672,43131,64.04,12.86,12/19/21,Diana,Longacre Theatre,88.35,,4716,1052,7,0
11,242236,-80388.5,51.25,-17.7,12/19/21,Flying Over Sunset,Vivian Beaumont Theater,55.42,,4371,1066,8,0
12,486956.5,271380,93.7,9.37,12/19/21,Freestyle Love Supreme,Booth Theatre,96.79,,5031,767,7,0
13,299642.5,-10853.68,42.91,-4.14,12/19/21,Girl From the North Country,Belasco Theatre,87.46,,3426,998,8,0
14,492157,-640454.5,100,0.12,12/19/21,Hadestown,Walter Kerr Theatre,134.03,,3672,918,4,0
15,623169,-2076715,100.83,0.01,12/19/21,Hamilton,Richard Rodgers Theatre,233.4,,2670,1324,2,0
16,883052.65,-807102.05,95.75,1.88,12/19/21,Harry Potter and the Cursed Child,Lyric Theatre,142.15,,6212,1622,4,0
17,225333.65,-542420.81,68.3,-13.94,12/19/21,Jagged Little Pill,Broadhurst Theatre,97.76,,2305,1125,3,0
18,1193388.5,12784,94.72,-0.97,12/19/21,The Lehman Trilogy,Nederlander Theatre,156.78,,7612,1148,7,0
19,2155799,173100,98.92,-0.51,12/19/21,The Lion King,Minskoff Theatre,160.62,,13422,1696,8,0
20,178187,-751583,98.3,0,12/19/21,MJ The Musical,Neil Simon Theatre,128.19,,1390,1414,0,1
21,374595,-1360717.5,99.96,0.22,12/19/21,Moulin Rouge! The Musical,Al Hirschfeld Theatre,144.13,,2599,1300,2,0
22,1118567.53,78154.27,90.46,3.06,12/19/21,The Phantom of the Opera,Majestic Theatre,110.06,,10163,1605,7,0
23,1347922,38769,101.01,0.71,12/19/21,SIX: The Musical,Lena Horne Theatre,161.8,,8331,1031,8,0
24,140444.75,-59519.75,33.12,-12.64,12/19/21,Slave Play,August Wilson Theatre,42.4,,3312,1250,8,0
25,197167,-162322.34,59.73,-5.72,12/19/21,Thoughts of a Colored Man,John Golden Theatre,68.6,,2874,802,6,0
26,131230,-1354858,64.01,-18.27,12/19/21,Tina: The Tina Turner Musical,Lunt-Fontanne Theatre,138.72,,946,1478,1,0
27,1559970.74,18700.74,99.64,0,12/19/21,To Kill A Mockingbird,Sam S. Shubert Theatre,136.37,,11439,1435,8,0
28,195377.15,-25635.85,58.46,-2.53,12/19/21,Trouble in Mind,American Airlines Theatre,57.46,,3400,727,8,0
29,867102.8,147257.49,85.36,12.77,12/19/21,Waitress,Ethel Barrymore Theatre,122.56,,7075,1036,8,0
30,2156392,44227,98.75,1.14,12/19/21,Wicked,Gershwin Theatre,141.72,,15216,1926,8,0
0,899781.48,215096.37,80.88,4.66,12/12/21,Ain't Too Proud—The Life and Times of the Temptations,Imperial Theatre,111.61,,8062,1424,7,0
1,1257433.19,59798.24,96.82,4.1,12/12/21,Aladdin,New Amsterdam Theatre,94.01,,13376,1727,8,0
2,1229771.1,110579.2,99.17,1.89,12/12/21,The Book of Mormon,Eugene O'Neill Theatre,145.41,,8457,1066,8,0
3,518196,30125,77.7,5.24,12/12/21,"Caroline, or Change",Studio 54,84.2,,6154,990,8,0
4,649338.51,89941.26,79.17,-9.16,12/12/21,Chicago,Ambassador Theatre,94.93,,6840,1080,8,0
5,243615.5,43401,69.49,7.57,12/12/21,Clyde's,Helen Hayes Theater,74.91,,3252,585,8,0
6,719708,84719.47,79.65,8.98,12/12/21,Come From Away,Gerald Schoenfeld Theatre,107.98,,6665,1046,8,0
7,852273.1,38149.77,101.27,10.04,12/12/21,Company,Bernard B. Jacobs Theatre,114.94,,7415,1046,4,3
8,872624.25,0,78.99,0,12/12/21,David Byrne's American Utopia,St. James Theatre,126.63,,6891,1454,6,0
9,390710,0,97.66,0,12/12/21,Dear Evan Hansen,Music Box Theatre,135.52,,2883,984,3,0
10,373541,-86071.33,51.18,-6.87,12/12/21,Diana,Longacre Theatre,99.11,,3769,1052,7,0
11,322624.5,2326.5,68.95,14.07,12/12/21,Flying Over Sunset,Vivian Beaumont Theater,54.87,,5880,1066,0,8
12,215576.5,-24707,84.33,13.75,12/12/21,Freestyle Love Supreme,Booth Theatre,55.55,,3881,767,6,0
13,310496.18,19662.15,47.05,1.72,12/12/21,Girl From the North Country,Belasco Theatre,94.46,,3287,998,7,0
14,1132611.5,81165.25,99.88,1.57,12/12/21,Hadestown,Walter Kerr Theatre,154.41,,7335,918,8,0
15,2699884,-16970,100.82,-0.1,12/12/21,Hamilton,Richard Rodgers Theatre,252.82,,10679,1324,8,0
16,1690154.7,18593.2,93.87,10.7,12/12/21,Harry Potter and the Cursed Child,Lyric Theatre,138.75,,12181,1622,8,0
17,767754.46,83186.34,82.24,-0.11,12/12/21,Jagged Little Pill,Broadhurst Theatre,103.72,,7402,1125,8,0
18,1180604.5,125057.5,95.69,6.7,12/12/21,The Lehman Trilogy,Nederlander Theatre,153.52,,7690,1148,7,0
19,1982699,39432,99.43,1.46,12/12/21,The Lion King,Minskoff Theatre,146.96,,13491,1696,8,0
20,929770,0,98.3,0,12/12/21,MJ The Musical,Neil Simon Theatre,133.78,,6950,1414,0,5
21,1735312.5,49009,99.74,-0.13,12/12/21,Moulin Rouge! The Musical,Al Hirschfeld Theatre,167.29,,10373,1300,8,0
22,569928,-8225,97.72,4.57,12/12/21,Mrs. Doubtfire,Stephen Sondheim Theatre,112.81,,5052,1034,5,0
23,1040413.26,42218.76,87.4,2.2,12/12/21,The Phantom of the Opera,Majestic Theatre,105.96,,9819,1605,7,0
24,1309153,21958,100.3,-0.5,12/12/21,SIX: The Musical,Lena Horne Theatre,158.24,,8273,1031,8,0
25,199964.5,34923.95,45.76,-19.59,12/12/21,Slave Play,August Wilson Theatre,43.7,,4576,1250,8,0
26,359489.34,-62546.16,65.45,-7.6,12/12/21,Thoughts of a Colored Man,John Golden Theatre,85.61,,4199,802,8,0
27,1486088,50089,82.28,4.33,12/12/21,Tina: The Tina Turner Musical,Lunt-Fontanne Theatre,152.75,,9729,1478,8,0
28,1541270,93118.6,99.64,3.48,12/12/21,To Kill A Mockingbird,Sam S. Shubert Theatre,134.74,,11439,1435,8,0
29,221013,16710,60.99,-5.64,12/12/21,Trouble in Mind,American Airlines Theatre,62.31,,3547,727,8,0
30,719845.31,-13108.59,72.59,-0.38,12/12/21,Waitress,Ethel Barrymore Theatre,119.66,,6016,1036,8,0
31,2112165,988338,97.61,3.08,12/12/21,Wicked,Gershwin Theatre,140.45,,15039,1926,8,0
0,684685.11,-95834.4,76.22,6.14,12/5/21,Ain't Too Proud—The Life and Times of the Temptations,Imperial Theatre,105.14,,6512,1424,6,0
1,1197634.95,-478578.55,92.72,-3.55,12/5/21,Aladdin,New Amsterdam Theatre,93.49,,12810,1727,8,0
2,1119191.9,-166803.6,97.28,-2.09,12/5/21,The Book of Mormon,Eugene O'Neill Theatre,134.91,,8296,1066,8,0
3,488071,73493,72.46,10.76,12/5/21,"Caroline, or Change",Studio 54,85.04,,5739,990,8,0
4,559397.25,-195156.25,88.33,-6.17,12/5/21,Chicago,Ambassador Theatre,97.73,,5724,1080,6,0
5,200214.5,20922.5,61.92,-9.9,12/5/21,Clyde's,Helen Hayes Theater,69.09,,2898,585,8,0
6,634988.53,-166419.08,70.67,-9.36,12/5/21,Come From Away,Gerald Schoenfeld Theatre,107.37,,5914,1046,8,0
7,814123.33,-67902.67,91.23,-3.68,12/5/21,Company,Bernard B. Jacobs Theatre,121.87,,6680,1046,0,7
8,459612.33,186826.83,58.05,-1.48,12/5/21,Diana,Longacre Theatre,107.51,,4275,1052,7,0
9,320298,52460.5,54.88,3.17,12/5/21,Flying Over Sunset,Vivian Beaumont Theater,68.44,,4680,1066,0,8
10,240283.5,-127829.34,70.58,6.17,12/5/21,Freestyle Love Supreme,Booth Theatre,55.48,,4331,767,8,0
11,290834.03,-11792.47,45.33,2.13,12/5/21,Girl From the North Country,Belasco Theatre,91.83,,3167,998,7,0
12,1051446.25,-295939.75,98.31,-2.04,12/5/21,Hadestown,Walter Kerr Theatre,145.63,,7220,918,8,0
13,2716854,-453578,100.92,0,12/5/21,Hamilton,Richard Rodgers Theatre,254.17,,10689,1324,8,0
14,1671561.5,-602233.5,83.17,-15.46,12/5/21,Harry Potter and the Cursed Child,Lyric Theatre,154.89,,10792,1622,0,8
15,684568.12,-65572.34,82.35,-1.13,12/5/21,Jagged Little Pill,Broadhurst Theatre,105.56,,6485,1125,7,0
16,1055547,28196.5,88.99,0.9,12/5/21,The Lehman Trilogy,Nederlander Theatre,147.61,,7151,1148,7,0
17,1943267,-592589,97.97,1.07,12/5/21,The Lion King,Minskoff Theatre,146.19,,13293,1696,8,0
18,1686303.5,-52407.5,99.87,0.13,12/5/21,Moulin Rouge! The Musical,Al Hirschfeld Theatre,162.36,,10386,1300,8,0
19,578153,-273721,93.15,-2.18,12/5/21,Mrs. Doubtfire,Stephen Sondheim Theatre,85.75,,6742,1034,1,6
20,998194.5,-378972.98,85.2,-9.75,12/5/21,The Phantom of the Opera,Majestic Theatre,104.28,,9572,1605,7,0
21,1287195,-36467,100.8,0.36,12/5/21,SIX: The Musical,Lena Horne Theatre,154.82,,8314,1031,8,0
22,165040.55,16054.15,65.35,10.48,12/5/21,Slave Play,August Wilson Theatre,28.86,,5718,1250,4,3
23,422035.5,24158.76,73.05,8.84,12/5/21,Thoughts of a Colored Man,John Golden Theatre,90.04,,4687,802,8,0
24,1435999,203556,77.95,15.85,12/5/21,Tina: The Tina Turner Musical,Lunt-Fontanne Theatre,155.8,,9217,1478,8,0
25,1448151.4,-95523.72,96.16,-3.3,12/5/21,To Kill A Mockingbird,Sam S. Shubert Theatre,131.19,,11039,1435,8,0
26,204303,69551,66.63,-1.99,12/5/21,Trouble in Mind,American Airlines Theatre,52.72,,3875,727,8,0
27,732953.9,-199776.62,72.97,-12.25,12/5/21,Waitress,Ethel Barrymore Theatre,121.19,,6048,1036,8,0
28,1123827,-1248161,94.53,-5.36,12/5/21,Wicked,Gershwin Theatre,131.58,,8541,1807,5,0
0,780519.51,110355.02,70.08,1.96,11/28/21,Ain't Too Proud—The Life and Times of the Temptations,Imperial Theatre,111.73,,6986,1424,7,0
1,1676213.5,754436.14,96.27,3.37,11/28/21,Aladdin,New Amsterdam Theatre,126.02,,13301,1727,8,0
2,1285995.5,173923.15,99.37,2.54,11/28/21,The Book of Mormon,Eugene O'Neill Theatre,151.76,,8474,1066,8,0
3,414578,-16124,61.7,-3.57,11/28/21,"Caroline, or Change",Studio 54,84.83,,4887,990,8,0
4,754553.5,235770.07,94.5,25.26,11/28/21,Chicago,Ambassador Theatre,105.62,,7144,1080,7,0
5,183451.5,67043.5,86.95,-4.16,11/28/21,Chicken & Biscuits,Circle in the Square Theatre,35.12,,5224,751,8,0
6,179292,19849,71.82,6.5,11/28/21,Clyde's,Helen Hayes Theater,53.34,,3361,585,7,1
7,801407.61,268035.9,80.03,18.15,11/28/21,Come From Away,Gerald Schoenfeld Theatre,119.67,,6697,1046,8,0
8,882026,76842.7,94.91,-1.73,11/28/21,Company,Bernard B. Jacobs Theatre,126.93,,6949,1046,0,7
9,126820.41,2088.31,57.59,5.18,11/28/21,Dana H.,Lyceum Theatre,59.71,,2124,922,4,0
10,973009.75,230028.5,74.42,4.07,11/28/21,David Byrne's American Utopia,St. James Theatre,125.1,,7778,1493,7,0
11,272785.5,22483.59,59.53,-14.89,11/28/21,Diana,Longacre Theatre,54.45,,5010,1052,8,0
12,267837.5,-77399.5,51.71,-7.49,11/28/21,Flying Over Sunset,Vivian Beaumont Theater,60.73,,4410,1066,0,8
13,368112.84,118485.84,64.41,-11.63,11/28/21,Freestyle Love Supreme,Booth Theatre,93.15,,3952,767,8,0
14,302626.5,36184.36,43.2,-1.72,11/28/21,Girl From the North Country,Belasco Theatre,87.74,,3449,998,8,0
15,1347386,253840.5,100.35,1.68,11/28/21,Hadestown,Walter Kerr Theatre,182.82,,7370,918,8,0
16,3170432,454477,100.92,0.18,11/28/21,Hamilton,Richard Rodgers Theatre,296.61,,10689,1324,8,0
17,2273795,1112226.5,98.63,8.36,11/28/21,Harry Potter and the Cursed Child,Lyric Theatre,177.67,,12798,1622,0,8
18,115514.5,3117.7,48.37,3.77,11/28/21,Is This A Room,Lyceum Theatre,64.75,,1784,922,4,0
19,750140.46,121542.67,83.48,2.03,11/28/21,Jagged Little Pill,Broadhurst Theatre,114.11,,6574,1125,7,0
20,1027350.5,57797,88.09,0.1,11/28/21,The Lehman Trilogy,Nederlander Theatre,145.13,,7079,1148,7,0
21,2535856,945159,96.9,-0.4,11/28/21,The Lion King,Minskoff Theatre,192.88,,13147,1696,8,0
22,1738711,198639,99.74,1.69,11/28/21,Moulin Rouge! The Musical,Al Hirschfeld Theatre,167.62,,10373,1300,8,0
23,851874,272034,95.33,3.45,11/28/21,Mrs. Doubtfire,Stephen Sondheim Theatre,123.46,,6900,1034,0,7
24,1377167.48,487456.91,94.95,16.79,11/28/21,The Phantom of the Opera,Majestic Theatre,129.09,,10668,1605,7,0
25,1323662,84100,100.44,-0.04,11/28/21,SIX: The Musical,Lena Horne Theatre,159.79,,8284,1031,8,0
26,148986.4,0,54.87,0,11/28/21,Slave Play,August Wilson Theatre,36.21,,4115,1250,0,6
27,397876.74,25640.18,64.21,-6.43,11/28/21,Thoughts of a Colored Man,John Golden Theatre,96.57,,4120,802,8,0
28,1232443,93280,62.1,0.63,11/28/21,Tina: The Tina Turner Musical,Lunt-Fontanne Theatre,167.84,,7343,1478,8,0
29,1543675.12,313728.53,99.46,3.66,11/28/21,To Kill A Mockingbird,Sam S. Shubert Theatre,135.2,,11418,1435,8,0
30,134752,-29978,68.62,-10.18,11/28/21,Trouble in Mind,American Airlines Theatre,38.59,,3492,727,7,0
31,932730.52,160929.95,85.22,12.08,11/28/21,Waitress,Ethel Barrymore Theatre,132.06,,7063,1036,8,0
32,2371988,741760,99.89,7.56,11/28/21,Wicked,Gershwin Theatre,154.12,,15391,1926,8,0
0,670164.49,-151939.03,68.12,-12.6,11/21/21,Ain't Too Proud—The Life and Times of the Temptations,Imperial Theatre,98.7,,6790,1424,7,0
1,921777.36,-11543.15,92.9,-2.98,11/21/21,Aladdin,New Amsterdam Theatre,82.07,,11231,1727,7,0
2,1112072.35,41219.35,96.83,-3.04,11/21/21,The Book of Mormon,Eugene O'Neill Theatre,134.67,,8258,1066,8,0
3,430702,-70474,65.27,-9.17,11/21/21,"Caroline, or Change",Studio 54,83.32,,5169,990,8,0
4,518783.43,-26141.27,69.24,-6.46,11/21/21,Chicago,Ambassador Theatre,86.72,,5982,1080,8,0
5,116408,0,91.11,0,11/21/21,Chicken & Biscuits,Circle in the Square Theatre,42.53,,2737,751,4,0
6,159443,-64380.31,65.32,-11.3,11/21/21,Clyde's,Helen Hayes Theater,52.16,,3057,585,0,8
7,533371.71,-92926.51,61.88,-17.92,11/21/21,Come From Away,Gerald Schoenfeld Theatre,103.01,,5178,1046,8,0
8,805183.3,0,96.64,0,11/21/21,Company,Bernard B. Jacobs Theatre,132.76,,6065,1046,0,6
9,124732.1,-29042.72,52.41,-13.75,11/21/21,Dana H.,Lyceum Theatre,64.53,,1933,922,4,0
10,742981.25,-181328.55,70.35,-12.93,11/21/21,David Byrne's American Utopia,St. James Theatre,121.07,,6137,1454,6,0
11,250301.91,-115043.09,74.42,-3.44,11/21/21,Diana,Longacre Theatre,45.68,,5480,1052,5,2
12,345237,120445,59.2,-10.01,11/21/21,Flying Over Sunset,Vivian Beaumont Theater,68.38,,5049,1066,0,8
13,249627,-27638,76.04,8.36,11/21/21,Freestyle Love Supreme,Booth Theatre,53.5,,4666,767,8,0
14,266442.14,-71707.36,44.92,-9.39,11/21/21,Girl From the North Country,Belasco Theatre,84.91,,3138,998,7,0
15,1093545.5,-29569.5,98.67,-0.95,11/21/21,Hadestown,Walter Kerr Theatre,150.92,,7246,918,8,0
16,2715955,42785,100.74,-0.29,11/21/21,Hamilton,Richard Rodgers Theatre,254.54,,10670,1324,8,0
17,1161568.5,356262.5,90.27,-8.97,11/21/21,Harry Potter and the Cursed Child,Lyric Theatre,158.66,,7321,1622,0,5
18,112396.8,-86679.2,44.6,-32.43,11/21/21,Is This A Room,Lyceum Theatre,68.33,,1645,922,4,0
19,628597.79,-132605.86,81.45,-11.59,11/21/21,Jagged Little Pill,Broadhurst Theatre,98,,6414,1125,7,0
20,969553.5,-40824,87.99,-3.98,11/21/21,The Lehman Trilogy,Nederlander Theatre,137.12,,7071,1148,7,0
21,1590697,6175,97.3,-1.84,11/21/21,The Lion King,Minskoff Theatre,120.5,,13201,1696,8,0
22,1540072,-66228.5,98.05,-1.73,11/21/21,Moulin Rouge! The Musical,Al Hirschfeld Theatre,151.03,,10197,1300,8,0
23,579840,-50863,91.88,-5.59,11/21/21,Mrs. Doubtfire,Stephen Sondheim Theatre,101.73,,5700,1034,0,6
24,889710.57,-110035.29,78.16,-6.24,11/21/21,The Phantom of the Opera,Majestic Theatre,101.32,,8781,1605,7,0
25,1239562,-41880,100.48,-0.11,11/21/21,SIX: The Musical,Lena Horne Theatre,149.56,,8288,1031,8,0
26,372236.56,-47078.44,70.64,-2.69,11/21/21,Thoughts of a Colored Man,John Golden Theatre,82.14,,4532,802,8,0
27,1139163,-238399,61.47,-12.27,11/21/21,Tina: The Tina Turner Musical,Lunt-Fontanne Theatre,156.74,,7268,1478,8,0
28,1229946.59,-39584.94,95.8,-1.81,11/21/21,To Kill A Mockingbird,Sam S. Shubert Theatre,127.81,,9623,1435,7,0
29,164730,-5180,78.8,1.01,11/21/21,Trouble in Mind,American Airlines Theatre,35.94,,4583,727,5,3
30,771800.57,-47182.53,73.14,-5.77,11/21/21,Waitress,Ethel Barrymore Theatre,127.32,,6062,1036,8,0
31,1630228,-116660,92.33,-6.55,11/21/21,Wicked,Gershwin Theatre,122.14,,13347,1807,8,0
0,822103.52,53476.02,80.72,8.43,11/14/21,Ain't Too Proud—The Life and Times of the Temptations,Imperial Theatre,102.18,,8046,1424,7,0
1,933320.51,23440.37,95.88,2.85,11/14/21,Aladdin,New Amsterdam Theatre,80.52,,11591,1727,7,0
2,1070853,273117,99.87,1.39,11/14/21,The Book of Mormon,Eugene O'Neill Theatre,143.7,,7452,1066,7,0
3,501176,29448,74.44,-6.87,11/14/21,"Caroline, or Change",Studio 54,85,,5896,990,8,0
4,544924.7,107896.69,75.7,13.69,11/14/21,Chicago,Ambassador Theatre,95.22,,5723,1080,7,0
5,223823.31,40578.71,76.62,-1.96,11/14/21,Clyde's,Helen Hayes Theater,62.42,,3586,585,0,8
6,626298.22,48962.24,79.8,8.46,11/14/21,Come From Away,Gerald Schoenfeld Theatre,93.79,,6678,1046,8,0
7,153774.82,25361.82,66.16,7.32,11/14/21,Dana H.,Lyceum Theatre,63.02,,2440,922,4,0
8,924309.8,129654.45,83.28,12.63,11/14/21,David Byrne's American Utopia,St. James Theatre,127.23,,7265,1454,6,0
9,365345,36484.5,77.86,5.51,11/14/21,Diana,Longacre Theatre,55.75,,6553,1052,0,8
10,224792,0,69.21,0,11/14/21,Flying Over Sunset,Vivian Beaumont Theater,76.17,,2951,1066,0,4
11,277265,-20521.08,67.68,1.48,11/14/21,Freestyle Love Supreme,Booth Theatre,66.76,,4153,767,8,0
12,338149.5,30509,54.31,6.08,11/14/21,Girl From the North Country,Belasco Theatre,89.13,,3794,998,7,0
13,1123115,-6790,99.62,0.41,11/14/21,Hadestown,Walter Kerr Theatre,153.51,,7316,918,8,0
14,2673170,12624,101.03,0.46,11/14/21,Hamilton,Richard Rodgers Theatre,249.81,,10701,1324,8,0
15,805306,0,99.24,0,11/14/21,Harry Potter and the Cursed Child,Lyric Theatre,166.76,,4829,1622,0,3
16,199076,35593.64,77.03,9.68,11/14/21,Is This A Room,Lyceum Theatre,70.07,,2841,922,4,0
17,761203.65,5840,93.04,3.1,11/14/21,Jagged Little Pill,Broadhurst Theatre,103.89,,7327,1125,7,0
18,82354.5,-37061.5,76.9,6.01,11/14/21,Lackawanna Blues,Samuel J. Friedman Theatre,43.19,,1907,620,4,0
19,1010377.5,107918,91.97,4.41,11/14/21,The Lehman Trilogy,Nederlander Theatre,136.7,,7391,1148,7,0
20,1584522,160034,99.14,0.07,11/14/21,The Lion King,Minskoff Theatre,117.8,,13451,1696,8,0
21,1606300.5,151957.5,99.78,-0.01,11/14/21,Moulin Rouge! The Musical,Al Hirschfeld Theatre,154.79,,10377,1300,8,0
22,630703,-14891,97.47,2.05,11/14/21,Mrs. Doubtfire,Stephen Sondheim Theatre,104.3,,6047,1034,0,6
23,999745.86,10293.36,84.4,-1,11/14/21,The Phantom of the Opera,Majestic Theatre,105.44,,9482,1605,7,0
24,1281442,16276,100.59,0.13,11/14/21,SIX: The Musical,Lena Horne Theatre,154.45,,8297,1031,8,0
25,419315,75224.67,73.33,8.15,11/14/21,Thoughts of a Colored Man,John Golden Theatre,89.12,,4705,802,8,0
26,1377562,152553,73.74,5.23,11/14/21,Tina: The Tina Turner Musical,Lunt-Fontanne Theatre,158,,8719,1478,8,0
27,1269531.53,94949.53,97.61,6.46,11/14/21,To Kill A Mockingbird,Sam S. Shubert Theatre,129.48,,9805,1435,7,0
28,169910,66963,77.79,11.42,11/14/21,Trouble in Mind,American Airlines Theatre,37.56,,4524,727,0,8
29,818983.1,98910.3,78.91,7.3,11/14/21,Waitress,Ethel Barrymore Theatre,125.23,,6540,1036,8,0
30,1746888,80043,98.88,2.33,11/14/21,Wicked,Gershwin Theatre,122.21,,14294,1807,8,0
0,768627.5,54403.5,72.29,4.69,11/7/21,Ain't Too Proud—The Life and Times of the Temptations,Imperial Theatre,106.66,,7206,1424,7,0
1,909880.14,187487.87,93.03,12.56,11/7/21,Aladdin,New Amsterdam Theatre,80.9,,11247,1727,7,0
2,797736,0,98.48,0,11/7/21,The Book of Mormon,Eugene O'Neill Theatre,151.98,,5249,1066,5,0
3,471728,176587,81.31,2.29,11/7/21,"Caroline, or Change",Studio 54,73.25,,6440,990,8,0
4,437028.01,82100.26,62.01,11.45,11/7/21,Chicago,Ambassador Theatre,93.22,,4688,1080,7,0
5,107897.5,6073,50.83,23.36,11/7/21,Chicken & Biscuits,Circle in the Square Theatre,40.38,,2672,751,7,0
6,183244.6,0,78.58,0,11/7/21,Clyde's,Helen Hayes Theater,56.94,,3218,585,0,7
7,577335.98,133123.14,71.34,14.1,11/7/21,Come From Away,Gerald Schoenfeld Theatre,96.71,,5970,1046,8,0
8,128413,-8483.1,58.84,-7.08,11/7/21,Dana H.,Lyceum Theatre,59.18,,2170,922,4,0
9,794655.35,160538.85,70.65,-0.72,11/7/21,David Byrne's American Utopia,St. James Theatre,124.22,,6397,1509,6,0
10,328860.5,0,72.35,0,11/7/21,Diana,Longacre Theatre,72.01,,4567,1052,0,6
11,297786.08,51150.58,66.2,-5.64,11/7/21,Freestyle Love Supreme,Booth Theatre,73.31,,4062,767,8,0
12,307640.5,29151.39,48.23,-0.84,11/7/21,Girl From the North Country,Belasco Theatre,91.32,,3369,998,7,0
13,1129905,117964.5,99.21,1.24,11/7/21,Hadestown,Walter Kerr Theatre,155.08,,7286,918,8,0
14,2660546,-5958,100.57,0.32,11/7/21,Hamilton,Richard Rodgers Theatre,249.77,,10652,1324,8,0
15,163482.36,-12706.04,67.35,-10.71,11/7/21,Is This A Room,Lyceum Theatre,65.81,,2484,922,4,0
16,755363.65,12226.05,89.94,8.72,11/7/21,Jagged Little Pill,Broadhurst Theatre,106.64,,7083,1125,7,0
17,119416,-32247,70.89,-4.21,11/7/21,Lackawanna Blues,Samuel J. Friedman Theatre,45.28,,2637,620,6,0
18,902459.5,133537.5,87.56,10.81,11/7/21,The Lehman Trilogy,Nederlander Theatre,128.26,,7036,1148,7,0
19,1424488,146037,99.07,6,11/7/21,The Lion King,Minskoff Theatre,121.11,,11762,1696,7,0
20,1454343,166721.5,99.79,1.44,11/7/21,Moulin Rouge! The Musical,Al Hirschfeld Theatre,160.15,,9081,1300,7,0
21,645594,119781.9,95.42,9.19,11/7/21,Mrs. Doubtfire,Stephen Sondheim Theatre,109.05,,5920,1034,0,6
22,989452.5,-25853,85.4,0.52,11/7/21,The Phantom of the Opera,Majestic Theatre,103.12,,9595,1605,7,0
23,1265166,23147,100.46,0.68,11/7/21,SIX: The Musical,Lena Horne Theatre,152.69,,8286,1031,8,0
24,344090.33,57518.83,65.18,-6.52,11/7/21,Thoughts of a Colored Man,John Golden Theatre,82.28,,4182,802,8,0
25,1225009,-299922,68.51,-13.94,11/7/21,Tina: The Tina Turner Musical,Lunt-Fontanne Theatre,151.22,,8101,1478,8,0
26,1174582,126837.5,91.15,5.59,11/7/21,To Kill A Mockingbird,Sam S. Shubert Theatre,128.29,,9156,1435,7,0
27,102947,52292.13,66.37,-15.24,11/7/21,Trouble in Mind,American Airlines Theatre,35.56,,2895,727,0,6
28,720072.8,242784.36,71.61,19.68,11/7/21,Waitress,Ethel Barrymore Theatre,121.33,,5935,1036,8,0
29,1666845,187021,96.55,10.91,11/7/21,Wicked,Gershwin Theatre,119.43,,13957,1807,8,0
0,714224,-269309.2,67.6,-12.85,10/31/21,Ain't Too Proud—The Life and Times of the Temptations,Imperial Theatre,106,,6738,1424,7,0
1,722392.27,-244737.24,80.47,-7.21,10/31/21,Aladdin,New Amsterdam Theatre,74.26,,9728,1727,7,0
2,295141,-93152,79.02,-8.04,10/31/21,"Caroline, or Change",Studio 54,53.9,,5476,990,6,1
3,354927.75,-235691.39,50.56,-30.35,10/31/21,Chicago,Ambassador Theatre,92.86,,3822,1080,7,0
4,101824.5,-34347.18,27.47,-21.25,10/31/21,Chicken & Biscuits,Circle in the Square Theatre,70.52,,1444,751,7,0
5,444212.84,-228465.04,57.24,-19.27,10/31/21,Come From Away,Gerald Schoenfeld Theatre,92.74,,4790,1046,8,0
6,136896.1,81659.1,65.92,23.95,10/31/21,Dana H.,Lyceum Theatre,56.31,,2431,922,4,0
7,634116.5,-162022.25,71.37,-0.03,10/31/21,David Byrne's American Utopia,St. James Theatre,105.77,,5995,1400,6,0
8,246635.5,-61446.34,71.84,-6.06,10/31/21,Freestyle Love Supreme,Booth Theatre,55.95,,4408,767,8,0
9,278489.11,-119158.39,49.07,-10.55,10/31/21,Girl From the North Country,Belasco Theatre,81.24,,3428,998,7,0
10,1011940.5,-184477.5,97.97,-2.07,10/31/21,Hadestown,Walter Kerr Theatre,140.64,,7195,918,8,0
11,2666504,-11080,100.25,-0.08,10/31/21,Hamilton,Richard Rodgers Theatre,251.11,,10619,1324,8,0
12,176188.4,79051.25,78.06,31.4,10/31/21,Is This A Room,Lyceum Theatre,61.2,,2879,922,4,0
13,743137.6,68013.7,81.22,-17.45,10/31/21,Jagged Little Pill,Broadhurst Theatre,101.66,,7310,1125,8,0
14,151663,-27275.5,75.1,0.5,10/31/21,Lackawanna Blues,Samuel J. Friedman Theatre,65.15,,2328,620,5,0
15,768922,-76522.5,76.75,-7.52,10/31/21,The Lehman Trilogy,Nederlander Theatre,124.66,,6168,1148,7,0
16,1278451,-320231,93.07,-5.92,10/31/21,The Lion King,Minskoff Theatre,115.71,,11049,1696,7,0
17,1287621.5,-267560,98.35,-1.65,10/31/21,Moulin Rouge! The Musical,Al Hirschfeld Theatre,143.87,,8950,1300,7,0
18,525812.1,138955.1,86.23,-9.48,10/31/21,Mrs. Doubtfire,Stephen Sondheim Theatre,98.28,,5350,1034,0,6
19,1015305.5,450107.5,84.88,-14.87,10/31/21,The Phantom of the Opera,Majestic Theatre,106.47,,9536,1605,7,0
20,1242019,-27054,99.78,-0.46,10/31/21,SIX: The Musical,Lena Horne Theatre,150.91,,8230,1031,8,0
21,286571.5,-20774.04,71.7,10.18,10/31/21,Thoughts of a Colored Man,John Golden Theatre,71.2,,4025,802,7,0
22,1524931,-167107,82.45,-9.16,10/31/21,Tina: The Tina Turner Musical,Lunt-Fontanne Theatre,156.42,,9749,1478,8,0
23,1047744.5,-181317.3,85.56,-11.09,10/31/21,To Kill A Mockingbird,Sam S. Shubert Theatre,121.9,,8595,1435,7,0
24,50654.87,0,81.61,0,10/31/21,Trouble in Mind,American Airlines Theatre,28.46,,1780,727,0,3
25,477288.44,-353909.86,51.93,-31.05,10/31/21,Waitress,Ethel Barrymore Theatre,126.74,,3766,1036,7,0
26,1479824,-283967,85.64,-12.91,10/31/21,Wicked,Gershwin Theatre,119.53,,12380,1807,8,0
0,983533.2,685616.2,80.45,-14.63,10/24/21,Ain't Too Proud—The Life and Times of the Temptations,Imperial Theatre,122.65,,8019,1424,7,0
1,967129.51,-94633.73,87.68,-6.73,10/24/21,Aladdin,New Amsterdam Theatre,79.84,,12114,1727,8,0
2,388293,69027,87.06,4.27,10/24/21,"Caroline, or Change",Studio 54,64.36,,6033,990,0,7
3,590619.14,-43957.06,80.91,-1.58,10/24/21,Chicago,Ambassador Theatre,96.55,,6117,1080,7,0
4,136171.68,-24147.82,48.72,-9.83,10/24/21,Chicken & Biscuits,Circle in the Square Theatre,53.17,,2561,751,7,0
5,672677.88,-93413.62,76.51,-10.97,10/24/21,Come From Away,Gerald Schoenfeld Theatre,105.07,,6402,1046,8,0
6,55237,7624.5,41.97,-4.88,10/24/21,Dana H.,Lyceum Theatre,35.68,,1548,922,4,0
7,796138.75,44508.45,71.4,-8.05,10/24/21,David Byrne's American Utopia,St. James Theatre,127.81,,6229,1454,6,0
8,308081.84,-202791.66,77.9,1.21,10/24/21,Freestyle Love Supreme,Booth Theatre,64.45,,4780,767,7,1
9,397647.5,32889,59.62,-12.06,10/24/21,Girl From the North Country,Belasco Theatre,95.47,,4165,998,7,0
10,1196418,-34595.5,100.04,-0.68,10/24/21,Hadestown,Walter Kerr Theatre,162.84,,7347,918,8,0
11,2677584,-14820,100.33,-0.37,10/24/21,Hamilton,Richard Rodgers Theatre,251.96,,10627,1324,8,0
12,97137.15,61545.15,46.66,-28.61,10/24/21,Is This A Room,Lyceum Theatre,56.44,,1721,922,4,0
13,675123.9,0,98.67,0,10/24/21,Jagged Little Pill,Broadhurst Theatre,121.64,,5550,1125,5,0
14,178938.5,6718.5,74.6,2.23,10/24/21,Lackawanna Blues,Samuel J. Friedman Theatre,64.48,,2775,620,6,0
15,845444.5,128463,84.27,-1.27,10/24/21,The Lehman Trilogy,Nederlander Theatre,124.84,,6772,1148,7,0
16,1598682,-18348,98.99,-0.47,10/24/21,The Lion King,Minskoff Theatre,119.03,,13431,1696,8,0
17,1555181.5,-51150,100,0,10/24/21,Moulin Rouge! The Musical,Al Hirschfeld Theatre,170.9,,9100,1300,7,0
18,386857,0,95.71,0,10/24/21,Mrs. Doubtfire,Stephen Sondheim Theatre,130.3,,2969,1034,0,3
19,565198,0,99.75,0,10/24/21,The Phantom of the Opera,Majestic Theatre,117.68,,4803,1605,3,0
20,1269073,-5756,100.24,-0.41,10/24/21,SIX: The Musical,Lena Horne Theatre,153.49,,8268,1031,8,0
21,307345.54,76827.04,61.52,-23.16,10/24/21,Thoughts of a Colored Man,John Golden Theatre,77.87,,3947,802,8,0
22,1692038,111730,91.61,-5.51,10/24/21,Tina: The Tina Turner Musical,Lunt-Fontanne Theatre,156.21,,10832,1478,8,0
23,1229061.8,-23944.2,96.65,-1.83,10/24/21,To Kill A Mockingbird,Sam S. Shubert Theatre,126.6,,9708,1435,7,0
24,831198.3,-702270.55,82.98,-13.45,10/24/21,Waitress,Ethel Barrymore Theatre,138.12,,6018,1036,7,0
25,1763791,-156276,98.55,0.38,10/24/21,Wicked,Gershwin Theatre,123.8,,14247,1807,8,0
0,297917,0,95.08,0,10/17/21,Ain't Too Proud—The Life and Times of the Temptations,Imperial Theatre,110.01,,2708,1424,2,0
1,1061763.24,0,94.41,0,10/17/21,Aladdin,New Amsterdam Theatre,81.4,,13043,1727,8,0
2,319266,78385,82.79,-17.45,10/17/21,"Caroline, or Change",Studio 54,64.92,,4918,990,0,6
3,634576.2,-87528.55,82.49,-18.22,10/17/21,Chicago,Ambassador Theatre,101.76,,6236,1080,7,0
4,160319.5,-19371.5,58.55,-41.35,10/17/21,Chicken & Biscuits,Circle in the Square Theatre,52.09,,3078,751,7,0
5,766091.5,-137362.9,87.48,-9.57,10/17/21,Come From Away,Gerald Schoenfeld Theatre,104.66,,7320,1046,8,0
6,47612.5,5060.5,46.85,17.84,10/17/21,Dana H.,Lyceum Theatre,22.04,,2160,922,1,4
7,751630.3,-197959,79.45,0.32,10/17/21,David Byrne's American Utopia,St. James Theatre,97.51,,7708,1617,1,5
8,510873.5,75483.7,76.69,-7.9,10/17/21,Freestyle Love Supreme,Booth Theatre,108.56,,4706,767,0,8
9,364758.5,0,71.68,0,10/17/21,Girl From the North Country,Belasco Theatre,101.97,,3577,998,5,0
10,1231013.5,-81200,100.72,-0.22,10/17/21,Hadestown,Walter Kerr Theatre,166.42,,7397,918,8,0
11,2692404,-30064,100.7,-0.26,10/17/21,Hamilton,Richard Rodgers Theatre,252.43,,10666,1324,8,0
12,35592,-8091.5,75.27,35.28,10/17/21,Is This A Room,Lyceum Theatre,25.64,,1388,922,2,0
13,172220,126821.5,72.37,1.81,10/17/21,Lackawanna Blues,Samuel J. Friedman Theatre,63.97,,2692,620,6,0
14,716981.5,-45974.5,85.54,0.78,10/17/21,The Lehman Trilogy,Nederlander Theatre,104.3,,6874,1148,5,2
15,1617030,-901,99.46,-0.39,10/17/21,The Lion King,Minskoff Theatre,119.82,,13495,1696,8,0
16,1606331.5,94812.5,100,0,10/17/21,Moulin Rouge! The Musical,Al Hirschfeld Theatre,154.45,,10400,1300,8,0
17,1274829,95024,100.65,-0.51,10/17/21,SIX: The Musical,Lena Horne Theatre,153.56,,8302,1031,8,0
18,230518.5,-18657,84.68,7.16,10/17/21,Thoughts of a Colored Man,John Golden Theatre,48.49,,4754,802,5,2
19,1580308,1114969,97.12,-2.88,10/17/21,Tina: The Tina Turner Musical,Lunt-Fontanne Theatre,157.28,,10048,1478,7,0
20,1253006,-139060,98.48,0.93,10/17/21,To Kill A Mockingbird,Sam S. Shubert Theatre,126.67,,9892,1435,7,0
21,1533468.85,-26934.73,96.43,-3.18,10/17/21,Waitress,Ethel Barrymore Theatre,191.88,,7992,1036,8,0
22,1920067,-165085,98.17,-1.61,10/17/21,Wicked,Gershwin Theatre,126.94,,15126,1926,8,0
0,240881,0,100.24,0,10/10/21,"Caroline, or Change",Studio 54,80.91,,2977,990,0,3
1,722104.75,123806.92,100.71,9.66,10/10/21,Chicago,Ambassador Theatre,110.65,,6526,1080,6,0
2,179691,18482.5,99.9,6.29,10/10/21,Chicken & Biscuits,Circle in the Square Theatre,34.21,,5252,751,1,6
3,903454.4,145617.9,97.05,11.41,10/10/21,Come From Away,Gerald Schoenfeld Theatre,111.25,,8121,1046,8,0
4,42552,23061,29.01,-1.25,10/10/21,Dana H.,Lyceum Theatre,39.77,,1070,922,0,4
5,949589.3,84521.3,79.13,12.14,10/10/21,David Byrne's American Utopia,St. James Theatre,132.55,,7164,1509,0,6
6,435389.8,0,84.59,0,10/10/21,Freestyle Love Supreme,Booth Theatre,134.21,,3244,767,0,5
7,1312213.5,149505,100.94,1.93,10/10/21,Hadestown,Walter Kerr Theatre,177.02,,7413,918,8,0
8,2722468,78359,100.96,0.37,10/10/21,Hamilton,Richard Rodgers Theatre,254.58,,10694,1324,8,0
9,43683.5,-3468.5,39.99,3.03,10/10/21,Is This A Room,Lyceum Theatre,29.62,,1475,922,0,4
10,45398.5,-64276.5,70.56,1.82,10/10/21,Lackawanna Blues,Samuel J. Friedman Theatre,51.88,,875,620,0,2
11,762956,-20392,84.76,0.23,10/10/21,The Lehman Trilogy,Nederlander Theatre,112.02,,6811,1148,0,7
12,1617931,13541,99.85,0.12,10/10/21,The Lion King,Minskoff Theatre,119.43,,13547,1696,8,0
13,1511519,41109.5,100,-0.09,10/10/21,Moulin Rouge! The Musical,Al Hirschfeld Theatre,166.1,,9100,1300,7,0
14,242988,69982,43.63,9.11,10/10/21,Pass Over,August Wilson Theatre,55.25,,4398,1260,8,0
15,1179805,373981,101.16,0.33,10/10/21,SIX: The Musical,Lena Horne Theatre,141.4,,8344,1031,8,0
16,249175.5,58381,77.52,-1.2,10/10/21,Thoughts of a Colored Man,John Golden Theatre,57.26,,4352,802,0,7
17,465339,0,100,0,10/10/21,Tina: The Tina Turner Musical,Lunt-Fontanne Theatre,157.42,,2956,1478,2,0
18,1392066,0,97.55,0,10/10/21,To Kill A Mockingbird,Sam S. Shubert Theatre,124.3,,11199,1435,8,0
19,1560403.58,148202.78,99.61,0.25,10/10/21,Waitress,Ethel Barrymore Theatre,189,,8256,1036,8,0
20,2085152,435074,99.78,2.17,10/10/21,Wicked,Gershwin Theatre,135.63,,15374,1926,8,0
0,232183.15,0,95.54,0,10/3/21,Aladdin,New Amsterdam Theatre,70.36,,3300,1727,2,0
1,598297.83,-75098.67,91.05,-8.16,10/3/21,Chicago,Ambassador Theatre,101.41,,5900,1080,6,0
2,161208.5,16378,93.61,4.58,10/3/21,Chicken & Biscuits,Circle in the Square Theatre,32.76,,4921,751,0,7
3,757836.5,-180840.5,85.64,-12.01,10/3/21,Come From Away,Gerald Schoenfeld Theatre,105.75,,7166,1046,8,0
4,19491,0,30.26,0,10/3/21,Dana H.,Lyceum Theatre,34.93,,558,922,0,2
5,865068,-75870.9,66.99,-4.09,10/3/21,David Byrne's American Utopia,St. James Theatre,128.73,,6720,1672,0,6
6,1162708.5,-37373,99.01,-0.74,10/3/21,Hadestown,Walter Kerr Theatre,159.91,,7271,918,8,0
7,2644109,267812,100.59,-0.04,10/3/21,Hamilton,Richard Rodgers Theatre,248.16,,10655,1324,8,0
8,47152,21182,36.96,-12.88,10/3/21,Is This A Room,Lyceum Theatre,27.67,,1704,922,0,5
9,109675,59407.5,68.74,2.13,10/3/21,Lackawanna Blues,Samuel J. Friedman Theatre,42.89,,2557,620,0,6
10,783348,628282,84.53,-12.86,10/3/21,The Lehman Trilogy,Nederlander Theatre,115.32,,6793,1148,0,7
11,1604390,-264311,99.73,0.41,10/3/21,The Lion King,Minskoff Theatre,118.56,,13532,1696,8,0
12,1470409.5,945656,100.09,-0.06,10/3/21,Moulin Rouge! The Musical,Al Hirschfeld Theatre,161.44,,9108,1300,7,0
13,173006,3341,34.52,1.3,10/3/21,Pass Over,August Wilson Theatre,49.14,,3521,1275,8,0
14,805824,-231900,100.83,0,10/3/21,SIX: The Musical,Lena Horne Theatre,110.74,,7277,1031,1,6
15,190794.5,0,78.72,0,10/3/21,Thoughts of a Colored Man,John Golden Theatre,100.74,,1894,802,0,3
16,1412200.8,186624.8,99.36,4.56,10/3/21,Waitress,Ethel Barrymore Theatre,172.16,,8203,1032,8,0
17,1650078,-125219,97.61,-2.38,10/3/21,Wicked,Gershwin Theatre,129.98,,12695,1858,7,0
0,673396.5,-168208.1,99.21,-0.91,9/26/21,Chicago,Ambassador Theatre,104.74,,6429,1080,6,0
1,144830.5,0,89.03,0,9/26/21,Chicken & Biscuits,Circle in the Square Theatre,43.32,,3343,751,0,5
2,938677,0,97.65,0,9/26/21,Come From Away,Gerald Schoenfeld Theatre,114.88,,8171,1046,8,0
3,940938.9,66253.7,71.08,-10.31,9/26/21,David Byrne's American Utopia,St. James Theatre,127.83,,7361,1726,0,6
4,1200081.5,-30137,99.75,0.25,9/26/21,Hadestown,Walter Kerr Theatre,163.81,,7326,918,8,0
5,2376297,63917,100.63,-0.14,9/26/21,Hamilton,Richard Rodgers Theatre,254.8,,9326,1324,7,0
6,25970,0,49.84,0,9/26/21,Is This A Room,Lyceum Theatre,28.26,,919,922,0,2
7,50267.5,-73133.5,66.61,-3.67,9/26/21,Lackawanna Blues,Samuel J. Friedman Theatre,40.57,,1239,620,0,3
8,155066,0,97.39,0,9/26/21,The Lehman Trilogy,Nederlander Theatre,138.7,,1118,1148,0,1
9,1868701,380911,99.32,0.47,9/26/21,The Lion King,Minskoff Theatre,138.67,,13476,1696,8,0
10,524753.5,0,100.15,0,9/26/21,Moulin Rouge! The Musical,Al Hirschfeld Theatre,201.52,,2604,1300,2,0
11,169665,-13048.5,33.22,-1.47,9/26/21,Pass Over,August Wilson Theatre,50.08,,3388,1275,8,0
12,1037724,579229,100.83,0.05,9/26/21,SIX: The Musical,Lena Horne Theatre,142.6,,7277,1031,0,7
13,1225576,-134877.4,94.8,-1.32,9/26/21,Waitress,Ethel Barrymore Theatre,178.97,,6848,1032,7,0
14,1775297,-83668,99.99,-0.01,9/26/21,Wicked,Gershwin Theatre,131.7,,13480,1926,7,0
0,841604.6,0,100.12,0,9/19/21,Chicago,Ambassador Theatre,111.19,,7569,1080,7,0
1,874685.2,0,81.39,0,9/19/21,David Byrne's American Utopia,St. James Theatre,155.67,,5619,1726,0,4
2,1230218.5,-33468.5,99.5,-0.21,9/19/21,Hadestown,Walter Kerr Theatre,168.36,,7307,918,8,0
3,2312380,0,100.77,0,9/19/21,Hamilton,Richard Rodgers Theatre,247.6,,9339,1324,7,0
4,123401,0,70.28,0,9/19/21,Lackawanna Blues,Samuel J. Friedman Theatre,40.46,,3050,620,0,7
5,1487790,0,98.85,0,9/19/21,The Lion King,Minskoff Theatre,126.78,,11735,1696,7,0
6,182713.5,17716.5,34.69,-6.12,9/19/21,Pass Over,August Wilson Theatre,51.64,,3538,1275,8,0
7,458495,0,100.78,0,9/19/21,SIX: The Musical,Lena Horne Theatre,147.09,,3117,1031,0,3
8,1360453.4,66424.4,96.12,-3.56,9/19/21,Waitress,Ethel Barrymore Theatre,171.43,,7936,1032,8,0
9,1858965,0,100,0,9/19/21,Wicked,Gershwin Theatre,137.88,,13482,1926,7,0
0,1263687,514883.5,99.71,-0.09,9/12/21,Hadestown,Walter Kerr Theatre,172.56,,7323,918,8,0
1,164997,-19573,40.81,-6.33,9/12/21,Pass Over,August Wilson Theatre,39.63,,4163,1275,8,0
2,1294029,330333,99.68,-0.32,9/12/21,Waitress,Ethel Barrymore Theatre,179.7,,7201,1032,7,0
0,748803.5,0,99.8,0,9/5/21,Hadestown,Walter Kerr Theatre,163.46,,4581,918,5,0
1,184570,1889,47.14,-4.73,9/5/21,Pass Over,August Wilson Theatre,38.39,,4808,1275,8,0
2,963696,0,100,0,9/5/21,Waitress,Ethel Barrymore Theatre,184.97,,5210,1042,5,0
0,182681,35640.5,51.87,-25.02,8/29/21,Pass Over,August Wilson Theatre,34.53,,5291,1275,8,0
0,147040.5,-32879,76.89,23.23,8/22/21,Pass Over,August Wilson Theatre,21.43,,6862,1275,1,6
0,179919.5,-21702,53.66,-5.79,8/15/21,Pass Over,August Wilson Theatre,37.57,,4789,1275,0,7
0,201621.5,0,59.45,0,8/8/21,Pass Over,August Wilson Theatre,44.33,,4548,1275,0,6