"DateTime","Container","Dry Bulk","General Cargo","Roll-on/roll-off","Tanker","7-day Moving Average","Prior Year: 7-day Moving Average"
"2019-01-01 00:00:00",148256,150913,12958,2898,2919371,3373864.285714286,
"2019-01-02 00:00:00",344824,423823,0,2013,962946,3063779.4285714286,
"2019-01-03 00:00:00",429992,324767,3891,0,3180381,3123969.714285714,
"2019-01-04 00:00:00",400893,249042,22708,8512,857947,2758511,
"2019-01-05 00:00:00",375159,799110,5393,0,1594983,2741497.1428571427,
"2019-01-06 00:00:00",151038,325426,5862,3432,2187656,2750187.1428571427,
"2019-01-07 00:00:00",353733,174460,12938,2281,2160933,2656936.285714286,
"2019-01-08 00:00:00",308184,382677,32806,0,640019,2389691.8571428573,
"2019-01-09 00:00:00",258749,362366,11944,0,1919488,2506683.4285714286,
"2019-01-10 00:00:00",301640,439933,25189,14983,417519,2115288.4285714286,
"2019-01-11 00:00:00",384570,268700,2152,14924,962916,2128739.8571428573,
"2019-01-12 00:00:00",242991,141530,49018,0,831713,1913112.2857142857,
"2019-01-13 00:00:00",318089,320470,2152,0,2106055,1923591.2857142857,
"2019-01-14 00:00:00",293647,165830,8222,4518,1939968,1881854,
"2019-01-15 00:00:00",584020,102796,23098,14580,969215,1929000.4285714286,
"2019-01-16 00:00:00",327679,507043,26096,0,2576373,2055378.142857143,
"2019-01-17 00:00:00",264366,373163,3518,0,2027189,2265231,
"2019-01-18 00:00:00",339161,285720,1156,0,2197074,2435209.285714286,
"2019-01-19 00:00:00",259176,149061,15137,3322,1292026,2499990.5714285714,
"2019-01-20 00:00:00",336614,628132,35572,3476,1437583,2456363.4285714286,
"2019-01-21 00:00:00",212065,254002,60033,10908,325037,2234914.714285714,
"2019-01-22 00:00:00",237130,564697,5567,5838,1478399,2320332.1428571427,
"2019-01-23 00:00:00",195711,121846,0,0,2215859,2191221.1428571427,
"2019-01-24 00:00:00",152037,280009,17519,0,2704992,2260695.5714285714,
"2019-01-25 00:00:00",315802,139446,33594,0,1779225,2181403.714285714,
"2019-01-26 00:00:00",478033,376903,26069,4009,2641480,2439657.1428571427,
"2019-01-27 00:00:00",234772,481695,33566,0,2413819,2542868,
"2019-01-28 00:00:00",453508,585606,23678,9034,1598683,2801220.1428571427,
"2019-01-29 00:00:00",425234,389621,11055,0,2894444,3005323.285714286,
"2019-01-30 00:00:00",180999,293265,10040,292,774136,2823225.5714285714,
"2019-01-31 00:00:00",298036,266574,21872,2013,2146040,2763222.714285714,
"2019-02-01 00:00:00",261638,191974,13991,0,2046802,2798413.714285714,
"2019-02-02 00:00:00",443561,33758,16182,6075,1624503,2598068.5714285714,
"2019-02-03 00:00:00",324943,220143,45625,0,2338558,2564556.5714285714,
"2019-02-04 00:00:00",288105,298984,0,0,1197256,2437961.714285714,
"2019-02-05 00:00:00",296364,210034,10516,7281,730727,,
"2019-02-06 00:00:00",297531,411237,13129,0,989794,,
"2019-02-07 00:00:00",206621,312644,8873,4219,984986,,
"2019-02-08 00:00:00",316534,262408,3152,0,1397436,,
"2019-02-09 00:00:00",192012,370352,37973,0,2145011,,
"2019-02-10 00:00:00",377806,378709,49644,0,2367940,,
"2019-02-11 00:00:00",214617,335262,0,0,1004195,1991002.2857142857,
"2019-02-12 00:00:00",336877,249206,8425,8901,498458,1969137.4285714286,
"2019-02-13 00:00:00",252226,708938,10900,0,719351,1966240.857142857,
"2019-02-14 00:00:00",491547,380515,3740,5499,1047941,2025083.5714285714,
"2019-02-15 00:00:00",235017,271641,16647,0,1765270,2069232.857142857,
"2019-02-16 00:00:00",374786,555572,13627,0,1977761,2094432.5714285714,
"2019-02-17 00:00:00",300327,365325,4178,7664,2048994,2030488.2857142857,
"2019-02-18 00:00:00",320806,246672,11590,0,1579777,2116884.1428571427,
"2019-02-19 00:00:00",232195,459313,54820,13259,803383,2182755.8571428573,
"2019-02-20 00:00:00",199115,401124,21169,0,2084474,2327679.714285714,
"2019-02-21 00:00:00",242529,360272,15831,2784,439813,2203677.714285714,
"2019-02-22 00:00:00",377462,597025,1509,3736,1578091,2242142,
"2019-02-23 00:00:00",415027,505467,9325,5803,2138258,2263875.5714285714,
"2019-02-24 00:00:00",620961,364077,35951,8061,2038716,2312629.5714285714,
"2019-02-25 00:00:00",342333,405712,5759,3525,1951542,2391204.8571428573,
"2019-02-26 00:00:00",376755,370656,24015,3679,1013241,2423401.4285714286,
"2019-02-27 00:00:00",118828,479624,4438,0,1061046,2274552.1428571427,
"2019-02-28 00:00:00",382134,276595,5265,6910,1831452,2480427.714285714,
"2019-03-01 00:00:00",323543,165127,12210,0,2736052,2577443.1428571427,
"2019-03-02 00:00:00",319765,553979,3500,0,1328221,2453383.714285714,
"2019-03-03 00:00:00",395397,97733,4406,3496,938476,2220775.4285714286,
"2019-03-04 00:00:00",294430,310800,21039,0,1436212,2128433.8571428573,
"2019-03-05 00:00:00",302583,402734,3500,0,1782295,2228829.1428571427,
"2019-03-06 00:00:00",429510,544571,21786,0,1438161,2338842.285714286,
"2019-03-07 00:00:00",192115,315717,14842,0,1695870,2298297.5714285714,
"2019-03-08 00:00:00",161285,582557,15339,3732,1714541,2189800.5714285714,
"2019-03-09 00:00:00",760175,278818,22350,0,2249239,2347674.4285714286,
"2019-03-10 00:00:00",296272,131006,1501,7573,870053,2328659.5714285714,
"2019-03-11 00:00:00",65028,300501,52083,0,777763,2204787.285714286,
"2019-03-12 00:00:00",476068,257681,0,3182,3066326,2392236.5714285714,
"2019-03-13 00:00:00",252387,411473,11622,0,1699734,2383834.8571428573,
"2019-03-14 00:00:00",267245,391077,20476,3242,1528855,2382742,
"2019-03-15 00:00:00",239500,287791,11317,0,2373542,2444841.4285714286,
"2019-03-16 00:00:00",356651,250350,22547,0,1516265,2278445.8571428573,
"2019-03-17 00:00:00",371262,371977,14802,7573,1038294,2349517.5714285714,
"2019-03-18 00:00:00",251136,240746,0,2884,1026475,2396070,
"2019-03-19 00:00:00",549324,365390,19809,3985,1834235,2248853.714285714,
"2019-03-20 00:00:00",292675,337333,19148,4602,1572055,2227510.4285714286,
"2019-03-21 00:00:00",291500,486572,85951,3267,1848234,2299600.4285714286,
"2019-03-22 00:00:00",219276,322204,4018,2631,2181980,2273594.8571428573,
"2019-03-23 00:00:00",516708,345322,11290,0,1963303,2372282.1428571427,
"2019-03-24 00:00:00",298632,110937,19634,7695,900976,2305706,
"2019-03-25 00:00:00",601042,289800,32432,0,1098958,2377276.1428571427,
"2019-03-26 00:00:00",427597,391979,0,0,789810,2211082.285714286,
"2019-03-27 00:00:00",218901,170554,17249,9022,336494,2000569,
"2019-03-28 00:00:00",463755,435570,18274,0,2855454,2151644.5714285714,
"2019-03-29 00:00:00",528774,468381,22835,0,2081016,2204629.5714285714,
"2019-03-30 00:00:00",493814,506782,63028,0,3339026,2428347.714285714,
"2019-03-31 00:00:00",299588,396482,33189,0,2641004,2718689,
"2019-04-01 00:00:00",484746,345476,17458,0,1113640,2709987.1428571427,
"2019-04-02 00:00:00",370009,237412,8654,4157,1234301,2745008,
"2019-04-03 00:00:00",302206,329060,0,2043,1565757,2951700,
"2019-04-04 00:00:00",91552,233797,20862,6223,643819,2555014.285714286,
"2019-04-05 00:00:00",285128,753252,8578,0,2484967,2616574.1428571427,
"2019-04-06 00:00:00",405593,304917,4406,7746,1581470,2316785.8571428573,
"2019-04-07 00:00:00",435045,399308,13112,5159,1496007,2170838.4285714286,
"2019-04-08 00:00:00",286894,215682,62999,5449,1842498,2235438.8571428573,
"2019-04-09 00:00:00",363422,391044,9511,9722,2026645,2370555,
"2019-04-10 00:00:00",238920,463734,25950,0,2074779,2456886.285714286,
"2019-04-11 00:00:00",425026,384225,38165,0,2000931,2721471.1428571427,
"2019-04-12 00:00:00",143348,573593,39435,3136,1630193,2558296.8571428573,
"2019-04-13 00:00:00",545031,182905,9775,8171,1215148,2509282.4285714286,
"2019-04-14 00:00:00",345308,218940,14669,0,612610,2343981.8571428573,
"2019-04-15 00:00:00",194529,829558,15240,0,1539110,2367541.1428571427,
"2019-04-16 00:00:00",535476,170317,24185,0,2933861,2490897.285714286,
"2019-04-17 00:00:00",381583,804370,8932,7538,3526623,2765992,
"2019-04-18 00:00:00",389066,650224,18872,0,2813735,2912213.4285714286,
"2019-04-19 00:00:00",429333,353154,16223,0,3267842,3151763,
"2019-04-20 00:00:00",517221,510122,9932,3179,3116121,3465412.1428571427,
"2019-04-21 00:00:00",717900,413061,20212,4429,2275458,3785345.4285714286,
"2019-04-22 00:00:00",746885,889283,0,0,2576861,4018858.285714286,
"2019-04-23 00:00:00",196497,650578,44828,8309,2468540,3976703.1428571427,
"2019-04-24 00:00:00",409301,148155,8843,0,1494455,3595518.5714285714,
"2019-04-25 00:00:00",433241,379767,0,7998,935045,3293254.714285714,
"2019-04-26 00:00:00",339806,599180,2113,0,2252832,3168594.714285714,
"2019-04-27 00:00:00",391217,407322,71857,2673,2900247,3113843.4285714286,
"2019-04-28 00:00:00",570093,502730,23841,0,2853239,3187963.714285714,
"2019-04-29 00:00:00",429115,756506,27831,11153,2363038,3098623.285714286,
"2019-04-30 00:00:00",304127,416317,38185,3896,2557267,3091629,
"2019-05-01 00:00:00",382618,469350,8395,3859,1634748,3154231.1428571427,
"2019-05-02 00:00:00",506340,431541,8361,9027,2853056,3447413.285714286,
"2019-05-03 00:00:00",582294,594080,58450,0,3219987,3627538.8571428573,
"2019-05-04 00:00:00",719800,599578,54062,0,4184431,3882475.285714286,
"2019-05-05 00:00:00",508106,624399,11600,0,2473536,3835009.4285714286,
"2019-05-06 00:00:00",365759,585630,27155,2277,2376948,3802170.285714286,
"2019-05-07 00:00:00",349768,272068,23205,5299,1839369,3683587,
"2019-05-08 00:00:00",280939,525735,19397,2761,3141572,3893791.8571428573,
"2019-05-09 00:00:00",517532,444121,32260,6223,2551782,3857162.285714286,
"2019-05-10 00:00:00",703976,335011,0,0,2288584,3696128,
"2019-05-11 00:00:00",558819,557639,0,3944,2443881,3411329.5714285714,
"2019-05-12 00:00:00",407137,512902,13796,2193,3207204,3486414.1428571427,
"2019-05-13 00:00:00",435065,114274,8443,3209,1922022,3361448.8571428573,
"2019-05-14 00:00:00",234085,317295,32165,13095,2925640,3508959,
"2019-05-15 00:00:00",348404,528821,3314,0,2906519,3482766.8571428573,
"2019-05-16 00:00:00",208611,649495,11384,3209,2853138,2438744.8571428573,
"2019-05-17 00:00:00",479929,580795,4018,3362,2727640,2801175.4285714286,
"2019-05-18 00:00:00",596479,458179,8936,2422,3248717,3026917.8571428573,
"2019-05-19 00:00:00",236716,138910,47428,0,2551427,3092643,
"2019-05-20 00:00:00",413294,507252,1787,0,2776718,3317638.8571428573,
"2019-05-21 00:00:00",329312,247641,22260,5703,3279440,3454080,
"2019-05-22 00:00:00",480060,190482,61654,11019,1811637,3564152.4285714286,
"2019-05-23 00:00:00",251941,149939,12846,0,2269435,3415341.8571428573,
"2019-05-24 00:00:00",536474,484924,39540,0,2441249,3373405,
"2019-05-25 00:00:00",510845,727927,3914,0,3349185,3412996,
"2019-05-26 00:00:00",357765,1057069,29294,0,2180566,3505883.5714285714,
"2019-05-27 00:00:00",790902,397707,16085,0,3480577,3646772.285714286,
"2019-05-28 00:00:00",435774,268536,51644,0,1947473,3478068.1428571427,
"2019-05-29 00:00:00",443529,508417,26500,0,2394724,3594970.714285714,
"2019-05-30 00:00:00",453739,303051,17479,2483,2455656,3673291.714285714,
"2019-05-31 00:00:00",502804,775905,50018,0,1695645,3605032.4285714286,
"2019-06-01 00:00:00",614901,988108,14742,0,1834898,3442286.285714286,
"2019-06-02 00:00:00",484852,422306,10629,5962,3551071,3563732.8571428573,
"2019-06-03 00:00:00",511568,480910,28561,0,3486598,3538356.5714285714,
"2019-06-04 00:00:00",302066,553004,25373,292,3187952,3733393.714285714,
"2019-06-05 00:00:00",412396,518320,17213,0,2526681,3747885.1428571427,
"2019-06-06 00:00:00",385775,477751,0,0,764678,3518713,
"2019-06-07 00:00:00",603284,657443,10615,0,3761234,3805599.285714286,
"2019-06-08 00:00:00",545568,677666,0,5676,3021592,3919578.4285714286,
"2019-06-09 00:00:00",199174,319162,7598,2912,1676662,3595390.8571428573,
"2019-06-10 00:00:00",277959,417679,5259,0,2733199,3442027.714285714,
"2019-06-11 00:00:00",178806,440015,24942,5088,2883523,3365411.714285714,
"2019-06-12 00:00:00",333885,278752,13184,0,2924905,3376285.285714286,
"2019-06-13 00:00:00",488591,121228,58582,0,2001464,3525094,
"2019-06-14 00:00:00",403761,622179,0,3747,2481960,3307818.4285714286,
"2019-06-15 00:00:00",606566,447194,0,2013,3535645,3356520.8571428573,
"2019-06-16 00:00:00",214451,397657,20880,0,3949564,3696098.5714285714,
"2019-06-17 00:00:00",416671,935784,0,0,2240133,3718740.285714286,
"2019-06-18 00:00:00",289615,919977,2418,0,3044514,3822189.8571428573,
"2019-06-19 00:00:00",338055,721759,0,4035,1588876,3693904.1428571427,
"2019-06-20 00:00:00",336536,282747,40781,10710,1436972,3613601.285714286,
"2019-06-21 00:00:00",610071,502291,45680,5920,2877204,3689246.8571428573,
"2019-06-22 00:00:00",529775,584808,62529,2577,1545248,3422606.714285714,
"2019-06-23 00:00:00",738736,309283,27644,0,2471538,3274699.714285714,
"2019-06-24 00:00:00",532657,437276,19818,6990,2868344,3313628,
"2019-06-25 00:00:00",441218,466154,10940,0,3548516,3343671.714285714,
"2019-06-26 00:00:00",383006,465976,50866,3070,3364449,3574335,
"2019-06-27 00:00:00",526385,387880,11033,0,1865666,3671937.4285714286,
"2019-06-28 00:00:00",408851,674781,3087,0,2808762,3651125.4285714286,
"2019-06-29 00:00:00",477853,214851,42786,0,2141059,3672784.285714286,
"2019-06-30 00:00:00",691428,613898,8211,0,2935020,3772977.714285714,
"2019-07-01 00:00:00",422249,483119,2816,13175,2816517,3754805,
"2019-07-02 00:00:00",388153,241191,11645,0,1476203,3419142.5714285714,
"2019-07-03 00:00:00",248486,520192,59088,0,2805169,3328509.285714286,
"2019-07-04 00:00:00",803932,1058064,2838,0,3831068,3743500.5714285714,
"2019-07-05 00:00:00",389215,738077,20788,292,3750901,3675246.1428571427,
"2019-07-06 00:00:00",660886,317966,62765,0,1634735,3582214.8571428573,
"2019-07-07 00:00:00",356283,657530,25268,5034,2049771,3515015.285714286,
"2019-07-08 00:00:00",345781,285870,22312,6154,1707050,3261291.4285714286,
"2019-07-09 00:00:00",161713,323330,24126,2509,2145897,3286228.8571428573,
"2019-07-10 00:00:00",449711,525422,6451,0,3082031,3363562.4285714286,
"2019-07-11 00:00:00",376478,354292,39646,15914,2039262,3226210.285714286,
"2019-07-12 00:00:00",611859,358588,25637,1692,3423173,3157878.285714286,
"2019-07-13 00:00:00",672280,475171,10900,0,2814979,3343160.8571428573,
"2019-07-14 00:00:00",359439,643382,70468,6153,2114542,3357460.714285714,
"2019-07-15 00:00:00",390206,855683,27270,0,2300070,3529755.285714286,
"2019-07-16 00:00:00",328538,422345,53436,5226,2472678,3618990.714285714,
"2019-07-17 00:00:00",447182,415821,8197,1952,2417738,3508601.5714285714,
"2019-07-18 00:00:00",314361,162798,23417,2013,2027583,3466398.4285714286,
"2019-07-19 00:00:00",440572,283555,19489,0,1703425,3184411.5714285714,
"2019-07-20 00:00:00",503684,255284,40347,4635,3064231,3169390.285714286,
"2019-07-21 00:00:00",336333,436235,4581,6429,1847616,3088991.8571428573,
"2019-07-22 00:00:00",636161,373186,0,2614,2801661,3123333.8571428573,
"2019-07-23 00:00:00",234324,971597,6390,0,3019493,3258988.1428571427,
"2019-07-24 00:00:00",313397,254846,30617,0,2900142,3288718.1428571427,
"2019-07-25 00:00:00",359191,475079,44081,3185,2439830,3401746.1428571427,
"2019-07-26 00:00:00",546188,381281,8910,4812,2728145,3576359.714285714,
"2019-07-27 00:00:00",397932,204743,9460,2302,1382444,3309031.1428571427,
"2019-07-28 00:00:00",547583,175279,8018,0,2136660,3342794.714285714,
"2019-07-29 00:00:00",352224,757297,44609,0,2625055,3337875.1428571427,
"2019-07-30 00:00:00",286805,585628,8097,1555,1862684,3125441.714285714,
"2019-07-31 00:00:00",533024,388030,560,10398,3232537,3220520,
"2019-08-01 00:00:00",532904,552772,15599,0,2394840,3245484,
"2019-08-02 00:00:00",622434,518228,9393,6223,2380187,3226502.285714286,
"2019-08-03 00:00:00",548145,595043,21915,5373,2804052,3509023.4285714286,
"2019-08-04 00:00:00",285176,278250,46178,0,2568720,3553421.285714286,
"2019-08-05 00:00:00",216581,337985,15967,1679,1852726,3359957.4285714286,
"2019-08-06 00:00:00",344055,445016,8737,0,2294009,3409535.714285714,
"2019-08-07 00:00:00",413168,799095,37979,3320,2770497,3389465.714285714,
"2019-08-08 00:00:00",308348,293375,54545,12184,2440315,3334130.285714286,
"2019-08-09 00:00:00",697657,602228,6666,0,3141108,3464300.8571428573,
"2019-08-10 00:00:00",326300,504153,11715,0,3956510,3582036.5714285714,
"2019-08-11 00:00:00",594454,311395,8650,0,2088988,3557059.5714285714,
"2019-08-12 00:00:00",250547,651826,6808,0,2108280,3641705.5714285714,
"2019-08-13 00:00:00",309213,323470,10114,0,2398637,3634508,
"2019-08-14 00:00:00",567780,486093,0,0,2611834,3583314.714285714,
"2019-08-15 00:00:00",483978,629614,40670,3743,2984133,3730939,
"2019-08-16 00:00:00",523288,237410,43205,5270,2246393,3532068.5714285714,
"2019-08-17 00:00:00",454432,201062,51198,0,2872657,3357878.714285714,
"2019-08-18 00:00:00",368168,499384,35142,3788,2997720,3486552.285714286,
"2019-08-19 00:00:00",544607,309414,23510,2864,2637303,3558014.8571428573,
"2019-08-20 00:00:00",452537,457642,0,11238,3175898,3708854.8571428573,
"2019-08-21 00:00:00",259807,498146,45884,4604,2085301,3598574.285714286,
"2019-08-22 00:00:00",384433,234637,6039,0,1987474,3380066.5714285714,
"2019-08-23 00:00:00",435783,746671,42459,2013,2130175,3423143.285714286,
"2019-08-24 00:00:00",765756,322739,8682,3467,2866740,3316934.714285714,3613601.285714286
"2019-08-25 00:00:00",365317,491277,7086,11165,3141626,3302489.714285714,3689246.8571428573
"2019-08-26 00:00:00",496967,507362,5434,2081,1902031,3301157.1428571427,3422606.714285714
"2019-08-27 00:00:00",276571,457129,2533,3232,2566671,3232679.714285714,3274699.714285714
"2019-08-28 00:00:00",338076,613009,0,0,2807857,3444875,3313628
"2019-08-29 00:00:00",596983,362693,56159,0,3044921,3448251,3343671.714285714
"2019-08-30 00:00:00",472902,488322,27452,0,2251077,3609046.714285714,3574335
"2019-08-31 00:00:00",371281,432312,4018,7540,2274002,3483585.285714286,3671937.4285714286
"2019-09-01 00:00:00",346477,480028,11274,0,2634456,3405837.1428571427,3651125.4285714286
"2019-09-02 00:00:00",576779,839709,39003,2983,2277943,3523343.1428571427,3672784.285714286
"2019-09-03 00:00:00",409168,416658,25503,0,2725653,3562035.285714286,3772977.714285714
"2019-09-04 00:00:00",424061,456412,6658,0,4088346,3735826.1428571427,3754805
"2019-09-05 00:00:00",309299,621690,14002,6409,2590423,3661692.8571428573,3419142.5714285714
"2019-09-06 00:00:00",402079,580479,25088,0,2907411,3758165,3328509.285714286
"2019-09-07 00:00:00",586458,295994,70086,10442,1947167,3732592.714285714,3743500.5714285714
"2019-09-08 00:00:00",413632,359364,7887,2880,2172472,3658878.5714285714,3659696
"2019-09-09 00:00:00",248949,256762,16962,0,2491391,3555685.1428571427,3735946.4285714286
"2019-09-10 00:00:00",347884,584116,28422,7573,2901981,3597541.5714285714,3661955.1428571427
"2019-09-11 00:00:00",369885,588571,69909,4706,1286817,3218171.714285714,3659845.714285714
"2019-09-12 00:00:00",374109,216333,15332,6048,2823157,3202908.4285714286,3875002.4285714286
"2019-09-13 00:00:00",530190,470068,6910,2677,2529444,3149227.285714286,3921142.4285714286
"2019-09-14 00:00:00",562758,279742,53351,0,3893881,3417739.285714286,3626337.285714286
"2019-09-15 00:00:00",487619,396673,0,4207,2009988,3409489.4285714286,3626928.285714286
"2019-09-16 00:00:00",577186,617662,12784,11089,2448319,3502771.8571428573,3657597.714285714
"2019-09-17 00:00:00",316525,597810,11110,2212,738258,3187906.1428571427,3423886.8571428573
"2019-09-18 00:00:00",249027,393267,3283,2177,3134056,3396752,3356856.4285714286
"2019-09-19 00:00:00",200771,169524,47334,8778,3068792,3405355,3325280.285714286
"2019-09-20 00:00:00",390729,741491,24462,0,1798212,3321870,3109096
"2019-09-21 00:00:00",641360,479827,16149,2174,3716144,3331287.4285714286,3192493.5714285714
"2019-09-22 00:00:00",221621,190559,14686,2302,2096577,3278038.714285714,3150242.1428571427
"2019-09-23 00:00:00",561551,230296,16410,9930,2177107,3182075,3147769
"2019-09-24 00:00:00",420131,333960,17107,5911,1581456,3281024.5714285714,3311081.714285714
"2019-09-25 00:00:00",344655,436039,0,2013,1581317,3078483.8571428573,3362421.1428571427
"2019-09-26 00:00:00",416259,305118,31786,0,2826877,3090603.714285714,3239947.5714285714
"2019-09-27 00:00:00",334958,517115,39268,3627,2448557,3146122.285714286,3349880
"2019-09-28 00:00:00",524468,682645,45761,7320,2308148,2962220.5714285714,2913401.4285714286
"2019-09-29 00:00:00",450364,552600,25837,0,2442222,3097260.1428571427,2842655.714285714
"2019-09-30 00:00:00",173714,410931,10702,595,2040193,3045951.5714285714,2972948.4285714286
"2019-10-01 00:00:00",425300,417784,11179,0,2001413,3116967.714285714,3047118.285714286
"2019-10-02 00:00:00",434177,335847,5552,0,3488835,3388451.5714285714,2853565.714285714
"2019-10-03 00:00:00",442583,329469,13349,5700,2143308,3296218.714285714,2942435.4285714286
"2019-10-04 00:00:00",298509,194358,31880,595,2118907,3196322.285714286,3047866.4285714286
"2019-10-05 00:00:00",432662,268155,13289,0,2461913,3140276.285714286,3320239.285714286
"2019-10-06 00:00:00",440504,780162,6726,0,1223759,2994580.4285714286,3332984.8571428573
"2019-10-07 00:00:00",333001,283428,38024,2983,1632598,2945137.4285714286,3065833.4285714286
"2019-10-08 00:00:00",253437,311850,18188,9237,2988065,3048723.285714286,2753590.8571428573
"2019-10-09 00:00:00",348110,136370,12586,16047,2728377,2902591.5714285714,2736866.8571428573
"2019-10-10 00:00:00",377313,196000,1151,0,1865939,2832019.1428571427,2552635
"2019-10-11 00:00:00",349915,381159,1737,0,2750620,2951902.285714286,2246052.5714285714
"2019-10-12 00:00:00",406748,206947,17671,0,2215144,2904829.4285714286,2078943.2857142857
"2019-10-13 00:00:00",302180,161087,8762,5662,2831159,3659696,
"2019-10-14 00:00:00",365784,786621,43207,2829,2211860,3735946.4285714286,
"2019-10-15 00:00:00",407131,448823,20111,6704,2847848,3661955.1428571427,
"2019-10-16 00:00:00",419891,308728,26258,390,2967843,3659845.714285714,
"2019-10-17 00:00:00",386802,400404,65215,9098,2761769,3875002.4285714286,
"2019-10-18 00:00:00",326954,347063,20944,11078,3249876,3921142.4285714286,
"2019-10-19 00:00:00",422696,353427,0,0,2856143,3626337.285714286,
"2019-10-20 00:00:00",482310,726175,0,3608,2100895,3626928.285714286,
"2019-10-21 00:00:00",493594,398414,34872,0,2698108,3657597.714285714,
"2019-10-22 00:00:00",263285,429130,1294,8512,1392419,3423886.8571428573,
"2019-10-23 00:00:00",516713,108935,42454,8453,2577343,3356856.4285714286,
"2019-10-24 00:00:00",270844,221087,41140,7299,2861886,3325280.285714286,
"2019-10-25 00:00:00",439087,239242,34527,2013,1727755,3109096,
"2019-10-26 00:00:00",395080,468627,14977,6775,3330588,3192493.5714285714,
"2019-10-27 00:00:00",366038,587483,18376,2013,2043317,3150242.1428571427,
"2019-10-28 00:00:00",404653,247783,25134,2364,2927742,3147769,
"2019-10-29 00:00:00",324984,300646,15454,0,2596746,3311081.714285714,
"2019-10-30 00:00:00",518978,578432,22022,2921,2490921,3362421.1428571427,
"2019-10-31 00:00:00",432554,328204,23422,0,1760760,3239947.5714285714,
"2019-11-01 00:00:00",452651,332696,14513,0,2412293,3349880,
"2019-11-02 00:00:00",309287,394176,21220,6770,429245,2913401.4285714286,
"2019-11-03 00:00:00",247455,248929,27773,2191,1995659,2842655.714285714,
"2019-11-04 00:00:00",377113,601631,32141,0,3508840,2972948.4285714286,
"2019-11-05 00:00:00",480127,883120,35109,5629,2353034,3047118.285714286,
"2019-11-06 00:00:00",198052,354510,0,0,1705844,2853565.714285714,
"2019-11-07 00:00:00",609827,197592,26756,16720,2316133,2942435.4285714286,
"2019-11-08 00:00:00",425753,372041,11902,0,3140473,3047866.4285714286,
"2019-11-09 00:00:00",451177,126289,17916,10383,2461543,3320239.285714286,
"2019-11-10 00:00:00",378289,472870,0,0,1760068,3332984.8571428573,
"2019-11-11 00:00:00",177963,419526,17539,10655,2023982,3065833.4285714286,
"2019-11-12 00:00:00",356350,502023,1799,0,711150,2753590.8571428573,
"2019-11-13 00:00:00",475519,243507,9864,5038,1407410,2736866.8571428573,
"2019-11-14 00:00:00",486333,211004,16031,0,1164037,2552635,
"2019-11-15 00:00:00",282069,323161,8015,0,1190847,2246052.5714285714,
"2019-11-16 00:00:00",193856,368093,30432,4186,1300975,2078943.2857142857,
"2019-11-17 00:00:00",428627,267961,0,2916,319966,1851549.5714285714,
"2019-11-18 00:00:00",337188,577001,21789,5598,1002868,1750803.5714285714,
"2019-11-19 00:00:00",206197,195198,23257,8387,1095702,1744720.7142857143,
"2019-11-20 00:00:00",220503,312680,37498,0,1230208,1696085.2857142857,
"2019-11-21 00:00:00",138667,330528,0,9995,962035,1633773.857142857,
"2019-11-22 00:00:00",512676,282740,5548,1937,1304596,1677117.5714285714,
"2019-11-23 00:00:00",428490,145615,12849,5188,1157731,1656021.7142857143,
"2019-11-24 00:00:00",177248,421860,6455,4110,1071402,1750536.857142857,
"2019-11-25 00:00:00",127337,232854,23619,40013,1433804,1738134.4285714286,
"2019-11-26 00:00:00",316296,201600,17438,0,664234,1691109.5714285714,
"2019-11-27 00:00:00",281000,304147,4618,2013,962496,1655879,
"2019-11-28 00:00:00",202170,368708,39066,3954,1734089,1785416.4285714286,
"2019-11-29 00:00:00",345752,231401,76669,2013,1450291,1785220.5714285714,
"2019-11-30 00:00:00",331323,142197,31730,0,1358376,1801471.142857143,
"2019-12-01 00:00:00",353562,155921,6455,0,815018,1751454,
"2019-12-02 00:00:00",292507,226232,6982,7421,1436746,3423354.714285714,2490897.285714286
"2019-12-03 00:00:00",275921,138467,30953,0,1844756,3143275.714285714,2765992
"2019-12-04 00:00:00",420858,327205,0,0,2104825,3069454,2912213.4285714286
"2019-12-05 00:00:00",378359,93059,5872,0,220454,2724951.714285714,3151763
"2019-12-06 00:00:00",273403,382061,1209,0,1077792,2375774,3465412.1428571427
"2019-12-07 00:00:00",283630,203975,820,2182,1096092,2051355.7142857143,3785345.4285714286
"2019-12-08 00:00:00",293966,233902,12626,4912,1210734,1841133.5714285714,4018858.285714286
"2019-12-09 00:00:00",377269,392493,6085,0,574148,1752577.4285714286,3976703.1428571427
"2019-12-10 00:00:00",303402,372384,11813,0,2112054,1825371,3595518.5714285714
"2019-12-11 00:00:00",405139,260003,15837,0,1307590,1701896.857142857,3293254.714285714
"2019-12-12 00:00:00",214511,135840,10806,4111,2595708,2025215.7142857143,3168594.714285714
"2019-12-13 00:00:00",398239,475711,1566,3944,1713885,2147912.714285714,3113843.4285714286
"2019-12-14 00:00:00",216822,311058,972,0,2092354,2295699.285714286,3187963.714285714
"2019-12-15 00:00:00",357562,316071,820,13060,2603228,2514927.8571428573,3098623.285714286
"2019-12-16 00:00:00",132168,276433,4339,5812,1765865,2634159.714285714,3091629
"2019-12-17 00:00:00",200207,264218,3588,6223,1080777,2456354,3154231.1428571427
"2019-12-18 00:00:00",288730,418036,20289,0,977582,2415792.285714286,3447413.285714286
"2019-12-19 00:00:00",163435,268149,17523,0,1372866,2253077.4285714286,3627538.8571428573
"2019-12-20 00:00:00",355257,163824,3568,3271,890333,2084921.4285714286,3882475.285714286
"2019-12-21 00:00:00",267104,640902,8762,4452,941127,1976513,3835009.4285714286
"2019-12-22 00:00:00",234086,479809,17266,0,2164597,1920087,3802170.285714286
"2019-12-23 00:00:00",339975,220751,0,5064,1111533,1847616.2857142857,3683587
"2019-12-24 00:00:00",438484,556788,50388,0,1537084,1994435,3893791.8571428573
"2019-12-25 00:00:00",380414,585148,49587,0,750896,2003207.4285714286,3857162.285714286
"2019-12-26 00:00:00",280827,451659,47591,0,1662750,2091901,3696128
"2019-12-27 00:00:00",264052,464168,3414,0,419675,2054051.857142857,3411329.5714285714
"2019-12-28 00:00:00",424127,469280,43526,5285,2318635,2253838.4285714286,3486414.1428571427
"2019-12-29 00:00:00",193301,532035,9696,0,1525570,2163101.8571428573,3361448.8571428573
"2019-12-30 00:00:00",184804,535712,31819,11781,2277631,2358019.714285714,3508959
"2019-12-31 00:00:00",346496,226969,5276,5440,2297798,2400768,3482766.8571428573
"2020-01-01 00:00:00",250273,85618,11422,8554,1890409,2469372.714285714,3675246.1428571427
"2020-01-02 00:00:00",534742,325061,32973,0,2423843,2594200,3582214.8571428573
"2020-01-03 00:00:00",401430,370485,0,4945,1449880,2747833,3515015.285714286
"2020-01-04 00:00:00",246068,285753,31310,3322,1855302,2627961.8571428573,3261291.4285714286
"2020-01-05 00:00:00",575908,442115,20536,0,2227697,2771626.714285714,3286228.8571428573
"2020-01-06 00:00:00",350048,562098,7174,0,1514662,2684803,3363562.4285714286
"2020-01-07 00:00:00",513524,136338,16461,2805,1194160,2539275.285714286,3226210.285714286
"2020-01-08 00:00:00",250693,158649,37904,0,65583,2291639.8571428573,3157878.285714286
"2020-01-09 00:00:00",392232,603001,9251,0,603940,2047612,3343160.8571428573
"2020-01-10 00:00:00",357638,113951,33982,0,878177,1927184.5714285714,3357460.714285714
"2020-01-11 00:00:00",396663,456826,8724,3436,1477687,1915981.857142857,3529755.285714286
"2020-01-12 00:00:00",311875,226776,18138,3154,776357,1640273.7142857143,3618990.714285714
"2020-01-13 00:00:00",312010,634891,30855,8586,263425,1471100,3508601.5714285714
"2020-01-14 00:00:00",537309,361100,32878,2784,917741,1469460.7142857143,3466398.4285714286
"2020-01-15 00:00:00",282905,294313,11629,0,801898,1594877.2857142857,3184411.5714285714
"2020-01-16 00:00:00",271751,455255,0,4523,310909,1514022.2857142857,3169390.285714286
"2020-01-17 00:00:00",350818,283942,12987,3788,1544422,1630052.2857142857,3088991.8571428573
"2020-01-18 00:00:00",370990,244330,28206,2483,1417149,1590026.857142857,3123333.8571428573
"2020-01-19 00:00:00",318867,316424,36030,7607,1981005,1779117.4285714286,3258988.1428571427
"2020-01-20 00:00:00",345654,448506,2286,3867,1650942,1950758.857142857,3288718.1428571427
"2020-01-21 00:00:00",345544,453279,21880,2766,942430,1738350.142857143,
"2020-01-22 00:00:00",590109,422180,2456,4706,1431497,1917118.7142857143,
"2020-01-23 00:00:00",305588,385271,1566,0,1347837,1986545.142857143,
"2020-01-24 00:00:00",301126,399006,30378,0,1604808,1984735.2857142857,
"2020-01-25 00:00:00",559363,580527,11239,7840,1635784,2083110.4285714286,
"2020-01-26 00:00:00",405175,303016,8249,12651,2330153,2253913.1428571427,
"2020-01-27 00:00:00",326738,278028,5256,0,444743,2214457.285714286,
"2020-01-28 00:00:00",527849,714679,17392,0,968864,2280583.5714285714,
"2020-01-29 00:00:00",238791,176033,47066,2013,1106891,2154847.4285714286,
"2020-01-30 00:00:00",276271,269401,15781,0,2189549,2256382,
"2020-01-31 00:00:00",496075,359330,12743,0,1587395,2273557,
"2020-02-01 00:00:00",490383,398467,14274,2013,1198402,2174812,
"2020-02-02 00:00:00",305780,189565,0,0,1617364,2039592.4285714286,
"2020-02-03 00:00:00",157095,298961,9782,3627,2553767,2320802,
"2020-02-04 00:00:00",486374,349065,1374,0,671910,2217936.285714286,
"2020-02-05 00:00:00",327759,716145,7839,0,1076863,2297623.714285714,
"2020-02-06 00:00:00",248520,309661,6478,0,2635657,2361811.4285714286,
"2020-02-07 00:00:00",480624,419833,10946,2062,2851352,2548850.4285714286,
"2020-02-08 00:00:00",453135,306318,20537,0,3453530,2853133.4285714286,
"2020-02-09 00:00:00",401715,156967,32740,0,1884209,2904979.5714285714,
"2020-02-10 00:00:00",316941,445859,4579,3523,960714,2720463,
"2020-02-11 00:00:00",261004,336174,21628,0,1750088,2843344.5714285714,
"2020-02-12 00:00:00",529421,330909,12095,2797,772801,2774689.8571428573,
"2020-02-13 00:00:00",162182,206010,4431,0,805299,2485776.4285714286,
"2020-02-14 00:00:00",167642,467484,25170,7320,581803,2126434,
"2020-02-15 00:00:00",521556,188242,49320,2776,1939661,1907582,
"2020-02-16 00:00:00",371637,99504,12931,2081,1372150,1819392.142857143,
"2020-02-17 00:00:00",507192,685681,1038,4636,2545093,2106824.285714286,
"2020-02-18 00:00:00",450504,319055,45130,3706,1905673,2157563.4285714286,
"2020-02-19 00:00:00",272787,242667,0,0,2806786,2396737.1428571427,
"2020-02-20 00:00:00",358385,521660,6298,4009,3169646,2808462.4285714286,
"2020-02-21 00:00:00",436868,255528,28951,0,1149168,2897190.4285714286,
"2020-02-22 00:00:00",410450,112673,4049,0,3692436,3114055.1428571427,
"2020-02-23 00:00:00",251427,435330,8557,0,1650356,3183679,
"2020-02-24 00:00:00",339836,398801,104152,9098,2585405,3139915,
"2020-02-25 00:00:00",635005,261095,69313,0,2445575,3238046.4285714286,
"2020-02-26 00:00:00",305040,374144,14882,0,1685733,3103412,
"2020-02-27 00:00:00",145386,0,8707,0,719101,2648154,
"2020-02-28 00:00:00",153765,605604,6807,0,1418234,2692996.1428571427,
"2020-02-29 00:00:00",408343,240347,17789,0,3059603,2622492.285714286,
"2020-03-01 00:00:00",454508,168539,0,0,2734986,2767115.5714285714,
"2020-03-02 00:00:00",276869,485457,28074,0,3300775,2860527.285714286,
"2020-03-03 00:00:00",174852,212548,30451,0,1795019,2689367.714285714,
"2020-03-04 00:00:00",230407,265535,18557,6852,1766369,2676213.714285714,
"2020-03-05 00:00:00",255507,556315,1308,4009,1411241,2869811.8571428573,
"2020-03-06 00:00:00",226595,402037,8584,2013,1560365,2871981,
"2020-03-07 00:00:00",345658,35379,22312,0,2059256,2691484.4285714286,
"2020-03-08 00:00:00",336442,418973,2406,3152,1809631,2578994.714285714,
"2020-03-09 00:00:00",546721,340964,12748,4842,3356474,2603362.285714286,
"2020-03-10 00:00:00",135085,221523,8557,5623,2522355,2700543.8571428573,
"2020-03-11 00:00:00",135340,377288,22230,2294,1181085,3728297.8571428573,2234914.714285714
"2020-03-12 00:00:00",330361,207487,20936,0,3071734,3687633.4285714286,2320332.1428571427
"2020-03-13 00:00:00",355227,441532,449,6154,2499799,3642845.4285714286,2191221.1428571427
"2020-03-14 00:00:00",611511,325899,9831,7065,3118725,3626265.8571428573,2260695.5714285714
"2020-03-15 00:00:00",319578,202961,0,2801,1511707,3327415.5714285714,2181403.714285714
"2020-03-16 00:00:00",279842,368153,0,3826,844186,3052068,2439657.1428571427
"2020-03-17 00:00:00",203827,251126,5855,0,1363716,2583219.1428571427,2542868
"2020-03-18 00:00:00",564650,225751,11525,2859,1968581,2733951.8571428573,2801220.1428571427
"2020-03-19 00:00:00",508966,434837,0,0,2186589,2662505.285714286,3005323.285714286
"2020-03-20 00:00:00",121777,428351,10112,6924,2010714,2558893.285714286,2823225.5714285714
"2020-03-21 00:00:00",503460,239622,41894,0,2514081,2448325.714285714,2763222.714285714
"2020-03-22 00:00:00",259611,370685,11956,5981,1115413,2409268.4285714286,2798413.714285714
"2020-03-23 00:00:00",245894,226481,23022,0,1044096,2415480.8571428573,2598068.5714285714
"2020-03-24 00:00:00",427820,531584,14821,5226,920362,2426236.714285714,2564556.5714285714
"2020-03-25 00:00:00",254411,603621,3477,0,700857,2253236.8571428573,2437961.714285714
"2020-03-26 00:00:00",392002,555561,18612,0,2466111,2296364.5714285714,2438744.8571428573
"2020-03-27 00:00:00",294153,376212,4183,0,1264308,2205075.5714285714,2801175.4285714286
"2020-03-28 00:00:00",555661,350454,12300,3150,1980423,2148351.5714285714,3026917.8571428573
"2020-03-29 00:00:00",150960,93621,14813,0,1948038,2211749.5714285714,3092643
"2020-03-30 00:00:00",473334,258316,7046,9017,1732886,2346193.285714286,3317638.8571428573
"2020-03-31 00:00:00",357734,599675,13969,0,1715677,2458656.285714286,3454080
"2020-04-01 00:00:00",255802,549365,390,0,2277635,2675917,3564152.4285714286
"2020-04-02 00:00:00",341945,553327,38364,0,3649088,2840265.1428571427,3415341.8571428573
"2020-04-03 00:00:00",461028,369581,23300,0,3471956,3181266.5714285714,3373405
"2020-04-04 00:00:00",410786,326495,31668,2970,2535652,3239207,3412996
"2020-04-05 00:00:00",207916,415315,66129,0,3534211,3527226.8571428573,3505883.5714285714
"2020-04-06 00:00:00",509675,641894,9475,2013,2800203,3739035.714285714,3646772.285714286
"2020-04-07 00:00:00",434302,497954,23286,4419,1107765,3650560,3478068.1428571427
"2020-04-08 00:00:00",497093,391607,42494,2789,3170678,3796484.285714286,3594970.714285714
"2020-04-09 00:00:00",464998,538184,10150,2013,3839238,3835321.5714285714,3673291.714285714
"2020-04-10 00:00:00",152663,541022,21147,0,2389714,3660847.4285714286,3605032.4285714286
"2020-04-11 00:00:00",576297,590920,6682,0,2833422,3760811.5714285714,3442286.285714286
"2020-04-12 00:00:00",309449,736169,6356,0,3102898,3750997.5714285714,3563732.8571428573
"2020-04-13 00:00:00",419283,139100,2196,0,2733931,3655461.5714285714,3538356.5714285714
"2020-04-14 00:00:00",112564,579482,23782,0,2903131,3877066.4285714286,3733393.714285714
"2020-04-15 00:00:00",474669,632780,28529,4346,1165003,3620018.714285714,3747885.1428571427
"2020-04-16 00:00:00",246719,330912,4714,0,2033576,3300209.714285714,3518713
"2020-04-17 00:00:00",202742,410239,3530,0,2895098,3358361.4285714286,3805599.285714286
"2020-04-18 00:00:00",747533,189599,0,0,2043182,3211646,3919578.4285714286
"2020-04-19 00:00:00",270872,538715,38961,0,3074938,3178590.714285714,3595390.8571428573
"2020-04-20 00:00:00",284186,436023,1881,0,3421342,3299865.285714286,3442027.714285714
"2020-04-21 00:00:00",213046,342815,16157,1672,3373433,3346745.714285714,3365411.714285714
"2020-04-22 00:00:00",548073,455883,20011,0,1090481,3319477.285714286,3376285.285714286
"2020-04-23 00:00:00",355596,479045,9106,10317,1858631,3333302.4285714286,3525094
"2020-04-24 00:00:00",319611,386155,15988,18086,3377747,3419870.714285714,3307818.4285714286
"2020-04-25 00:00:00",447747,214942,34671,3629,2222213,3411712.1428571427,3356520.8571428573
"2020-04-26 00:00:00",328462,402457,64866,0,2989693,3391996.8571428573,3696098.5714285714
"2020-04-27 00:00:00",267526,0,4725,5663,1995660,3124874.4285714286,3718740.285714286
"2020-04-28 00:00:00",594410,637321,52187,4539,2748665,3137731.714285714,3822189.8571428573
"2020-04-29 00:00:00",245366,148657,24414,0,1695746,3137693.714285714,3693904.1428571427
"2020-04-30 00:00:00",454649,313493,53229,2297,3047984,2926819.8571428573,
"2020-05-01 00:00:00",144271,188064,27269,2734,3512224,3161988.714285714,
"2020-05-02 00:00:00",310010,274886,19501,0,3877590,3488044.714285714,
"2020-05-03 00:00:00",643207,620003,21065,0,3165598,3771940.1428571427,
"2020-05-04 00:00:00",371601,206948,34814,2577,2725857,3882110.714285714,
"2020-05-05 00:00:00",419619,332762,324,0,2391094,3722403.714285714,
"2020-05-06 00:00:00",689078,845784,1872,2556,3543382,4035193.8571428573,
"2020-05-07 00:00:00",307030,541041,3750,1167,1629119,3836687.4285714286,
"2020-05-08 00:00:00",569276,382205,34233,2013,2831094,3828724.4285714286,
"2020-05-09 00:00:00",541001,516955,24869,0,2652658,3722080.8571428573,
"2020-05-10 00:00:00",303800,629565,27045,2013,2277860,3549282.285714286,
"2020-05-11 00:00:00",463816,382679,21678,11224,3120267,3643263.1428571427,
"2020-05-12 00:00:00",294996,373961,18684,0,2438214,3640699.714285714,
"2020-05-13 00:00:00",387821,426802,0,0,2377584,3370633.1428571427,
"2020-05-14 00:00:00",455012,643150,8848,7510,2575683,3543218.285714286,
"2020-05-15 00:00:00",336619,561306,51881,4986,2582128,3502946.714285714,
"2020-05-16 00:00:00",512449,476872,31576,0,3031939,3548282.8571428573,
"2020-05-17 00:00:00",352300,735205,33859,0,2583287,3614621.1428571427,
"2020-05-18 00:00:00",411121,166591,4302,3586,1820306,3386941.4285714286,
"2020-05-19 00:00:00",663239,546300,5575,5124,2752129,3507871.5714285714,
"2020-05-20 00:00:00",433937,703835,30524,16870,2829238,3625328.4285714286,
"2020-05-21 00:00:00",174031,269167,6401,0,4105923,3748945.4285714286,
"2020-05-22 00:00:00",559021,187038,1530,4867,2887902,3763722.285714286,
"2020-05-23 00:00:00",740984,774329,6732,9778,1231967,3579573.1428571427,
"2020-05-24 00:00:00",170166,228438,18822,0,2208531,3425474,
"2020-05-25 00:00:00",365090,578251,21609,3353,1260140,3400122.1428571427,
"2020-05-26 00:00:00",576593,470963,3793,0,2517934,3342538.8571428573,
"2020-05-27 00:00:00",297654,351614,33239,5038,2318535,3198492.285714286,
"2020-05-28 00:00:00",300073,139241,52705,0,2162626,2926938.4285714286,
"2020-05-29 00:00:00",392264,337476,0,760,3340487,2988456.714285714,
"2020-05-30 00:00:00",371254,753154,16061,6223,1236648,2934106.5714285714,
"2020-05-31 00:00:00",626478,387756,38793,0,3256779,3174656.4285714286,
"2020-06-01 00:00:00",410554,698480,24868,2889,2495125,3375152.5714285714,
"2020-06-02 00:00:00",327894,749933,25585,0,2385737,3363704.8571428573,
"2020-06-03 00:00:00",654637,233812,6914,0,2923337,3479793.5714285714,
"2020-06-04 00:00:00",334129,228639,8256,0,3582676,3693944.1428571427,
"2020-06-05 00:00:00",331419,363720,32940,6179,2999183,3645723.4285714286,1991002.2857142857
"2020-06-06 00:00:00",249575,258871,9751,2592,2633237,3755821.5714285714,1969137.4285714286
"2020-06-07 00:00:00",521049,400067,0,4382,1868656,3539300,1966240.857142857
"2020-06-08 00:00:00",224486,471741,10907,0,2029004,3411331.4285714286,2025083.5714285714
"2020-06-09 00:00:00",414744,318244,58348,2013,2622041,3400794.4285714286,2069232.857142857
"2020-06-10 00:00:00",725236,471123,24964,0,3449972,3522593.5714285714,2094432.5714285714
"2020-06-11 00:00:00",264108,208139,35419,5329,1919779,3276747,2030488.2857142857
"2020-06-12 00:00:00",792850,215142,3676,0,3190379,3343690.714285714,2116884.1428571427
"2020-06-13 00:00:00",213418,484050,6587,0,2665301,3374452,2182755.8571428573
"2020-06-14 00:00:00",260175,574583,20611,0,2746700,3489868.285714286,2327679.714285714
"2020-06-15 00:00:00",400553,463473,6373,760,2066223,3518617.714285714,2203677.714285714
"2020-06-16 00:00:00",515396,271193,17752,0,1765055,3397761.4285714286,2242142
"2020-06-17 00:00:00",630637,377466,34519,0,2391166,3220974.714285714,2263875.5714285714
"2020-06-18 00:00:00",367167,726408,39732,0,2966442,3459114,2312629.5714285714
"2020-06-19 00:00:00",701313,506478,42619,0,2609814,2237674.8571428573,3401746.1428571427
"2020-06-20 00:00:00",462523,354326,16215,6836,2300585,2487637.8571428573,3576359.714285714
"2020-06-21 00:00:00",404533,355398,3108,2562,2810021,2849521.4285714286,3309031.1428571427
"2020-06-22 00:00:00",456411,609616,6224,3750,2640888,3066797.4285714286,3342794.714285714
"2020-06-23 00:00:00",423849,317424,8746,1537,2201869,3193978.285714286,3337875.1428571427
"2020-06-24 00:00:00",604917,326107,39749,3788,2116056,3255504.4285714286,3125441.714285714
"2020-06-25 00:00:00",178164,404826,17080,0,2637861,3367886.5714285714,3220520
"2020-06-26 00:00:00",387309,378823,14020,8886,3726214,3461461.8571428573,3245484
"2020-06-27 00:00:00",377309,242327,50946,0,1221810,3283162.5714285714,3226502.285714286
"2020-06-28 00:00:00",664061,322422,17733,0,2019398,3204304.1428571427,3509023.4285714286
"2020-06-29 00:00:00",616784,521778,10582,0,1642325,3072101.1428571427,3553421.285714286
"2020-06-30 00:00:00",415405,611543,78247,0,2155551,3116004.1428571427,3359957.4285714286
"2020-07-01 00:00:00",389258,408983,12046,7743,2151802,3098749.4285714286,3409535.714285714
"2020-07-02 00:00:00",611003,394686,33678,0,1656707,3021341.285714286,3389465.714285714
"2020-07-03 00:00:00",431719,636994,24672,0,2878467,2943712.714285714,3334130.285714286
"2020-07-04 00:00:00",338954,689085,4642,11531,3452998,3315829.714285714,3464300.8571428573
"2020-07-05 00:00:00",348389,251510,46547,0,2338572,3310316,3582036.5714285714
"2020-07-06 00:00:00",539628,233696,16349,0,2824055,3427781.714285714,3557059.5714285714
"2020-07-07 00:00:00",423291,396552,101534,5310,3091186,3535942.714285714,3641705.5714285714
"2020-07-08 00:00:00",477062,323086,31827,0,1539979,3450531.4285714286,3634508
"2020-07-09 00:00:00",649673,499067,19497,0,1940791,3509524.8571428573,3583314.714285714
"2020-07-10 00:00:00",362627,503728,5695,0,2795331,3466029,3730939
"2020-07-11 00:00:00",283854,353056,27768,8347,3542546,3425794.8571428573,3532068.5714285714
"2020-07-12 00:00:00",440420,124500,24082,0,2529586,3444876.1428571427,3357878.714285714
"2020-07-13 00:00:00",447693,331145,10927,8769,2670738,3424239.5714285714,3486552.285714286
"2020-07-14 00:00:00",275358,551337,8013,0,3074762,3408753.4285714286,3558014.8571428573
"2020-07-15 00:00:00",338763,735325,0,0,2567800,3590172.5714285714,3708854.8571428573
"2020-07-16 00:00:00",269602,323791,36021,0,2401403,3578999.4285714286,3598574.285714286
"2020-07-17 00:00:00",454460,358524,57153,2996,2500649,3537056.8571428573,3380066.5714285714
"2020-07-18 00:00:00",409800,538968,6682,0,2266617,3395127.714285714,3423143.285714286
"2020-07-19 00:00:00",279728,456279,20727,0,1903441,3329640.1428571427,3373864.285714286
"2020-07-20 00:00:00",846790,278412,5361,0,2515976,3354964,3063779.4285714286
"2020-07-21 00:00:00",335522,192296,8622,4912,2727732,3263480.5714285714,3123969.714285714
"2020-07-22 00:00:00",349438,424268,18421,7573,1444111,3063755.4285714286,2758511
"2020-07-23 00:00:00",439680,87336,0,877,2230585,3024849.8571428573,2741497.1428571427
"2020-07-24 00:00:00",349413,416032,13466,1260,2660426,3034394.714285714,2750187.1428571427
"2020-07-25 00:00:00",395556,259985,22773,0,3144548,3120222.5714285714,2656936.285714286
"2020-07-26 00:00:00",506955,402837,48576,6328,1849601,3142240.1428571427,2389691.8571428573
"2020-07-27 00:00:00",343615,715146,13775,2920,2100213,3074972.8571428573,2506683.4285714286
"2020-07-28 00:00:00",162316,236458,14821,557,2790850,3065818.1428571427,2115288.4285714286
"2020-07-29 00:00:00",723831,473285,4546,0,2284795,3243338.714285714,2128739.8571428573
"2020-07-30 00:00:00",252224,731104,9901,4009,3124813,3438135.1428571427,1913112.2857142857
"2020-07-31 00:00:00",424656,335047,21538,15477,2495182,3416893,1923591.2857142857
"2020-08-01 00:00:00",316712,389622,15541,0,2131274,3278362.5714285714,1881854
"2020-08-02 00:00:00",504107,530179,9026,2236,2869621,3435629.8571428573,1929000.4285714286
"2020-08-03 00:00:00",508707,424694,2710,0,2680567,3498631.285714286,2055378.142857143
"2020-08-04 00:00:00",505658,455401,38364,1833,3187831,3639214.8571428573,2265231
"2020-08-05 00:00:00",450176,450442,17401,3256,3207724,3731006.5714285714,2435209.285714286
"2020-08-06 00:00:00",595539,436907,10576,0,2380417,3631204.714285714,2499990.5714285714
"2020-08-07 00:00:00",557194,449205,58550,3496,4038020,3890428.1428571427,2456363.4285714286
"2020-08-08 00:00:00",333885,405391,22881,0,2336258,3301452.285714286,2391204.8571428573
"2020-08-09 00:00:00",513984,226294,5593,0,1913545,3200032.285714286,2423401.4285714286
"2020-08-10 00:00:00",443734,541544,6586,6223,1603403,3057092.5714285714,2274552.1428571427
"2020-08-11 00:00:00",469895,401641,2504,3944,3182898,3217592.5714285714,2480427.714285714
"2020-08-12 00:00:00",190672,609905,0,0,2851726,3372293.4285714286,2577443.1428571427
"2020-08-13 00:00:00",757932,290150,41470,7962,2213151,3354704.5714285714,2453383.714285714
"2020-08-14 00:00:00",415348,744431,43756,0,2554737,3305922.1428571427,2220775.4285714286
"2020-08-15 00:00:00",308434,605506,47152,2013,3461918,3495437.714285714,2128433.8571428573
"2020-08-16 00:00:00",619545,139512,0,0,3782313,3764288.4285714286,2228829.1428571427
"2020-08-17 00:00:00",431938,542107,29405,2013,1313447,3723919.5714285714,2338842.285714286
"2020-08-18 00:00:00",649206,283520,19029,5436,3090191,3721991.1428571427,2298297.5714285714
"2020-08-19 00:00:00",560799,563808,27552,6481,1836072,3628049.714285714,2189800.5714285714
"2020-08-20 00:00:00",411136,634316,11282,4110,3008080,3736372.5714285714,2347674.4285714286
"2020-08-21 00:00:00",492809,264347,48568,0,1569866,3538846.714285714,2328659.5714285714
"2020-08-22 00:00:00",137081,669546,38980,0,2739866,3418910.8571428573,2204787.285714286
"2020-08-23 00:00:00",544490,388348,35262,0,2125308,3212059,2392236.5714285714
"2020-08-24 00:00:00",438478,156320,0,0,1475956,3176608,2383834.8571428573
"2020-08-25 00:00:00",151359,341989,822,5671,2508937,3028236,2382742
"2020-08-26 00:00:00",417177,605035,14880,0,2669996,3130004,2444841.4285714286
"2020-08-27 00:00:00",470080,934427,36147,11427,1763617,3008114.4285714286,2278445.8571428573
"2020-08-28 00:00:00",666868,408975,0,0,2022808,3111408.8571428573,2349517.5714285714
"2020-08-29 00:00:00",611014,674098,0,7379,2120499,3086768.4285714286,2396070
"2020-08-30 00:00:00",372644,533084,37502,10194,2018891,3069469.5714285714,2248853.714285714
"2020-08-31 00:00:00",450234,356342,31900,0,2314831,3224120.285714286,2227510.4285714286
"2020-09-01 00:00:00",577840,603216,26959,4188,3099142,3410201.1428571427,2299600.4285714286
"2020-09-02 00:00:00",436712,747204,37776,0,1940153,3332309.285714286,2273594.8571428573
"2020-09-03 00:00:00",479050,459590,45372,0,2195789,3327181,2372282.1428571427
"2020-09-04 00:00:00",266921,423584,15600,3203,3457886,3479830.1428571427,2305706
"2020-09-05 00:00:00",336119,348659,2175,4912,1680506,3331170.285714286,2377276.1428571427
"2020-09-06 00:00:00",788173,458927,36083,7366,1855581,3356001,2211082.285714286
"2020-09-07 00:00:00",725012,553787,12067,0,2218753,3406902.714285714,2000569
"2020-09-08 00:00:00",414561,518837,2934,2215,2014840,3212908.714285714,2151644.5714285714
"2020-09-09 00:00:00",438169,620782,8713,0,2813344,3315646.4285714286,2204629.5714285714
"2020-09-10 00:00:00",540102,553174,4402,3496,3091949,3460406.714285714,2428347.714285714
"2020-09-11 00:00:00",163884,808111,46922,8819,1868241,3278804.1428571427,2718689
"2020-09-12 00:00:00",651791,393953,32121,6223,3515227,3596939,2709987.1428571427
"2020-09-13 00:00:00",308725,355452,15549,5133,3172768,3698581.4285714286,2745008
"2020-09-14 00:00:00",290475,453971,12054,0,960631,3442511.5714285714,2951700
"2020-09-15 00:00:00",239395,373340,12401,0,2550098,3474203.8571428573,2555014.285714286
"2020-09-16 00:00:00",506561,763179,5676,0,2079174,3399001.1428571427,2616574.1428571427
"2020-09-17 00:00:00",456628,254634,18623,3106,3588851,3417389.714285714,2316785.8571428573
"2020-09-18 00:00:00",241196,460612,9685,0,2012146,3392770,2170838.4285714286
"2020-09-19 00:00:00",576685,484370,49451,0,885707,3020898.1428571427,2235438.8571428573
"2020-09-20 00:00:00",442880,275949,32915,4250,3003517,3006881.5714285714,2370555
"2020-09-21 00:00:00",812729,867562,17598,0,2552761,3368813,2456886.285714286
"2020-09-22 00:00:00",316327,569785,32515,0,2451012,3396585.285714286,2721471.1428571427
"2020-09-23 00:00:00",322798,293306,455,0,2492701,3361538.1428571427,2558296.8571428573
"2020-09-24 00:00:00",799603,613997,50945,3326,2710837,3341090.5714285714,2509282.4285714286
"2020-09-25 00:00:00",439486,790369,8985,5525,2613263,3503089,2343981.8571428573
"2020-09-26 00:00:00",538988,742862,5539,0,1940307,3679015.1428571427,2367541.1428571427
"2020-09-27 00:00:00",724535,857443,26690,4620,2621819,3048505.5714285714,2962220.5714285714
"2020-09-28 00:00:00",457478,584577,25686,9416,2403246,3069292.1428571427,3097260.1428571427
"2020-09-29 00:00:00",339264,471048,40493,0,1592143,2901677.285714286,3045951.5714285714
"2020-09-30 00:00:00",424399,822493,19438,0,2048238,3019015.714285714,3116967.714285714
"2020-10-01 00:00:00",522984,359620,6824,1524,2358370,3278288.1428571427,3388451.5714285714
"2020-10-02 00:00:00",322049,497836,8533,0,2815671,3473305,3296218.714285714
"2020-10-03 00:00:00",384912,724791,13483,0,3764264,3607700,3196322.285714286
"2020-10-04 00:00:00",513904,266015,41019,9912,1237139,3298111.714285714,3140276.285714286
"2020-10-05 00:00:00",484801,693270,17188,0,2734681,3362331,2994580.4285714286
"2020-10-06 00:00:00",336624,310321,5442,0,2748642,3499199.8571428573,2945137.4285714286
"2020-10-07 00:00:00",519026,482394,7056,0,2703570,3555982.5714285714,3048723.285714286
"2020-10-08 00:00:00",640021,493456,47893,2763,2520061,3620964.285714286,2902591.5714285714
"2020-10-09 00:00:00",328976,621382,12106,0,3604504,3752804,2832019.1428571427
"2020-10-10 00:00:00",409202,561390,13310,0,1962124,3475457.4285714286,2951902.285714286
"2020-10-11 00:00:00",564855,480241,23620,2522,1327772,3522746,2904829.4285714286
"2020-10-12 00:00:00",411417,447179,0,5471,1422285,3287947.714285714,3156447.5714285714
"2020-10-13 00:00:00",653328,455007,31531,0,1610421,3194984.4285714286,3564450.1428571427
"2020-10-14 00:00:00",464516,390971,0,0,1208268,2959514.1428571427,3549566
"2020-10-15 00:00:00",200788,298455,6832,3496,3961997,3069138.8571428573,3573424
"2020-10-16 00:00:00",463992,349912,13121,11397,2727421,2926121.285714286,3766511.4285714286
"2020-10-17 00:00:00",442858,649444,2117,0,2788877,3060017.4285714286,3865091.285714286
"2020-10-18 00:00:00",53800,371326,0,15999,2603682,3152274.285714286,3998025.1428571427
"2020-10-19 00:00:00",707199,341340,30456,6087,1952080,3259533,3893356
"2020-10-20 00:00:00",341355,772745,20778,1260,1959907,3308927.1428571427,3701710.1428571427
"2020-10-21 00:00:00",772078,505818,2830,3209,2816353,3599860.4285714286,3704048.285714286
"2020-10-22 00:00:00",271914,419120,22958,8787,2573631,3431980.8571428573,3838159.8571428573
"2020-10-23 00:00:00",599589,949536,5919,4342,2636260,3521952.5714285714,3795913
"2020-10-24 00:00:00",331652,446839,67603,0,2378150,3427802,3717223.714285714
"2020-10-25 00:00:00",320981,573825,4958,3126,2457165,3472837.4285714286,3712786.285714286
"2020-10-26 00:00:00",568177,767546,62925,6584,2307375,3569329.5714285714,3854418.714285714
"2020-10-27 00:00:00",398533,368704,6236,4660,1826288,3499097.714285714,3867748.5714285714
"2020-10-28 00:00:00",439311,108066,0,12821,1366325,3188559.8571428573,3932844.8571428573
"2020-10-29 00:00:00",547247,527061,35937,1260,2141110,3182303.4285714286,3847058.5714285714
"2020-10-30 00:00:00",413521,497419,18062,6971,2319627,3048011.285714286,3871834
"2020-10-31 00:00:00",806930,523651,35964,0,2653425,3161686.5714285714,4006547.8571428573
"2020-11-01 00:00:00",313822,523390,31539,0,3811060,3350223,3855487.714285714
"2020-11-02 00:00:00",515957,422331,19934,0,3056124,3393328.5714285714,3806473.4285714286
"2020-11-03 00:00:00",337636,405537,5445,6905,2971056,3553636.714285714,3729195.5714285714
"2020-11-04 00:00:00",374093,428276,13970,0,2729630,3784986.1428571427,3720999.1428571427
"2020-11-05 00:00:00",569210,504710,12188,2181,2149164,3782820.1428571427,3921734.4285714286
"2020-11-06 00:00:00",392404,390090,8975,10147,1036745,3580357.285714286,3822777.285714286
"2020-11-07 00:00:00",408795,250786,7012,0,2592207,3471618.714285714,3604750.5714285714
"2020-11-08 00:00:00",351642,325603,3329,2693,2825924,3304387.5714285714,3725738.8571428573
"2020-11-09 00:00:00",445928,262703,14629,0,2316892,3165216.8571428573,3644238.4285714286
"2020-11-10 00:00:00",327769,478590,1960,0,1953994,3027464.4285714286,3823645
"2020-11-11 00:00:00",512363,468055,24397,0,2881937,3076147.8571428573,3757998.4285714286
"2020-11-12 00:00:00",549005,510176,4874,9107,1584961,2993386.4285714286,3611146.8571428573
"2020-11-13 00:00:00",400817,486659,2286,2877,1962871,3138693.4285714286,3543142.285714286
"2020-11-14 00:00:00",206787,426788,23639,0,1357816,2961012,3859000.5714285714
"2020-11-15 00:00:00",512542,221974,47957,0,493426,2641970.1428571427,3803701
"2020-11-16 00:00:00",448829,326134,0,6384,1201530,3190850.8571428573,3034394.714285714
"2020-11-17 00:00:00",177198,241396,1206,0,1614011,2884863.4285714286,3120222.5714285714
"2020-11-18 00:00:00",393190,337966,36144,13216,1409489,2809064.5714285714,3142240.1428571427
"2020-11-19 00:00:00",305521,520813,5250,0,592202,2511807.714285714,3074972.8571428573
"2020-11-20 00:00:00",516737,587363,1089,11509,1012158,2239519.714285714,3065818.1428571427
"2020-11-21 00:00:00",252264,325073,6356,0,2005408,2086413.142857143,3243338.714285714
"2020-11-22 00:00:00",332318,674198,5039,0,1422519,2111788.8571428573,3438135.1428571427
"2020-11-23 00:00:00",141078,436010,7277,4826,601609,1998634.857142857,3416893
"2020-11-24 00:00:00",538183,529894,22381,0,731153,1968320.4285714286,3278362.5714285714
"2020-11-25 00:00:00",472875,364393,4586,4110,1168443,1943234.857142857,3435629.8571428573
"2020-11-26 00:00:00",404911,495551,0,0,976617,2007991,3498631.285714286
"2020-11-27 00:00:00",451588,461350,67122,0,1634269,2077344.142857143,3639214.8571428573
"2020-11-28 00:00:00",360833,266892,2996,3819,1354624,1991639,3731006.5714285714
"2020-11-29 00:00:00",533251,68626,994,8171,900213,1859807.7142857143,3631204.714285714
"2020-11-30 00:00:00",508987,552592,39629,0,610431,1934213.2857142857,3890428.1428571427
"2020-12-01 00:00:00",371199,317935,28809,0,1266067,1957413.142857143,3728297.8571428573
"2020-12-02 00:00:00",433677,447072,27250,9523,2466662,2153095.8571428573,3687633.4285714286
"2020-12-03 00:00:00",414223,404032,19203,0,3703107,2533594,3642845.4285714286
"2020-12-04 00:00:00",614478,321447,11141,0,2369792,2633955.4285714286,3626265.8571428573
"2020-12-05 00:00:00",439327,321857,8949,0,2829135,2863970.1428571427,3327415.5714285714
"2020-12-06 00:00:00",537641,113834,11438,0,1607686,2972447.714285714,3052068
"2020-12-07 00:00:00",231196,302028,0,0,1925296,3079144.8571428573,2583219.1428571427
"2020-12-08 00:00:00",316126,239061,4751,0,447666,2939658.4285714286,2733951.8571428573
"2020-12-09 00:00:00",264137,347331,0,0,1751420,2793758.5714285714,2662505.285714286
"2020-12-10 00:00:00",433495,653980,0,0,1022081,2446471.4285714286,2558893.285714286
"2020-12-11 00:00:00",334318,308256,0,0,2480190,2418743.5714285714,2448325.714285714
"2020-12-12 00:00:00",131025,457182,3461,4988,1329573,2179738.1428571427,2409268.4285714286
"2020-12-13 00:00:00",159618,347691,5229,0,432260,1990338,2415480.8571428573
"2020-12-14 00:00:00",375159,110073,0,5359,915029,1839924,2426236.714285714
"2020-12-15 00:00:00",371253,542095,19607,4784,1496545,2043735.5714285714,2253236.8571428573
"2020-12-16 00:00:00",494760,583174,4994,0,1418588,2063539.857142857,2296364.5714285714
"2020-12-17 00:00:00",586844,79440,7001,0,1761503,2110001.5714285714,2205075.5714285714
"2020-12-18 00:00:00",337917,454056,1881,0,1098811,1934273.142857143,2148351.5714285714
"2020-12-19 00:00:00",220104,440789,8726,3454,1073779,1908648,2211749.5714285714
"2020-12-20 00:00:00",539806,147939,0,8102,1437592,2078454,2346193.285714286
"2020-12-21 00:00:00",371274,219229,0,0,1724767,2208403.8571428573,2458656.285714286
"2020-12-22 00:00:00",415502,133753,5402,0,1908846,2212577.8571428573,2675917
"2020-12-23 00:00:00",517607,295206,2200,12539,1993359,2258205.8571428573,2840265.1428571427
"2020-12-24 00:00:00",262926,142874,7799,0,943547,2104257,3181266.5714285714
"2020-12-25 00:00:00",470512,320792,30404,9660,2001170,2238524.714285714,3239207
"2020-12-26 00:00:00",190697,105002,0,0,1031176,2178527.714285714,3527226.8571428573
"2020-12-27 00:00:00",323737,186219,25212,0,1419298,2152960,3739035.714285714
"2020-12-28 00:00:00",536117,322599,0,6223,497814,2016886.2857142857,3650560
"2020-12-29 00:00:00",173136,495927,0,2861,1560009,1983804.857142857,3796484.285714286
"2020-12-30 00:00:00",436582,163772,22494,11233,1510371,1887167.7142857143,3835321.5714285714
"2020-12-31 00:00:00",527399,273576,5808,0,2225421,2126461.8571428573,3660847.4285714286
"2021-01-01 00:00:00",374254,521278,9467,7845,476746,1920326.4285714286,3760811.5714285714
"2021-01-02 00:00:00",400765,286013,2322,3902,1296630,2015006.142857143,3750997.5714285714
"2021-01-03 00:00:00",136010,322703,4655,3809,1654933,2038955.4285714286,3655461.5714285714
"2021-01-04 00:00:00",480021,115397,24483,2763,1586270,2159838.4285714286,3877066.4285714286
"2021-01-05 00:00:00",211195,408433,3713,0,2181572,2241692.5714285714,3620018.714285714
"2021-01-06 00:00:00",286729,268172,35528,5576,1171328,2187818.5714285714,3300209.714285714
"2021-01-07 00:00:00",477562,239066,5638,0,2011202,2145142,3358361.4285714286
"2021-01-08 00:00:00",357060,338149,1996,2838,1069636,2199440.4285714286,3211646
"2021-01-09 00:00:00",218278,235870,0,3253,1449602,2187636.1428571427,3178590.714285714
"2021-01-10 00:00:00",107995,157909,0,2719,592415,2007482.857142857,3299865.285714286
"2021-01-11 00:00:00",516755,343766,9071,0,782214,1927893,3346745.714285714
"2021-01-12 00:00:00",273451,211732,39279,6847,1384872,1800931.5714285714,3319477.285714286
"2021-01-13 00:00:00",341831,291637,13690,7573,1547790,1863101.2857142857,3333302.4285714286
"2021-01-14 00:00:00",476699,259814,4018,2801,1771054,1831803.857142857,3419870.714285714
"2021-01-15 00:00:00",373562,705126,13304,0,1597390,1963189.857142857,3411712.1428571427
"2021-01-16 00:00:00",268453,504044,27820,0,2267148,2128970.285714286,3391996.8571428573
"2021-01-17 00:00:00",370140,311828,48993,0,2131706,2414917.285714286,3124874.4285714286
"2021-01-18 00:00:00",599489,493010,85780,3237,2804360,2748356,3137731.714285714
"2021-01-19 00:00:00",257620,956590,35184,10791,3173141,3107948,3137693.714285714
"2021-01-20 00:00:00",301365,208892,3005,9338,2900872,3282369.4285714286,3316934.714285714
"2021-01-21 00:00:00",221082,564947,31162,0,3294388,3510539.8571428573,3302489.714285714
"2021-01-22 00:00:00",511456,685539,7204,6525,1193556,3469811.1428571427,3301157.1428571427
"2021-01-23 00:00:00",336032,156029,14144,0,1095530,3260421.1428571427,3232679.714285714
"2021-01-24 00:00:00",178907,321950,0,3338,621296,3012253.1428571427,3444875
"2021-01-25 00:00:00",330121,234491,702,0,3104678,2967126.714285714,3448251
"2021-01-26 00:00:00",204149,182083,25623,10958,2786841,2792316.4285714286,3609046.714285714
"2021-01-27 00:00:00",524345,266230,19199,0,2570280,2786113.714285714,3483585.285714286
"2021-01-28 00:00:00",138498,181892,20936,0,2763582,2642303.5714285714,3405837.1428571427
"2021-01-29 00:00:00",580552,781054,69976,0,2111310,2804962.4285714286,3523343.1428571427
"2021-01-30 00:00:00",427616,469452,8192,5553,1760535,2957764.1428571427,3562035.285714286
"2021-01-31 00:00:00",421120,351163,33353,2592,3265416,3378929,3735826.1428571427
"2021-02-01 00:00:00",603856,231293,10990,0,1688528,3216739.8571428573,3661692.8571428573
"2021-02-02 00:00:00",259142,417374,12937,6223,1075793,3011284.8571428573,3758165
"2021-02-03 00:00:00",141474,376808,15667,16530,3177301,3060960.1428571427,3732592.714285714
"2021-02-04 00:00:00",643408,500855,13116,0,2722674,3171695.1428571427,3658878.5714285714
"2021-02-05 00:00:00",525821,261793,19632,0,2271663,3105411.714285714,3555685.1428571427
"2021-02-06 00:00:00",393259,369882,1499,4893,2976264,3258904.5714285714,3597541.5714285714
"2021-02-07 00:00:00",325578,332428,7341,0,1874641,3039810.8571428573,3218171.714285714
"2021-02-08 00:00:00",205487,334542,8626,0,2074822,3052498,3202908.4285714286
"2021-02-09 00:00:00",316651,371824,2193,5325,2081019,3196146.8571428573,3149227.285714286
"2021-02-10 00:00:00",270052,363106,41360,2277,1656967,2997001.5714285714,3417739.285714286
"2021-02-11 00:00:00",508166,309522,29630,4299,2150509,2871583.5714285714,3409489.4285714286
"2021-02-12 00:00:00",284361,566207,8255,4631,3240634,3018037.714285714,3502771.8571428573
"2021-02-13 00:00:00",607197,52882,40557,0,2174996,2893728.285714286,3187906.1428571427
"2021-02-14 00:00:00",250695,369548,5806,3407,2806589,3021736.4285714286,3396752
"2021-02-15 00:00:00",390026,751978,15503,0,2439260,3160777.8571428573,3405355
"2021-02-16 00:00:00",397905,411590,8737,5429,2441568,3230523.285714286,3321870
"2021-02-17 00:00:00",521684,558715,31045,3294,1918605,3330463.285714286,3331287.4285714286
"2021-02-18 00:00:00",548489,473567,0,3112,2309731,3378002,3278038.714285714
"2021-02-19 00:00:00",500728,459178,54281,0,2602065,3308311.1428571427,3182075
"2021-02-20 00:00:00",526346,336359,10682,0,1619812,3253677.8571428573,3281024.5714285714
"2021-02-21 00:00:00",176416,429830,4948,0,823222,2967730.714285714,3078483.8571428573
"2021-02-22 00:00:00",565229,298370,5678,6214,1403481,2779474.1428571427,3090603.714285714
"2021-02-23 00:00:00",463118,423386,37878,11704,3010599,2876825,3146122.285714286
"2021-02-24 00:00:00",520995,215241,16275,9286,1558609,3463673.714285714,3645723.4285714286
"2021-02-25 00:00:00",262396,248800,2492,0,2264905,3312737.285714286,3755821.5714285714
"2021-02-26 00:00:00",568707,333589,6765,0,2080722,3153797.4285714286,3539300
"2021-02-27 00:00:00",273112,315215,6602,6476,1212463,2763501,3411331.4285714286
"2021-02-28 00:00:00",328273,317637,4547,2277,381517,2456763.5714285714,3400794.4285714286
"2021-03-01 00:00:00",481444,312995,7036,0,1675706,2281030.5714285714,3522593.5714285714
"2021-03-02 00:00:00",442573,477205,12859,6802,2157780,2358758.8571428573,3276747
"2021-03-03 00:00:00",816708,500439,16124,0,2067718,2513127.8571428573,3343690.714285714
"2021-03-04 00:00:00",492115,277510,12138,0,2494818,2584269.1428571427,3374452
"2021-03-05 00:00:00",477260,654620,0,1790,1919734,2593357.8571428573,3489868.285714286
"2021-03-06 00:00:00",519145,328405,38143,0,2367935,2799037.714285714,3518617.714285714
"2021-03-07 00:00:00",216107,210318,3548,9664,1311374,2901431.8571428573,3397761.4285714286
"2021-03-08 00:00:00",312897,604905,37305,7257,1987096,2968900.285714286,3220974.714285714
"2021-03-09 00:00:00",268263,442119,11012,13146,2063924,2926221.1428571427,3459114
"2021-03-10 00:00:00",247803,138044,17467,0,1412578,2699778.8571428573,3301452.285714286
"2021-03-11 00:00:00",693811,359605,20344,7636,4460096,3023337.5714285714,3200032.285714286
"2021-03-12 00:00:00",503966,580258,0,0,2100366,3042078.4285714286,3057092.5714285714
"2021-03-13 00:00:00",412274,182666,53493,6223,1862449,2936860.8571428573,3217592.5714285714
"2021-03-14 00:00:00",179692,343152,3409,0,1603221,2990927,3372293.4285714286
"2021-03-15 00:00:00",526236,458491,6491,0,2473848,3064585,3354704.5714285714
"2021-03-16 00:00:00",421382,654346,7610,4214,2787359,3218363.1428571427,3305922.1428571427
"2021-03-17 00:00:00",637342,211996,0,0,2632156,3456306.1428571427,3495437.714285714
"2021-03-18 00:00:00",515242,353321,22115,0,2006358,3078526.5714285714,3764288.4285714286
"2021-03-19 00:00:00",369536,578357,66130,2788,2469369,3121611,3723919.5714285714
"2021-03-20 00:00:00",271189,537192,31118,6595,2113683,3184850,3721991.1428571427
"2021-03-21 00:00:00",461001,121452,8940,0,2800964,3365262,3628049.714285714
"2021-03-22 00:00:00",306826,327500,17006,0,1590478,3190511.1428571427,3736372.5714285714
"2021-03-23 00:00:00",423052,722226,13240,13623,1963706,3084930.4285714286,3538846.714285714
"2021-03-24 00:00:00",512662,374293,6792,0,3784755,3255931.714285714,3418910.8571428573
"2021-03-25 00:00:00",659647,328327,424,4380,1864153,3250202.5714285714,3212059
"2021-03-26 00:00:00",355745,224686,16311,0,1284689,3020952.5714285714,3176608
"2021-03-27 00:00:00",288278,452768,11659,3635,2011605,2993547.714285714,3028236
"2021-03-28 00:00:00",524315,443002,14818,0,1839236,2911978.285714286,3130004
"2021-03-29 00:00:00",366752,326310,34361,6765,1294486,2881530.5714285714,3008114.4285714286
"2021-03-30 00:00:00",524452,588179,18458,9022,2761403,2990911.714285714,3111408.8571428573
"2021-03-31 00:00:00",507018,458636,4231,5041,1934866,2738238.8571428573,3086768.4285714286
"2021-04-01 00:00:00",548680,1081498,38403,0,2321112,2900062,3069469.5714285714
"2021-04-02 00:00:00",242031,571476,3857,0,2787221,3146226.8571428573,3224120.285714286
"2021-04-03 00:00:00",335902,661677,84320,4602,4605982,3564018.285714286,3410201.1428571427
"2021-04-04 00:00:00",333768,289361,26753,0,3091750,3695484,3332309.285714286
"2021-04-05 00:00:00",217133,334825,5196,0,2293992,3812979.8571428573,3327181
"2021-04-06 00:00:00",570019,559101,0,3575,1111124,3576166.1428571427,3479830.1428571427
"2021-04-07 00:00:00",467066,598085,0,3267,3102953,3756391.714285714,3331170.285714286
"2021-04-08 00:00:00",198853,622409,65823,0,2987489,3739946.285714286,3356001
"2021-04-09 00:00:00",1074431,545978,3948,6132,2667742,3839038.5714285714,3406902.714285714
"2021-04-10 00:00:00",183785,925986,15634,10794,1614784,3418824.1428571427,3212908.714285714
"2021-04-11 00:00:00",346068,303119,38989,0,2124659,3286139,3315646.4285714286
"2021-04-12 00:00:00",357148,383673,8919,10996,2756777,3381334.285714286,3460406.714285714
"2021-04-13 00:00:00",408819,523240,19717,6038,2582023,3566479.8571428573,3278804.1428571427
"2021-04-14 00:00:00",263472,241234,32762,0,1491070,3260360.5714285714,3596939
"2021-04-15 00:00:00",654382,538352,46147,2177,2525731,3589292.1428571427,3238046.4285714286
"2021-04-16 00:00:00",622172,758540,3821,10550,2847061,3821344.5714285714,3103412
"2021-04-17 00:00:00",669090,637372,0,0,3229953,3846778.1428571427,2648154
"2021-04-18 00:00:00",292607,665692,13264,0,3120327,3956484.4285714286,2692996.1428571427
"2021-04-19 00:00:00",595151,713204,13115,0,2852143,4093000.4285714286,2622492.285714286
"2021-04-20 00:00:00",406617,819405,26872,0,3946676,4444926.428571428,2767115.5714285714
"2021-04-21 00:00:00",618164,338667,7696,14610,2496372,4212277.285714285,2860527.285714286
"2021-04-22 00:00:00",617891,437958,3606,6154,2870567,4236475.571428572,2689367.714285714
"2021-04-23 00:00:00",409552,695278,6037,0,2010361,4076344.5714285714,2676213.714285714
"2021-04-24 00:00:00",293925,1165395,55501,3959,2923971,4062964.1428571427,2869811.8571428573
"2021-04-25 00:00:00",510063,204420,7369,0,2252586,3903328,2871981
"2021-04-26 00:00:00",426677,248425,17236,0,3205697,3863959.714285714,2691484.4285714286
"2021-04-27 00:00:00",397016,388424,104677,0,2409523,3592541.285714286,2578994.714285714
"2021-04-28 00:00:00",384896,533468,6491,15368,2563039,3596506,2603362.285714286
"2021-04-29 00:00:00",294226,216707,71728,12351,1309493,3306267.1428571427,2700543.8571428573
"2021-04-30 00:00:00",626039,497547,28218,0,1659277,3261960.5714285714,2926819.8571428573
"2021-05-01 00:00:00",437000,426639,10883,8166,1412972,2955233.285714286,3161988.714285714
"2021-05-02 00:00:00",278699,343739,9604,0,2398303,2963220.1428571427,3488044.714285714
"2021-05-03 00:00:00",259909,472723,8381,0,2606469,2884569.714285714,3771940.1428571427
"2021-05-04 00:00:00",249411,307554,97008,6959,1558580,2730265.714285714,3882110.714285714
"2021-05-05 00:00:00",477670,247632,226,7573,2227486,2652740.714285714,3722403.714285714
"2021-05-06 00:00:00",337472,491540,28335,0,4682992,3172145.5714285714,4035193.8571428573
"2021-05-07 00:00:00",738896,521257,16901,0,2528482,3314210.5714285714,3836687.4285714286
"2021-05-08 00:00:00",331367,1099546,17850,0,2563236,3559401.714285714,3828724.4285714286
"2021-05-09 00:00:00",534774,544117,9692,0,2099726,3581968,3722080.8571428573
"2021-05-10 00:00:00",463660,427998,29410,7884,2792393,3635377.1428571427,3549282.285714286
"2021-05-11 00:00:00",327220,710360,8897,3128,3139323,3916722.4285714286,3643263.1428571427
"2021-05-12 00:00:00",749999,796054,29649,8076,3115561,4165115.5714285714,3640699.714285714
"2021-05-13 00:00:00",180008,424775,37982,6429,3203837,3924071.714285714,3370633.1428571427
"2021-05-14 00:00:00",517991,79262,20627,0,2890749,3881656.285714286,3543218.285714286
"2021-05-15 00:00:00",238568,366531,0,0,2959467,3817737.4285714286,3502946.714285714
"2021-05-16 00:00:00",544744,649800,49008,0,1699206,3782658.5714285714,3548282.8571428573
"2021-05-17 00:00:00",302786,583538,4726,11258,1644609,3614883.285714286,3614621.1428571427
"2021-05-18 00:00:00",289325,252796,1137,2577,3689787,3621553.8571428573,3386941.4285714286
"2021-05-19 00:00:00",326922,536179,7337,12673,2324959,3408515.4285714286,3507871.5714285714
"2021-05-20 00:00:00",537662,338004,19427,3367,2931393,3405204,3625328.4285714286
"2021-05-21 00:00:00",454824,986730,11956,0,2773481,3507827.1428571427,3748945.4285714286
"2021-05-22 00:00:00",320421,1005685,4904,0,2988823,3615722.4285714286,3763722.285714286
"2021-05-23 00:00:00",262201,258779,43342,5189,2165925,3586105.285714286,3579573.1428571427
"2021-05-24 00:00:00",281378,621791,16465,7159,2436010,3702660.1428571427,3425474
"2021-05-25 00:00:00",500734,377092,7273,0,2797383,3623640.1428571427,3400122.1428571427
"2021-05-26 00:00:00",412962,251914,24859,1910,1712252,3508758.285714286,3342538.8571428573
"2021-05-27 00:00:00",721766,350857,59227,5475,2858255,3532433.8571428573,3198492.285714286
"2021-05-28 00:00:00",549607,739058,16223,0,1444820,3321393.4285714286,2926938.4285714286
"2021-05-29 00:00:00",388299,956805,8502,3526,2069954,3193858.4285714286,2988456.714285714
"2021-05-30 00:00:00",512191,462758,0,5436,2854762,3350959.8571428573,2934106.5714285714
"2021-05-31 00:00:00",552152,823415,25597,0,2701198,3456611.285714286,3174656.4285714286
"2021-06-01 00:00:00",513669,829927,5676,0,3196673,3579962.8571428573,3375152.5714285714
"2021-06-02 00:00:00",452797,470390,6495,0,2251731,3691036.5714285714,3363704.8571428573
"2021-06-03 00:00:00",304620,516152,11503,10895,2864141,3649855.1428571427,3479793.5714285714
"2021-06-04 00:00:00",599203,479630,0,0,3133646,3156447.5714285714,1851549.5714285714
"2021-06-05 00:00:00",633070,608386,2306,0,3902291,3564450.1428571427,1750803.5714285714
"2021-06-06 00:00:00",639607,1035066,7799,0,1794116,3549566,1744720.7142857143
"2021-06-07 00:00:00",302346,356757,1554,0,2747838,3573424,1696085.2857142857
"2021-06-08 00:00:00",312888,423087,1391,6032,3048615,3766511.4285714286,1633773.857142857
"2021-06-09 00:00:00",636363,750864,31208,0,2755056,3865091.285714286,1677117.5714285714
"2021-06-10 00:00:00",488496,753145,29630,2374,2503403,3998025.1428571427,1656021.7142857143
"2021-06-11 00:00:00",522822,348768,12579,0,2595626,3893356,1750536.857142857
"2021-06-12 00:00:00",698068,625383,37667,0,2443412,3701710.1428571427,1738134.4285714286
"2021-06-13 00:00:00",509996,485325,27157,0,2470478,3704048.285714286,1691109.5714285714
"2021-06-14 00:00:00",593061,626758,13008,4311,3110138,3838159.8571428573,1655879
"2021-06-15 00:00:00",340005,742879,14089,0,2399313,3795913,1785416.4285714286
"2021-06-16 00:00:00",522225,583660,3537,3229,2510015,3717223.714285714,1785220.5714285714
"2021-06-17 00:00:00",242863,682915,19708,3813,2796685,3712786.285714286,1801471.142857143
"2021-06-18 00:00:00",566915,254569,18454,0,3631284,3854418.714285714,1751454
"2021-06-19 00:00:00",525284,732510,0,0,2640046,3867748.5714285714,1738350.142857143
"2021-06-20 00:00:00",431853,985011,40490,6223,2485052,3932844.8571428573,1917118.7142857143
"2021-06-21 00:00:00",269208,533027,11282,0,2933255,3847058.5714285714,1986545.142857143
"2021-06-22 00:00:00",512626,503773,28501,4452,2620362,3871834,1984735.2857142857
"2021-06-23 00:00:00",640398,475969,11085,7724,3430487,4006547.8571428573,2083110.4285714286
"2021-06-24 00:00:00",238709,398289,11375,4406,2035783,3855487.714285714,2253913.1428571427
"2021-06-25 00:00:00",524595,642315,7665,1969,2951576,3806473.4285714286,2214457.285714286
"2021-06-26 00:00:00",292368,913571,5184,2617,2143153,3729195.5714285714,2280583.5714285714
"2021-06-27 00:00:00",325431,223049,1318,0,3341456,3720999.1428571427,2154847.4285714286
"2021-06-28 00:00:00",608283,722483,12314,5471,3803367,3921734.4285714286,2256382
"2021-06-29 00:00:00",520231,406937,4947,0,2044900,3822777.285714286,2273557
"2021-06-30 00:00:00",348975,363963,20527,10443,2295566,3604750.5714285714,2174812
"2021-07-01 00:00:00",565532,754763,22013,0,2193173,3725738.8571428573,2039592.4285714286
"2021-07-02 00:00:00",619088,179349,3297,0,2755884,3644238.4285714286,2320802
"2021-07-03 00:00:00",720541,346241,52722,0,3493237,3823645,2217936.285714286
"2021-07-04 00:00:00",233338,712694,42127,0,2443569,3757998.4285714286,2297623.714285714
"2021-07-05 00:00:00",226545,959368,15825,1643,2920577,3611146.8571428573,2361811.4285714286
"2021-07-06 00:00:00",452782,364154,21546,8150,1654350,3543142.285714286,2548850.4285714286
"2021-07-07 00:00:00",561210,551263,0,15303,4122708,3859000.5714285714,2853133.4285714286
"2021-07-08 00:00:00",238840,668750,18770,16573,2205451,3803701,2904979.5714285714
"2021-07-09 00:00:00",757886,578820,2428,0,2510217,3845377,2720463
"2021-07-10 00:00:00",415882,495237,38002,0,2272225,3646606.1428571427,2843344.5714285714
"2021-07-11 00:00:00",156103,220255,21456,1125,2804233,3613955.285714286,2774689.8571428573
"2021-07-12 00:00:00",383128,221101,4433,9023,1885082,3382356.5714285714,2485776.4285714286
"2021-07-13 00:00:00",524537,653790,3331,0,2733790,3584423.1428571427,2126434
"2021-07-14 00:00:00",392391,567870,16596,8992,2923780,3392872.5714285714,1907582
"2021-07-15 00:00:00",522518,498511,1810,3820,1957894,3369468.1428571427,1819392.142857143
"2021-07-16 00:00:00",418026,273604,24810,3332,2573395,3290013.4285714286,2106824.285714286
"2021-07-17 00:00:00",294298,269179,17523,0,2257052,3235257.4285714286,2157563.4285714286
"2021-07-18 00:00:00",140056,242335,5471,0,2229916,3151629.5714285714,2396737.1428571427
"2021-07-19 00:00:00",573025,481953,29815,6845,3266740,3416717,2808462.4285714286
"2021-07-20 00:00:00",538876,442821,8917,0,2333333,3332216.714285714,2897190.4285714286
"2021-07-21 00:00:00",367085,324855,18258,0,2507802,3233412.5714285714,3114055.1428571427
"2021-07-22 00:00:00",337631,240582,0,8976,2148899,3197917.4285714286,3183679
"2021-07-23 00:00:00",487780,441161,0,3496,4171617,3456615.4285714286,3139915
"2021-07-24 00:00:00",556999,553583,35814,4660,2070366,3494754.1428571427,2684803
"2021-07-25 00:00:00",639311,352762,25651,4091,2452583,3562331.1428571427,2539275.285714286
"2021-07-26 00:00:00",537259,601395,19816,8400,3128817,3794189,2291639.8571428573
"2021-07-27 00:00:00",275990,638527,0,16897,3413074,3950989,2047612
"2021-07-28 00:00:00",486096,289715,145,0,3343229,3879265.4285714286,1927184.5714285714
"2021-07-29 00:00:00",680067,446195,21545,0,2650936,3785029.285714286,1915981.857142857
"2021-07-30 00:00:00",658642,991531,34008,0,1699645,3805394.5714285714,1640273.7142857143
"2021-07-31 00:00:00",214118,426178,0,4175,3145026,3886548.1428571427,1471100
"2021-08-01 00:00:00",411087,572084,59858,0,1774376,3792691.8571428573,1469460.7142857143
"2021-08-02 00:00:00",409664,364742,21568,2596,2852021,3700535,1594877.2857142857
"2021-08-03 00:00:00",669319,353597,15947,4175,3160445,3680391.5714285714,1514022.2857142857
"2021-08-04 00:00:00",395184,409981,61713,4342,2940095,3636410.1428571427,1630052.2857142857
"2021-08-05 00:00:00",181199,840285,9298,3579,2277176,3566809.285714286,1590026.857142857
"2021-08-06 00:00:00",445740,582618,999,9810,3043009,3666573.5714285714,1779117.4285714286
"2021-08-07 00:00:00",302369,1083909,16759,0,1285823,3509339.8571428573,1950758.857142857
"2021-08-08 00:00:00",372487,328625,10463,2293,3685660,3735357.714285714,2237674.8571428573
"2021-08-09 00:00:00",326520,489143,22256,0,2641853,3710955.1428571427,2487637.8571428573
"2021-08-10 00:00:00",261919,345497,9709,0,3287512,3668262.714285714,2849521.4285714286
"2021-08-11 00:00:00",416225,503946,366,8849,1633262,3489881.714285714,3066797.4285714286
"2021-08-12 00:00:00",533396,736895,21074,11857,2478300,3557022.4285714286,3193978.285714286
"2021-08-13 00:00:00",439967,877738,56100,16966,3432709,3662923.1428571427,3255504.4285714286
"2021-08-14 00:00:00",367170,499730,29176,0,2772302,3802854.1428571427,3367886.5714285714
"2021-08-15 00:00:00",199526,906608,3021,0,2832827,3737490,3461461.8571428573
"2021-08-16 00:00:00",292826,626809,4831,0,1776994,3626302.4285714286,3283162.5714285714
"2021-08-17 00:00:00",304578,255576,0,0,2313914,3479078.285714286,3204304.1428571427
"2021-08-18 00:00:00",321582,152071,28752,14676,2087545,3485075.1428571427,3072101.1428571427
"2021-08-19 00:00:00",385126,423902,26514,2530,2447534,3414230.1428571427,3116004.1428571427
"2021-08-20 00:00:00",189074,360160,0,13908,2960119,3228484.4285714286,3098749.4285714286
"2021-08-21 00:00:00",665469,1075439,12973,0,4192322,3553888,3021341.285714286
"2021-08-22 00:00:00",366087,469317,7512,0,2300022,3439739,2943712.714285714
"2021-08-23 00:00:00",404922,628365,30492,2608,2259872,3528996.1428571427,3315829.714285714
"2021-08-24 00:00:00",320057,588277,20947,5211,2559577,3617567.714285714,3310316
"2021-08-25 00:00:00",270265,282987,13980,4346,2384854,3667825.714285714,3427781.714285714
"2021-08-26 00:00:00",318693,336888,38611,3496,2602929,3669969.8571428573,3535942.714285714
"2021-08-27 00:00:00",488281,646229,5532,0,2572343,3696987.5714285714,3450531.4285714286
"2021-08-28 00:00:00",325227,614600,17017,0,2036677,3275176,3509524.8571428573
"2021-08-29 00:00:00",526083,718117,3290,6223,2732600,3395658.285714286,3466029
"2021-08-30 00:00:00",395489,287020,2200,0,2524087,3378877.8571428573,3425794.8571428573
"2021-08-31 00:00:00",414754,564113,27080,0,1931018,3299291.714285714,3444876.1428571427
"2021-09-01 00:00:00",646302,565724,0,4961,2135299,3355842.285714286,3424239.5714285714
"2021-09-02 00:00:00",369301,795871,21913,0,3326749,3529159,3408753.4285714286
"2021-09-03 00:00:00",601583,604757,39855,2497,3007361,3606826.1428571427,3590172.5714285714
"2021-09-04 00:00:00",235269,411917,34146,0,2980218,3702258.5714285714,3578999.4285714286
"2021-09-05 00:00:00",337836,346775,35992,0,3726588,3768098.1428571427,3537056.8571428573
"2021-09-06 00:00:00",374762,726754,4558,0,3069650,3906230.5714285714,3395127.714285714
"2021-09-07 00:00:00",325341,511100,999,2389,1880767,3875320.8571428573,3329640.1428571427
"2021-09-08 00:00:00",414934,614614,10534,0,2464502,3897077.5714285714,3354964
"2021-09-09 00:00:00",574021,626553,25368,5359,2803572,3828654.5714285714,3263480.5714285714
"2021-09-10 00:00:00",408817,597170,0,0,2654860,3743624.8571428573,3063755.4285714286
"2021-09-11 00:00:00",316921,422512,17402,4953,1494656,3542895.5714285714,3024849.8571428573
"2021-09-12 00:00:00",541166,195220,0,2611,1814123,3621771.285714286,3693944.1428571427
"2021-09-13 00:00:00",416046,440625,18333,0,3085437,3272627,3698581.4285714286
"2021-09-14 00:00:00",557044,698678,41509,4665,2108665,3145817,3442511.5714285714
"2021-09-15 00:00:00",671435,464114,2903,6330,3214897,3375630.714285714,3474203.8571428573
"2021-09-16 00:00:00",704770,939725,2203,10209,3991710,3780742.5714285714,3399001.1428571427
"2021-09-17 00:00:00",286989,608632,0,0,2289872,3733311,3417389.714285714
"2021-09-18 00:00:00",199742,423995,45622,4061,3444155,3815845,3392770
"2021-09-19 00:00:00",498677,660007,32179,3890,2559282,4062344.8571428573,3020898.1428571427
"2021-09-20 00:00:00",263587,384131,40150,0,2283984,3921118,3006881.5714285714
"2021-09-21 00:00:00",433855,190221,47584,0,2049174,3822585.714285714,3368813
"2021-09-22 00:00:00",485676,943801,16438,0,2550274,3770658.4285714286,3396585.285714286
"2021-09-23 00:00:00",254937,545492,0,0,2952643,3499866,3361538.1428571427
"2021-09-24 00:00:00",536669,757569,13526,16280,3105429,3677577.5714285714,3341090.5714285714
"2021-09-25 00:00:00",583576,482811,26870,0,2907405,3660875.5714285714,3503089
"2021-09-26 00:00:00",592754,314648,2471,0,2186667,3566947.5714285714,3679015.1428571427
"2021-09-27 00:00:00",415294,897983,2090,0,2710189,3717476.714285714,3423354.714285714
"2021-09-28 00:00:00",283703,523466,18952,7923,2399426,3790710.285714286,3143275.714285714
"2021-09-29 00:00:00",655868,641612,124464,4942,2315035,3754386.4285714286,3069454
"2021-09-30 00:00:00",321733,640875,8138,3878,3083316,3797939.1428571427,2724951.714285714
"2021-10-01 00:00:00",280527,1028767,0,0,2411814,3696744,2375774
"2021-10-02 00:00:00",229719,325910,21603,11070,1538687,3429076.5714285714,2051355.7142857143
"2021-10-03 00:00:00",368411,309774,0,1939,2771860,3479854.285714286,1841133.5714285714
"2021-10-04 00:00:00",395404,668406,21154,6223,3746147,3595822.5714285714,1752577.4285714286
"2021-10-05 00:00:00",773895,448154,651,0,3565014,3817857.285714286,1825371
"2021-10-06 00:00:00",309811,528360,75852,4110,2334777,3747998.5714285714,1701896.857142857
"2021-10-07 00:00:00",602135,629685,1831,0,2709726,3731632.285714286,2025215.7142857143
"2021-10-08 00:00:00",510239,385447,32406,0,3660095,3855500.714285714,2147912.714285714
"2021-10-09 00:00:00",438240,396594,29519,7573,3428170,4165944.8571428573,2295699.285714286
"2021-10-10 00:00:00",368760,477836,3530,4199,2482762,4149531.1428571427,2514927.8571428573
"2021-10-11 00:00:00",66706,326510,7086,1268,2265680,3839519,2634159.714285714
"2021-10-12 00:00:00",302697,411191,0,0,2881425,3669176.1428571427,2456354
"2021-10-13 00:00:00",399277,414038,37960,0,2082067,3623523.4285714286,2415792.285714286
"2021-10-14 00:00:00",319172,611815,6813,0,3003336,3623203.4285714286,2253077.4285714286
"2021-10-15 00:00:00",381439,376532,838,0,2942775,3496545.8571428573,2084921.4285714286
"2021-10-16 00:00:00",454616,571687,2019,3826,2119632,3332500.4285714286,1976513
"2021-10-17 00:00:00",299898,625049,24977,0,3643451,3511970.1428571427,1920087
"2021-10-18 00:00:00",392207,400534,0,0,3225214,3704928,1847616.2857142857
"2021-10-19 00:00:00",283542,545240,19665,2469,1652637,3548962.285714286,1994435
"2021-10-20 00:00:00",527399,426108,23143,0,3587608,3781950.4285714286,2003207.4285714286
"2021-10-21 00:00:00",426672,623212,22406,0,2132638,3676777.8571428573,2091901
"2021-10-22 00:00:00",117005,264702,1890,4493,2734530,3594068.8571428573,2054051.857142857
"2021-10-23 00:00:00",449457,490792,31304,6144,1633079,3516782.5714285714,2253838.4285714286
"2021-10-24 00:00:00",156940,606174,15634,10207,3039530,3407512.5714285714,2163101.8571428573
"2021-10-25 00:00:00",468665,665219,0,9249,2793287,3395864.8571428573,2358019.714285714
"2021-10-26 00:00:00",325024,311975,32023,2404,2329933,3466980,2400768
"2021-10-27 00:00:00",134322,331797,38585,0,2167980,3196755,2469372.714285714
"2021-10-28 00:00:00",244467,476886,19954,7872,2497709,3202749.1428571427,2594200
"2021-10-29 00:00:00",753863,247171,15922,0,3604295,3416839.1428571427,2747833
"2021-10-30 00:00:00",345935,593078,0,0,3519384,3680784.8571428573,2627961.8571428573
"2021-10-31 00:00:00",343393,725357,1737,0,2170782,3596896.714285714,2771626.714285714
"2021-11-01 00:00:00",201196,601012,16352,5698,2350155,3859194.1428571427,2208403.8571428573
"2021-11-02 00:00:00",541894,855129,3922,0,2276644,3783039.4285714286,2212577.8571428573
"2021-11-03 00:00:00",371663,815630,20936,1833,3347914,3986015.5714285714,2258205.8571428573
"2021-11-04 00:00:00",293023,207801,0,0,1956725,3752607.285714286,2104257
"2021-11-05 00:00:00",538222,493935,449,9500,2514804,3534743.4285714286,2238524.714285714
"2021-11-06 00:00:00",231143,368159,68475,2983,1824825,3331002.285714286,2178527.714285714
"2021-11-07 00:00:00",279387,425595,43247,0,1884081,3221763.1428571427,2152960
"2021-11-08 00:00:00",121304,327975,18602,0,1368195,3030572,2016886.2857142857
"2021-11-09 00:00:00",634585,407803,27879,9079,3343630,3137055.8571428573,1983804.857142857
"2021-11-10 00:00:00",410686,943756,27257,0,1790036,2939021.5714285714,1887167.7142857143
"2021-11-11 00:00:00",319167,729359,42477,0,3923014,3304231.4285714286,2126461.8571428573
"2021-11-12 00:00:00",469927,380547,20164,0,2428161,3267358.4285714286,1920326.4285714286
"2021-11-13 00:00:00",595289,536485,2200,0,2465702,3425085.8571428573,2015006.142857143
"2021-11-14 00:00:00",275894,538448,999,3267,3099619,3608788.4285714286,2038955.4285714286
"2021-11-15 00:00:00",344280,438394,23303,3213,2038362,3753285.1428571427,2159838.4285714286
"2021-11-16 00:00:00",240447,318301,8333,6437,4037457,3780142.285714286,2241692.5714285714
"2021-11-17 00:00:00",529702,325826,2179,0,2652735,3828528.8571428573,2187818.5714285714
"2021-11-18 00:00:00",628820,886474,10888,0,938594,3464351.5714285714,2145142
"2021-11-19 00:00:00",260162,600298,3862,11557,2866416,3527708.285714286,2199440.4285714286
"2021-11-20 00:00:00",190079,825398,3424,4539,3295135,3630408.1428571427,2187636.1428571427
"2021-11-21 00:00:00",327074,582955,7365,2780,1970593,3483628.1428571427,2007482.857142857
"2021-11-22 00:00:00",353685,561942,23311,0,3766292,3749010.5714285714,1927893
"2021-11-23 00:00:00",419531,471876,40118,15789,3342701,3703159.1428571427,1800931.5714285714
"2021-11-24 00:00:00",447714,1012170,9997,0,2447028,3761225.8571428573,1863101.2857142857
"2021-11-25 00:00:00",673616,510238,24046,0,2785709,3979630.5714285714,1831803.857142857
"2021-11-26 00:00:00",399187,584161,44838,0,3036989,4025756,1963189.857142857
"2021-11-27 00:00:00",682044,533895,42491,2889,3233531,4050938.1428571427,2128970.285714286
"2021-11-28 00:00:00",241837,409167,0,3823,2332430,4064722.285714286,2414917.285714286
"2021-11-29 00:00:00",247760,892564,24735,5327,2989403,3986802.285714286,2748356
"2021-11-30 00:00:00",484006,579474,3293,1571,2059758,3820814.5714285714,3107948
"2021-12-01 00:00:00",414566,648122,12330,7573,3435448,3906690.285714286,3282369.4285714286
"2021-12-02 00:00:00",460168,405813,0,2889,2404157,3803750,3510539.8571428573
"2021-12-03 00:00:00",291926,486780,19679,0,4908270,4038247.1428571427,3469811.1428571427
"2021-12-04 00:00:00",215330,422787,5881,4661,2002498,3774862.4285714286,3260421.1428571427
"2021-12-05 00:00:00",346769,471588,68766,3634,3390918,3959779.285714286,3012253.1428571427
"2021-12-06 00:00:00",401980,523234,34380,0,2252911,3824453.1428571427,2967126.714285714
"2021-12-07 00:00:00",195626,597541,1499,0,2872621,3901479.5714285714,2792316.4285714286
"2021-12-08 00:00:00",424703,631926,0,4053,2816376,3809910.714285714,2786113.714285714
"2021-12-09 00:00:00",558509,510939,41205,3586,2172373,3811851.5714285714,2642303.5714285714
"2021-12-10 00:00:00",301441,764552,4648,5858,3374703,3632501.285714286,2804962.4285714286
"2021-12-11 00:00:00",462158,834938,3710,0,2143547,3745814.8571428573,2957764.1428571427
"2021-12-12 00:00:00",652941,519307,6796,6830,3040056,3737851.285714286,3378929
"2021-12-13 00:00:00",176233,345431,41842,4119,4044105,3937740.285714286,3216739.8571428573
"2021-12-14 00:00:00",433845,532445,60800,3496,2613687,3934452.5714285714,3011284.8571428573
"2021-12-15 00:00:00",268750,606949,40431,10662,3044622,3947932,3060960.1428571427
"2021-12-16 00:00:00",300783,570292,20142,0,2412741,3950410,3171695.1428571427
"2021-12-17 00:00:00",428625,589799,17495,0,2176665,3773464.4285714286,3105411.714285714
"2021-12-18 00:00:00",311662,317309,38426,8702,3324357,3852907.8571428573,3258904.5714285714
"2021-12-19 00:00:00",389840,751131,88681,0,2505657,3782819,3039810.8571428573
"2021-12-20 00:00:00",297425,719619,14531,4610,2763678,3666838.285714286,3052498
"2021-12-21 00:00:00",492535,304057,0,4388,1384076,3910189.1428571427,2900062
"2021-12-22 00:00:00",357868,728839,8173,2306,3798865,4038528,3146226.8571428573
"2021-12-23 00:00:00",387062,688563,11663,14152,1625767,3957600.285714286,3564018.285714286
"2021-12-24 00:00:00",459197,577981,16957,0,3748289,3975730.714285714,3695484
"2021-12-25 00:00:00",566160,561783,8273,4393,3393623,4045713,3812979.8571428573
"2021-12-26 00:00:00",499680,1035666,3463,0,2575149,3867964.714285714,3576166.1428571427
"2021-12-27 00:00:00",272969,460867,4443,0,2055584,3721828.714285714,3756391.714285714
"2021-12-28 00:00:00",300963,541575,17229,0,2356403,3869130.8571428573,3739946.285714286
"2021-12-29 00:00:00",664478,545082,9948,0,3165103,3796067.8571428573,3839038.5714285714
"2021-12-30 00:00:00",331195,414231,20422,3826,3644473,4037059.4285714286,3418824.1428571427
"2021-12-31 00:00:00",409283,292491,23250,4446,1997229,3740527.1428571427,3286139
"2022-01-01 00:00:00",279677,582570,30071,0,3145356,3669590.285714286,3381334.285714286
"2022-01-02 00:00:00",297797,350079,14318,3513,2347235,3512302.5714285714,3566479.8571428573
"2022-01-03 00:00:00",594063,467031,3877,3058,3433059,3756191.8571428573,3260360.5714285714
"2022-01-04 00:00:00",300746,613089,18035,8640,3229303,3892426.5714285714,3272627
"2022-01-05 00:00:00",232283,609407,27824,6953,2931033,3809982.285714286,3145817
"2022-01-06 00:00:00",549851,401896,26742,5075,1868581,3586839.1428571427,3375630.714285714
"2022-01-07 00:00:00",605899,345077,27177,0,3114923,3782035.8571428573,3780742.5714285714
"2022-01-08 00:00:00",572042,759692,15662,0,3168371,3850334.8571428573,3733311
"2022-01-09 00:00:00",157440,675821,0,0,3773757,4078059.5714285714,3815845
"2022-01-10 00:00:00",219216,641547,52063,3352,2769773,3961611.4285714286,4062344.8571428573
"2022-01-11 00:00:00",425685,494112,2808,5844,3041446,3933051.714285714,3921118
"2022-01-12 00:00:00",511713,780602,51069,8587,2238569,3902057.5714285714,3822585.714285714
"2022-01-13 00:00:00",133004,527312,7320,0,2625585,3965068.4285714286,3770658.4285714286
"2022-01-14 00:00:00",291310,622924,34789,7570,2576320,3885045.1428571427,3499866
"2022-01-15 00:00:00",425204,311863,11863,4169,3053540,3783741,3677577.5714285714
"2022-01-16 00:00:00",530826,710367,32860,0,2281508,3633533.1428571427,3660875.5714285714
"2022-01-17 00:00:00",183874,560869,38364,0,3292351,3689177,3566947.5714285714
"2022-01-18 00:00:00",358090,576363,2888,5821,2469820,3609618,3717476.714285714
"2022-01-19 00:00:00",488788,858645,5206,3240,2342616,3625040.1428571427,3790710.285714286
"2022-01-20 00:00:00",472337,358530,13510,9091,4424899,3908632.4285714286,3754386.4285714286
"2022-01-21 00:00:00",231476,369446,0,4751,1879160,3758906.8571428573,3797939.1428571427
"2022-01-22 00:00:00",627722,591317,6436,7942,2039794,3682703.285714286,3696744
"2022-01-23 00:00:00",220816,557273,3591,6693,1735344,3535297,3429076.5714285714
"2022-01-24 00:00:00",314334,480685,0,4613,1857538,3332684.4285714286,3479854.285714286
"2022-01-25 00:00:00",384955,544854,6185,4920,4374129,3604407.4285714286,3595822.5714285714
"2022-01-26 00:00:00",549696,672273,12881,0,2466775,3604854.285714286,3817857.285714286
"2022-01-27 00:00:00",599024,359462,16077,0,3499510,3489955,3747998.5714285714
"2022-01-28 00:00:00",258383,575333,4824,26703,4030147,3834320.1428571427,3731632.285714286
"2022-01-29 00:00:00",544204,467028,37194,0,2713349,3904114.8571428573,3855500.714285714
"2022-01-30 00:00:00",740014,549871,8777,3243,2511793,4088397.8571428573,4165944.8571428573
"2022-01-31 00:00:00",325995,1038133,1415,0,2897230,4317769.857142857,4149531.1428571427
"2022-02-01 00:00:00",438671,616110,16409,0,2068398,4006990.5714285714,3839519
"2022-02-02 00:00:00",325775,585442,14050,2354,3604146,4125582.4285714286,3669176.1428571427
"2022-02-03 00:00:00",444819,947798,15295,3406,3133138,4135637.285714286,3623523.4285714286
"2022-02-04 00:00:00",658126,283369,23491,0,3064807,4011980.5714285714,3623203.4285714286
"2022-02-05 00:00:00",486658,486796,20190,1915,3250929,4081225.4285714286,3496545.8571428573
"2022-02-06 00:00:00",423231,539691,20148,0,2934008,4095993.8571428573,3332500.4285714286
"2022-02-07 00:00:00",147584,312255,0,7861,2019178,3842294.285714286,3511970.1428571427
"2022-02-08 00:00:00",655561,784774,1764,17536,2166778,3911840.8571428573,3704928
"2022-02-09 00:00:00",561810,431298,16926,0,3761526,4263245.142857143,3350223
"2022-02-10 00:00:00",501366,756850,14523,0,2714304,4132653.5714285714,3393328.5714285714
"2022-02-11 00:00:00",332449,703648,15185,9324,4415352,4345001.428571428,3553636.714285714
"2022-02-12 00:00:00",457725,606050,4588,1111,3081987,4366237.142857143,3784986.1428571427
"2022-02-13 00:00:00",842392,801936,49206,4290,2315143,4497635,3782820.1428571427
"2022-02-14 00:00:00",244731,700756,18897,0,2725064,4475298.571428572,3580357.285714286
"2022-02-15 00:00:00",217113,487029,53971,0,3017145,4266243.857142857,3471618.714285714
"2022-02-16 00:00:00",826868,456543,29617,3275,2929300,4191107.4285714286,3304387.5714285714
"2022-02-17 00:00:00",346646,573404,7600,5034,2854012,4162486.5714285714,3165216.8571428573
"2022-02-18 00:00:00",306862,616475,39484,0,3166326,3970085,3027464.4285714286
"2022-02-19 00:00:00",807928,815732,27946,2279,2777390,4010058.4285714286,3076147.8571428573
"2022-02-20 00:00:00",297313,691681,0,7552,3031003,4012141.285714286,2993386.4285714286
"2022-02-21 00:00:00",122793,491601,22614,8919,3724595,4109437.5714285714,3138693.4285714286
"2022-02-22 00:00:00",322277,366731,20062,0,2513429,4030472,2961012
"2022-02-23 00:00:00",446213,621427,7180,0,2348608,3913018.285714286,2641970.1428571427
"2022-02-24 00:00:00",632250,570201,27438,9077,2394467,3891123.5714285714,3088616.714285714
"2022-02-25 00:00:00",355231,599534,31032,3341,3941426,4005611.8571428573,3416504.4285714286
"2022-02-26 00:00:00",274209,652917,0,5340,3367587,3986865.8571428573,3476103.5714285714
"2022-02-27 00:00:00",411289,692072,9646,0,3206495,4028573.4285714286,3719758.285714286
"2022-02-28 00:00:00",449550,564881,34079,3823,1899568,3825913.285714286,4107092.8571428573
"2022-03-01 00:00:00",376106,632201,19242,5147,2078679,3810038.4285714286,4243134.428571428
"2022-03-02 00:00:00",310282,368906,10334,2695,2561087,3785735,4770540.857142857
"2022-03-03 00:00:00",338349,363058,6523,3597,4843297,4060219.4285714286,4491920.142857143
"2022-03-04 00:00:00",339278,682914,45746,0,3261738,3974378.285714286,4242621
"2022-03-05 00:00:00",319264,789976,13555,4169,3872455,4074287.5714285714,4435713.142857143
"2022-03-06 00:00:00",281099,924819,33765,0,2672083,4016039.5714285714,4528706
"2022-03-07 00:00:00",459296,578806,39550,0,2384076,4088872,4249081.571428572
"2022-03-08 00:00:00",493720,565122,13332,2493,3298756,4269164.571428572,4372595.142857143
"2022-03-09 00:00:00",452352,643442,21911,6542,3380591,4447955.142857143,4325249.571428572
"2022-03-10 00:00:00",382792,582964,15441,4173,2941685,4215416.857142857,4330626.857142857
"2022-03-11 00:00:00",213067,987096,23488,0,2982201,4197727.714285715,4265606.428571428
"2022-03-12 00:00:00",426761,745025,12670,0,3095825,4094993.8571428573,3943901
"2022-03-13 00:00:00",393875,669020,13629,9490,3856430,4242233.714285715,4077904.5714285714
"2022-03-14 00:00:00",397692,811036,44337,4799,2674503,4309467.857142857,4084662
"2022-03-15 00:00:00",448515,508367,28387,0,3085830,4266278.571428572,4171072.285714286
"2022-03-16 00:00:00",537820,810344,18858,2519,3185139,4273398.857142857,4146723.1428571427
"2022-03-17 00:00:00",222844,697091,45466,4071,1819606,4110830.5714285714,4002405
"2022-03-18 00:00:00",76093,211795,7188,0,2069783,3847831.5714285714,4181363.714285714
"2022-03-19 00:00:00",628022,447638,9820,2520,2522267,3752115.285714286,4363994.857142857
"2022-03-20 00:00:00",240722,435688,32449,0,2432457,3494811.285714286,4068887.8571428573
"2022-03-21 00:00:00",337890,1140248,60242,9542,2618015,3528178.4285714286,4099186.5714285714
"2022-03-22 00:00:00",438498,569323,12315,3829,3508579,3594099.1428571427,4048618.1428571427
"2022-03-23 00:00:00",451174,536529,8673,3321,3763784,3623928,4020348.5714285714
"2022-03-24 00:00:00",626838,499798,27770,0,4434191,4023859.1428571427,4197633.857142857
"2022-03-25 00:00:00",690643,1201624,50137,0,3399869,4449203.857142857,4283710.142857143
"2022-03-26 00:00:00",442513,388560,9150,5324,3339820,4531361,4041509.714285714
"2022-03-27 00:00:00",311094,144354,36145,0,2053497,4446185.857142857,3921644.714285714
"2022-03-28 00:00:00",234653,428902,0,0,2653407,4324903.714285715,3930065.4285714286
"2022-03-29 00:00:00",371205,700741,16754,0,1914320,4106400.285714286,4062845.285714286
"2022-03-30 00:00:00",305456,711575,1198,11422,1184668,3742234.1428571427,3908318.1428571427
"2022-03-31 00:00:00",348375,640400,30925,0,5146977,3088616.714285714,3845377
"2022-04-01 00:00:00",901209,802159,3281,18898,3331979,3416504.4285714286,3646606.1428571427
"2022-04-02 00:00:00",390118,914767,16794,2523,2979745,3476103.5714285714,3613955.285714286
"2022-04-03 00:00:00",512234,439684,2384,0,3409404,3719758.285714286,3382356.5714285714
"2022-04-04 00:00:00",263638,331451,45774,8523,4917466,4107092.8571428573,3584423.1428571427
"2022-04-05 00:00:00",554240,818178,1415,8425,1585063,4243134.428571428,3392872.5714285714
"2022-04-06 00:00:00",595026,658575,26635,0,3687508,4770540.857142857,3369468.1428571427
"2022-04-07 00:00:00",299293,397562,43826,0,3475652,4491920.142857143,3290013.4285714286
"2022-04-08 00:00:00",427647,258799,54552,0,2571435,4242621,3235257.4285714286
"2022-04-09 00:00:00",638607,745945,13087,2262,4255689,4435713.142857143,3151629.5714285714
"2022-04-10 00:00:00",497330,903604,17976,3616,3592130,4528706,3416717
"2022-04-11 00:00:00",376297,596311,6079,1939,2628855,4249081.571428572,3332216.714285714
"2022-04-12 00:00:00",232110,735274,17222,0,2847310,4372595.142857143,3233412.5714285714
"2022-04-13 00:00:00",515920,973486,24498,12690,3109731,4325249.571428572,3197917.4285714286
"2022-04-14 00:00:00",427359,400468,66509,2219,3357417,4330626.857142857,3456615.4285714286
"2022-04-15 00:00:00",340325,408956,2091,0,2105917,4265606.428571428,3589292.1428571427
"2022-04-16 00:00:00",720954,298254,22352,2522,2359570,3943901,3821344.5714285714
"2022-04-17 00:00:00",363656,469050,26624,0,5093351,4077904.5714285714,3846778.1428571427
"2022-04-18 00:00:00",461553,578042,38714,6737,2571737,4084662,3956484.4285714286
"2022-04-19 00:00:00",437990,365112,23309,1786,3608591,4171072.285714286,4093000.4285714286
"2022-04-20 00:00:00",534890,497837,2404,7319,3423430,4146723.1428571427,4444926.428571428
"2022-04-21 00:00:00",388378,521423,45936,0,2288009,4002405,4212277.285714285
"2022-04-22 00:00:00",390073,447618,0,0,3272309,4181363.714285714,4236475.571428572
"2022-04-23 00:00:00",620593,414340,16030,10499,3620608,4363994.857142857,4076344.5714285714
"2022-04-24 00:00:00",317454,835593,24821,0,2709064,4068887.8571428573,4062964.1428571427
"2022-04-25 00:00:00",619655,457665,6380,8206,2776967,4099186.5714285714,3903328
"2022-04-26 00:00:00",493380,495787,27341,0,3066301,4048618.1428571427,3863959.714285714
"2022-04-27 00:00:00",763931,443151,12827,4518,3043567,4020348.5714285714,3592541.285714286
"2022-04-28 00:00:00",666394,430094,53137,0,3335118,4197633.857142857,3596506
"2022-04-29 00:00:00",415755,539298,27677,10124,3719680,4283710.142857143,3306267.1428571427
"2022-04-30 00:00:00",358843,652843,3333,8172,1963478,4041509.714285714,3261960.5714285714
"2022-05-01 00:00:00",327619,819748,13342,0,1887169,3921644.714285714,2955233.285714286
"2022-05-02 00:00:00",387458,592316,3817,0,2944230,3930065.4285714286,2963220.1428571427
"2022-05-03 00:00:00",537477,630696,25162,0,3818933,4062845.285714286,2884569.714285714
"2022-05-04 00:00:00",464827,595418,8859,3191,2114010,3908318.1428571427,2730265.714285714
"2022-05-05 00:00:00",293125,485424,41591,3966,2777706,3782185.1428571427,2652740.714285714
"2022-05-06 00:00:00",812036,662851,20844,0,3417133,3810803.5714285714,3172145.5714285714
"2022-05-07 00:00:00",604644,363741,5690,3938,2487627,3879228.1428571427,3314210.5714285714
"2022-05-08 00:00:00",433637,981075,19967,5434,3763096,4187132.8571428573,3559401.714285714
"2022-05-09 00:00:00",335780,515168,0,0,3141915,4196424.857142857,3581968
"2022-05-10 00:00:00",270434,526016,12182,0,2390985,3937474.714285714,3635377.1428571427
"2022-05-11 00:00:00",325435,1060237,26569,9417,3542153,4191404.285714286,3916722.4285714286
"2022-05-12 00:00:00",354875,582298,0,0,3440001,4302170.142857143,4165115.5714285714
"2022-05-13 00:00:00",429465,556557,3625,0,2753529,4135072,3924071.714285714
"2022-05-14 00:00:00",290850,493582,9508,20723,1931462,4032284.1428571427,3881656.285714286
"2022-05-15 00:00:00",169354,339056,0,0,2510841,3720289.8571428573,3817737.4285714286
"2022-05-16 00:00:00",329148,681868,14348,0,1549860,3517769.8571428573,3782658.5714285714
"2022-05-17 00:00:00",549091,716343,4250,7816,4033888,3819451.4285714286,3614883.285714286
"2022-05-18 00:00:00",357303,342502,22822,9238,2207725,3530277,3621553.8571428573
"2022-05-19 00:00:00",364704,741864,19236,0,2736997,3456795.285714286,3408515.4285714286
"2022-05-20 00:00:00",520085,316893,34153,0,2801504,3670890,3196146.8571428573
"2022-05-21 00:00:00",610420,294928,39505,4909,2868416,3648999.4285714286,2997001.5714285714
"2022-05-22 00:00:00",193241,258857,13294,5310,4292429,3857452.5714285714,2871583.5714285714
"2022-05-23 00:00:00",271275,354574,19559,0,2497832,3847546.4285714286,3018037.714285714
"2022-05-24 00:00:00",651948,328252,756,0,3193868,3872456.1428571427,2893728.285714286
"2022-05-25 00:00:00",600316,612613,14403,0,2588641,3883979.8571428573,3021736.4285714286
"2022-05-26 00:00:00",155985,653703,23039,0,1876300,3728145.8571428573,3160777.8571428573
"2022-05-27 00:00:00",549867,530140,0,5000,3933921,3920473.285714286,3230523.285714286
"2022-05-28 00:00:00",640053,630149,0,0,2645399,3934390.5714285714,3330463.285714286
"2022-05-29 00:00:00",357818,579134,14403,13335,3170922,3844745.285714286,3378002
"2022-05-30 00:00:00",577615,507148,15431,0,2932898,3971867,3308311.1428571427
"2022-05-31 00:00:00",384466,467215,31075,3226,2282215,3828063.1428571427,3253677.8571428573
"2022-06-01 00:00:00",495010,556245,27066,6670,2440104,3786509,2967730.714285714
"2022-06-02 00:00:00",430702,466040,18931,5602,3477705,4027931.1428571427,2779474.1428571427
"2022-06-03 00:00:00",257431,688330,12642,2731,3861852,3999939.714285714,2876825
"2022-06-04 00:00:00",565746,541914,34099,0,1999948,3889383.5714285714,3048505.5714285714
"2022-06-05 00:00:00",378322,546638,15639,0,3219795,3892923.714285714,3069292.1428571427
"2022-06-06 00:00:00",306897,530909,2432,4660,2544006,3800896.8571428573,2901677.285714286
"2022-06-07 00:00:00",382421,529702,21868,4025,3951818,4046845,3019015.714285714
"2022-06-08 00:00:00",739559,1175063,14097,2864,2662024,4199489.714285715,3278288.1428571427
"2022-06-09 00:00:00",293204,293776,10156,0,1800673,3913607.8571428573,3473305
"2022-06-10 00:00:00",885378,392764,0,5675,4203285,4008481.4285714286,3607700
"2022-06-11 00:00:00",466240,248391,8071,5486,3895059,4220130,3298111.714285714
"2022-06-12 00:00:00",347762,524393,33028,0,2158793,4063498.714285714,3362331
"2022-06-13 00:00:00",387812,459725,0,3750,2318051,4032132,3499199.8571428573
"2022-06-14 00:00:00",445298,756779,71125,0,5252792,4265869,3555982.5714285714
"2022-06-15 00:00:00",497632,497124,14726,2788,3038721,4188352.285714286,3620964.285714286
"2022-06-16 00:00:00",738148,830276,10896,0,3785691,4612238.285714285,3752804
"2022-06-17 00:00:00",438792,265842,17690,0,2120043,4234419,3475457.4285714286
"2022-06-18 00:00:00",355036,255317,37012,6012,2897073,4081162.285714286,3522746
"2022-06-19 00:00:00",357318,420628,16174,0,2994840,4184731.4285714286,3287947.714285714
"2022-06-20 00:00:00",582768,783754,1415,10686,2955076,4351068.714285715,3194984.4285714286
"2022-06-21 00:00:00",505652,330762,6958,6615,1442422,3746271,2959514.1428571427
"2022-06-22 00:00:00",576424,1242546,0,16127,4165392,4024770.8571428573,3069138.8571428573
"2022-06-23 00:00:00",349250,454059,3284,0,2229018,3691999.5714285714,2926121.285714286
"2022-06-24 00:00:00",207282,309096,13405,0,4367438,3985550.1428571427,3060017.4285714286
"2022-06-25 00:00:00",673788,785708,4682,6039,3714773,4219055.714285715,3152274.285714286
"2022-06-26 00:00:00",380149,280760,13769,0,3603158,4288895.142857143,3259533
"2022-06-27 00:00:00",244780,473149,2496,0,2840549,4178506,3308927.1428571427
"2022-06-28 00:00:00",351793,644792,1415,5552,2291585,4321752.714285715,3599860.4285714286
"2022-06-29 00:00:00",584583,796675,16826,0,2311524,3994484.1428571427,3431980.8571428573
"2022-06-30 00:00:00",489801,701971,3366,5536,3015209,4163094.5714285714,3521952.5714285714
"2022-07-01 00:00:00",369537,394908,18469,3847,2689711,3960130.285714286,3427802
"2022-07-02 00:00:00",511354,449399,43534,4590,4034606,3939915.1428571427,3472837.4285714286
"2022-07-03 00:00:00",177626,595671,4114,7777,4115994,4028964.8571428573,3569329.5714285714
"2022-07-04 00:00:00",341192,178072,21111,7827,3441320,4090186,3499097.714285714
"2022-07-05 00:00:00",441547,276099,710,0,3284456,4191282.4285714286,3188559.8571428573
"2022-07-06 00:00:00",254303,339687,43737,872,2454584,4103221.5714285714,3182303.4285714286
"2022-07-07 00:00:00",186604,579622,30056,7019,3042503,4050352.8571428573,3048011.285714286
"2022-07-08 00:00:00",520974,503631,13643,0,4200394,4302091.428571428,3161686.5714285714
"2022-07-09 00:00:00",554360,447556,189,11782,2802928,4258847,2738238.8571428573
"2022-07-10 00:00:00",236170,373203,16447,2829,2911318,3770155.285714286,3548962.285714286
"2022-07-11 00:00:00",254974,481330,8103,10415,2997364,3656973.8571428573,3781950.4285714286
"2022-07-12 00:00:00",479600,885791,27891,0,2470375,3633240.285714286,3676777.8571428573
"2022-07-13 00:00:00",471172,744520,14994,7826,2191424,3516589.714285714,3594068.8571428573
"2022-07-14 00:00:00",562826,401036,38941,0,4235630,3705354.714285714,3516782.5714285714
"2022-07-15 00:00:00",411628,584405,9328,2052,4132270,4084327,3407512.5714285714
"2022-07-16 00:00:00",369076,397448,66871,10846,2933931,4106006.8571428573,3395864.8571428573
"2022-07-17 00:00:00",244359,810914,59694,0,2963409,4182922.285714286,3466980
"2022-07-18 00:00:00",624221,786259,9298,14061,3498063,4351453.142857143,3196755
"2022-07-19 00:00:00",556221,223982,0,5384,2689895,4295999.428571428,3202749.1428571427
"2022-07-20 00:00:00",348161,530745,189,0,4005198,4503764.714285715,3416839.1428571427
"2022-07-21 00:00:00",612268,813749,29390,4087,2307344,4293536.857142857,3680784.8571428573
"2022-07-22 00:00:00",338548,104303,1287,0,3203385,4080371,3596896.714285714
"2022-07-23 00:00:00",480014,586272,316,14390,3364197,4175659,3494754.1428571427
"2022-07-24 00:00:00",530178,272061,2268,0,1876436,3976025.714285714,3562331.1428571427
"2022-07-25 00:00:00",512599,420500,38988,0,2796235,3809799.8571428573,3794189
"2022-07-26 00:00:00",558208,627984,24472,0,2424438,3832602.8571428573,3950989
"2022-07-27 00:00:00",289131,491095,0,7519,2780722,3644627.714285714,3879265.4285714286
"2022-07-28 00:00:00",516909,342535,14082,3045,2790771,3630414,3785029.285714286
"2022-07-29 00:00:00",674696,576743,11142,0,2879609,3701080.714285714,3805394.5714285714
"2022-07-30 00:00:00",223426,624059,9279,0,2331167,3521472.285714286,3886548.1428571427
"2022-07-31 00:00:00",474971,379767,5507,0,3072270,3700268.285714286,3792691.8571428573
"2022-08-01 00:00:00",401592,365975,38504,3643,3433961,3768176,3700535
"2022-08-02 00:00:00",540632,1038408,3717,0,2143070,3781136.5714285714,3680391.5714285714
"2022-08-03 00:00:00",619538,873784,30781,21591,2305123,3821472.4285714286,3636410.1428571427
"2022-08-04 00:00:00",327638,614273,3292,0,3876547,3986387.8571428573,3566809.285714286
"2022-08-05 00:00:00",687510,645565,38626,0,3010422,4020664.1428571427,3666573.5714285714
"2022-08-06 00:00:00",401129,506676,1932,5666,3433374,4186499.4285714286,3509339.8571428573
"2022-08-07 00:00:00",548472,296233,0,4144,1994585,4030916.1428571427,3735357.714285714
"2022-08-08 00:00:00",366417,643435,23037,3848,3357807,4052468.8571428573,3710955.1428571427
"2022-08-09 00:00:00",528442,752788,1287,0,2280293,4029180.714285714,3668262.714285714
"2022-08-10 00:00:00",384602,568901,9232,12224,3516922,4120761.285714286,3489881.714285714
"2022-08-11 00:00:00",521299,628317,45194,7001,3073757,4042735.285714286,3557022.4285714286
"2022-08-12 00:00:00",223761,781408,9601,0,3237365,4024165.4285714286,3662923.1428571427
"2022-08-13 00:00:00",610669,852282,11756,0,1918555,3887663.285714286,3802854.1428571427
"2022-08-14 00:00:00",264899,836746,4145,0,3486370,4137481.5714285714,3737490
"2022-08-15 00:00:00",417683,1037509,12673,3597,2320998,4051469.4285714286,3626302.4285714286
"2022-08-16 00:00:00",517883,347187,13689,10438,3179037,4123673.1428571427,3479078.285714286
"2022-08-17 00:00:00",653773,572816,58405,9591,4783396,4350258.857142857,3485075.1428571427
"2022-08-18 00:00:00",364636,420499,34494,0,3254901,4321539.142857143,3414230.1428571427
"2022-08-19 00:00:00",898627,448621,45879,0,2266067,4236833.428571428,3228484.4285714286
"2022-08-20 00:00:00",455218,485241,11919,0,3112998,4332849.571428572,3553888
"2022-08-21 00:00:00",324848,494051,9743,9845,3255964,4261748.428571428,3439739
"2022-08-22 00:00:00",278969,353904,61510,0,2733090,4209607.571428572,3528996.1428571427
"2022-08-23 00:00:00",417816,429682,12020,0,2268575,4075301.4285714286,3617567.714285714
"2022-08-24 00:00:00",467073,570988,51867,0,3543485,3868934.4285714286,3667825.714285714
"2022-08-25 00:00:00",362680,795718,36830,0,2453847,3808155.1428571427,3669969.8571428573
"2022-08-26 00:00:00",750695,994277,17231,0,3611240,4053047.714285714,3696987.5714285714
"2022-08-27 00:00:00",301821,971701,27862,0,3395214,4143222.5714285714,3275176
"2022-08-28 00:00:00",703813,504978,23493,0,3732544,3631316.8571428573,3405204
"2022-08-29 00:00:00",286185,765886,12949,4994,3151751,3842122.5714285714,3507827.1428571427
"2022-08-30 00:00:00",410768,1166193,23209,0,1790460,3895176.8571428573,3615722.4285714286
"2022-08-31 00:00:00",451352,526642,24307,2346,5006968,4386090.142857143,3586105.285714286
"2022-09-01 00:00:00",358247,759940,15069,12656,3477846,4287857.285714285,3702660.1428571427
"2022-09-02 00:00:00",445319,493857,2831,7743,3601877,4518148.428571428,3623640.1428571427
"2022-09-03 00:00:00",272546,802842,9939,7075,3335507,4598878.142857143,3508758.285714286
"2022-09-04 00:00:00",488723,889423,21483,0,4547441,4739198.571428572,3532433.8571428573
"2022-09-05 00:00:00",401225,474522,11625,7872,4032336,4840029.428571428,3321393.4285714286
"2022-09-06 00:00:00",574101,772671,3135,6226,2269016,4873532.285714285,3193858.4285714286
"2022-09-07 00:00:00",434222,586886,40378,7212,2490556,4523195,3350959.8571428573
"2022-09-08 00:00:00",261721,669482,13667,3341,4069283,4579443,3456611.285714286
"2022-09-09 00:00:00",514056,685804,78399,0,2438421,4460164.714285715,3579962.8571428573
"2022-09-10 00:00:00",590017,649765,12000,0,2487157,4361740.428571428,3691036.5714285714
"2022-09-11 00:00:00",181531,333985,13983,0,3573485,4098299.4285714286,3649855.1428571427
"2022-09-12 00:00:00",887966,853752,0,11773,3134948,4092707.5714285714,3621771.285714286
"2022-09-13 00:00:00",390346,387498,44583,5170,2726922,4082617.4285714286,3463673.714285714
"2022-09-14 00:00:00",661297,642313,66050,7705,3093387,4212831.428571428,3312737.285714286
"2022-09-15 00:00:00",398524,628475,28312,6046,3939915,4210514,3153797.4285714286
"2022-09-16 00:00:00",499659,275349,36571,0,2279891,4121198.1428571427,2763501
"2022-09-17 00:00:00",462614,47607,7939,8189,2580223,4030860.1428571427,2456763.5714285714
"2022-09-18 00:00:00",237588,939243,0,0,3007034,4042414.5714285714,2281030.5714285714
"2022-09-19 00:00:00",355170,385539,17052,0,2187520,3764820.714285714,2358758.8571428573
"2022-09-20 00:00:00",392839,557339,15261,11649,3597301,3910516.285714286,2513127.8571428573
"2022-09-21 00:00:00",421578,463284,21845,8642,3082369,3842940,2584269.1428571427
"2022-09-22 00:00:00",317847,328767,41396,0,2925199,3644645.285714286,2593357.8571428573
"2022-09-23 00:00:00",571497,1049047,27815,0,2509341,3796964,2799037.714285714
"2022-09-24 00:00:00",447703,886298,20912,9616,3239819,4010931.8571428573,2901431.8571428573
"2022-09-25 00:00:00",452474,481936,34313,0,3914294,4110810.8571428573,2968900.285714286
"2022-09-26 00:00:00",550929,1139983,0,0,1672843,4170592.8571428573,2926221.1428571427
"2022-09-27 00:00:00",468653,430713,27076,0,2332914,3982730.8571428573,2699778.8571428573
"2022-09-28 00:00:00",581684,535663,17523,8002,2517804,3934581.8571428573,3023337.5714285714
"2022-09-29 00:00:00",71122,532984,6401,0,2738634,3896857.8571428573,3042078.4285714286
"2022-09-30 00:00:00",656805,457856,28894,4909,3353641,3946058.5714285714,2936860.8571428573
"2022-10-01 00:00:00",382905,429338,4162,7416,3521027,3908987,2990927
"2022-10-02 00:00:00",290687,693377,6021,6583,3278432,3822141.714285714,3064585
"2022-10-03 00:00:00",324297,327423,15216,0,3733378,3970221.5714285714,3218363.1428571427
"2022-10-04 00:00:00",291593,356019,18294,3591,4017618,4174187.5714285714,3456306.1428571427
"2022-10-05 00:00:00",647725,816072,13379,3748,3104402,4306280.428571428,3078526.5714285714
"2022-10-06 00:00:00",438429,603308,7672,0,1902375,4249515,3121611
"2022-10-07 00:00:00",382333,1022516,61704,5377,2990966,4243913.571428572,3184850
"2022-10-08 00:00:00",359553,768362,34731,6736,2249723,4111664.714285714,3365262
"2022-10-09 00:00:00",627878,448112,6547,0,2494411,4011928.5714285714,3190511.1428571427
"2022-10-10 00:00:00",592450,849794,22292,0,2489781,3948214.714285714,3084930.4285714286
"2022-10-11 00:00:00",393589,566890,8630,10769,2032403,3708952.714285714,3255931.714285714
"2022-10-12 00:00:00",638457,691127,20747,3648,3271681,3714714.714285714,3250202.5714285714
"2022-10-13 00:00:00",248726,352672,23221,0,3373060,3864128.4285714286,3020952.5714285714
"2022-10-14 00:00:00",511525,480101,40968,3120,2257986,3697100.5714285714,2993547.714285714
"2022-10-15 00:00:00",524423,727803,55250,2106,3365930,3876587.1428571427,2911978.285714286
"2022-10-16 00:00:00",407560,646467,0,0,2990329,3943359.714285714,2881530.5714285714
"2022-10-17 00:00:00",346371,708335,28581,3213,4271695,4143913.714285714,2990911.714285714
"2022-10-18 00:00:00",428261,419683,19728,0,2180244,3993717.4285714286,3395658.285714286
"2022-10-19 00:00:00",570492,849748,84598,5707,3108013,4163872.4285714286,3378877.8571428573
"2022-10-20 00:00:00",386802,438112,21470,17774,2257864,4163005.285714286,3299291.714285714
"2022-10-21 00:00:00",395180,427674,15101,11531,2560104,3988173.5714285714,3355842.285714286
"2022-10-22 00:00:00",244620,521265,80526,0,2960839,4010770,3529159
"2022-10-23 00:00:00",578733,568436,36392,0,2101211,3712388.5714285714,3606826.1428571427
"2022-10-24 00:00:00",268822,447027,13792,0,3802920,3688954.5714285714,3702258.5714285714
"2022-10-25 00:00:00",676666,584287,8146,4505,3043001,3870195.714285714,3768098.1428571427
"2022-10-26 00:00:00",510539,523198,31766,9928,3617552,3880827.714285714,3906230.5714285714
"2022-10-27 00:00:00",335734,607054,15576,10454,2824081,3976667.4285714286,3875320.8571428573
"2022-10-28 00:00:00",375583,555104,0,1900,3575476,4133592.285714286,3897077.5714285714
"2022-10-29 00:00:00",251788,536585,2997,0,2916313,4119368.5714285714,3828654.5714285714
"2022-10-30 00:00:00",474067,538960,18586,5860,3076529,4237830,3743624.8571428573
"2022-10-31 00:00:00",209034,523565,29795,3086,2607769,4072214,3542895.5714285714
"2022-11-01 00:00:00",510091,433169,3190,0,3453951,4084185.1428571427,3190850.8571428573
"2022-11-02 00:00:00",523760,372587,8595,2592,4246273,4150017.4285714286,2884863.4285714286
"2022-11-03 00:00:00",469028,838322,33633,11601,2562581,4167483.8571428573,2809064.5714285714
"2022-11-04 00:00:00",412906,442965,17765,0,3127775,4095104.5714285714,2511807.714285714
"2022-11-05 00:00:00",285483,557877,17054,8777,3057843,4126440.285714286,2239519.714285714
"2022-11-06 00:00:00",213011,314992,17284,0,2870996,4026765.8571428573,2086413.142857143
"2022-11-07 00:00:00",260649,727788,3381,3393,3288213,4156790.8571428573,2111788.8571428573
"2022-11-08 00:00:00",384761,887826,13945,7886,2673619,4095024.4285714286,1998634.857142857
"2022-11-09 00:00:00",460223,336838,35164,5808,2551702,3843014,1968320.4285714286
"2022-11-10 00:00:00",806286,522410,8493,0,2826826,3878563.8571428573,1943234.857142857
"2022-11-11 00:00:00",467518,539410,13836,6436,3981421,4022451.4285714286,2007991
"2022-11-12 00:00:00",267100,552278,36027,2959,1990242,3868390.285714286,2077344.142857143
"2022-11-13 00:00:00",351237,413206,62978,4064,3402305,3985177.1428571427,1991639
"2022-11-14 00:00:00",523073,640128,11409,0,1316097,3729074.714285714,1859807.7142857143
"2022-11-15 00:00:00",216387,307550,21140,6149,2285645,3567479.5714285714,1934213.2857142857
"2022-11-16 00:00:00",621962,1013684,15299,6172,3884226,3874852.1428571427,1957413.142857143
"2022-11-17 00:00:00",432667,375499,3033,0,3818532,3941383.1428571427,2153095.8571428573
"2022-11-18 00:00:00",641391,362013,32095,8195,2964560,3798473.4285714286,2533594
"2022-11-19 00:00:00",265497,498580,24492,0,2631380,3880093.8571428573,2633955.4285714286
"2022-11-20 00:00:00",483148,534854,25829,8148,2424603,3771921.4285714286,2863970.1428571427
"2022-11-21 00:00:00",433236,362917,0,6730,1861090,3796673.5714285714,2972447.714285714
"2022-11-22 00:00:00",485652,814717,13073,0,1685871,3819879.4285714286,3079144.8571428573
"2022-11-23 00:00:00",713771,607535,5533,8420,2793057,3618018.5714285714,2939658.4285714286
"2022-11-24 00:00:00",269295,298348,32657,0,2690078,3426682.4285714286,2793758.5714285714
"2022-11-25 00:00:00",432674,565216,19292,0,2110427,3300875.8571428573,2446471.4285714286
"2022-11-26 00:00:00",449228,575436,15771,0,1690569,3202455.285714286,2418743.5714285714
"2022-11-27 00:00:00",390199,402139,9426,0,2730937,3210472.285714286,2179738.1428571427
"2022-11-28 00:00:00",292236,599104,24891,14051,2072072,3258812.5714285714,1990338
"2022-11-29 00:00:00",575325,461060,19780,2520,2196537,3295371.285714286,1839924
"2022-11-30 00:00:00",401328,281501,53008,0,3474836,3307136.285714286,2043735.5714285714
"2022-12-01 00:00:00",311443,480010,9146,3443,2333101,3285245.5714285714,2063539.857142857
"2022-12-02 00:00:00",442383,177942,10519,10451,3450110,3422930.8571428573,2110001.5714285714
"2022-12-03 00:00:00",556366,510265,7941,8660,3998726,3758781.285714286,1934273.142857143
"2022-12-04 00:00:00",134769,824295,5169,0,2957540,3814362.8571428573,1908648
"2022-12-05 00:00:00",409450,469799,14654,1679,2501401,3870738.4285714286,2078454
"2022-12-06 00:00:00",515321,589644,11284,3080,1608522,3912418.8571428573,3985550.1428571427
"2022-12-07 00:00:00",332050,612188,86652,8870,4040552,4065591.5714285714,4219055.714285715
"2022-12-08 00:00:00",468455,403522,48842,5494,1923665,3992372,4288895.142857143
"2022-12-09 00:00:00",437695,706055,16940,0,2377104,3756031.285714286,4178506
"2022-12-10 00:00:00",379293,439842,21447,0,2693608,3694485.285714286,4321752.714285715
"2022-12-11 00:00:00",379352,599454,9801,5888,2455977,3684626.285714286,3994484.1428571427
"2022-12-12 00:00:00",441488,308931,4008,15091,2648183,3514044.5714285714,4163094.5714285714
"2022-12-13 00:00:00",559917,532466,4488,3336,1364116,3476397.8571428573,3960130.285714286
"2022-12-14 00:00:00",202851,588129,13270,8179,4668462,3533623.285714286,3939915.1428571427
"2022-12-15 00:00:00",342555,277803,37743,4713,2669743,3602563.1428571427,4028964.8571428573
"2022-12-16 00:00:00",735678,494430,14186,847,3015129,3705774,4090186
"2022-12-17 00:00:00",298029,766501,17955,0,2237722,3675204.714285714,4191282.4285714286
"2022-12-18 00:00:00",115436,1117477,27802,6294,3089166,3804590.714285714,4103221.5714285714
"2022-12-19 00:00:00",446999,906693,3093,0,1942178,3787628.1428571427,4050352.8571428573
"2022-12-20 00:00:00",441315,358835,29987,5707,2851509,3962346.714285714,4302091.428571428
"2022-12-21 00:00:00",330868,476986,41851,0,2669718,3682136.8571428573,4263245.142857143
"2022-12-22 00:00:00",341223,326503,9659,9764,2676339,3686555.714285714,4132653.5714285714
"2022-12-23 00:00:00",690048,214656,21034,15674,2670282,3593902.1428571427,4345001.428571428
"2022-12-24 00:00:00",449696,879374,8936,0,3227054,3771738.5714285714,4366237.142857143
"2022-12-25 00:00:00",509739,551371,42437,2528,3114700,3752395.714285714,4497635
"2022-12-26 00:00:00",290272,171355,10760,0,3098938,3791304.5714285714,4475298.571428572
"2022-12-27 00:00:00",541054,588458,6673,2283,2201310,3741651,4266243.857142857
"2022-12-28 00:00:00",493609,439118,41850,0,3162774,3829926.5714285714,4191107.4285714286
"2022-12-29 00:00:00",351993,302491,20691,4912,1930144,3722318.285714286,4162486.5714285714
"2022-12-30 00:00:00",486469,811064,45725,4309,1410022,3600303.1428571427,3970085
"2022-12-31 00:00:00",365474,500240,35904,0,3192561,3533034.4285714286,4010058.4285714286
"2023-01-01 00:00:00",520318,745617,31512,4518,2860614,3524720.8571428573,4012141.285714286
"2023-01-02 00:00:00",223831,724477,17008,4493,2345550,3488154.4285714286,4109437.5714285714
"2023-01-03 00:00:00",524380,446750,4964,8901,2998869,3580166.5714285714,4030472
"2023-01-04 00:00:00",593461,325753,19585,2981,4140602,3715170.8571428573,3913018.285714286
"2023-01-05 00:00:00",551709,747217,645,5707,2840812,3934579.1428571427,3891123.5714285714
"2023-01-06 00:00:00",247876,591749,47339,8920,2283954,3994900.285714286,4005611.8571428573
"2023-01-07 00:00:00",440656,456934,22633,0,2935624,3960852.8571428573,3986865.8571428573
"2023-01-08 00:00:00",354820,461473,10299,9044,2873064,3896013,4028573.4285714286
"2023-01-09 00:00:00",311336,487148,25502,3901,3041604,3975174.714285714,3825913.285714286
"2023-01-10 00:00:00",587057,729751,26216,2627,2341018,3932718.285714286,3810038.4285714286
"2023-01-11 00:00:00",384119,465227,11232,18525,1798034,3589112.1428571427,3785735
"2023-01-12 00:00:00",563533,165060,2170,0,2097697,3400879.4285714286,4060219.4285714286
"2023-01-13 00:00:00",159845,343356,8276,3213,2305282,3349470,3974378.285714286
"2023-01-14 00:00:00",348177,518599,9052,5293,4569709,3577324.714285714,4074287.5714285714
"2023-01-15 00:00:00",513281,815160,34166,4087,1536408,3462239.285714286,4016039.5714285714
"2023-01-16 00:00:00",260747,726253,30368,5659,3569064,3565467.714285714,4088872
"2023-01-17 00:00:00",416632,322728,7182,2984,2780343,3543067.714285714,4269164.571428572
"2023-01-18 00:00:00",258210,614518,5602,6939,2687595,3671028.5714285714,4447955.142857143
"2023-01-19 00:00:00",457672,649031,23013,9500,1993472,3714489.714285714,4215416.857142857
"2023-01-20 00:00:00",425482,526009,3978,0,2360892,3785402.5714285714,4197727.714285715
"2023-01-21 00:00:00",181277,624997,43200,2748,2235794,3447857.714285714,4094993.8571428573
"2023-01-22 00:00:00",610845,522581,25786,10515,3237035,3662666.1428571427,4242233.714285715
"2023-01-23 00:00:00",299241,501274,8355,10343,3355999,3603112.285714286,4309467.857142857
"2023-01-24 00:00:00",805981,701782,14597,4914,2549478,3681238.285714286,4266278.571428572
"2023-01-25 00:00:00",397966,555651,30757,8583,4356100,3708014.285714286,3782185.1428571427
"2023-01-26 00:00:00",469200,497583,1217,3706,2202516,3398293,3810803.5714285714
"2023-01-27 00:00:00",552003,328197,9762,0,1861867,3193501.714285714,3879228.1428571427
"2023-01-28 00:00:00",445272,568276,4476,0,2532348,3337113.285714286,4187132.8571428573
"2023-01-29 00:00:00",393471,676495,21898,8410,2709141,3407463.8571428573,4196424.857142857
"2023-01-30 00:00:00",168376,418166,15295,0,3027696,3496965.714285714,3937474.714285714
"2023-01-31 00:00:00",735430,469805,33267,0,2359750,3694670.285714286,4191404.285714286
"2023-02-01 00:00:00",387863,335121,16412,0,2941717,3456392.4285714286,4302170.142857143
"2023-02-02 00:00:00",359378,378206,3622,6827,2864848,3519057.8571428573,4135072
"2023-02-03 00:00:00",235240,642921,61123,0,3363121,3740568.8571428573,4032284.1428571427
"2023-02-04 00:00:00",544922,355954,9541,2593,3218934,3823650.5714285714,3720289.8571428573
"2023-02-05 00:00:00",779280,401148,44461,0,2691588,3838945,3517769.8571428573
"2023-02-06 00:00:00",395042,545750,12413,8270,3673171,3982532.5714285714,3819451.4285714286
"2023-02-07 00:00:00",462712,488096,31931,8817,2082438,3907638.8571428573,3530277
"2023-02-08 00:00:00",362288,647887,46486,0,3594364,4046197.8571428573,3456795.285714286
"2023-02-09 00:00:00",549905,726816,27778,9397,3102045,4160920.714285714,3631316.8571428573
"2023-02-10 00:00:00",330585,461066,41241,0,2038979,3956558.5714285714,3842122.5714285714
"2023-02-11 00:00:00",403395,643384,7762,0,2721498,3905715.1428571427,3895176.8571428573
"2023-02-12 00:00:00",295924,512005,34902,12800,2452040,3818742.714285714,4386090.142857143
"2023-02-13 00:00:00",490316,155728,29468,5785,2778413,3650894.714285714,4287857.285714285
"2023-02-14 00:00:00",360714,421133,13039,6641,2639858,3703379.1428571427,4518148.428571428
"2023-02-15 00:00:00",492409,376992,1500,1602,2211225,3479479.4285714286,4598878.142857143
"2023-02-16 00:00:00",505435,816584,5154,4912,3413621,3526588.714285714,4739198.571428572
"2023-02-17 00:00:00",601147,369629,97018,0,2785874,3666845.5714285714,4840029.428571428
"2023-02-18 00:00:00",231079,448825,5431,0,2818782,3627999.5714285714,4873532.285714285
"2023-02-19 00:00:00",384003,780650,14425,3358,2248902,3645666.4285714286,4523195
"2023-02-20 00:00:00",421657,539120,40272,0,1824652,3555093.714285714,4579443
"2023-02-21 00:00:00",450329,334313,59717,16117,1684693,3427063,4460164.714285715
"2023-02-22 00:00:00",413621,625122,27100,10549,3753247,3676478.714285714,4361740.428571428
"2023-02-23 00:00:00",576041,621769,21291,18191,2588076,3545001.714285714,4098299.4285714286
"2023-02-24 00:00:00",413907,971253,18795,4505,3787396,3736742.8571428573,4092707.5714285714
"2023-02-25 00:00:00",353526,819384,13496,2774,2263961,3729460.4285714286,4082617.4285714286
"2023-02-26 00:00:00",441244,829863,10338,12885,3176215,3877918.4285714286,4212831.428571428
"2023-02-27 00:00:00",312015,402723,16601,4938,3367695,4060528.714285714,4210514
"2023-02-28 00:00:00",632450,455681,17230,4946,3067002,4293691.428571428,4121198.1428571427
"2023-03-01 00:00:00",454002,435152,38101,4003,2805365,4137546.714285714,4030860.1428571427
"2023-03-02 00:00:00",224563,581206,1928,0,2303992,4035592.714285714,4042414.5714285714
"2023-03-03 00:00:00",513149,609063,27494,4129,3398656,3943683.5714285714,3764820.714285714
"2023-03-04 00:00:00",621871,776899,46715,0,3522106,4160033.5714285714,3910516.285714286
"2023-03-05 00:00:00",403203,513030,28599,2783,4933268,4361510.571428572,3842940
"2023-03-06 00:00:00",471764,933978,29074,5543,1479736,4192385.285714286,3644645.285714286
"2023-03-07 00:00:00",473391,597393,2458,6291,3689086,4276858,3796964
"2023-03-08 00:00:00",774813,339100,14595,3825,2287218,4231561.857142857,4010931.8571428573
"2023-03-09 00:00:00",471478,438701,2303,7662,2328704,4251156,4110810.8571428573
"2023-03-10 00:00:00",376795,551974,1113,0,1724546,3980004,4170592.8571428573
"2023-03-11 00:00:00",469867,439275,1217,13327,3814314,3947205.5714285714,3982730.8571428573
"2023-03-12 00:00:00",357134,441429,14636,2431,2758537,3617674.714285714,3934581.8571428573
"2023-03-13 00:00:00",687699,237293,6762,2577,2450607,3684081,3896857.8571428573
"2023-03-14 00:00:00",564193,558666,35227,2933,2690359,3553046.5714285714,3946058.5714285714
"2023-03-15 00:00:00",544439,521225,15009,5709,2855153,3627615.714285714,3908987
"2023-03-16 00:00:00",362753,626405,4132,11486,3128332,3761273.285714286,4273398.857142857
"2023-03-17 00:00:00",618822,843164,26508,0,2233152,3845410,4110830.5714285714
"2023-03-18 00:00:00",443286,447386,15772,11522,2731910,3893055,3847831.5714285714
"2023-03-19 00:00:00",450122,395564,21594,0,3160233,4027268.714285714,3752115.285714286
"2023-03-20 00:00:00",226208,697932,42540,11826,2730284,3927558.4285714286,3494811.285714286
"2023-03-21 00:00:00",756396,404674,33858,0,2053818,3795205.8571428573,3528178.4285714286
"2023-03-22 00:00:00",565974,419511,25710,11644,2257597,3681446.4285714286,3594099.1428571427
"2023-03-23 00:00:00",485913,514597,26665,3082,2692997,3622895.714285714,3623928
"2023-03-24 00:00:00",555249,715161,14749,3944,3103360,3718727,4023859.1428571427
"2023-03-25 00:00:00",220647,736518,50911,8728,2139360,3648196.714285714,4449203.857142857
"2023-03-26 00:00:00",507277,726418,16698,4152,2808137,3653221,4531361
"2023-03-27 00:00:00",476637,291041,40992,8747,2144168,3546477.714285714,4446185.857142857
"2023-03-28 00:00:00",613126,381429,7574,10645,2830887,3631465.8571428573,4324903.714285715
"2023-03-29 00:00:00",698321,451657,5372,7781,2300198,3657593.5714285714,4106400.285714286
"2023-03-30 00:00:00",413725,676764,31698,0,3336732,3762688.4285714286,3742234.1428571427
"2023-03-31 00:00:00",363958,917504,9608,0,3292249,3789953.285714286,3708014.285714286
"2023-04-01 00:00:00",559928,622806,34551,0,2634992,3889398,3398293
"2023-04-02 00:00:00",270807,566465,10028,0,3102386,3873255.714285714,3193501.714285714
"2023-04-03 00:00:00",615579,408422,18792,9230,2031471,3890671.1428571427,3337113.285714286
"2023-04-04 00:00:00",532211,513894,15909,4478,2348312,3829405.8571428573,3407463.8571428573
"2023-04-05 00:00:00",442185,247853,21341,3213,3278615,3905102.8571428573,3496965.714285714
"2023-04-06 00:00:00",327941,676702,34014,0,3548676,3923447.5714285714,3694670.285714286
"2023-04-07 00:00:00",600229,590688,25376,5523,3880770,3997628.5714285714,3456392.4285714286
"2023-04-08 00:00:00",342304,610671,29307,2283,3704628,4117188,3519057.8571428573
"2023-04-09 00:00:00",360218,562039,40496,7843,3321863,4166155.5714285714,3740568.8571428573
"2023-04-10 00:00:00",223826,946387,26142,0,3030367,4329473.714285715,3823650.5714285714
"2023-04-11 00:00:00",575154,821802,34379,16065,4103634,4634649.142857143,3838945
"2023-04-12 00:00:00",478106,467081,50164,15787,2427996,4555495.714285715,3982532.5714285714
"2023-04-13 00:00:00",458750,454218,38617,0,3612366,4552155.571428572,3907638.8571428573
"2023-04-14 00:00:00",459204,519957,37765,4615,3172219,4422323.285714285,4046197.8571428573
"2023-04-15 00:00:00",398193,762045,38540,0,2134559,4228629.428571428,4160920.714285714
"2023-04-16 00:00:00",503359,751742,3913,15785,3789677,4338917.714285715,3956558.5714285714
"2023-04-17 00:00:00",451587,512503,19235,0,2527515,4236649,3905715.1428571427
"2023-04-18 00:00:00",512588,349715,35804,18459,3599013,4088727,3818742.714285714
"2023-04-19 00:00:00",336071,614877,11933,3414,2474863,4089016.1428571427,3650894.714285714
"2023-04-20 00:00:00",299590,671922,5847,5038,3897383,4134134.714285714,3703379.1428571427
"2023-04-21 00:00:00",573286,463015,24526,7982,2756224,4081459.714285714,3479479.4285714286
"2023-04-22 00:00:00",645054,730729,28255,0,3689377,4332899.571428572,3526588.714285714
"2023-04-23 00:00:00",359880,561463,44075,0,2812200,4149062.5714285714,3666845.5714285714
"2023-04-24 00:00:00",758596,438979,8316,3164,2725420,4209581.714285715,3627999.5714285714
"2023-04-25 00:00:00",277475,562806,11854,0,3525778,4189915,3645666.4285714286
"2023-04-26 00:00:00",384786,253361,19873,0,2043229,4084213.5714285714,3555093.714285714
"2023-04-27 00:00:00",635172,485469,9660,0,3181414,4003061.285714286,3427063
"2023-04-28 00:00:00",446898,493642,15154,1586,1865684,3859908.4285714286,3676478.714285714
"2023-04-29 00:00:00",530732,410790,32159,0,4166601,3866603.714285714,3545001.714285714
"2023-04-30 00:00:00",579800,476551,5578,5895,2403915,3822906.714285714,3736742.8571428573
"2023-05-01 00:00:00",283128,485692,15687,0,4230595,3977282,3729460.4285714286
"2023-05-02 00:00:00",708046,770070,21942,6025,1975353,3849214,3877918.4285714286
"2023-05-03 00:00:00",585457,485425,16705,8714,3818768,4165474,4060528.714285714
"2023-05-04 00:00:00",351074,721931,40405,0,1897543,3979650.8571428573,4293691.428571428
"2023-05-05 00:00:00",376555,357549,1415,2120,2477709,3812292.714285714,4174187.5714285714
"2023-05-06 00:00:00",481422,877320,32354,5195,3679784,4196805.857142857,3604854.285714286
"2023-05-07 00:00:00",629140,795183,101362,3493,2304370,4143606.285714286,3489955
"2023-05-08 00:00:00",591625,472320,67155,0,3604680,4250779.142857143,3834320.1428571427
"2023-05-09 00:00:00",560832,613817,1415,4087,2977796,4339266.857142857,3904114.8571428573
"2023-05-10 00:00:00",586550,680857,25345,11384,2951444,4429275.285714285,4088397.8571428573
"2023-05-11 00:00:00",616794,975732,42768,0,3841674,4463872,4317769.857142857
"2023-05-12 00:00:00",280193,702402,20066,0,3550191,4584109.285714285,4006990.5714285714
"2023-05-13 00:00:00",327870,514765,5497,4278,2695671,4365824.142857143,4125582.4285714286
"2023-05-14 00:00:00",558875,584794,2432,0,3812006,4526475.285714285,4135637.285714286
"2023-05-15 00:00:00",327493,285420,61536,6298,3266049,4413763.285714285,4011980.5714285714
"2023-05-16 00:00:00",581609,602990,25983,14560,2856115,4402807.428571428,4081225.4285714286
"2023-05-17 00:00:00",405799,554710,25428,0,3684262,4462038.714285715,4095993.8571428573
"2023-05-18 00:00:00",462314,381023,24659,14228,2993418,4233277.857142857,3842294.285714286
"2023-05-19 00:00:00",355810,531408,11015,0,2642749,4088725,3911840.8571428573
"2023-05-20 00:00:00",362496,732860,44600,6492,4036058,4322214.428571428,3770155.285714286
"2023-05-21 00:00:00",355608,363006,16643,11904,1769504,3973437.1428571427,3656973.8571428573
"2023-05-22 00:00:00",205135,315785,17077,11427,1946054,3766106.1428571427,3633240.285714286
"2023-05-23 00:00:00",531654,366959,30968,3257,1278025,3498907.1428571427,3516589.714285714
"2023-05-24 00:00:00",683149,346074,4285,0,2913363,3395574.5714285714,3705354.714285714
"2023-05-25 00:00:00",469815,843901,27526,0,4796529,3718735.8571428573,4084327
"2023-05-26 00:00:00",423565,599043,29864,0,2028245,3652983.714285714,4106006.8571428573
"2023-05-27 00:00:00",469473,742343,7259,5708,3477269,3584347.4285714286,4182922.285714286
"2023-05-28 00:00:00",584713,884228,35685,0,3581501,3951413.4285714286,4351453.142857143
"2023-05-29 00:00:00",573441,619705,60945,0,2917764,4190895.714285714,4295999.428571428
"2023-05-30 00:00:00",304512,795234,6098,2409,2841338,4439285.428571428,4503764.714285715
"2023-05-31 00:00:00",885472,370422,12143,18802,3065581,4497221,4293536.857142857
"2023-06-01 00:00:00",398607,228714,21725,0,2008291,4000016.285714286,4080371
"2023-06-02 00:00:00",336768,818323,20244,0,2663808,4108362.714285714,4175659
"2023-06-03 00:00:00",661581,642848,72452,0,4571011,4286339.714285715,3976025.714285714
"2023-06-04 00:00:00",434211,627538,4954,0,4103453,4298343.571428572,3809799.8571428573
"2023-06-05 00:00:00",310626,1078989,19199,0,3933990,4465622.142857143,3832602.8571428573
"2023-06-06 00:00:00",463065,644659,17259,3951,2432236,4410133.428571428,3644627.714285714
"2023-06-07 00:00:00",644345,891378,22726,5467,3086133,4452651.857142857,3630414
"2023-06-08 00:00:00",364225,663073,27823,3931,2517823,4584014.285714285,3701080.714285714
"2023-06-09 00:00:00",367824,697959,26962,11439,3051397,4629219.714285715,3521472.285714286
"2023-06-10 00:00:00",541285,662255,33139,0,4108703,4543146.857142857,3700268.285714286
"2023-06-11 00:00:00",372690,1318599,7265,5247,3082061,4488247.857142857,3768176
"2023-06-12 00:00:00",442047,776748,33686,2364,4273985,4514823.142857143,3781136.5714285714
"2023-06-13 00:00:00",652718,503139,24029,7407,3217980,4635409.428571428,3821472.4285714286
"2023-06-14 00:00:00",448743,346530,579,0,2097219,4384412.428571428,3986387.8571428573
"2023-06-15 00:00:00",709434,219149,16280,0,4097333,4593744,4020664.1428571427
"2023-06-16 00:00:00",405160,264270,1929,0,3393289,4580753.714285715,4186499.4285714286
"2023-06-17 00:00:00",380626,609595,2900,0,2534698,4321101.857142857,4030916.1428571427
"2023-06-18 00:00:00",627193,859746,27193,0,3293693,4324239.428571428,4052468.8571428573
"2023-06-19 00:00:00",245037,648890,10871,9569,3009656,4094981,4029180.714285714
"2023-06-20 00:00:00",628300,907670,37959,5664,2491735,4047274.285714286,4120761.285714286
"2023-06-21 00:00:00",395601,256122,41866,13140,2050296,4027839.285714286,4042735.285714286
"2023-06-22 00:00:00",554816,735092,1395,5796,3849758,4042790.8571428573,4024165.4285714286
"2023-06-23 00:00:00",589362,581906,39303,7299,2899454,4050315.8571428573,3887663.285714286
"2023-06-24 00:00:00",509587,665140,51046,0,4248863,3496479.285714286,3824453.1428571427
"2023-06-25 00:00:00",562309,508632,16385,7247,2988095,3701442.4285714286,3901479.5714285714
"2023-06-26 00:00:00",533471,669295,43910,3401,3192357,3864612.5714285714,3809910.714285714
"2023-06-27 00:00:00",661120,491329,11670,5448,2068580,3864915.4285714286,3811851.5714285714
"2023-06-28 00:00:00",399655,626940,5734,0,2868903,3963044.714285714,3632501.285714286
"2023-06-29 00:00:00",557643,323373,76319,847,3294249,4081358,3745814.8571428573
"2023-06-30 00:00:00",602842,1086666,18726,2513,2835588,4276842.142857143,3737851.285714286
"2023-07-01 00:00:00",475053,674156,38676,2348,2722641,4053733.285714286,3937740.285714286
"2023-07-02 00:00:00",545181,321853,23594,0,3225468,4058508.8571428573,3934452.5714285714
"2023-07-03 00:00:00",438074,534648,1714,18284,3983446,4134756.4285714286,3947932
"2023-07-04 00:00:00",509081,465856,8808,0,2286926,4139402.714285714,3950410
"2023-07-05 00:00:00",591477,766362,39019,8638,4476044,4422303.714285715,3773464.4285714286
"2023-07-06 00:00:00",467263,675863,12236,0,2922986,4397434.571428572,3852907.8571428573
"2023-07-07 00:00:00",424831,567022,36761,6670,3227171,4356880.285714285,3782819
"2023-07-08 00:00:00",303637,371370,74945,0,2595488,4275818,3666838.285714286
"2023-07-09 00:00:00",645794,263661,25994,0,3409891,4308567.285714285,3670890
"2023-07-10 00:00:00",699025,680225,42287,0,3107522,4244694.857142857,3648999.4285714286
"2023-07-11 00:00:00",223035,796325,30534,0,3525797,4431126.285714285,3857452.5714285714
"2023-07-12 00:00:00",495558,290066,4732,3621,2887923,4116892.1428571427,3847546.4285714286
"2023-07-13 00:00:00",611940,587591,16661,0,3686233,4234617.428571428,3872456.1428571427
"2023-07-14 00:00:00",510780,751133,18515,0,2372584,4147554.1428571427,3883979.8571428573
"2023-07-15 00:00:00",264341,454293,3688,0,3086392,4213736.285714285,3728145.8571428573
"2023-07-16 00:00:00",500626,694231,48656,12256,3325586,4247452.857142857,3920473.285714286
"2023-07-17 00:00:00",326990,595817,57229,0,3274979,4208303.428571428,3934390.5714285714
"2023-07-18 00:00:00",687819,533707,47549,7239,3257904,4202378.857142857,3844745.285714286
"2023-07-19 00:00:00",577616,825658,49946,22076,3812599,4431806.714285715,3971867
"2023-07-20 00:00:00",397677,609911,2211,6953,3842999,4425710.571428572,3828063.1428571427
"2023-07-21 00:00:00",478786,499264,35240,0,1913845,4322013.857142857,3786509
"2023-07-22 00:00:00",440098,366258,21482,12441,2487431,4253299.142857143,4027931.1428571427
"2023-07-23 00:00:00",600806,303770,50895,4358,2464240,4087972.4285714286,3999939.714285714
"2023-07-24 00:00:00",273057,772258,11244,0,3623330,4148668.8571428573,3889383.5714285714
"2023-07-25 00:00:00",583655,532462,7935,2696,2944864,4082582.1428571427,3892923.714285714
"2023-07-26 00:00:00",653776,488309,36893,6492,2825418,3900152.714285714,3800896.8571428573
"2023-07-27 00:00:00",474914,473291,28600,4827,2786100,3744150,4046845
"2023-07-28 00:00:00",529133,628153,15327,0,3454499,3987003.714285714,4199489.714285715
"2023-07-29 00:00:00",363222,478850,4311,2993,2436926,3981088.4285714286,3913607.8571428573
"2023-07-30 00:00:00",388717,656817,26821,0,2509566,4003638.714285714,4008481.4285714286
"2023-07-31 00:00:00",588414,667015,16323,0,3425106,4006062.714285714,4220130
"2023-08-01 00:00:00",374902,670542,4125,0,3280165,4042937.1428571427,4063498.714285714
"2023-08-02 00:00:00",511513,673566,4808,4230,3037884,4074524.714285714,4032132
"2023-08-03 00:00:00",962002,445503,50317,4949,3373955,4227238.142857143,4265869
"2023-08-04 00:00:00",328171,415826,0,6962,2442397,4022416,4188352.285714286
"2023-08-05 00:00:00",479354,526011,9169,0,2589557,4067814.285714286,4612238.285714285
"2023-08-06 00:00:00",353812,662799,5447,4309,3307743,4175269.8571428573,4234419
"2023-08-07 00:00:00",425477,787656,0,0,2794972,4076876.5714285714,4081162.285714286
"2023-08-08 00:00:00",452115,212072,38768,0,2659560,3938702.5714285714,4184731.4285714286
"2023-08-09 00:00:00",508932,852375,8981,4257,3817634,4075870.714285714,4351068.714285715
"2023-08-10 00:00:00",709984,608998,34539,3661,2607831,3951340.1428571427,3746271
"2023-08-11 00:00:00",491178,479034,77676,0,2471598,3997930,4024770.8571428573
"2023-08-12 00:00:00",403344,643160,43691,6486,3515091,4141884.4285714286,3691999.5714285714
"2023-08-13 00:00:00",468967,728618,19268,3705,3669977,4000345.4285714286,4306280.428571428
"2023-08-14 00:00:00",663606,391481,8389,7375,2656014,4049192,4249515
"2023-08-15 00:00:00",498410,461771,25653,6870,2706928,4027514.1428571427,4243913.571428572
"2023-08-16 00:00:00",466090,527000,43620,4018,2304079,3942267.1428571427,4111664.714285714
"2023-08-17 00:00:00",385206,357778,1520,0,3425977,3808067,4011928.5714285714
"2023-08-18 00:00:00",758745,529675,67236,7210,2691901,3871778.5714285714,3948214.714285714
"2023-08-19 00:00:00",313142,833115,20430,4936,3461431,4074307.8571428573,3708952.714285714
"2023-08-20 00:00:00",525259,814808,11067,4482,3458711,4063420.8571428573,3714714.714285714
"2023-08-21 00:00:00",518238,270094,8137,6768,3106498,4089545.4285714286,3864128.4285714286
"2023-08-22 00:00:00",578264,789730,4560,3257,2552729,4122246.5714285714,3697100.5714285714
"2023-08-23 00:00:00",542408,772330,24181,26147,3172634,4292659.857142857,3876587.1428571427
"2023-08-24 00:00:00",290633,814345,64819,0,3936327,4426323.285714285,3943359.714285714
"2023-08-25 00:00:00",697070,579904,26346,0,1655228,4269720.428571428,4143913.714285714
"2023-08-26 00:00:00",439948,670105,10541,2438,3393330,4253050,4258847
"2023-08-27 00:00:00",490468,580279,14441,2680,1172026,3888131,3910189.1428571427
"2023-08-28 00:00:00",423923,485513,3386,0,3438945,3951278.1428571427,4038528
"2023-08-29 00:00:00",750466,474587,17409,0,2469524,3920341.714285714,3957600.285714286
"2023-08-30 00:00:00",511954,412586,41097,5617,2978217,3836309.285714286,3975730.714285714
"2023-08-31 00:00:00",369827,607828,12345,0,2505682,3606246.1428571427,4045713
"2023-09-01 00:00:00",778917,633683,1514,5042,2837584,3791702.4285714286,3867964.714285714
"2023-09-02 00:00:00",321300,693093,14137,0,3284754,3762691.4285714286,3721828.714285714
"2023-09-03 00:00:00",287454,863994,42029,0,2506936,3968479.714285714,3869130.8571428573
"2023-09-04 00:00:00",320513,486071,12861,2963,3134180,3912025.5714285714,3796067.8571428573
"2023-09-05 00:00:00",846755,637529,48834,0,3046506,4035973.8571428573,4037059.4285714286
"2023-09-06 00:00:00",444196,460932,52693,0,3582165,4120333,3740527.1428571427
"2023-09-07 00:00:00",375299,386164,23665,23454,3161832,4188152.1428571427,3669590.285714286
"2023-09-08 00:00:00",628001,504405,6756,0,2763609,4137585,3512302.5714285714
"2023-09-09 00:00:00",486404,780211,7762,2049,3467165,4199057.428571428,3756191.8571428573
"2023-09-10 00:00:00",344294,766632,24939,2120,2809307,4234326,3892426.5714285714
"2023-09-11 00:00:00",638894,764959,46482,0,2379485,4216216.142857143,3809982.285714286
"2023-09-12 00:00:00",390872,624839,2338,0,2284434,4033767.285714286,3586839.1428571427
"2023-09-13 00:00:00",402786,482408,13692,7064,2835069,3919629.285714286,3782035.8571428573
"2023-09-14 00:00:00",428047,442572,20891,0,4311001,4095642.714285714,3850334.8571428573
"2023-09-15 00:00:00",616507,643177,27447,0,1966652,4002930.1428571427,4078059.5714285714
"2023-09-16 00:00:00",532967,573920,10993,12026,2594221,3857292.5714285714,3961611.4285714286
"2023-09-17 00:00:00",227059,536504,44027,0,2402052,3751913.8571428573,3933051.714285714
"2023-09-18 00:00:00",497346,833992,8088,11813,2817843,3800380.1428571427,3902057.5714285714
"2023-09-19 00:00:00",546403,368459,4215,4082,2743604,3852420.1428571427,3965068.4285714286
"2023-09-20 00:00:00",616824,611119,44364,2427,3116738,3945341.8571428573,3885045.1428571427
"2023-09-21 00:00:00",302049,817912,48081,11302,2051595,3663688.714285714,3783741
"2023-09-22 00:00:00",673810,688642,0,4318,3481358,3891452.1428571427,3633533.1428571427
"2023-09-23 00:00:00",224545,611958,6865,3414,2116044,3782694.714285714,3689177
"2023-09-24 00:00:00",495724,766341,4451,0,1989895,3789376,3609618
"2023-09-25 00:00:00",772322,536122,34521,4013,3032748,3819467.8571428573,3625040.1428571427
"2023-09-26 00:00:00",486132,219546,31265,2035,3466968,3896494.1428571427,3908632.4285714286
"2023-09-27 00:00:00",488529,460876,17189,7828,3011148,3838508,3758906.8571428573
"2023-09-28 00:00:00",677428,315799,12409,3104,2529794,3882450.1428571427,3682703.285714286
"2023-09-29 00:00:00",310333,552989,41041,3431,2717727,3707792.1428571427,3535297
"2023-09-30 00:00:00",579960,827446,45470,20504,3761411,4032358.5714285714,3332684.4285714286
"2023-10-01 00:00:00",492240,698481,5683,0,2514787,4097327.285714286,3604407.4285714286
"2023-10-02 00:00:00",711518,587769,10754,4129,3795711,3893477.5714285714,3822141.714285714
"2023-10-03 00:00:00",506546,716241,9413,3812,3046925,3409435.1428571427,3819879.4285714286
"2023-10-04 00:00:00",529800,664834,56912,6035,3174739,3542686.285714286,3618018.5714285714
"2023-10-05 00:00:00",467502,386629,24763,4880,2121118,3448622.8571428573,3426682.4285714286
"2023-10-06 00:00:00",326172,293403,65620,8161,3870660,3662912.5714285714,3300875.8571428573
"2023-10-07 00:00:00",522993,796342,32804,0,1930562,3606360.4285714286,3202455.285714286
"2023-10-08 00:00:00",184275,535880,10990,8188,3333004,3740067.8571428573,3210472.285714286
"2023-10-09 00:00:00",463905,565012,16621,0,3054547,3962757.714285714,3258812.5714285714
"2023-10-10 00:00:00",632155,1143237,10536,11512,4039480,4184755,3295371.285714286
"2023-10-11 00:00:00",220950,335992,19512,9722,2519862,3995286.1428571427,3307136.285714286
"2023-10-12 00:00:00",568898,610463,8644,0,3119989,4181443.4285714286,3285245.5714285714
"2023-10-13 00:00:00",718949,278021,46940,5042,2563770,4045544,3422930.8571428573
"2023-10-14 00:00:00",797919,385575,15222,9884,3103372,4192582.8571428573,3758781.285714286
"2023-10-15 00:00:00",343250,404405,14566,10148,2780722,4118404.8571428573,3814362.8571428573
"2023-10-16 00:00:00",727338,647269,0,0,2885763,4141302.714285714,3870738.4285714286
"2023-10-17 00:00:00",318155,420051,5011,5042,1999176,3699948,3859194.1428571427
"2023-10-18 00:00:00",377852,616038,30156,13222,3814997,3949408.8571428573,3783039.4285714286
"2023-10-19 00:00:00",603512,585229,35580,3978,2764879,3904435.285714286,3986015.5714285714
"2023-10-20 00:00:00",399823,520212,0,0,2638377,3896676.4285714286,3752607.285714286
"2023-10-21 00:00:00",295157,606331,31638,8284,2675361,3797362,3534743.4285714286
"2023-10-22 00:00:00",415829,449769,16795,12502,2269488,3741832.4285714286,3331002.285714286
"2023-10-23 00:00:00",371421,638367,36584,5576,1709334,3527677.1428571427,3221763.1428571427
"2023-10-24 00:00:00",706982,537669,14581,5341,2821778,3718950.714285714,3030572
"2023-10-25 00:00:00",603279,517792,20594,8885,2526051,3550998.8571428573,3137055.8571428573
"2023-10-26 00:00:00",318959,305610,23600,0,2924521,3490929.1428571427,2939021.5714285714
"2023-10-27 00:00:00",323316,979145,21659,4318,2350502,3508147.5714285714,3304231.4285714286
"2023-10-28 00:00:00",409308,416620,15350,4912,2156667,3420445.4285714286,3267358.4285714286
"2023-10-29 00:00:00",525466,619194,51678,14626,3530278,3645710.8571428573,3425085.8571428573
"2023-10-30 00:00:00",662245,974204,4431,0,2942253,3905975.285714286,3608788.4285714286
"2023-10-31 00:00:00",436775,740645,8528,6326,3101809,3935651.4285714286,3753285.1428571427
"2023-11-01 00:00:00",432542,493304,11769,4189,2297148,3873130.1428571427,3780142.285714286
"2023-11-02 00:00:00",546841,282879,6798,0,2436133,3830267.4285714286,3828528.8571428573
"2023-11-03 00:00:00",352243,566548,22366,4013,3565745,3949121.1428571427,3464351.5714285714
"2023-11-04 00:00:00",395857,969082,11405,0,2100076,4016772.8571428573,3527708.285714286
"2023-11-05 00:00:00",207871,367582,28793,8665,1297382,3612351.5714285714,3630408.1428571427
"2023-11-06 00:00:00",305299,351061,16117,3428,2457298,3405218.5714285714,3483628.1428571427
"2023-11-07 00:00:00",423744,315753,33406,0,1038926,3050610.714285714,3749010.5714285714
"2023-11-08 00:00:00",291446,528865,26495,2880,2035074,3000011.714285714,3703159.1428571427
"2023-11-09 00:00:00",577355,316712,27078,3669,2666357,3045514.5714285714,3761225.8571428573
"2023-11-10 00:00:00",336762,563567,13565,5430,3096462,2974781.8571428573,3979630.5714285714
"2023-11-11 00:00:00",336173,439464,44526,5597,3258746,3061651.5714285714,4025756
"2023-11-12 00:00:00",317589,370021,15179,0,2845653,3295672.8571428573,4050938.1428571427
"2023-11-13 00:00:00",442309,579191,12671,1377,2540840,3358985.1428571427,4064722.285714286
"2023-11-14 00:00:00",515427,296161,4766,2513,3172710,3670377.714285714,3986802.285714286
"2023-11-15 00:00:00",460402,673924,2972,8580,1502045,3636544.1428571427,3820814.5714285714
"2023-11-16 00:00:00",512214,393912,9188,2727,2382202,3594983,3906690.285714286
"2023-11-17 00:00:00",613375,456562,4725,0,2161365,3483588.8571428573,3803750
"2023-11-18 00:00:00",221534,402456,41472,0,2548866,3359277.4285714286,4038247.1428571427
"2023-11-19 00:00:00",405099,955736,35138,14693,2013573,3341534,3774862.4285714286
"2023-11-20 00:00:00",495752,743707,14964,0,1923523,3284613.714285714,3959779.285714286
"2023-11-21 00:00:00",529919,458332,14364,25111,2581061,4029814.4285714286,3970221.5714285714
"2023-11-22 00:00:00",325381,1011796,23084,0,1213340,3913999,4137481.5714285714
"2023-11-23 00:00:00",695746,527093,30861,0,1798717,3663226.4285714286,4051469.4285714286
"2023-11-24 00:00:00",260862,743397,5885,6349,2401516,3590938.8571428573,4123673.1428571427
"2023-11-25 00:00:00",425978,516491,12002,0,1787196,3400987.4285714286,4350258.857142857
"2023-11-26 00:00:00",364520,192120,4437,0,3012244,3517601,4321539.142857143
"2023-11-27 00:00:00",512054,450325,3425,0,3173543,3373670.8571428573,4236833.428571428
"2023-11-28 00:00:00",375970,323396,5350,4409,3186866,3342051.8571428573,4332849.571428572
"2023-11-29 00:00:00",590146,514504,15062,12243,2398118,3478691,4261748.428571428
"2023-11-30 00:00:00",337668,466906,0,0,3281019,3626287.4285714286,4209607.571428572
"2023-12-01 00:00:00",488280,175850,3537,6224,1824505,3494914.1428571427,4075301.4285714286
"2023-12-02 00:00:00",498732,189708,35273,11994,3128324,3655252,3868934.4285714286
"2023-12-03 00:00:00",465303,733900,49228,0,3202455,3780618.5714285714,3808155.1428571427
"2023-12-04 00:00:00",360384,1025014,41005,5678,2542830,3757127.8571428573,4053047.714285714
"2023-12-05 00:00:00",373036,273239,12284,10660,3205496,3754088.714285714,4143222.5714285714
"2023-12-06 00:00:00",686151,197493,13415,4318,1990547,3662924.4285714286,3993717.4285714286
"2023-12-07 00:00:00",580747,881973,20129,3160,3646083,3812424.4285714286,4163872.4285714286
"2023-12-08 00:00:00",268000,590721,8956,0,1725744,3825999.4285714286,4163005.285714286
"2023-12-09 00:00:00",451431,320580,30435,0,3690439,3915835.4285714286,3988173.5714285714
"2023-12-10 00:00:00",294415,597606,7483,9038,2033984,3700355.4285714286,4010770
"2023-12-11 00:00:00",801526,192086,9982,2178,2433655,3623857.5714285714,3712388.5714285714
"2023-12-12 00:00:00",277877,967177,21928,4013,2029677,3541851.285714286,3688954.5714285714
"2023-12-13 00:00:00",825362,504758,7847,12452,2190534,3634569.714285714,3870195.714285714
"2023-12-14 00:00:00",371691,893994,42531,7058,3393617,3574112.285714286,3880827.714285714
"2023-12-15 00:00:00",481441,402737,1617,0,3735908,3863866.8571428573,3976667.4285714286
"2023-12-16 00:00:00",621345,806105,0,0,2550518,3790307.285714286,4133592.285714286
"2023-12-17 00:00:00",401264,255685,35072,5373,3153419,3920062.5714285714,4119368.5714285714
"2023-12-18 00:00:00",581495,238378,21262,8171,1951187,3828786.5714285714,4237830
"2023-12-19 00:00:00",442275,660193,21238,6317,2401431,3861755.4285714286,4072214
"2023-12-20 00:00:00",335333,678264,13180,6311,2314075,3834071.1428571427,4084185.1428571427
"2023-12-21 00:00:00",529656,663632,5300,1721,3613860,3849110.8571428573,4150017.4285714286
"2023-12-22 00:00:00",555502,482120,17811,0,2377213,3679245.4285714286,4167483.8571428573
"2023-12-23 00:00:00",153726,590398,4601,6492,2090755,3517531.714285714,4095104.5714285714
"2023-12-24 00:00:00",398818,700010,25744,4318,1989630,3412918.4285714286,4126440.285714286
"2023-12-25 00:00:00",306145,593014,32150,3339,2834557,3551305.8571428573,4026765.8571428573
"2023-12-26 00:00:00",350205,294893,24515,8579,3394539,3628631.285714286,4156790.8571428573
"2023-12-27 00:00:00",560400,685910,6185,6160,1584887,3556685.4285714286,4095024.4285714286
"2023-12-28 00:00:00",397788,541238,51108,0,3148570,3460190.5714285714,3843014
"2023-12-29 00:00:00",605627,414904,48468,4624,2643457,3500824.1428571427,3878563.8571428573
"2023-12-30 00:00:00",377103,437342,63145,4660,3160487,3671790.714285714,4022451.4285714286
"2023-12-31 00:00:00",249014,256764,10823,0,2984590,3726458,3868390.285714286
"2024-01-01 00:00:00",111953,409169,2344,6096,2970134,3687956.714285714,3985177.1428571427
"2024-01-02 00:00:00",350487,757570,11109,5707,2045498,3559048,3729074.714285714
"2024-01-03 00:00:00",407122,595480,47096,0,2842619,3708873,3567479.5714285714
"2024-01-04 00:00:00",408356,546301,23994,9077,2511834,3617567,3874852.1428571427
"2024-01-05 00:00:00",250392,606717,32479,1535,2772213,3609889.285714286,3941383.1428571427
"2024-01-06 00:00:00",317780,398234,0,11626,2336352,3470068.285714286,3798473.4285714286
"2024-01-07 00:00:00",416642,459115,3248,8328,2791233,3495407.5714285714,3880093.8571428573
"2024-01-08 00:00:00",162937,773920,30180,3820,2165527,3443505.8571428573,3771921.4285714286
"2024-01-09 00:00:00",94729,176302,20347,8328,2241549,3353632.1428571427,3796673.5714285714
"2024-01-10 00:00:00",783216,861573,7812,3441,2204135,3675811.5714285714,3981088.4285714286
"2024-01-11 00:00:00",92003,450018,27519,3777,3705153,3571498,4003638.714285714
"2024-01-12 00:00:00",343448,428698,20704,2247,2906317,3429603.285714286,4006062.714285714
"2024-01-13 00:00:00",500372,484426,16781,3082,2769968,3467925.8571428573,4042937.1428571427
"2024-01-14 00:00:00",425479,460740,35720,5897,2099491,3353869.5714285714,4074524.714285714
"2024-01-15 00:00:00",352978,517158,8913,2192,3925487,3748080.1428571427,4227238.142857143
"2024-01-16 00:00:00",296305,675363,3911,11739,3120216,3936613.285714286,4022416
"2024-01-17 00:00:00",453119,486362,25811,12117,3008421,3954563.4285714286,4067814.285714286
"2024-01-18 00:00:00",301921,450202,16117,7573,2290239,3781360.714285714,4175269.8571428573
"2024-01-19 00:00:00",279929,608566,23083,3825,2288870,3710340.8571428573,4076876.5714285714
"2024-01-20 00:00:00",490835,907668,18258,6833,1615197,3605221.1428571427,3938702.5714285714
"2024-01-21 00:00:00",648868,276605,8957,2794,2249372,3627973.8571428573,4075870.714285714
"2024-01-22 00:00:00",524743,536726,25869,17290,3094890,3541229.8571428573,3951340.1428571427
"2024-01-23 00:00:00",558905,716312,5041,8823,1975258,3420773.4285714286,3997930
"2024-01-24 00:00:00",409194,262226,23783,9511,2803321,3352517.1428571427,4141884.4285714286
"2024-01-25 00:00:00",466852,435620,2239,6651,3322504,3519347.8571428573,3912418.8571428573
"2024-01-26 00:00:00",282971,342570,46118,2553,1681426,3398114,4065591.5714285714
"2024-01-27 00:00:00",492235,634521,22224,6429,2961580,3552142.1428571427,3992372
"2024-01-28 00:00:00",360586,481483,38620,5691,2756718,3617356.714285714,3756031.285714286
"2024-01-29 00:00:00",468128,449282,20672,8854,2362167,3490154.5714285714,3694485.285714286
"2024-01-30 00:00:00",308392,298105,25175,2324,2626454,3489599.1428571427,3684626.285714286
"2024-01-31 00:00:00",364910,750870,0,17531,2679923,3533199,3514044.5714285714
"2024-02-01 00:00:00",401014,500733,5149,0,3065904,3495903.8571428573,3476397.8571428573
"2024-02-02 00:00:00",440080,828854,0,2636,3534094,3845907.4285714286,3533623.285714286
"2024-02-03 00:00:00",528267,683728,10754,2106,2090863,3731440,3602563.1428571427
"2024-02-04 00:00:00",462907,394120,21604,0,1852577,3601169.8571428573,3705774
"2024-02-05 00:00:00",414471,288446,21163,3376,2041664,3524029.1428571427,3675204.714285714
"2024-02-06 00:00:00",442944,391559,5027,12910,1760204,3431485.5714285714,3804590.714285714
"2024-02-07 00:00:00",581080,756370,8224,11222,2615648,3454244,3787628.1428571427
"2024-02-08 00:00:00",428207,175211,11475,6755,3119475,3421147.4285714286,3962346.714285714
"2024-02-09 00:00:00",694583,675782,21322,10875,1134678,3097087.285714286,3682136.8571428573
"2024-02-10 00:00:00",525977,716284,15976,0,3181012,3257591.8571428573,3686555.714285714
"2024-02-11 00:00:00",369276,621846,62141,4189,3389006,3502627.5714285714,3593902.1428571427
"2024-02-12 00:00:00",382199,461855,38411,0,3192008,3689106.714285714,3771738.5714285714
"2024-02-13 00:00:00",407320,568566,30622,7281,2429413,3807757.714285714,3752395.714285714
"2024-02-14 00:00:00",579657,388487,22455,0,2931805,3800595,3791304.5714285714
"2024-02-15 00:00:00",647916,644987,29891,9433,2475129,3810056.714285714,3741651
"2024-02-16 00:00:00",408410,695432,11221,4870,3248080,4071595.4285714286,3829926.5714285714
"2024-02-17 00:00:00",269383,379351,18632,0,2980493,3958539.5714285714,3722318.285714286
"2024-02-18 00:00:00",474790,658482,1574,13338,1869376,3754411.5714285714,3600303.1428571427
"2024-02-19 00:00:00",433840,214378,60523,16799,3300481,3747490,3533034.4285714286
"2024-02-20 00:00:00",202967,704726,26410,5883,2543717,3753275.8571428573,3524720.8571428573
"2024-02-21 00:00:00",306180,529339,8335,4949,3589256,3826940.714285714,3488154.4285714286
"2024-02-22 00:00:00",469066,282338,27833,4912,2751549,3788132.4285714286,3580166.5714285714
"2024-02-23 00:00:00",526353,586124,45063,2809,2351307,3665795.714285714,3715170.8571428573
"2024-02-24 00:00:00",549679,568819,5682,10117,2491897,3662700.8571428573,3934579.1428571427
"2024-02-25 00:00:00",466837,392254,41845,4318,3723729,3892904,3994900.285714286
"2024-02-26 00:00:00",176599,774528,26062,0,3057224,3894102.714285714,3960852.8571428573
"2024-02-27 00:00:00",567070,605967,16713,24190,2499125,3926868.714285714,3896013
"2024-02-28 00:00:00",288113,1160052,11857,0,1969363,3782772.5714285714,3975174.714285714
"2024-02-29 00:00:00",672627,412510,5350,0,1563571,3608942.5714285714,4584014.285714285
"2024-03-01 00:00:00",541720,558821,5228,0,2676956,3183369.8571428573,3556685.4285714286
"2024-03-02 00:00:00",382108,688932,14781,8423,1443621,3497940,3000011.714285714
"2024-03-03 00:00:00",616827,561189,16465,19191,2900410,3717406.1428571427,3045514.5714285714
"2024-03-04 00:00:00",585279,459259,13272,0,3713377,3957451.4285714286,2974781.8571428573
"2024-03-05 00:00:00",210532,569272,29881,8428,3154753,3938781.1428571427,3061651.5714285714
"2024-03-06 00:00:00",574888,412111,5600,19146,2495408,3941493.1428571427,3295672.8571428573
"2024-03-07 00:00:00",315401,816941,22547,0,2387767,3823366.285714286,3358985.1428571427
"2024-03-08 00:00:00",418376,655222,34976,0,3410393,3852112.714285714,3670377.714285714
"2024-03-09 00:00:00",651631,539427,3459,7266,2405836,4004934.714285714,3636544.1428571427
"2024-03-10 00:00:00",438377,463737,44178,0,3661767,4075502.8571428573,3594983
"2024-03-11 00:00:00",385634,688050,20541,8433,2964072,3974866.1428571427,3483588.8571428573
"2024-03-12 00:00:00",454122,556521,52631,3354,3069277,3998157.4285714286,3359277.4285714286
"2024-03-13 00:00:00",740509,472609,7616,10002,2625938,4048089,3341534
"2024-03-14 00:00:00",341843,938168,27997,3806,3528258,4233434.428571428,3284613.714285714
"2024-03-15 00:00:00",240626,738110,26622,5584,3265415,4198775.857142857,3496479.285714286
"2024-03-16 00:00:00",640312,869919,22529,6202,3980130,4471843.285714285,3701442.4285714286
"2024-03-17 00:00:00",370285,555894,9424,9668,3138393,4396929.571428572,3864612.5714285714
"2024-03-18 00:00:00",756841,762472,41743,3321,2378423,4379225.285714285,3864915.4285714286
"2024-03-19 00:00:00",558071,693895,37313,23471,2534517,4337991.428571428,3963044.714285714
"2024-03-20 00:00:00",666668,1021487,20469,12146,4705850,4705126.428571428,4081358
"2024-03-21 00:00:00",654462,373082,6706,7692,3000162,4591130.857142857,4276842.142857143
"2024-03-22 00:00:00",314516,830011,58743,0,2975249,4577154,4053733.285714286
"2024-03-23 00:00:00",431032,908972,48759,0,2754951,4380671.428571428,4058508.8571428573
"2024-03-24 00:00:00",452888,478722,9277,0,1380528,4128921.5714285714,4134756.4285714286
"2024-03-25 00:00:00",408628,666401,22301,0,2963470,4145778.714285714,4139402.714285714
"2024-03-26 00:00:00",654756,326692,27475,9583,1543567,3962179.285714286,4422303.714285715
"2024-03-27 00:00:00",621669,238509,3757,16322,2892696,3583084.285714286,4397434.571428572
"2024-03-28 00:00:00",489740,686563,26136,3722,2191147,3490970.714285714,4356880.285714285
"2024-03-29 00:00:00",386257,556546,21276,6429,4343387,3653167.1428571427,4275818
"2024-03-30 00:00:00",531030,849530,21849,3455,3881477,3816542.5714285714,4308567.285714285
"2024-03-31 00:00:00",256783,739996,1975,0,3424935,4116867.285714286,4244694.857142857
"2024-04-01 00:00:00",651522,472615,9674,11330,2076451,3996980.5714285714,4431126.285714285
"2024-04-02 00:00:00",601037,799340,17706,9320,2629201,4210485,4116892.1428571427
"2024-04-03 00:00:00",630754,1098391,20134,0,3050575,4357184.857142857,4234617.428571428
"2024-04-04 00:00:00",459962,144418,26978,13619,4020627,4538369.714285715,4147554.1428571427
"2024-04-05 00:00:00",392144,408686,61768,13419,2576477,4272455.428571428,4213736.285714285
"2024-04-06 00:00:00",309331,1141697,8113,7672,3858362,4277860.285714285,4247452.857142857
"2024-04-07 00:00:00",499484,421619,3951,0,2949651,4199434.142857143,4208303.428571428
"2024-04-08 00:00:00",377259,635751,20270,11729,2220460,4205702.142857143,4202378.857142857
"2024-04-09 00:00:00",273281,421995,34416,0,2569655,4097522.714285714,4431806.714285715
"2024-04-10 00:00:00",735485,853243,22446,1988,3523186,4145593.4285714286,4425710.571428572
"2024-04-11 00:00:00",385316,417881,24833,9050,2947392,4019717.5714285714,4322013.857142857
"2024-04-12 00:00:00",774662,720312,59016,4442,2419352,4094759,4253299.142857143
"2024-04-13 00:00:00",203110,953900,18536,0,3833119,4049543.285714286,4087972.4285714286
"2024-04-14 00:00:00",344746,667226,2027,2889,3677789,4166682.285714286,4148668.8571428573
"2024-04-15 00:00:00",170754,840908,9570,12180,2472961,4201097,4082582.1428571427
"2024-04-16 00:00:00",324259,338536,5019,16534,3141374,4276293.285714285,3900152.714285714
"2024-04-17 00:00:00",258490,372317,24275,4621,1387549,3834994,3744150
"2024-04-18 00:00:00",159840,723241,2996,26572,1875152,3692612.4285714286,3987003.714285714
"2024-04-19 00:00:00",542340,610128,2262,0,4195703,3204309.285714286,4134134.714285714
"2024-04-20 00:00:00",299286,920556,40456,0,2802140,3370507.285714286,4081459.714285714
"2024-04-21 00:00:00",543740,393106,19625,3777,3520453,3653328.5714285714,4332899.571428572
"2024-04-22 00:00:00",362556,431008,16126,3699,2467325,3627017.1428571427,4149062.5714285714
"2024-04-23 00:00:00",498891,782336,13616,10135,3010048,3713007.8571428573,4209581.714285715
"2024-04-24 00:00:00",869933,570551,8567,2020,3449703,4124130.4285714286,4189915
"2024-04-25 00:00:00",734904,520051,10634,12180,3253413,4417325.714285715,4084213.5714285714
"2024-04-26 00:00:00",610281,496627,20304,0,2241288,4134192.285714286,4003061.285714286
"2024-04-27 00:00:00",465611,351370,0,0,2545325,4034173.4285714286,3859908.4285714286
"2024-04-28 00:00:00",379567,739454,29779,7511,3293050,4029696,3866603.714285714
"2024-04-29 00:00:00",267083,584609,0,11963,1877068,3952554.5714285714,3822906.714285714
"2024-04-30 00:00:00",476334,669282,22193,1695,2695438,3888256.8571428573,3977282
"2024-05-01 00:00:00",601975,621387,17360,19283,3014141,3798738.714285714,3849214
"2024-05-02 00:00:00",297786,449996,14729,0,1647080,3495654.4285714286,4165474
"2024-05-03 00:00:00",507645,626174,4804,2181,2644486,3555196.1428571427,3979650.8571428573
"2024-05-04 00:00:00",487761,621040,33236,7212,3363388,3719529.285714286,4202778.571428572
"2024-05-05 00:00:00",458161,379423,10924,4318,4118037,3794029.5714285714,4006998.4285714286
"2024-05-06 00:00:00",754090,393979,33286,0,3349321,4049737.1428571427,4043117
"2024-05-07 00:00:00",386536,844772,52411,15227,3459178,4177334.714285714,3765744.1428571427
"2024-05-08 00:00:00",328095,780022,0,8485,1279838,3909091,3825451.5714285714
"2024-05-09 00:00:00",460847,585181,39870,0,2960929,4142981.714285714,3693753.714285714
"2024-05-10 00:00:00",400248,353058,13401,16374,3834260,4261846,3876981.4285714286
"2024-05-11 00:00:00",263924,525868,49134,5568,3110870,4182235.4285714286,3814223.8571428573
"2024-05-12 00:00:00",479093,862384,58640,4912,1681753,3913081,3887133.8571428573
"2024-05-13 00:00:00",590751,455847,15221,9933,5360275,4184702.714285714,3961921.1428571427
"2024-05-14 00:00:00",490861,499251,38941,0,2779790,4049090.8571428573,3986071.5714285714
"2024-05-15 00:00:00",695397,610795,5115,9391,2336359,4229178.857142857,4111651.714285714
"2024-05-16 00:00:00",539507,676140,9727,4773,2019082,4115236.285714286,4002510.1428571427
"2024-05-17 00:00:00",449583,792138,22611,6194,2617575,4011059.285714286,3881923.285714286
"2024-05-18 00:00:00",769665,683688,41083,4505,2339019,3994287.4285714286,3759721.8571428573
"2024-05-19 00:00:00",536033,731489,12877,8857,3296621,4208443.857142857,3641056.1428571427
"2024-05-20 00:00:00",473032,435483,6588,27318,2880732,3835747.5714285714,3702207.714285714
"2024-05-21 00:00:00",498200,552193,18600,3847,3500004,3944890.714285714,3866126.714285714
"2024-05-22 00:00:00",371830,1035751,12900,0,2751426,4018440.8571428573,3619633.5714285714
"2024-05-23 00:00:00",511550,426222,27256,0,3247726,4156087.1428571427,3751355.285714286
"2024-05-24 00:00:00",483032,1163234,60474,2774,3529554,4349082.142857143,3806348.1428571427
"2024-05-25 00:00:00",403149,530380,32808,0,2834301,4343750.428571428,3899306
"2024-05-26 00:00:00",656382,619924,20831,6963,1738206,4123240.4285714286,4021267
"2024-05-27 00:00:00",581034,649189,23289,5571,4068847,4338208.285714285,3824425.285714286
"2024-05-28 00:00:00",553069,512830,5010,15744,3395085,4325193.142857143,3834233.8571428573
"2024-05-29 00:00:00",505915,622059,64910,3782,2592058,4270452.714285715,3951341.5714285714
"2024-05-30 00:00:00",446253,757919,15620,847,2298960,4171430.714285714,3777039.714285714
"2024-05-31 00:00:00",222147,513256,13114,18253,2937321,3952148.285714286,3729823.5714285714
"2024-06-01 00:00:00",588359,724146,0,0,2949978,4018126.1428571427,3811875.285714286
"2024-06-02 00:00:00",320285,833596,21767,0,3819433,4297094,3807152
"2024-06-03 00:00:00",580129,626802,20479,3932,3305514,4184083.714285714,3799512.1428571427
"2024-06-04 00:00:00",588329,372035,28528,18390,2757464,4081656.285714286,3918752.4285714286
"2024-06-05 00:00:00",942009,539278,11862,0,3718289,4284901,3804928.4285714286
"2024-06-06 00:00:00",834986,440040,43370,13711,2831533,4376907,4063249
"2024-06-07 00:00:00",489617,563225,41648,7135,2162511,4314056.285714285,4177042
"2024-06-08 00:00:00",250147,638669,13610,0,3482432,4202778.571428572,4137546.714285714
"2024-06-09 00:00:00",394438,366456,599,3301,3005027,4006998.4285714286,4035592.714285714
"2024-06-10 00:00:00",441982,963689,25431,0,2293467,4043117,3943683.5714285714
"2024-06-11 00:00:00",310793,328015,13417,4828,2416437,3765744.1428571427,4160033.5714285714
"2024-06-12 00:00:00",672919,647990,43950,6141,2528388,3825451.5714285714,4361510.571428572
"2024-06-13 00:00:00",783945,640450,38693,0,2530094,3693753.714285714,4192385.285714286
"2024-06-14 00:00:00",366564,726037,3427,2374,3195143,3876981.4285714286,4276858
"2024-06-15 00:00:00",384360,641675,43878,19183,2856459,3814223.8571428573,4231561.857142857
"2024-06-16 00:00:00",371616,644845,57581,5075,3201074,3887133.8571428573,4251156
"2024-06-17 00:00:00",765638,688017,4438,0,2789988,3961921.1428571427,3980004
"2024-06-18 00:00:00",440298,460663,23063,11460,2307061,3986071.5714285714,3947205.5714285714
"2024-06-19 00:00:00",562290,712765,12711,5707,3484977,4111651.714285714,3617674.714285714
"2024-06-20 00:00:00",307106,779227,21955,11067,2109837,4002510.1428571427,3684081
"2024-06-21 00:00:00",509061,389364,47798,18895,2484320,3881923.285714286,3553046.5714285714
"2024-06-22 00:00:00",514289,453276,6722,5486,2110371,3759721.8571428573,3627615.714285714
"2024-06-23 00:00:00",625000,355840,3210,2784,2462698,3641056.1428571427,3893477.5714285714
"2024-06-24 00:00:00",411763,1157997,27377,8226,3070777,3702207.714285714,4029814.4285714286
"2024-06-25 00:00:00",659103,757484,20913,7135,2945341,3866126.714285714,3812292.714285714
"2024-06-26 00:00:00",289575,599978,7157,0,2156287,3619633.5714285714,4000345.4285714286
"2024-06-27 00:00:00",532177,584910,22656,7224,3004278,3751355.285714286,4049192
"2024-06-28 00:00:00",365611,325992,36411,6638,3099738,3806348.1428571427,4027514.1428571427
"2024-06-29 00:00:00",677090,811642,28329,0,2223789,3899306,3942267.1428571427
"2024-06-30 00:00:00",493021,581484,9366,6817,3212570,4021267,3808067
"2024-07-01 00:00:00",750791,695624,12936,5047,1833851,3824425.285714286,3871778.5714285714
"2024-07-02 00:00:00",460657,890656,23796,15999,3067529,3834233.8571428573,4074307.8571428573
"2024-07-03 00:00:00",508096,563658,5850,0,2795147,3951341.5714285714,4063420.8571428573
"2024-07-04 00:00:00",399547,358037,45781,6759,2121006,3777039.714285714,4089545.4285714286
"2024-07-05 00:00:00",388529,680959,15966,11522,2406899,3729823.5714285714,4122246.5714285714
"2024-07-06 00:00:00",594520,394956,31288,14837,3279610,3811875.285714286,4292659.857142857
"2024-07-07 00:00:00",397425,322429,20214,5787,3524340,3807152,4426323.285714285
"2024-07-08 00:00:00",708712,396618,60929,0,2078512,3799512.1428571427,4269720.428571428
"2024-07-09 00:00:00",644007,680892,7272,7846,3953301,3918752.4285714286,4253050
"2024-07-10 00:00:00",316830,288292,29533,5482,2435847,3804928.4285714286,3888131
"2024-07-11 00:00:00",757666,963110,14098,21252,2983250,4063249,3951278.1428571427
"2024-07-12 00:00:00",540365,754815,14618,2346,2988283,4177042,3920341.714285714
"2024-07-13 00:00:00",561782,461692,43088,9848,2945223,4135102,3836309.285714286
"2024-07-14 00:00:00",337878,459868,29537,8114,3161056,4095996,3606246.1428571427
"2024-07-15 00:00:00",237496,562862,22167,4773,2560556,4116436.5714285714,3791702.4285714286
"2024-07-16 00:00:00",458717,437953,38445,14093,2316692,3826805.285714286,3762691.4285714286
"2024-07-17 00:00:00",444579,805855,48953,6630,4240064,4179676.5714285714,3968479.714285714
"2024-07-18 00:00:00",492676,520869,58864,3648,2268837,3980465,3912025.5714285714
"2024-07-19 00:00:00",292516,601456,49708,0,3248679,3965026.714285714,4035973.8571428573
"2024-07-20 00:00:00",430096,528484,3749,0,1655505,3764484,4120333
"2024-07-21 00:00:00",701443,749474,14205,9479,4034829,3980623.5714285714,4188152.1428571427
"2024-07-22 00:00:00",639455,469568,64502,0,1990716,3948678.8571428573,4137585
"2024-07-23 00:00:00",772842,731363,5010,0,3543176,4203891.714285715,4199057.428571428
"2024-07-24 00:00:00",480444,473409,8396,8820,2655814,3929720.4285714286,4234326
"2024-07-25 00:00:00",510994,301527,43172,15496,3806757,4120156.285714286,4216216.142857143
"2024-07-26 00:00:00",340985,285021,20495,14254,2414648,3960591.4285714286,4033767.285714286
"2024-07-27 00:00:00",706537,372108,5779,11877,3003871,4172354.1428571427,3919629.285714286
"2024-07-28 00:00:00",486886,729992,8701,0,2672859,3942212.285714286,4095642.714285714
"2024-07-29 00:00:00",600593,616356,43765,13188,2901690,4086691,4002930.1428571427
"2024-07-30 00:00:00",455824,779759,8390,9351,2356111,3880554.4285714286,3857292.5714285714
"2024-07-31 00:00:00",354622,260143,18588,5354,1678450,3693450.5714285714,3751913.8571428573
"2024-08-01 00:00:00",506968,481000,43391,11446,2628665,3549668.5714285714,3800380.1428571427
"2024-08-02 00:00:00",498856,346753,3409,6717,2335400,3566201.5714285714,3852420.1428571427
"2024-08-03 00:00:00",491400,591552,23943,6867,3356709,3619101.285714286,3945341.8571428573
"2024-08-04 00:00:00",535017,294030,2279,6638,1970297,3463361.8571428573,3663688.714285714
"2024-08-05 00:00:00",700316,708912,41983,9928,1904556,3347662.285714286,3891452.1428571427
"2024-08-06 00:00:00",678245,215485,30297,3371,2852325,3371989.285714286,3782694.714285714
"2024-08-07 00:00:00",342965,375288,8059,20192,3201996,3605038.5714285714,3789376
"2024-08-08 00:00:00",452073,734126,4725,6092,2948873,3672812.5714285714,3819467.8571428573
"2024-08-09 00:00:00",227993,847655,13346,4577,3039807,3807418.714285714,3896494.1428571427
"2024-08-10 00:00:00",423331,997363,44150,6209,3402658,3865024.714285714,3838508
"2024-08-11 00:00:00",461450,693188,44085,11494,2282031,3962737,3882450.1428571427
"2024-08-12 00:00:00",314013,706732,16701,2923,2779772,4027657.8571428573,3707792.1428571427
"2024-08-13 00:00:00",417554,367856,62767,11150,3539626,4116119.4285714286,4032358.5714285714
"2024-08-14 00:00:00",628843,682699,12380,3857,2141224,4047619.714285714,4097327.285714286
"2024-08-15 00:00:00",380350,205306,0,3818,2806548,3940495.8571428573,4196805.857142857
"2024-08-16 00:00:00",651887,523761,56866,4091,2500269,3883852.4285714286,4143606.285714286
"2024-08-17 00:00:00",257712,289825,20936,0,3161159,3720412.4285714286,4250779.142857143
"2024-08-18 00:00:00",523019,136567,5369,4563,3210113,3775753.1428571427,4339266.857142857
"2024-08-19 00:00:00",408285,772924,21619,0,2868686,3811663.4285714286,4429275.285714285
"2024-08-20 00:00:00",424079,483012,0,0,2539623,3675629.1428571427,4463872
"2024-08-21 00:00:00",437086,440796,5435,7257,2536932,3669701,4584109.285714285
"2024-08-22 00:00:00",679947,705690,87476,7165,1984419,3679511.714285714,4365824.142857143
"2024-08-23 00:00:00",589457,538423,40505,12848,2722342,3703326.1428571427,4526475.285714285
"2024-08-24 00:00:00",671049,505850,18754,0,3008245,3771078.285714286,4413763.285714285
"2024-08-25 00:00:00",351307,868765,24078,0,2808312,3795768.1428571427,4402807.428571428
"2024-08-26 00:00:00",620284,768342,33690,10974,2728379,3808647.5714285714,4462038.714285715
"2024-08-27 00:00:00",542204,387917,18908,8526,2997932,3881329.285714286,4233277.857142857
"2024-08-28 00:00:00",469760,906729,33231,5924,3872663,4147158.1428571427,4088725
"2024-08-29 00:00:00",441128,597048,1620,0,1869403,4067801.1428571427,4322214.428571428
"2024-08-30 00:00:00",360718,857370,48163,1801,2890106,4104170.285714286,3973437.1428571427
"2024-08-31 00:00:00",133079,513250,32513,0,2566342,3967211.285714286,3766106.1428571427
"2024-09-01 00:00:00",556293,453548,39617,11087,1963155,3820245.4285714286,3498907.1428571427
"2024-09-02 00:00:00",568848,591032,6224,19366,2105800,3695902.714285714,3395574.5714285714
"2024-09-03 00:00:00",608749,401210,22630,6153,3801417,3822284.4285714286,3718735.8571428573
"2024-09-04 00:00:00",367252,515707,7622,11024,3438014,3686757.285714286,3652983.714285714
"2024-09-05 00:00:00",463753,591993,18277,4318,3055058,3861643.285714286,3584347.4285714286
"2024-09-06 00:00:00",796153,702257,17048,8651,3081267,3925531.285714286,3951413.4285714286
"2024-09-07 00:00:00",499068,651738,16588,14253,2272438,3955374.285714286,4190895.714285714
"2024-09-08 00:00:00",651855,1153524,10211,9479,1463154,3993163.5714285714,4439285.428571428
"2024-09-09 00:00:00",364647,559319,16308,4550,3179882,4112226,4497221
"2024-09-10 00:00:00",678209,740955,76790,6149,3337270,4112114,4000016.285714286
"2024-09-11 00:00:00",266157,623089,26574,3317,2506369,3981526.4285714286,4108362.714285714
"2024-09-12 00:00:00",472236,1132159,5710,0,2577820,3989315.714285714,4286339.714285715
"2024-09-13 00:00:00",652632,972180,16225,19854,1755925,3819521.5714285714,4298343.571428572
"2024-09-14 00:00:00",568887,341834,24256,2984,3283090,3929088.285714286,4465622.142857143
"2024-09-15 00:00:00",616417,451827,51824,18762,2191239,3935065.8571428573,4410133.428571428
"2024-09-16 00:00:00",495586,415924,40567,4336,3070749,3921130.8571428573,4452651.857142857
"2024-09-17 00:00:00",596428,802414,33969,13450,2237081,3291161,3460190.5714285714
"2024-09-18 00:00:00",341078,850080,19240,2817,4302220,3682373.8571428573,3500824.1428571427
"2024-09-19 00:00:00",499712,359587,48608,5251,3505352,3954578.1428571427,3671790.714285714
"2024-09-20 00:00:00",605737,464017,29404,2674,1350703,3811140.4285714286,3726458
"2024-09-21 00:00:00",422591,740657,86492,4470,2443045,3969805.714285714,3687956.714285714
"2024-09-22 00:00:00",555992,423184,14792,9747,3159199,3958961.5714285714,3559048
"2024-09-23 00:00:00",538472,828340,14465,7987,4446630,4252271.428571428,3708873
"2024-09-24 00:00:00",597579,685198,18664,14541,2074486,4210432.285714285,3617567
"2024-09-25 00:00:00",555907,598757,22878,0,4265577,4200101.285714285,3609889.285714286
"2024-09-26 00:00:00",391407,572214,29863,10329,1490436,3925206.714285714,3470068.285714286
"2024-09-27 00:00:00",725328,831729,57462,15265,2711369,4195009.571428572,3495407.5714285714
"2024-09-28 00:00:00",555399,716602,38142,0,2246165,4174874.1428571427,3443505.8571428573
"2024-09-29 00:00:00",356746,908987,13859,0,2764126,4157846.1428571427,3353632.1428571427
"2024-09-30 00:00:00",612879,425231,3708,0,3198291,3929876.714285714,3409435.1428571427
"2024-10-01 00:00:00",416747,758697,27893,16952,1817784,3879534.4285714286,3542686.285714286
"2024-10-02 00:00:00",757762,960781,43993,15752,3419473,3844483.4285714286,3448622.8571428573
"2024-10-03 00:00:00",322848,355444,31502,2627,1545925,3810783.285714286,3662912.5714285714
"2024-10-04 00:00:00",470638,482673,20886,4318,3331109,3806278.8571428573,3606360.4285714286
"2024-10-05 00:00:00",574860,633985,2505,12821,3025615,3905347.285714286,3740067.8571428573
"2024-10-06 00:00:00",441540,114412,31028,0,1949498,3690027.285714286,3962757.714285714
"2024-10-07 00:00:00",445204,834895,16929,7032,3656017,3792880,4184755
"2024-10-08 00:00:00",532932,549602,21015,6010,3178274,3971417.285714286,3995286.1428571427
"2024-10-09 00:00:00",496384,678704,26091,7289,2617453,3775440,4181443.4285714286
"2024-10-10 00:00:00",487683,925740,21183,4394,3109942,4102667.8571428573,4045544
"2024-10-11 00:00:00",418673,257290,41516,0,2984165,4015813.714285714,4192582.8571428573
"2024-10-12 00:00:00",574415,227784,22323,6056,3827130,4074088,4118404.8571428573
"2024-10-13 00:00:00",620148,849931,40740,14236,2513487,4288668.857142857,4141302.714285714
"2024-10-14 00:00:00",492977,344409,9081,0,2886094,4113309.285714286,3699948
"2024-10-15 00:00:00",350148,687429,4495,15231,2766294,4046990,3949408.8571428573
"2024-10-16 00:00:00",447855,300033,26468,6527,1921088,3886425.8571428573,3904435.285714286
"2024-10-17 00:00:00",526913,267876,31010,15166,2283302,3682900.714285714,3896676.4285714286
"2024-10-18 00:00:00",367632,331478,28428,21621,3508131,3762278.714285714,3797362
"2024-10-19 00:00:00",687037,345439,3227,4434,2203735,3560302.285714286,3741832.4285714286
"2024-10-20 00:00:00",575283,966713,10349,10238,2124415,3510081.4285714286,3527677.1428571427
"2024-10-21 00:00:00",197990,597837,42218,5097,1604720,3326553.1428571427,3718950.714285714
"2024-10-22 00:00:00",503115,543151,22186,24218,2083152,3234013.8571428573,3550998.8571428573
"2024-10-23 00:00:00",721800,768538,25848,0,2693132,3449348.8571428573,3490929.1428571427
"2024-10-24 00:00:00",555696,845856,2093,11318,2827709,3609121,3508147.5714285714
"2024-10-25 00:00:00",418301,565440,7648,5347,3354368,3622523,3420445.4285714286
"2024-10-26 00:00:00",629846,186782,54951,2178,2006622,3570595.4285714286,3645710.8571428573
"2024-10-27 00:00:00",516303,686697,58170,7265,2636396,3601714.4285714286,3905975.285714286
"2024-10-28 00:00:00",362002,488477,12566,0,2404850,3718861.8571428573,3935651.4285714286
"2024-10-29 00:00:00",402023,590128,28188,22949,1174565,3582009,3873130.1428571427
"2024-10-30 00:00:00",425221,404842,10401,8113,1729241,3348937.8571428573,3830267.4285714286
"2024-10-31 00:00:00",504238,547371,34362,0,2004900,3184394.8571428573,3949121.1428571427
"2024-11-01 00:00:00",632411,637382,15897,0,2817869,3149031.1428571427,4016772.8571428573
"2024-11-02 00:00:00",303268,259531,25770,0,2899600,3235858.285714286,3612351.5714285714
"2024-11-03 00:00:00",232589,729900,33560,5911,3367583,3302245.714285714,3405218.5714285714
"2024-11-04 00:00:00",777338,674645,40102,18744,2806914,3452224,3050610.714285714
"2024-11-05 00:00:00",335176,617743,9996,4381,2993785,3843541.5714285714,3932718.285714286
"2024-11-06 00:00:00",485890,616874,3437,12991,3479097,3998774.714285714,3589112.1428571427
"2024-11-07 00:00:00",900518,584409,6703,2897,2905463,4109317,3400879.4285714286
"2024-11-08 00:00:00",413448,991869,40285,3150,2508327,4013330.714285714,3349470
"2024-11-09 00:00:00",526682,467925,10408,14081,3297389,4053626.8571428573,3577324.714285714
"2024-11-10 00:00:00",584195,555521,19637,0,2405575,4032464.285714286,3462239.285714286
"2024-11-11 00:00:00",312178,366963,29327,17146,2785000,4044068.4285714286,3565467.714285714
"2024-11-12 00:00:00",435354,537551,15688,9855,2269544,3945055.714285714,3543067.714285714
"2024-11-13 00:00:00",411318,366154,37945,5132,2283493,3731591.8571428573,3671028.5714285714
"2024-11-14 00:00:00",430658,499708,18360,4949,3047167,3674570.8571428573,3714489.714285714
"2024-11-15 00:00:00",407515,594642,35996,760,2166475,3567186.285714286,3785402.5714285714
"2024-11-16 00:00:00",469060,980631,15209,0,2349989,3495529.4285714286,3447857.714285714
"2024-11-17 00:00:00",391423,806318,25543,8244,1839233,3424934.285714286,3662666.1428571427
"2024-11-18 00:00:00",154338,556547,24682,25023,4152048,3625223.5714285714,3603112.285714286
"2024-11-19 00:00:00",389607,576187,49072,6680,1849160,3568468.5714285714,3681238.285714286
"2024-11-20 00:00:00",416101,806484,23390,2060,3952791,3868009.4285714286,3761273.285714286
"2024-11-21 00:00:00",366223,901110,30366,0,2738499,3873060,3845410
"2024-11-22 00:00:00",451144,346618,18479,10451,2008568,3820184.714285714,3893055
"2024-11-23 00:00:00",142255,588348,15611,2783,1104004,3539915.285714286,4027268.714285714
"2024-11-24 00:00:00",356929,638866,11945,3784,1696716,3488126.4285714286,3927558.4285714286
"2024-11-25 00:00:00",233950,633547,11233,22832,2775574,3311625.8571428573,3795205.8571428573
"2024-11-26 00:00:00",511149,594969,51000,2504,3035716,3500858.8571428573,3681446.4285714286
"2024-11-27 00:00:00",518687,545804,28750,2940,3543280,3420663.714285714,3622895.714285714
"2024-11-28 00:00:00",190136,521618,35951,9744,1657436,3189047.714285714,3718727
"2024-11-29 00:00:00",409191,424437,7338,0,1700516,3147079.285714286,3648196.714285714
"2024-11-30 00:00:00",793566,366910,54816,0,2451976,3406260,3653221
"2024-12-01 00:00:00",254743,538639,10318,0,1022395,3280239.285714286,3546477.714285714
"2024-12-02 00:00:00",287661,260447,5204,3192,1489355,3047199.8571428573,3631465.8571428573
"2024-12-03 00:00:00",309217,510379,8822,5707,1202954,2738877,3657593.5714285714
"2024-12-04 00:00:00",603538,603045,1838,0,2536656,2611107.714285714,3762688.4285714286
"2024-12-05 00:00:00",423419,658430,31110,10383,4233295,3031358,3789953.285714286
"2024-12-06 00:00:00",341217,365635,40655,3302,2169020,3085407.714285714,3889398
"2024-12-07 00:00:00",380152,729271,13770,10184,3297215,3194454.1428571427,3873255.714285714
"2024-12-08 00:00:00",368971,660531,0,2204,3435797,3571798.285714286,3890671.1428571427
"2024-12-09 00:00:00",532749,930606,24016,14726,2035820,3784949.4285714286,3829405.8571428573
"2024-12-10 00:00:00",219072,403936,39608,10094,2953536,4011973.285714286,3905102.8571428573
"2024-12-11 00:00:00",539652,494312,16905,4886,2154506,3935571,3923447.5714285714
"2024-12-12 00:00:00",218760,861292,20504,0,2201345,3642037.285714286,3997628.5714285714
"2024-12-13 00:00:00",320781,553929,5839,6671,3138135,3799969.5714285714,4117188
"2024-12-14 00:00:00",395270,262173,36432,0,2912875,3682277.714285714,4166155.5714285714
"2024-12-15 00:00:00",479365,636133,28782,0,2858875,3615942.1428571427,4329473.714285715
"2024-12-16 00:00:00",313457,308516,16655,13562,2057859,3497675.285714286,4634649.142857143
"2024-12-17 00:00:00",590373,314589,20496,2510,1275408,3294408.285714286,4555495.714285715
"2024-12-18 00:00:00",380847,700951,7264,10988,3247340,3456855.4285714286,4552155.571428572
"2024-12-19 00:00:00",530249,272210,413,6457,2089721,3399305.4285714286,4422323.285714285
"2024-12-20 00:00:00",415162,377264,15147,4704,1688676,3181533.714285714,4228629.428571428
"2024-12-21 00:00:00",502971,434959,2889,0,2524075,3161268.5714285714,4338917.714285715
"2024-12-22 00:00:00",312819,722668,33425,17129,2627049,3119831,4236649
"2024-12-23 00:00:00",276667,469082,23138,0,1254028,3021669,4088727
"2024-12-24 00:00:00",431512,496211,31106,6123,1513863,3061017.4285714286,4089016.1428571427
"2024-12-25 00:00:00",269921,642644,25781,23059,2683873,3640338.8571428573,4629219.714285715
"2024-12-26 00:00:00",407949,771032,7386,14577,1424542,3417133.285714286,4543146.857142857
"2024-12-27 00:00:00",431714,455219,3144,4074,1801563,3314118.714285714,4488247.857142857
"2024-12-28 00:00:00",435221,469300,8215,0,841591,2961729.285714286,4514823.142857143
"2024-12-29 00:00:00",244723,202992,3413,0,2558942,2916015.1428571427,4635409.428571428
"2024-12-30 00:00:00",509597,495906,24023,8798,1331684,2679278.8571428573,4384412.428571428
"2024-12-31 00:00:00",477364,654368,31394,0,1863541,2732508.8571428573,4593744
"2025-01-01 00:00:00",330707,361646,8762,0,2349615,2647573.285714286,4580753.714285715
"2025-01-02 00:00:00",409506,359623,7973,8368,1547064,2605723.1428571427,4321101.857142857
"2025-01-03 00:00:00",494210,232045,43667,13983,2499540,2689684.4285714286,4324239.428571428
"2025-01-04 00:00:00",621943,698217,3040,1566,1855910,2893448.5714285714,4094981
"2025-01-05 00:00:00",181780,154878,31646,5411,1808459,2775177.8571428573,4047274.285714286
"2025-01-06 00:00:00",584968,505121,19474,0,1158609,2760629.8571428573,4027839.285714286
"2025-01-07 00:00:00",427114,580519,20448,6640,2157756,2784317.285714286,4042790.8571428573
"2025-01-08 00:00:00",449618,429877,15719,5158,780578,2588634.285714286,4050315.8571428573
"2025-01-09 00:00:00",391366,620251,12673,7642,1903728,2674795,3913999
"2025-01-10 00:00:00",324085,308840,27095,2981,2435156,2648325.5714285714,3663226.4285714286
"2025-01-11 00:00:00",351099,310169,7191,3315,3395486,2774980.714285714,3590938.8571428573
"2025-01-12 00:00:00",368287,377636,7985,12287,3086428,3013616.1428571427,3400987.4285714286
"2025-01-13 00:00:00",317849,617050,44058,5571,1889459,3100161.285714286,3517601
"2025-01-14 00:00:00",267625,471008,14730,5132,1702220,2995623.5714285714,3373670.8571428573
"2025-01-15 00:00:00",467271,541019,12333,14114,2264298,3226778.8571428573,3342051.8571428573
"2025-01-16 00:00:00",564988,548956,1811,10334,2264738,3291802.714285714,3478691
"2025-01-17 00:00:00",413644,425634,0,3596,1861905,3235605.8571428573,3626287.4285714286
"2025-01-18 00:00:00",364771,160439,18295,9778,2814238,3135643.1428571427,3494914.1428571427
"2025-01-19 00:00:00",388022,489050,15711,5263,1394672,2912799.5714285714,3655252
"2025-01-20 00:00:00",466082,411699,8584,1566,1878684,2897460.714285714,3780618.5714285714
"2025-01-21 00:00:00",308250,625385,27919,14212,1794437,2941673.4285714286,3757127.8571428573
"2025-01-22 00:00:00",376658,169134,449,0,3024946,2980552.1428571427,3754088.714285714
"2025-01-23 00:00:00",337008,365928,10099,0,2306431,2927500.4285714286,3662924.4285714286
"2025-01-24 00:00:00",494971,677054,5164,3452,2481850,3064316.4285714286,3812424.4285714286
"2025-01-25 00:00:00",241254,731689,5068,2743,2831840,3127898.1428571427,3825999.4285714286
"2025-01-26 00:00:00",253400,141268,18535,12444,2273724,3185991.5714285714,3915835.4285714286
"2025-01-27 00:00:00",564668,485138,12809,0,1930301,3218320,3700355.4285714286
"2025-01-28 00:00:00",609245,251681,9075,1405,2489644,3302726.714285714,3623857.5714285714
"2025-01-29 00:00:00",455012,436836,6161,5141,1805697,3179535.285714286,3541851.285714286
"2025-01-30 00:00:00",523082,512409,6818,6652,2097620,3197695,3634569.714285714
"2025-01-31 00:00:00",692668,124215,5465,4316,1589781,3019688.285714286,3574112.285714286
"2025-02-01 00:00:00",316472,489597,21352,0,3111048,3037670.285714286,3863866.8571428573
"2025-02-02 00:00:00",465309,151423,13750,3705,1466164,2952096,3790307.285714286
"2025-02-03 00:00:00",517093,837910,1636,0,2543441,3081691,3920062.5714285714
"2025-02-04 00:00:00",173110,516060,4810,1892,1388455,2899302.1428571427,3828786.5714285714
"2025-02-05 00:00:00",304703,572899,24326,4758,2176431,2952769.4285714286,3861755.4285714286
"2025-02-06 00:00:00",557687,622485,9067,12398,1878668,2943301.1428571427,3834071.1428571427
"2025-02-07 00:00:00",312707,452782,13250,7897,2142168,3016495.4285714286,3849110.8571428573
"2025-02-08 00:00:00",426470,648678,29986,0,1671813,2850563.714285714,3679245.4285714286
"2025-02-09 00:00:00",277870,253229,35632,0,1946349,2909525,3517531.714285714
"2025-02-10 00:00:00",206705,588206,5515,8964,2647208,2846170.4285714286,3412918.4285714286
"2025-02-11 00:00:00",413094,452674,13868,2004,1704959,2917923.4285714286,3551305.8571428573
"2025-02-12 00:00:00",409082,507227,11468,4078,3306968,3083024.1428571427,3628631.285714286
"2025-02-13 00:00:00",820220,914359,9435,5335,3456124,4061774,4349082.142857143
"2025-02-14 00:00:00",399868,189091,18217,8452,2039822,3913959.8571428573,4343750.428571428
"2025-02-15 00:00:00",439735,725560,0,4863,2605802,4088251,4123240.4285714286
"2025-02-16 00:00:00",135883,680646,2536,2137,2925000,4102846.5714285714,4338208.285714285
"2025-02-17 00:00:00",356655,613895,21779,7559,2706261,3998762.5714285714,4325193.142857143
"2025-02-18 00:00:00",394595,335647,27233,2020,2407538,3830431.5714285714,4270452.714285715
"2025-02-19 00:00:00",469198,313809,21525,0,2605434,3666606.4285714286,4171430.714285714
"2025-02-20 00:00:00",516776,404460,25884,0,2553497,3423055.5714285714,3952148.285714286
"2025-02-21 00:00:00",530282,820871,26225,3192,1672664,3479882,4018126.1428571427
"2025-02-22 00:00:00",564053,615695,42385,2454,3482677,3612925.285714286,4297094
"2025-02-23 00:00:00",350290,738616,21390,6992,1477432,3448427.8571428573,4184083.714285714
"2025-02-24 00:00:00",384272,413998,16230,2060,2262646,3358864.4285714286,4081656.285714286
"2025-02-25 00:00:00",369464,581503,9015,0,1816516,3303073.8571428573,4284901
"2025-02-26 00:00:00",202001,108300,9060,5133,727362,2966200.8571428573,4376907
"2025-02-27 00:00:00",233965,332712,13150,3820,903587,2678574.8571428573,4314056.285714285
"2025-02-28 00:00:00",134968,1273991,37269,0,1821038,2709150.714285714,4069309.714285714
"2025-03-01 00:00:00",298221,950900,15736,10090,2129635,2523053.4285714286,3680930.8571428573
"2025-03-02 00:00:00",260048,594937,0,6228,2046736,2567800.4285714286,3402690.5714285714
"2025-03-03 00:00:00",452143,325641,38872,0,3562745,2753542.5714285714,3226674.5714285714
"2025-03-04 00:00:00",584925,695149,51440,17269,1620465,2781078.285714286,2934576.4285714286
"2025-03-05 00:00:00",524560,500049,18219,0,2541631,3142878.5714285714,2806794.285714286
"2025-03-06 00:00:00",281641,446823,1913,11406,3092273,3478138.714285714,2906255.285714286
"2025-03-07 00:00:00",432834,436326,47447,3818,2602078,3514601.285714286,2829286.5714285714
"2025-03-08 00:00:00",450607,525787,24968,0,2663082,3551724.285714286,2962292.4285714286
"2025-03-09 00:00:00",264772,244692,29383,4667,2448219,3563693.4285714286,2941504
"2025-03-10 00:00:00",631224,493961,25871,18803,3648423,3626390.8571428573,2864555.5714285714
"2025-03-11 00:00:00",459389,776630,5129,10960,2757567,3775023.285714286,2714306.1428571427
"2025-03-12 00:00:00",658068,462725,31968,5858,3972851,3996024.8571428573,2529053.1428571427
"2025-03-13 00:00:00",482870,525478,44807,6152,3171313,4052677.1428571427,2482560.285714286
"2025-03-14 00:00:00",489683,1539705,34962,10269,2036335,4136741.5714285714,2629670
"2025-03-15 00:00:00",289382,502919,28669,0,1462407,3939446.4285714286,2605247.5714285714
"2025-03-16 00:00:00",592572,895445,90963,13197,3325411,4214568.428571428,2817531
"2025-03-17 00:00:00",283881,608880,34084,0,1715853,3903770.5714285714,2953051.5714285714
"2025-03-18 00:00:00",297184,485068,23267,9291,3782886,3987773.5714285714,3144494.1428571427
"2025-03-19 00:00:00",782308,542629,7805,14171,1989760,3731374.285714286,3205717.1428571427
"2025-03-20 00:00:00",468985,945704,7613,0,3332251,3806221.5714285714,3160499.1428571427
"2025-03-21 00:00:00",343606,351770,56359,5042,2209092,3642638,3333920.4285714286
"2025-03-22 00:00:00",422290,399754,18344,0,3401042,3922359.8571428573,3395559.8571428573
"2025-03-23 00:00:00",578824,939635,15150,6642,1451858,3647291.5714285714,3198065.285714286
"2025-03-24 00:00:00",467474,612156,0,9902,2272531,3750058.1428571427,3304422
"2025-03-25 00:00:00",153358,458741,23110,12186,865511,3309373.5714285714,3357955.1428571427
"2025-03-26 00:00:00",572729,409864,2246,0,1845449,3237032.714285714,3498705.8571428573
"2025-03-27 00:00:00",707861,707964,10599,4074,2601207,3133769,3295755.4285714286
"2025-03-28 00:00:00",450257,892039,18396,0,2860064,3313038.5714285714,3178539.714285714
"2025-03-29 00:00:00",474967,590270,43727,5526,3289116,3336206.5714285714,3163612.1428571427
"2025-03-30 00:00:00",316422,475775,0,12514,2433597,3371378,3449811.4285714286
"2025-03-31 00:00:00",456334,667627,17589,16323,3195137,3512942,3252625.1428571427
"2025-04-01 00:00:00",669669,446319,28062,16008,2303513,3791608.714285714,3168705.5714285714
"2025-04-02 00:00:00",583978,299562,64459,15929,3060420,3962188.714285714,3086422.1428571427
"2025-04-03 00:00:00",481799,615705,23408,2993,3906235,4104822,3080245.4285714286
"2025-04-04 00:00:00",431524,925003,16705,0,3291266,2974335.4285714286,3510081.4285714286
"2025-04-05 00:00:00",435535,429233,34273,916,2836892,3209645.1428571427,3326553.1428571427
"2025-04-06 00:00:00",781223,742277,78797,17358,2471320,3424024.8571428573,3234013.8571428573
"2025-04-07 00:00:00",386940,404569,29317,11288,2448918,3493408.4285714286,3449348.8571428573
"2025-04-08 00:00:00",439024,555430,5218,9131,3677202,3843266.285714286,3609121
"2025-04-09 00:00:00",577629,574386,16963,4404,2259729,3887365.5714285714,3622523
"2025-04-10 00:00:00",535395,509471,25889,0,3181693,4020704.4285714286,3570595.4285714286
"2025-04-11 00:00:00",603270,454141,27979,13526,2759167,3905502.1428571427,3601714.4285714286
"2025-04-12 00:00:00",429508,585619,48964,0,2955074,3945833,3718861.8571428573
"2025-04-13 00:00:00",431896,419120,12825,6035,3398308,3971148.4285714286,3582009
"2025-04-14 00:00:00",413112,729322,46922,4511,3057604,4109782.4285714286,3348937.8571428573
"2025-04-15 00:00:00",491277,807259,24532,21304,2242850,3952813.5714285714,3184394.8571428573
"2025-04-16 00:00:00",631663,524770,13438,0,3108016,4073495.714285714,3149031.1428571427
"2025-04-17 00:00:00",494970,683442,41202,5028,1452403,3848438.285714286,3235858.285714286
"2025-04-18 00:00:00",232301,474684,16998,0,1574509,3625639.8571428573,3302245.714285714
"2025-04-19 00:00:00",621602,672204,0,13594,2046317,3530575.8571428573,3452224
"2025-04-20 00:00:00",639272,516105,7583,0,2749643,3479778.714285714,3497940
"2025-04-21 00:00:00",254740,617454,9710,9521,2698870,3385324.8571428573,3717406.1428571427
"2025-04-22 00:00:00",652046,992609,25619,16317,2795670,3513187.4285714286,3957451.4285714286
"2025-04-23 00:00:00",470979,408851,74152,11980,2424492,3386411.4285714286,3938781.1428571427
"2025-04-24 00:00:00",609189,664282,23709,12213,1871967,3458456.4285714286,3941493.1428571427
"2025-04-25 00:00:00",298341,664711,33445,17735,3288026,3744708.714285714,3823366.285714286
"2025-04-26 00:00:00",568145,388663,2140,14253,3242917,3867909,3852112.714285714
"2025-04-27 00:00:00",416149,607815,10955,8979,2210933,3773941.714285714,4004934.714285714
"2025-04-28 00:00:00",317379,850943,0,7573,3365353,3909792.285714286,4075502.8571428573
"2025-04-29 00:00:00",632681,702651,42296,2855,2526510,3827611.285714286,3974866.1428571427
"2025-04-30 00:00:00",502167,791574,23699,16114,2795607,3933140.8571428573,3998157.4285714286
"2025-05-01 00:00:00",479571,701923,3185,7368,3744788,4183923,4048089
"2025-05-02 00:00:00",481561,452014,33878,8433,2176873,4019708.8571428573,4233434.428571428
"2025-05-03 00:00:00",548504,260354,17503,11703,2743230,3929019.714285714,4198775.857142857
"2025-05-04 00:00:00",290289,481575,12183,0,3124329,4022383.285714286,4471843.285714285
"2025-05-05 00:00:00",545643,707080,14995,0,3567643,4064399.285714286,4396929.571428572
"2025-05-06 00:00:00",497009,1029376,64810,4443,3001931,4163052.8571428573,4379225.285714285
"2025-05-07 00:00:00",565813,321423,2589,13950,2518655,4062091.285714286,4337991.428571428
"2025-05-08 00:00:00",713189,720544,47396,7573,979704,3709458.5714285714,4705126.428571428
"2025-05-09 00:00:00",367550,644813,12499,0,1600597,3634129.714285714,4591130.857142857
"2025-05-10 00:00:00",494672,698416,13998,11875,2332538,3629873.1428571427,4577154
"2025-05-11 00:00:00",311302,644190,18645,5589,3094550,3653572.8571428573,4380671.428571428
"2025-05-12 00:00:00",510430,656012,49433,0,3347316,3614691.4285714286,4128921.5714285714
"2025-05-13 00:00:00",304308,637184,22822,16810,2256366,3420394.4285714286,4145778.714285714
"2025-05-14 00:00:00",495587,673549,21192,8926,2859363,3511278,3962179.285714286
"2025-05-15 00:00:00",760250,632569,43206,6295,3081905,3804966.5714285714,3583084.285714286
"2025-05-16 00:00:00",445606,843162,113860,3763,3028293,4063427.4285714286,3490970.714285714
"2025-05-17 00:00:00",788269,646058,8734,10099,2347437,4099013,3653167.1428571427
"2025-05-18 00:00:00",489060,590585,24018,9297,3345880,4153950.714285714,3816542.5714285714
"2025-05-19 00:00:00",463859,321747,6956,4173,2861748,4024707,4116867.285714286
"2025-05-20 00:00:00",523711,875780,9961,11834,3254775,4230217.142857143,3996980.5714285714
"2025-05-21 00:00:00",511544,491156,21673,9916,2590536,4168247,4210485
"2025-05-22 00:00:00",568006,354975,7068,2272,1737855,3903382.8571428573,4357184.857142857
"2025-05-23 00:00:00",398924,970104,27494,2984,3350141,3948377.8571428573,4538369.714285715
"2025-05-24 00:00:00",661633,639695,48582,12866,2495179,3257654.285714286,4011973.285714286
"2025-05-25 00:00:00",613663,746524,25909,2160,2845150,3445333.1428571427,3935571
"2025-05-26 00:00:00",637953,779651,23977,2166,3011713,3583091.4285714286,3642037.285714286
"2025-05-27 00:00:00",706534,566997,5228,17246,2393933,3710348.1428571427,3799969.5714285714
"2025-05-28 00:00:00",353832,626557,14477,0,2760733,3902528.714285714,3682277.714285714
"2025-05-29 00:00:00",480430,728181,45039,2368,4185138,4151134.5714285714,3615942.1428571427
"2025-05-30 00:00:00",334905,515306,42431,8647,2200977,4076542,3497675.285714286
"2025-05-31 00:00:00",414945,638496,5807,2768,2392278,4018876.1428571427,3294408.285714286
"2025-06-01 00:00:00",756122,544848,26280,17363,2396731,3948581.8571428573,3456855.4285714286
"2025-06-02 00:00:00",546352,461266,52135,3597,3045041,3899000.5714285714,3399305.4285714286
"2025-06-03 00:00:00",423817,924852,11899,10655,2846231,3974359.8571428573,3181533.714285714
"2025-06-04 00:00:00",804306,345398,21361,19500,3509723,4109315.285714286,3161268.5714285714
"2025-06-05 00:00:00",506701,727397,15452,0,2869011,3920373.1428571427,3119831
"2025-06-06 00:00:00",370079,363777,10013,6653,2324336,3916457.714285714,3021669
"2025-06-07 00:00:00",343123,740661,53439,0,3862555,4137241,3061017.4285714286
"2025-06-08 00:00:00",503766,770644,25213,4318,3310828,4262015.714285715,3204309.285714286
"2025-06-09 00:00:00",715458,830491,65531,9346,3608858,4422200.428571428,3370507.285714286
"2025-06-10 00:00:00",601527,563672,64024,8920,2565467,4363080,3653328.5714285714
"2025-06-11 00:00:00",408677,780399,16254,4942,2687843,4248483.857142857,3627017.1428571427
"2025-06-12 00:00:00",542136,279251,31680,2353,2944641,4202984,3713007.8571428573
"2025-06-13 00:00:00",387093,756621,38981,12950,2613578,4307893.142857143,4124130.4285714286
"2025-06-14 00:00:00",626342,812113,7819,12143,2234704,4121228,4417325.714285715
"2025-06-15 00:00:00",534057,590380,28790,0,3474991,4123149.4285714286,4134192.285714286
"2025-06-16 00:00:00",511291,441896,13276,18858,2483867,3871650,4034173.4285714286
"2025-06-17 00:00:00",482848,709682,2866,0,2656220,3878508,4029696
"2025-06-18 00:00:00",390130,651320,35882,7295,2622368,3851205.1428571427,3952554.5714285714
"2025-06-19 00:00:00",407532,345550,17599,8015,3660760,3942547,3888256.8571428573
"2025-06-20 00:00:00",665498,372936,14922,7547,1848614,3814017.714285714,3798738.714285714
"2025-06-21 00:00:00",455500,936623,24689,11415,2175749,3801282.8571428573,3495654.4285714286
"2025-06-22 00:00:00",390738,531294,5196,2504,3425897,3762341.5714285714,3555196.1428571427
"2025-06-23 00:00:00",524181,463219,29551,2728,1903660,3684363.1428571427,3719529.285714286
"2025-06-24 00:00:00",541814,430898,40378,0,2884807,3690974.714285714,3794029.5714285714
"2025-06-25 00:00:00",302236,481755,16750,0,3095022,3717941.4285714286,4049737.1428571427
"2025-06-26 00:00:00",701183,454886,0,6678,2729670,3639793.1428571427,4177334.714285714
"2025-06-27 00:00:00",606074,451512,101371,5929,2415550,3735638.8571428573,3909091
"2025-06-28 00:00:00",394747,532500,24415,0,3477648,3853543.5714285714,4142981.714285714
"2025-06-29 00:00:00",424578,612244,29746,15574,2661724,3766148.8571428573,4261846
"2025-06-30 00:00:00",337396,668503,34024,8881,3071945,3937207.5714285714,4182235.4285714286
"2025-07-01 00:00:00",585473,556095,41862,8039,1622028,3782293.4285714286,3913081
"2025-07-02 00:00:00",303021,725064,1964,9370,2604705,3746345.285714286,4184702.714285714
"2025-07-03 00:00:00",490697,602587,25111,25180,2545505,3717297.1428571427,4049090.8571428573
"2025-07-04 00:00:00",557941,784802,32268,0,3322851,3876929.285714286,4229178.857142857
"2025-07-05 00:00:00",434971,500133,34915,0,2195756,3696424.285714286,4115236.285714286
"2025-07-06 00:00:00",370051,472861,6242,11167,1486289,3496816.4285714286,4011059.285714286
"2025-07-07 00:00:00",519517,673266,66123,4697,2426545,3435301.8571428573,3994287.4285714286
"2025-07-08 00:00:00",446954,749396,30569,7361,1321643,3398505.285714286,4208443.857142857
"2025-07-09 00:00:00",294904,532137,7128,7193,2802672,3398492.1428571427,3835747.5714285714
"2025-07-10 00:00:00",535536,630798,67234,13329,3187842,3505014.5714285714,3944890.714285714
"2025-07-11 00:00:00",241585,716559,10477,7901,3368827,3454655.5714285714,4018440.8571428573
"2025-07-12 00:00:00",547728,480095,0,9636,3519285,3653365.285714286,4156087.1428571427
"2025-07-13 00:00:00",329941,498618,19887,9155,2108776,2843374.8571428573,3820245.4285714286
"2025-07-14 00:00:00",434616,706873,49765,9014,2618316,2908659.1428571427,3695902.714285714
"2025-07-15 00:00:00",788795,668917,16066,10485,2964087,3258420.1428571427,3822284.4285714286
"2025-07-16 00:00:00",261342,707206,14451,4115,3058920,3233064.285714286,3686757.285714286
"2025-07-17 00:00:00",393683,720564,17852,15150,3774830,3628836.8571428573,3861643.285714286
"2025-07-18 00:00:00",547799,461781,39135,12296,2660282,3700891,3925531.285714286
"2025-07-19 00:00:00",601002,349106,20471,7210,2859181,3965671.5714285714,3955374.285714286
"2025-07-20 00:00:00",476514,915656,59314,6702,2467213,4102674.5714285714,3993163.5714285714
"2025-07-21 00:00:00",356344,548876,35611,4013,3163473,4144064.8571428573,4112226
"2025-07-22 00:00:00",684762,544556,26413,23968,1797156,3948137.1428571427,4112114
"2025-07-23 00:00:00",218728,631806,46022,10116,2456412,3850572.8571428573,3981526.4285714286
"2025-07-24 00:00:00",312001,833136,21581,5697,1989332,3599097,3989315.714285714
"2025-07-25 00:00:00",293198,653863,15013,14827,2522855,3567448.8571428573,3819521.5714285714
"2025-07-26 00:00:00",469883,539008,15499,4110,3235467,3628448.5714285714,3929088.285714286
"2025-07-27 00:00:00",373137,375006,36617,12204,3098876,3624226,3935065.8571428573
"2025-07-28 00:00:00",365294,445817,9100,7135,2081081,3452813.1428571427,3921130.8571428573
"2025-07-29 00:00:00",652961,343222,23257,8173,1973638,3442012.5714285714,3608942.5714285714
"2025-07-30 00:00:00",557066,701237,25680,8743,3564029,3655394.285714286,3640338.8571428573
"2025-07-31 00:00:00",438689,718716,17346,0,2635950,3748101.714285714,3417133.285714286
"2025-08-01 00:00:00",640376,268484,8647,12829,2284067,3707337,3314118.714285714
"2025-08-02 00:00:00",507016,659306,27834,0,4312319,3884838,2961729.285714286
"2025-08-03 00:00:00",364810,636645,65359,7412,2690634,3866126.5714285714,2916015.1428571427
"2025-08-04 00:00:00",267942,840523,14991,14539,1677808,3852894.5714285714,2679278.8571428573
"2025-08-05 00:00:00",764545,472592,21999,5405,3091495,4046435.285714286,2732508.8571428573
"2025-08-06 00:00:00",378680,574933,44320,17163,1994192,3782511.1428571427,2647573.285714286
"2025-08-07 00:00:00",873010,249048,39100,6799,3426124,3894422.8571428573,2605723.1428571427
"2025-08-08 00:00:00",430439,344870,1939,0,2518470,3906039.1428571427,2689684.4285714286
"2025-08-09 00:00:00",505076,297374,6096,4010,3046645,3670714.4285714286,2893448.5714285714
"2025-08-10 00:00:00",347871,845299,12638,5342,3075952,3745320.5714285714,2775177.8571428573
"2025-08-11 00:00:00",513278,475105,36236,15026,2424770,3837979.5714285714,2760629.8571428573
"2025-08-12 00:00:00",838942,731940,45303,0,2683247,3829893.1428571427,2784317.285714286
"2025-08-13 00:00:00",466456,1028246,12899,4291,2622836,3990670.4285714286,2588634.285714286
"2025-08-14 00:00:00",367961,529712,26409,12187,2752544,3861346.285714286,2674795
"2025-08-15 00:00:00",350433,1100567,61354,11707,2486932,3963528.4285714286,2648325.5714285714
"2025-08-16 00:00:00",391987,777190,13196,0,2113867,3883105.285714286,2774980.714285714
"2025-08-17 00:00:00",450564,593660,16320,25219,3759255,3962807.4285714286,3013616.1428571427
"2025-08-18 00:00:00",549719,710946,20539,0,2015908,3938906.8571428573,3100161.285714286
"2025-08-19 00:00:00",887145,711335,27226,11507,4212376,4160357.8571428573,2995623.5714285714
"2025-08-20 00:00:00",475167,318102,20263,0,3327573,4161268.8571428573,3226778.8571428573
"2025-08-21 00:00:00",494319,771979,12821,10919,2448184,4168327.285714286,3291802.714285714
"2025-08-22 00:00:00",408127,328410,13114,9873,2972540,4128480.714285714,3235605.8571428573
"2025-08-23 00:00:00",525466,526816,46046,4678,2925004,4233019.285714285,3135643.1428571427
"2025-08-24 00:00:00",413821,776559,25099,5980,2906872,4130635.4285714286,2912799.5714285714
"2025-08-25 00:00:00",575727,307940,33459,4466,2854416,4199049.142857143,2897460.714285714
"2025-08-26 00:00:00",549788,391738,47127,8288,3026799,3938213.5714285714,2941673.4285714286
"2025-08-27 00:00:00",432206,748339,24995,4827,2575371,3887447,2980552.1428571427
"2025-08-28 00:00:00",356643,480496,26152,21224,2479732,3834022,2927500.4285714286
"2025-08-29 00:00:00",664654,515123,39247,7089,2324105,3808043.5714285714,3064316.4285714286
"2025-08-30 00:00:00",413852,727543,23720,7573,4274827,4010830.285714286,3127898.1428571427
"2025-08-31 00:00:00",282268,377320,38807,23758,2769470,3919871.8571428573,3185991.5714285714
"2025-09-01 00:00:00",877679,418335,9629,0,2925840,667293.8571428572,3800595
"2025-09-02 00:00:00",439216,343446,12540,9486,1976215,1064501.7142857143,3810056.714285714
"2025-09-03 00:00:00",372185,938408,36423,11804,2686889,1591561.2857142857,4071595.4285714286
"2025-09-04 00:00:00",354731,553032,41741,1487,2201762,2041955,3958539.5714285714
"2025-09-05 00:00:00",493767,736176,18308,3212,3527492,2717769.714285714,3754411.5714285714
"2025-09-06 00:00:00",485255,489271,34345,4135,2654537,3241704.714285714,3747490
"2025-09-07 00:00:00",418673,1226853,92080,11552,2778529,3883578,3753275.8571428573
"2025-09-08 00:00:00",393832,868152,14234,0,2920562,3878620.285714286,3826940.714285714
"2025-09-09 00:00:00",630408,709067,43608,11710,1877149,3948768.8571428573,3788132.4285714286
"2025-09-10 00:00:00",399305,487977,21475,12583,2665503,3883216.5714285714,3665795.714285714
"2025-09-11 00:00:00",704285,607003,64057,12819,2198883,3945258.285714286,3662700.8571428573
"2025-09-12 00:00:00",475356,214481,35873,9288,2321963,3699259.1428571427,3892904
"2025-09-13 00:00:00",674559,685368,7222,0,2413575,3715427.714285714,3894102.714285714
"2025-09-14 00:00:00",286336,454627,16833,9713,2675832,3560521.285714286,3926868.714285714
"2025-09-15 00:00:00",270587,394069,27125,2880,2318286,3391402.5714285714,3782772.5714285714
"2025-09-16 00:00:00",674680,682681,0,6181,2432596,3466287.714285714,3843541.5714285714
"2025-09-17 00:00:00",435636,327551,3039,21319,2623001,3441102.1428571427,3998774.714285714
"2025-09-18 00:00:00",539429,745191,18671,20819,2618766,3491935,4109317
"2025-09-19 00:00:00",641674,588167,16102,0,2513896,3592346.1428571427,4013330.714285714
"2025-09-20 00:00:00",302789,459236,8903,4483,2561095,3528886.4285714286,4053626.8571428573
"2025-09-21 00:00:00",363290,436154,0,4504,3066023,3589833.4285714286,4032464.285714286
"2025-09-22 00:00:00",310178,491316,41684,6404,2363714,3618454.714285714,4044068.4285714286
"2025-09-23 00:00:00",635238,345111,44158,15319,2902471,3639334.5714285714,3945055.714285714
"2025-09-24 00:00:00",303183,548796,11531,21392,2284786,3604926.714285714,3731591.8571428573
"2025-09-25 00:00:00",670016,531550,15423,0,2391102,3557100.1428571427,3674570.8571428573
"2025-09-26 00:00:00",565167,840171,6290,0,1486924,3434059,3567186.285714286
"2025-09-27 00:00:00",491576,604605,34260,6705,3425694,3609249.8571428573,3495529.4285714286
"2025-09-28 00:00:00",470015,905212,33958,0,3596066,3771432.714285714,3424934.285714286
"2025-09-29 00:00:00",587831,878934,17693,24976,2604900,3900152.285714286,3625223.5714285714
"2025-09-30 00:00:00",681590,499830,40463,1670,2206044,3826909.4285714286,3568468.5714285714
"2025-10-01 00:00:00",387670,492604,42246,5664,2606835,3879099.4285714286,3868009.4285714286
"2025-10-02 00:00:00",474535,418971,11111,11826,4094564,4079516,3873060
"2025-10-03 00:00:00",742544,614441,2142,12171,3307649,4333858.285714285,3820184.714285714
"2025-10-04 00:00:00",503826,524913,8843,7540,1884716,4100572.285714286,3539915.285714286
"2025-10-05 00:00:00",435995,624723,36872,2300,3186815,3997923,3488126.4285714286
"2025-10-06 00:00:00",590731,881115,675,4554,2626892,3996442.1428571427,3311625.8571428573
"2025-10-07 00:00:00",474494,622854,29478,17848,3229733,4131415,3500858.8571428573
"2025-10-08 00:00:00",210971,647505,65139,6503,1404386,3959912.8571428573,3420663.714285714
"2025-10-09 00:00:00",404272,409691,5137,0,2195625,3674729.8571428573,3189047.714285714
"2025-10-10 00:00:00",497905,266685,42467,0,1419223,3324348.714285714,3147079.285714286
"2025-10-11 00:00:00",410046,650302,70569,8922,2300405,3397263.714285714,3406260
"2025-10-12 00:00:00",446692,927762,26169,12760,1528892,3205202.1428571427,3280239.285714286
"2025-10-13 00:00:00",374765,936921,48007,13537,2310620,3145185.4285714286,3047199.8571428573
"2025-10-14 00:00:00",765449,1103942,23333,0,4393694,3418329.714285714,2738877
"2025-10-15 00:00:00",371660,154743,18005,9781,2365465,3501922.4285714286,2611107.714285714
"2025-10-16 00:00:00",300700,615328,4110,3385,2567629,3569983.4285714286,3031358
"2025-10-17 00:00:00",414799,1044475,21427,6153,1312288,3651820.8571428573,3085407.714285714
"2025-10-18 00:00:00",399538,728434,8332,12669,1261363,3504691.1428571427,3194454.1428571427
"2025-10-19 00:00:00",549824,849727,26912,0,2274453,3613068.285714286,3571798.285714286
"2025-10-20 00:00:00",411842,740731,9509,36049,2426283,3604577.4285714286,3784949.4285714286
"2025-10-21 00:00:00",603652,762537,39250,4050,2646512,3959870.714285714,3218320
"2025-10-22 00:00:00",347391,590556,5547,5379,3643368,4041085.1428571427,3302726.714285714
"2025-10-23 00:00:00",503624,597707,24265,11289,2174187,3973275.714285714,3179535.285714286
"2025-10-24 00:00:00",538504,1025664,15839,8549,2137015,4024893.4285714286,3197695
"2025-10-25 00:00:00",395693,776765,10347,6844,3116470,4132879.4285714286,3019688.285714286
"2025-10-26 00:00:00",649575,308139,39051,3467,2579468,3866048.5714285714,3037670.285714286
"2025-10-27 00:00:00",534858,516493,37033,7170,2359929,3860885.8571428573,2952096
"2025-10-28 00:00:00",690007,488154,11675,7997,2254395,3774632.714285714,3081691
"2025-10-29 00:00:00",436021,527652,22678,6000,2978284,3685832,2899302.1428571427
"2025-10-30 00:00:00",523267,657061,33204,10416,2196091,3701398.4285714286,2952769.4285714286
"2025-10-31 00:00:00",581238,564721,20936,0,2885142,3748036.4285714286,2943301.1428571427
"2025-11-01 00:00:00",426512,620209,12366,2342,989531,3425871,3016495.4285714286
"2025-11-02 00:00:00",321974,135486,18146,0,2340316,3316759.8571428573,2850563.714285714
"2025-11-03 00:00:00",357272,421232,29072,2654,1900089,3210307.8571428573,2909525
"2025-11-04 00:00:00",381296,641059,11664,3706,1407208,3066408.714285714,2846170.4285714286
"2025-11-05 00:00:00",428281,462150,26647,4956,2831281,3035362.8571428573,2917923.4285714286
"2025-11-06 00:00:00",335360,317260,21592,0,2547670,3007054.714285714,3083024.1428571427
"2025-11-07 00:00:00",477919,586370,9779,6702,2158733,2890978.4285714286,3183369.8571428573
"2025-11-08 00:00:00",320881,465153,16823,8793,2810280,3115402.714285714,3291161
"2025-11-09 00:00:00",460409,416944,14431,0,1963131,3120973,3682373.8571428573
"2025-11-10 00:00:00",299669,749742,13600,7534,2128791,3190832.4285714286,3954578.1428571427
"2025-11-11 00:00:00",371963,417456,15248,8995,2810422,3359282.4285714286,3811140.4285714286
"2025-11-12 00:00:00",382075,452792,25190,847,3050801,3381909.5714285714,3969805.714285714
"2025-11-13 00:00:00",664845,848432,43388,4552,2030125,3434689.714285714,3958961.5714285714
"2025-11-14 00:00:00",286996,603603,11574,9901,2864994,3511484.714285714,4252271.428571428
"2025-11-15 00:00:00",536084,769903,9659,5786,2958343,3605462.4285714286,4210432.285714285
"2025-11-16 00:00:00",707840,680126,26699,7641,2076111,3697391.285714286,4200101.285714285
"2025-11-17 00:00:00",520326,557502,44212,5387,1892155,3671712.285714286,3925206.714285714
"2025-11-18 00:00:00",539350,805962,25139,17763,2482468,3706940.5714285714,4195009.571428572
"2025-11-19 00:00:00",298529,672736,12274,20633,3285843,3760984.714285714,4174874.1428571427
"2025-11-20 00:00:00",371729,444900,8156,9139,3493012,3866069.5714285714,4157846.1428571427
"2025-11-21 00:00:00",457906,405793,2455,0,3367819,3931341.5714285714,3929876.714285714
"2025-11-22 00:00:00",373411,479975,35294,3491,2321273,3779008.4285714286,3879534.4285714286
"2025-11-23 00:00:00",499861,296946,10987,6784,2795655,3794982.285714286,3844483.4285714286
"2025-11-24 00:00:00",377625,481081,0,6534,2002448,3773282.8571428573,3810783.285714286
"2025-11-25 00:00:00",315883,995393,1860,4794,2526726,3769564.714285714,3806278.8571428573
"2025-11-26 00:00:00",322754,200748,30979,4634,1546137,3457456,3905347.285714286
"2025-11-27 00:00:00",493438,446960,15831,0,2170187,3285953,3690027.285714286
"2025-11-28 00:00:00",158382,550336,23884,12412,1137836,2950078.4285714286,3792880
"2025-11-29 00:00:00",349106,325231,13201,0,1264273,2769845.285714286,3971417.285714286
"2025-11-30 00:00:00",315338,162185,32731,0,3476725,2823666.1428571427,3775440
"2025-12-01 00:00:00",370781,860731,59961,0,3014483,3029133.1428571427,4102667.8571428573
"2025-12-02 00:00:00",559946,295839,33351,8000,1995273,2893098,4015813.714285714
"2025-12-03 00:00:00",439549,363026,14121,14176,2075899,3007600.4285714286,4074088
"2025-12-04 00:00:00",359560,337538,0,0,2578455,3028905.714285714,4288668.857142857
"2025-12-05 00:00:00",92328,223855,5143,0,1768355,3058452.8571428573,4113309.285714286
"2025-12-06 00:00:00",324777,364876,16876,11389,1872400,3149668,4046990
"2025-12-07 00:00:00",185159,466092,5785,5486,2132826,2979435,3886425.8571428573
"2025-12-08 00:00:00",268369,700978,18298,9120,1240236,2683870,3682900.714285714
"2025-12-09 00:00:00",603267,755944,19148,6079,1739980,2717014,3762278.714285714
"2025-12-10 00:00:00",316713,711434,31467,2788,1486855,4069309.714285714,4135102
"2025-12-11 00:00:00",266654,101192,9157,0,1899427,3680930.8571428573,4095996
"2025-12-12 00:00:00",108682,530266,9868,0,1940360,3402690.5714285714,4116436.5714285714
"2025-12-13 00:00:00",412482,333268,56512,0,1730372,3226674.5714285714,3826805.285714286
"2025-12-14 00:00:00",333691,132144,7691,0,2693224,2934576.4285714286,4179676.5714285714
"2025-12-15 00:00:00",447722,710602,14231,20365,2076246,2806794.285714286,3980465
"2025-12-16 00:00:00",644915,375229,6063,0,2934155,2906255.285714286,3965026.714285714
"2025-12-17 00:00:00",144082,465211,0,0,1401184,2829286.5714285714,3764484
"2025-12-18 00:00:00",551388,416311,21351,8392,2210027,2962292.4285714286,3980623.5714285714
"2025-12-19 00:00:00",360247,266254,0,0,1817156,2941504,3948678.8571428573
"2025-12-20 00:00:00",246316,618847,18318,7645,1102870,2864555.5714285714,4203891.714285715
"2025-12-21 00:00:00",412109,787581,14536,0,900778,2714306.1428571427,3929720.4285714286
"2025-12-22 00:00:00",318556,312092,28708,6160,1306879,2529053.1428571427,4120156.285714286
"2025-12-23 00:00:00",503747,508081,2145,9878,2611062,2482560.285714286,3960591.4285714286
"2025-12-24 00:00:00",571619,923708,29917,9846,1505153,2629670,4172354.1428571427
"2025-12-25 00:00:00",414453,812142,11467,18838,1779613,2605247.5714285714,3942212.285714286
"2025-12-26 00:00:00",388877,524366,11119,8028,2997250,2817531,4086691
"2025-12-27 00:00:00",401757,430274,25201,5411,2079995,2953051.5714285714,3880554.4285714286
"2025-12-28 00:00:00",356946,501855,43254,0,2553047,3144494.1428571427,3693450.5714285714
"2025-12-29 00:00:00",720282,266018,27376,9338,1377943,3205717.1428571427,3549668.5714285714
"2025-12-30 00:00:00",471825,526662,22271,10383,2287245,3160499.1428571427,3566201.5714285714
"2025-12-31 00:00:00",241256,396742,5234,8678,3602283,3333920.4285714286,3619101.285714286
"2026-01-01 00:00:00",656148,142599,38203,6835,2624205,3395559.8571428573,3463361.8571428573
"2026-01-02 00:00:00",324365,625875,39851,8028,1549060,3198065.285714286,3347662.285714286
"2026-01-03 00:00:00",502163,799999,6762,3931,2374280,3304422,3371989.285714286
"2026-01-04 00:00:00",330006,906613,11548,20261,2561406,3357955.1428571427,3605038.5714285714
"2026-01-05 00:00:00",657454,316028,17054,0,2395675,3498705.8571428573,3672812.5714285714
"2026-01-06 00:00:00",538079,370702,50461,22504,915988,3295755.4285714286,3807418.714285714
"2026-01-07 00:00:00",401649,431161,3792,12761,2584320,3178539.714285714,3865024.714285714
"2026-01-08 00:00:00",538854,437437,16617,1586,2369001,3163612.1428571427,3962737
"2026-01-09 00:00:00",274945,587474,18586,10812,3658756,3449811.4285714286,4027657.8571428573
"2026-01-10 00:00:00",268759,377513,37473,1341,1621746,3252625.1428571427,4116119.4285714286
"2026-01-11 00:00:00",468106,420205,7826,7848,2338412,3168705.5714285714,4047619.714285714
"2026-01-12 00:00:00",385411,187084,28992,13819,2194921,3086422.1428571427,3940495.8571428573
"2026-01-13 00:00:00",557238,304618,4383,3648,984609,3080245.4285714286,3883852.4285714286
"2026-01-14 00:00:00",309266,515280,24193,5375,1953567,2990816.714285714,3720412.4285714286
"2026-01-15 00:00:00",513293,362752,25024,10135,2550787,3004887.5714285714,3775753.1428571427
"2026-01-16 00:00:00",431367,491868,13509,19743,1982949,2774725.1428571427,3811663.4285714286
"2026-01-17 00:00:00",391557,340101,5763,0,2035317,2841283.1428571427,3675629.1428571427
"2026-01-18 00:00:00",548727,452722,42349,6653,2262245,2851325.8571428573,3669701
"2026-01-19 00:00:00",243382,1179240,58768,8902,1184740,2832012.285714286,3679511.714285714
"2026-01-20 00:00:00",492827,645392,14341,5170,2692059,3117054.285714286,3703326.1428571427
"2026-01-21 00:00:00",358365,561080,15246,13747,3199140,3308468,3771078.285714286
"2026-01-22 00:00:00",316209,587091,77146,7404,1463105,3164034.1428571427,3795768.1428571427
"2026-01-23 00:00:00",545455,273539,37884,15319,2489398,3224342.5714285714,3808647.5714285714
"2026-01-24 00:00:00",294839,454408,22872,10722,1217182,3113954.714285714,3881329.285714286
"2026-01-25 00:00:00",345380,314328,25650,12056,3526111,3244073.1428571427,4147158.1428571427
"2026-01-26 00:00:00",356454,272281,12813,2105,1508018,3169307.285714286,4067801.1428571427
"2026-01-27 00:00:00",570344,34300,8109,7622,2596539,3078896.4285714286,4104170.285714286
"2026-01-28 00:00:00",402399,247258,10660,8606,1314581,2769743.1428571427,3967211.285714286
"2026-01-29 00:00:00",419473,340291,30912,13421,2514977,2775914.714285714,3560302.285714286
"2026-01-30 00:00:00",427146,467555,40065,0,2770122,3934705.1428571427,4272455.428571428
"2026-01-31 00:00:00",375182,1256779,45899,3793,3061927,3975382.4285714286,4277860.285714285
"2026-02-01 00:00:00",447700,631693,11686,4682,2360180,3946447.714285714,4199434.142857143
"2026-02-02 00:00:00",535030,412970,32466,2609,4060874,3999003.1428571427,4205702.142857143
"2026-02-03 00:00:00",499748,507703,44431,2231,1753051,3882194.4285714286,4097522.714285714
"2026-02-04 00:00:00",491472,232941,29812,8362,1973736,3891643.8571428573,4145593.4285714286
"2026-02-05 00:00:00",640832,434483,13721,13035,2705556,3757069.5714285714,4019717.5714285714
"2026-02-06 00:00:00",191057,447980,14408,12239,2633514,3699113.8571428573,4094759
"2026-02-07 00:00:00",425226,567773,7212,4621,2315954,3495857.4285714286,4049543.285714286
"2026-02-08 00:00:00",404837,378357,41830,9336,2285657,3447868.285714286,4166682.285714286
"2026-02-09 00:00:00",390825,803386,0,7593,1858114,3164435.285714286,4201097
"2026-02-10 00:00:00",512108,637174,5682,1865,3929442,3490021.8571428573,4276293.285714285
"2026-02-11 00:00:00",265293,540357,25848,3046,1772127,3471500.285714286,3834994
"2026-02-12 00:00:00",654066,818967,66215,13857,2755205,3543026.285714286,3692612.4285714286
"2026-02-13 00:00:00",510658,652530,4843,0,2584875,3607841.5714285714,3675811.5714285714
"2026-02-14 00:00:00",431287,504276,16474,3793,2427837,3616824.714285714,3571498
"2026-02-15 00:00:00",570954,742447,26507,4388,2550407,3727494,3429603.285714286
"2026-02-16 00:00:00",149567,257102,54710,6850,2988622,3784198.714285714,3467925.8571428573
"2026-02-17 00:00:00",689090,760485,14530,2855,2386408,3608069.714285714,3353869.5714285714
"2026-02-18 00:00:00",726980,728074,23948,11425,2779866,3845729.8571428573,3748080.1428571427
"2026-02-19 00:00:00",643512,1111225,40875,2371,3662867,4010378.4285714286,3936613.285714286
"2026-02-20 00:00:00",442160,620282,16199,0,2433032,3975916.714285714,3954563.4285714286
"2026-02-21 00:00:00",266396,437570,18090,5308,2289889,3923571.714285714,3781360.714285714
"2026-02-22 00:00:00",828020,976580,5544,8078,3433752,4117467.714285714,3710340.8571428573
"2026-02-23 00:00:00",421958,330884,21391,7511,2288511,4062239.714285714,3605221.1428571427
"2026-02-24 00:00:00",608789,970183,9959,10224,1911840,4013329.4285714286,3627973.8571428573
"2026-02-25 00:00:00",724050,535218,39139,0,4484145,4229366.285714285,3541229.8571428573
"2026-02-26 00:00:00",551812,501641,59358,0,1611556,3838440.1428571427,3420773.4285714286
"2026-02-27 00:00:00",494734,755683,6251,8028,3153071,3967882.285714286,3352517.1428571427
"2026-02-28 00:00:00",274629,441895,20223,11221,2996963,4071836.714285714,3519347.8571428573
"2026-03-01 00:00:00",64346,73010,13807,0,207948,3372856.285714286,3398114
"2026-03-02 00:00:00",0,0,0,0,0,2934248.1428571427,3552142.1428571427
"2026-03-03 00:00:00",0,96964,0,0,6701,2447486.4285714286,3617356.714285714
"2026-03-04 00:00:00",43543,18130,0,0,0,1630217.857142857,3490154.5714285714
"2026-03-05 00:00:00",37457,0,5901,0,0,1247216.2857142857,3489599.1428571427
"2026-03-06 00:00:00",0,89328,0,0,0,628867.4285714285,3533199
"2026-03-07 00:00:00",1688,72330,0,0,0,104450.71428571429,3495903.8571428573
"2026-03-08 00:00:00",0,101991,3208,0,0,68177.28571428571,3845907.4285714286
"2026-03-09 00:00:00",0,0,1599,0,154941,90540.28571428571,3731440
"2026-03-10 00:00:00",0,80734,0,4090,42122,93866.14285714286,3601169.8571428573
"2026-03-11 00:00:00",79885,43477,6281,0,51338,110910.28571428571,3524029.1428571427
"2026-03-12 00:00:00",47699,0,0,0,5366,112297,3431485.5714285714
"2026-03-13 00:00:00",0,0,0,0,23880,102947.28571428571,3454244
"2026-03-14 00:00:00",0,0,449,0,0,92437.42857142857,3421147.4285714286
"2026-03-15 00:00:00",0,0,7862,0,348432,128308.14285714286,3097087.285714286
"2026-03-16 00:00:00",0,0,0,0,0,105945.14285714286,3257591.8571428573
"2026-03-17 00:00:00",0,0,449,0,47804,94703.42857142857,3502627.5714285714
"2026-03-18 00:00:00",0,0,0,0,0,68848.85714285714,3689106.714285714
"2026-03-19 00:00:00",0,0,0,0,34576,66207.57142857143,3807757.714285714
"2026-03-20 00:00:00",45674,74945,449,0,118692,3536108.1428571427,2990816.714285714
"2026-03-21 00:00:00",0,0,0,0,0,2907021.285714286,3004887.5714285714
"2026-03-22 00:00:00",0,47219,0,0,0,2451151,2774725.1428571427
"2026-03-23 00:00:00",0,88658,0,0,53593,1849613.5714285714,2841283.1428571427
"2026-03-24 00:00:00",0,0,12988,0,0,1356672.857142857,2851325.8571428573
"2026-03-25 00:00:00",0,0,0,0,0,781765.7142857143,2832012.285714286
"2026-03-26 00:00:00",6722,73148,0,0,0,74584.28571428571,3117054.285714286
"2026-03-27 00:00:00",81281,68784,0,0,0,61770.57142857143,3308468
"2026-03-28 00:00:00",0,97272,0,0,0,75666.57142857143,3164034.1428571427
"2026-03-29 00:00:00",0,117202,2281,0,5464,86770.71428571429,3224342.5714285714
"2026-03-30 00:00:00",157690,0,2169,0,115147,105735.85714285714,3113954.714285714
"2026-03-31 00:00:00",28094,0,2281,0,70842,118340.14285714286,3244073.1428571427
"2026-04-01 00:00:00",0,79292,2340,0,0,130002,3169307.285714286
"2026-04-02 00:00:00",30234,90660,0,0,0,135862.42857142858,3078896.4285714286
"2026-04-03 00:00:00",0,0,2340,0,97195,128644,2769743.1428571427
"2026-04-04 00:00:00",25200,71283,0,0,38238,133994,2843374.8571428573
"2026-04-05 00:00:00",0,30247,1212,0,266704,158739.14285714287,2908659.1428571427
"2026-04-06 00:00:00",3504,73563,0,0,3964,131028.42857142857,3258420.1428571427
"2026-04-07 00:00:00",0,43988,0,0,118890,139837.14285714287,3233064.285714286
"2026-04-08 00:00:00",13358,0,12988,0,0,131939,3628836.8571428573
"2026-04-09 00:00:00",0,82466,12279,0,22735,131451.42857142858,3700891
"2026-04-10 00:00:00",0,0,10961,0,278711,158613.7142857143,3965671.5714285714
"2026-04-11 00:00:00",70087,44690,0,11158,287665,198453.57142857142,4102674.5714285714
"2026-04-12 00:00:00",0,51274,0,0,2004,163469.85714285713,4144064.8571428573
"2026-04-13 00:00:00",32074,39698,3148,0,34634,167544.7142857143,3948137.1428571427
"2026-04-14 00:00:00",69330,31086,3648,0,44920,165560,3850572.8571428573
"2026-04-15 00:00:00",22735,314972,1890,0,6839,211287.42857142858,3599097
"2026-04-16 00:00:00",0,0,3063,0,84152,206963.85714285713,3567448.8571428573
"2026-04-17 00:00:00",0,0,2169,0,37270,171216.42857142858,3628448.5714285714
"2026-04-18 00:00:00",212705,385897,0,0,874185,322528.85714285716,3624226
"2026-04-19 00:00:00",0,0,5189,0,9975,317084.14285714284,3452813.1428571427
"2026-04-20 00:00:00",20045,0,0,0,43459,310505.28571428574,3442012.5714285714
"2026-04-21 00:00:00",0,0,1295,0,71090,299562.28571428574,3655394.285714286
"2026-04-22 00:00:00",72964,47075,1116,0,0,267379.14285714284,3748101.714285714
"2026-04-23 00:00:00",0,33377,1819,0,0,259947.85714285713,3707337
"2026-04-24 00:00:00",52631,38488,12332,0,310377,313432,3884838
"2026-04-25 00:00:00",21242,104441,107,0,42882,127129.85714285714,3866126.5714285714
"2026-04-26 00:00:00",0,164200,0,0,0,148420.57142857142,3852894.5714285714