ID,Title,Description,Category_title,Geometry_Coordinates_1,Date,Time,Split,Long,Lat
EONET_14198,HOPE Wildfire  Stevens  Washington,15 Miles N from KETTLE FALLS  WA,Wildfires,-117.982361  48.821248,7/8/25,16:38:00,12,-117.982361, 48.821248
EONET_14200,Hot Canyon Wildfire  Elko  Nevada,10 Miles NW from Montello  NV,Wildfires,-114.336333  41.368,7/8/25,16:18:00,12,-114.336333, 41.368
EONET_14215,13 MILE FIRE Wildfire  Palm Beach  Florida,21 Miles S from BELLE GLADE  FL,Wildfires,-80.79  26.3833333,7/8/25,15:34:00,7,-80.79, 26.3833333
EONET_14209,UDC Fire Wildfire  Jefferson  Oregon,1 Miles SW from warm springs  OR,Wildfires,-121.288889  44.803444,7/7/25,22:59:00,12,-121.288889, 44.803444
EONET_14199,0482 SUNRISE Wildfire  Crook  Oregon,8 Miles S from Paulina  OR,Wildfires,-120.038167  44.019167,7/7/25,14:45:00,12,-120.038167, 44.019167
EONET_14218,Wheeler Wildfire  Yukon-Koyukuk  Alaska,,Wildfires,-156.631383  66.135283,7/7/25,12:12:00,12,-156.631383, 66.135283
EONET_14196,Sikik Wildfire  Northwest Arctic  Alaska,60 Miles N from Ambler  AK,Wildfires,-158.14  67.97,7/6/25,12:35:00,8,-158.14, 67.97
EONET_14180,Tropical Storm Chantal,,Severe Storms,-78.7  31.1,7/5/25,15:00:00,6,-78.7, 31.1
EONET_14197,Tsukon Wildfire  Yukon-Koyukuk  Alaska,17 Miles NW from Venetie  AK,Wildfires,-146.021117  66.8268,7/4/25,20:43:00,12,-146.021117, 66.8268
EONET_14207,Bartlett Wildfire  Humboldt  Nevada,60 Miles NW from Winnemucca  NV,Wildfires,-118.867117  41.4988,7/4/25,18:31:00,12,-118.867117, 41.4988
EONET_14202,Flicker Wildfire  Phillips  Montana,40 Miles S from Malta  MT,Wildfires,-108.161667  47.621667,7/4/25,14:25:00,12,-108.161667, 47.621667
EONET_14174,Typhoon Danas,,Severe Storms,117.8  20.1,7/4/25,12:00:00,6,117.8, 20.1
EONET_14204,BARBER Wildfire  Pershing  Nevada,11 Miles S from Winnemucca  NV,Wildfires,-117.863733  40.714483,7/4/25,3:33:00,12,-117.863733, 40.714483
EONET_14203,BUTLER Wildfire  Siskiyou  California,10 Miles E from Orleans  CA,Wildfires,-123.410667  41.315333,7/3/25,21:44:00,12,-123.410667, 41.315333
EONET_14210,Uncle Sam Creek Wildfire  Fairbanks North Star  Alaska,20 Miles E from Salcha  AK,Wildfires,-146.271833  64.4515,7/3/25,19:58:00,12,-146.271833, 64.4515
EONET_14205,MARBLE COMPLEX Incident Complex  Siskiyou  California,16 Miles W from Etna  CA,Wildfires,-123.1997222  41.4258333,7/3/25,14:22:00,13,-123.1997222, 41.4258333
EONET_14227,Rx Jasper 3208 Prescribed Fire  Jasper  Texas,,Wildfires,-94.056877  30.778548,7/3/25,13:53:00,11,-94.056877, 30.778548
EONET_14211,Wilder Wildfire  Fergus  Montana,27 Miles NE from Roy  MT,Wildfires,-108.452633  47.556967,7/3/25,1:30:00,12,-108.452633, 47.556967
EONET_14223,Spring Creek Wildfire  Platte  Wyoming,10 Miles S from Douglas  WY,Wildfires,-105.230283  42.604967,7/2/25,20:31:00,12,-105.230283, 42.604967
EONET_14201,APPLE ACRES Wildfire  Chelan  Washington,5 Miles S from Pateros  WA,Wildfires,-119.91205  47.926667,7/2/25,19:37:00,11,-119.91205, 47.926667
EONET_14219,SIEGEL Wildfire  Spokane  Washington,14 Miles S from CHENEY  WA,Wildfires,-117.547016  47.282184,7/2/25,18:52:00,12,-117.547016, 47.282184
EONET_14225,COLD SPRINGS Wildfire  Umatilla  Oregon,12 Miles NE from Hermiston  OR,Wildfires,-119.097306  45.923944,7/2/25,18:50:00,12,-119.097306, 45.923944
EONET_14208,Juniper Wildfire  Yavapai  Arizona,5 Miles W from Black Canyon City  AZ,Wildfires,-112.258333  34.1135,7/2/25,18:11:00,12,-112.258333, 34.1135
EONET_14212,0391 GRIZZLY FLAT Wildfire  Jefferson  Oregon,12 Miles NE from Prineville  OR,Wildfires,-120.950117  44.4813,7/2/25,15:47:00,12,-120.950117, 44.4813
EONET_14206,GREEN Wildfire  Shasta  California,13 Miles E from Lakehead  CA,Wildfires,-122.096717  40.833867,7/2/25,12:19:00,12,-122.096717, 40.833867
EONET_14153,Tropical Storm Mun,,Severe Storms,146.8  25.7,7/2/25,6:00:00,6,146.8, 25.7
EONET_14226,Powder River Wildfire  Johnson  Wyoming,24 Miles NW from Gillette  WY,Wildfires,-106.0963  44.43205,7/1/25,22:56:00,10,-106.0963, 44.43205
EONET_14228,HALL Wildfire  Hot Springs  Wyoming,2 Miles W from Kirby  WY,Wildfires,-108.223028  43.731972,7/1/25,18:30:00,12,-108.223028, 43.731972
EONET_14213,Black Canyon Wildfire  Lake  Oregon,15 Miles E from Plush  OR,Wildfires,-119.591367  42.425033,7/1/25,14:51:00,12,-119.591367, 42.425033
EONET_14214,Mosquito Wildfire  Monroe  Florida,22 Miles W from Homestead  FL,Wildfires,-80.896733  25.533017,7/1/25,13:05:00,11,-80.896733, 25.533017
EONET_14130,JUNIPER Wildfire  Riverside  California,11 Miles W from Gavilan Hills  CA,Wildfires,-117.326132  33.802331,6/30/25,14:29:00,12,-117.326132, 33.802331
EONET_14129,WOLF Wildfire  Riverside  California,2 Miles S from Banning  CA,Wildfires,-116.89443  33.871222,6/29/25,18:30:00,11,-116.89443, 33.871222
EONET_14131,Taylor Draw Wildfire  Carbon  Wyoming,16 Miles W from Hanna  WY,Wildfires,-106.794327  41.853392,6/29/25,1:39:00,12,-106.794327, 41.853392
EONET_14132,Oak Ridge Wildfire  Apache  Arizona,5 Miles SW from Window Rock  AZ,Wildfires,-109.1863889  35.6166667,6/28/25,20:55:00,13,-109.1863889, 35.6166667
EONET_14060,Horse Draw Wildfire  Moffat  Colorado,4 Miles NE from Massadona  CO,Wildfires,-108.598633  40.26395,6/26/25,18:07:00,12,-108.598633, 40.26395
EONET_14082,EVP CP-1 Exotics Rx 0626 Prescribed Fire  Monroe  Florida,,Wildfires,-81.190217  25.6428,6/26/25,8:36:00,11,-81.190217, 25.6428
EONET_14081,EVP CP-1 Exotics Rx 0625 Prescribed Fire  Monroe  Florida,,Wildfires,-81.190217  25.6428,6/25/25,7:39:00,11,-81.190217, 25.6428
EONET_14085,EVER CP-1 Exotics Rx Prescribed Fire  Monroe  Florida,,Wildfires,-81.190217  25.6428,6/25/25,7:17:00,11,-81.190217, 25.6428
EONET_14086,FPR CPT 35 36 Rx 0625 Prescribed Fire  Collier  Florida,,Wildfires,-81.3562  26.204167,6/25/25,7:14:00,9,-81.3562, 26.204167
EONET_14087,OKR Soldiers Camp Island Rx 0625 Prescribed Fire  Ware  Georgia,,Wildfires,-82.210217  30.597533,6/25/25,7:12:00,11,-82.210217, 30.597533
EONET_14072,Indian Prairie Canal (22) Wildfire  Glades  Florida,7 Miles SW from Buckhead Ridge  FL,Wildfires,-80.9752778  27.0647222,6/24/25,21:58:00,12,-80.9752778, 27.0647222
EONET_14098,HENRY GEORGE WEST (29)~ Wildfire  Hillsborough  Florida,9 Miles E from BRANDON  FL,Wildfires,-82.1061111  27.9261111,6/24/25,21:47:00,12,-82.1061111, 27.9261111
EONET_14099,OKR Floyds Island Rx 0624 Prescribed Fire  Charlton  Georgia,,Wildfires,-82.247567  30.86855,6/24/25,6:47:00,11,-82.247567, 30.86855
EONET_14095,Racquet Wildfire  Yukon-Koyukuk  Alaska,,Wildfires,-141.106667  66.326383,6/23/25,17:41:00,12,-141.106667, 66.326383
EONET_14096,BARSTOW ROAD Wildfire  Walla Walla  Washington,12 Miles S from Prescott  WA,Wildfires,-118.34398  46.47261,6/23/25,10:29:00,11,-118.34398, 46.47261
EONET_14062,New Cottonwood Wildfire  Northwest Arctic  Alaska,,Wildfires,-159.64  68.17,6/22/25,22:44:00,8,-159.64, 68.17
EONET_14083,Shortcut Wildfire  Yukon-Koyukuk  Alaska,,Wildfires,-151.537233  65.085039,6/22/25,21:25:00,12,-151.537233, 65.085039
EONET_14100,Ikpikpuk Wildfire  North Slope  Alaska,,Wildfires,-154.87  69.54,6/22/25,13:41:00,8,-154.87, 69.54
EONET_14101,Bronx Wildfire  North Slope  Alaska,,Wildfires,-155.25  69.47,6/22/25,13:09:00,8,-155.25, 69.47
EONET_14070,Nenana Ridge Complex Incident Complex  Fairbanks North Star  Alaska,20 Miles SW from Fairbanks  AK,Wildfires,-148.602775  64.724717,6/22/25,0:19:00,12,-148.602775, 64.724717
EONET_14052,Kirishimayama Volcano  Japan,,Volcanoes,130.862  31.934,6/22/25,0:00:00,8,130.862, 31.934
EONET_14090,Roundabout Complex Incident Complex  Yukon-Koyukuk  Alaska,8 Miles SW from Huslia  AK,Wildfires,-156.590973  65.851001,6/21/25,20:03:00,12,-156.590973, 65.851001
EONET_14071,Yellow Wildfire  Yukon-Koyukuk  Alaska,43 Miles SW from Birch Creek  AK,Wildfires,-146.588333  65.7275,6/21/25,18:32:00,12,-146.588333, 65.7275
EONET_14102,East Gakona River Wildfire  Copper River  Alaska,,Wildfires,-145.008333  62.766833,6/21/25,17:29:00,12,-145.008333, 62.766833
EONET_14061,Sand Lake Wildfire  Southeast Fairbanks  Alaska,44 Miles SE from Delta Junction  AK,Wildfires,-144.365467  63.797167,6/21/25,16:55:00,12,-144.365467, 63.797167
EONET_14063,Kerulu Wildfire  Northwest Arctic  Alaska,,Wildfires,-158.14  66.38,6/21/25,16:47:00,8,-158.14, 66.38
EONET_14064,Tallowpot Wildfire  Northwest Arctic  Alaska,35 Miles NE from Deering  AK,Wildfires,-163.886333  65.887333,6/21/25,13:27:00,12,-163.886333, 65.887333
EONET_14092,McArthur Creek Wildfire  Southeast Fairbanks  Alaska,40 Miles E from Tetlin  AK,Wildfires,-141.210917  63.115533,6/21/25,0:45:00,12,-141.210917, 63.115533
EONET_14077,Ridgeline Wildfire  Southeast Fairbanks  Alaska,48 Miles E from Tok  AK,Wildfires,-141.44  63.378917,6/20/25,23:04:00,8,-141.44, 63.378917
EONET_14093,River Trail Wildfire  Southeast Fairbanks  Alaska,32 Miles NE from Tok  AK,Wildfires,-141.947883  63.4187,6/20/25,23:03:00,12,-141.947883, 63.4187
EONET_14089,Moldy Wildfire  Yukon-Koyukuk  Alaska,null Miles null from null  ,Wildfires,-156.739841  65.582658,6/20/25,22:46:00,12,-156.739841, 65.582658
EONET_14088,Louie Wildfire  Yukon-Koyukuk  Alaska,null Miles null from null  ,Wildfires,-156.743  65.582333,6/20/25,22:41:00,9,-156.743, 65.582333
EONET_14067,Ptarmigan Complex Incident Complex  Yukon-Koyukuk  Alaska,2 Miles S from Central  AK,Wildfires,-144.510988  65.631179,6/20/25,21:51:00,12,-144.510988, 65.631179
EONET_14103,Fish Lake Wildfire  Copper River  Alaska,,Wildfires,-145.97365  62.60625,6/20/25,20:40:00,11,-145.97365, 62.60625
EONET_14073,Porphyry Wildfire  Southeast Fairbanks  Alaska,19 Miles SE from Chicken  AK,Wildfires,-142.5525  64.2,6/20/25,20:34:00,10,-142.5525, 64.2
EONET_14069,Goldstream Creek Wildfire  Yukon-Koyukuk  Alaska,null Miles null from null  ,Wildfires,-148.759167  64.73555,6/20/25,19:57:00,12,-148.759167, 64.73555
EONET_14091,Salmon Trout Wildfire  Yukon-Koyukuk  Alaska,,Wildfires,-141.54  66.83,6/20/25,19:49:00,8,-141.54, 66.83
EONET_14075,Aggie Creek Wildfire  Fairbanks North Star  Alaska,23 Miles NW from Fairbanks  AK,Wildfires,-148.154167  65.122783,6/20/25,19:41:00,12,-148.154167, 65.122783
EONET_14065,Alligator Wildfire  Yukon-Koyukuk  Alaska,null Miles null from null  ,Wildfires,-144.760333  65.636167,6/20/25,18:42:00,12,-144.760333, 65.636167
EONET_14079,Buckley Bar Wildfire  Yukon-Koyukuk  Alaska,,Wildfires,-144.343517  65.368167,6/20/25,18:37:00,12,-144.343517, 65.368167
EONET_14084,Pilot Creek Wildfire  Yukon-Koyukuk  Alaska,74 Miles N from McGrath  AK,Wildfires,-154.8635  63.9605,6/20/25,18:35:00,10,-154.8635, 63.9605
EONET_14094,Susulatna Hills Wildfire  Yukon-Koyukuk  Alaska,48 Miles NE from McGrath  AK,Wildfires,-155.283333  63.583333,6/20/25,18:28:00,12,-155.283333, 63.583333
EONET_14074,Easter Wildfire  North Slope  Alaska,58 Miles W from Anaktuvuk Pass  AK,Wildfires,-153.99  68.05,6/20/25,18:20:00,8,-153.99, 68.05
EONET_14104,Colowyo Wildfire  Moffat  Colorado,30 Miles SW from Craig  CO,Wildfires,-107.829344  40.245916,6/20/25,17:56:00,12,-107.829344, 40.245916
EONET_14057,Hay Wildfire  Yukon-Koyukuk  Alaska,15 Miles SE from Tanana  AK,Wildfires,-151.61  65.1,6/20/25,17:53:00,8,-151.61, 65.1
EONET_14066,Birch Wildfire  Yukon-Koyukuk  Alaska,null Miles null from null  ,Wildfires,-144.221117  65.862217,6/20/25,17:21:00,12,-144.221117, 65.862217
EONET_14080,Christian Wildfire  Yukon-Koyukuk  Alaska,50 Miles NE from Venetie  AK,Wildfires,-144.808  67.337383,6/20/25,17:16:00,9,-144.808, 67.337383
EONET_14058,Richards Wildfire  Yukon-Koyukuk  Alaska,10 Miles W from Huslia  AK,Wildfires,-156.7275  65.685833,6/20/25,14:33:00,10,-156.7275, 65.685833
EONET_14105,Takoma Wildfire  Yukon-Koyukuk  Alaska,,Wildfires,-143.9174  65.4264,6/20/25,12:40:00,10,-143.9174, 65.4264
EONET_14097,Michigan Wildfire  Yukon-Koyukuk  Alaska,22 Miles W from Wiseman  AK,Wildfires,-150.98055  67.471117,6/20/25,12:21:00,11,-150.98055, 67.471117
EONET_14078,Conner Wildfire  Douglas  Nevada,8 Miles SE from Gardnerville  NV,Wildfires,-119.644167  38.8524,6/20/25,9:03:00,12,-119.644167, 38.8524
EONET_14106,EVP HID Rx 0620 Prescribed Fire  Miami-Dade  Florida,,Wildfires,-80.6448  25.3807,6/20/25,7:13:00,9,-80.6448, 25.3807
EONET_14059,Saint George Creek Wildfire  Denali  Alaska,30 Miles SW from Salcha  AK,Wildfires,-147.891533  64.222833,6/20/25,3:06:00,12,-147.891533, 64.222833
EONET_13975,Turtle Wildfire  Yukon-Koyukuk  Alaska,,Wildfires,-144.298667  65.608833,6/20/25,1:55:00,12,-144.298667, 65.608833
EONET_14068,Bonanza Creek Wildfire  Fairbanks North Star  Alaska,22 Miles SW from Fairbanks  AK,Wildfires,-148.446383  64.713883,6/20/25,1:50:00,12,-148.446383, 64.713883
EONET_13973,Ikheenjik Wildfire  Yukon-Koyukuk  Alaska,,Wildfires,-144.234167  65.611833,6/20/25,1:45:00,12,-144.234167, 65.611833
EONET_13970,Forsyth Wildfire  Washington  Utah,30 Miles N from St. George  UT,Wildfires,-113.515417  37.346567,6/19/25,20:59:00,12,-113.515417, 37.346567
EONET_13974,Aniralik Wildfire  Northwest Arctic  Alaska,91 Miles NW from Ambler  AK,Wildfires,-159.735833  68.203333,6/19/25,12:36:00,12,-159.735833, 68.203333
EONET_13988,BCP Mullet B Rx 0619 Prescribed Fire  Collier  Florida,,Wildfires,-81.110883  26.023867,6/19/25,7:08:00,11,-81.110883, 26.023867
EONET_13997,BAER BUCK Emergency Stabilization  Catron  New Mexico,,Wildfires,-108.21086  33.59564,6/18/25,13:21:00,11,-108.21086, 33.59564
EONET_13992,SMR Port Leon West Rx 0618 Prescribed Fire  Wakulla  Florida,,Wildfires,-84.184444  30.144389,6/18/25,9:18:00,11,-84.184444, 30.144389
EONET_13980,SEVEN SPRINGS Wildfire  Otero  New Mexico,5 Miles SE from Mescalero  NM,Wildfires,-105.80735  33.066183,6/17/25,17:57:00,11,-105.80735, 33.066183
EONET_13998,0300 WOLF HOLLOW GILLIAM COUNTY ASSIST Wildfire  Gilliam  Oregon,11 Miles NE from Condon  OR,Wildfires,-120.059  45.3894,6/17/25,17:48:00,9,-120.059, 45.3894
EONET_13972,MONTE Wildfire  San Diego  California,2 Miles W from El Capitan Resorvior  CA,Wildfires,-116.841545  32.891216,6/17/25,17:44:00,12,-116.841545, 32.891216
EONET_13991,Tango Wildfire  Yukon-Koyukuk  Alaska,75 Miles NW from Nikolai  AK,Wildfires,-156.02  63.82,6/17/25,17:37:00,8,-156.02, 63.82
EONET_13993,HelpMeJack Wildfire  Yukon-Koyukuk  Alaska,45 Miles NW from Allakaket  AK,Wildfires,-154.048383  66.868083,6/17/25,15:16:00,12,-154.048383, 66.868083
EONET_13983,Tagagawik Wildfire  Yukon-Koyukuk  Alaska,67 Miles NW from Koyukuk  AK,Wildfires,-159.06  65.66,6/17/25,12:09:00,8,-159.06, 65.66
EONET_13995,BCP Mullet B Rx 0617 Prescribed Fire  Collier  Florida,,Wildfires,-81.110883  26.023867,6/17/25,7:11:00,11,-81.110883, 26.023867
EONET_13969,Telidaside Wildfire  Yukon-Koyukuk  Alaska,,Wildfires,-152.59  63.19,6/16/25,22:17:00,8,-152.59, 63.19
EONET_13996,Hogatza Wildfire  Yukon-Koyukuk  Alaska,37 Miles NW from Allakaket  AK,Wildfires,-153.848333  66.758333,6/16/25,20:41:00,12,-153.848333, 66.758333
EONET_13990,Kawichiark 2 Wildfire  Northwest Arctic  Alaska,33 Miles SW from Shungnak  AK,Wildfires,-158.03627  66.565531,6/16/25,15:33:00,11,-158.03627, 66.565531
EONET_13989,Kawichiark 1 Wildfire  Northwest Arctic  Alaska,33 Miles SW from Shungnak  AK,Wildfires,-158.039  66.565333,6/16/25,15:29:00,9,-158.039, 66.565333
EONET_13979,0291 ALDER SPRINGS Wildfire  Jefferson  Oregon,8 Miles NW from Terrebonne  OR,Wildfires,-121.346667  44.444667,6/16/25,13:38:00,12,-121.346667, 44.444667
EONET_14005,APQ Area 1 Rx 0616 Prescribed Fire  Polk  Florida,,Wildfires,-81.389122  27.710079,6/16/25,9:00:00,11,-81.389122, 27.710079
EONET_14003,BCP Mullet B Rx 0616 Prescribed Fire  Collier  Florida,,Wildfires,-81.0949  26.0679,6/16/25,8:40:00,9,-81.0949, 26.0679
EONET_14009,pouch point Wildfire  Mountrail  North Dakota,,Wildfires,-102.472476  47.981964,6/14/25,16:48:00,12,-102.472476, 47.981964
EONET_14010,pouch point Wildfire  Mountrail  North Dakota,,Wildfires,-102.472476  47.981964,6/14/25,16:21:00,12,-102.472476, 47.981964
EONET_13976,Oskawalik Wildfire  Bethel  Alaska,9 Miles S from Crooked Creek  AK,Wildfires,-158.2245  61.725167,6/14/25,16:19:00,10,-158.2245, 61.725167
EONET_14011,pouch point Wildfire  Mountrail  North Dakota,,Wildfires,-102.472476  47.981964,6/14/25,14:54:00,12,-102.472476, 47.981964
EONET_14007,BCP Mullet B Rx 0614 Prescribed Fire  Collier  Florida,,Wildfires,-81.0949  26.0679,6/14/25,7:21:00,9,-81.0949, 26.0679
EONET_14008,DOGS Wildfire  Kern  California,Poso Creek area off of Hwy 65,Wildfires,-118.93  35.6383333,6/13/25,17:22:00,8,-118.93, 35.6383333
EONET_14001,Mines Spung Wildfire  Burlington  New Jersey,5 Miles SW from Speedwell  NJ,Wildfires,-74.63979  39.74558,6/13/25,16:48:00,10,-74.63979, 39.74558
EONET_13981,Bridge Creek Wildfire  San Juan  Utah,55 Miles NW from Page  AZ,Wildfires,-110.9005556  37.0422222,6/13/25,16:39:00,13,-110.9005556, 37.0422222
EONET_13985,Horse Wildfire  Sublette  Wyoming,7 Miles W from Merna  WY,Wildfires,-110.528967  42.90025,6/13/25,16:18:00,12,-110.528967, 42.90025
EONET_13978,POMAS Wildfire  Chelan  Washington,36 Miles NW from Entiat  WA,Wildfires,-120.723083  48.091433,6/13/25,15:55:00,12,-120.723083, 48.091433
EONET_14012,VANSYCLE CANYON Wildfire  Walla Walla  Washington,12 MILES SE OF BURBANK  WA,Wildfires,-118.82  46.0330556,6/13/25,2:35:00,8,-118.82, 46.0330556
EONET_14000,Gyetta South RX Prescribed Fire  Yavapai  Arizona,,Wildfires,-111.988449  34.37424,6/12/25,18:22:00,12,-111.988449, 34.37424
EONET_13982,BUCK Wildfire  Catron  New Mexico,61 Miles SW from Magdalena  NM,Wildfires,-108.21086  33.59564,6/12/25,11:42:00,11,-108.21086, 33.59564
EONET_13986,Trout Wildfire  Grant  New Mexico,12 Miles N from Silver City  NM,Wildfires,-108.232667  32.979417,6/12/25,10:51:00,12,-108.232667, 32.979417
EONET_14006,VANSYCLE CANYON Wildfire  Walla Walla  Washington,12 MILES SE OF BURBANK,Wildfires,-118.818667  46.029694,6/12/25,10:45:00,12,-118.818667, 46.029694
EONET_13999,0262 FERRY Wildfire  Sherman  Oregon,11 Miles SE from Moro  OR,Wildfires,-120.511167  45.442333,6/12/25,2:36:00,12,-120.511167, 45.442333
EONET_13971,France Canyon Wildfire  Garfield  Utah,7 Miles SE from Hatch  UT,Wildfires,-112.381833  37.548333,6/11/25,20:21:00,12,-112.381833, 37.548333
EONET_14004,Rosencrans Wildfire  Lincoln  Nevada,65 miles SE of Ely  NV,Wildfires,-114.223668  38.409203,6/11/25,16:57:00,12,-114.223668, 38.409203
EONET_13987,ROWENA Wildfire  Wasco  Oregon,2 Miles NW from The Dalles  OR,Wildfires,-121.2892  45.6793,6/11/25,16:45:00,10,-121.2892, 45.6793
EONET_14014,Ollie Roberts Road- Hardee Wildfire  Hardee  Florida,10 Miles W of the Bowling Green  5502 Ollie Roberts Road  Bowling Green  Hardee,Wildfires,-81.9958333  27.6380556,6/11/25,16:11:00,12,-81.9958333, 27.6380556
EONET_13977,Burnt Canyon Wildfire  Lincoln  Nevada,65 Miles SE from Ely  NV,Wildfires,-114.197867  38.296972,6/11/25,16:09:00,12,-114.197867, 38.296972
EONET_13867,Dunes Wildfire  Washington  Idaho,20NM west of Weiser  ID,Wildfires,-117.204583  44.28555,6/3/25,17:46:00,12,-117.204583, 44.28555
EONET_13869,Holly Springs IU 36 1 34 1 RX Prescribed Fire  Marshall  Mississippi,,Wildfires,-89.3482  34.7437,6/3/25,11:47:00,9,-89.3482, 34.7437
EONET_13868,OKR Blackjack Island Rx 0603 Prescribed Fire  Ware  Georgia,,Wildfires,-82.310433  30.654383,6/3/25,8:16:00,11,-82.310433, 30.654383
EONET_13866,Banana Lake Wildfire  Sanders  Montana,Four miles north of Plains  MT,Wildfires,-114.8405  47.514617,5/31/25,20:25:00,10,-114.8405, 47.514617
EONET_13872,SNF E Hamilton C-55 RX Prescribed Fire  Shelby  Texas,,Wildfires,-93.908417  31.619583,5/30/25,12:55:00,11,-93.908417, 31.619583
EONET_13781,RA 2 PAYETTE CO ASHLOCK Wildfire  Payette  Idaho,8 MILES NE PARMA  ID,Wildfires,-116.874085  43.894257,5/29/25,18:50:00,12,-116.874085, 43.894257
EONET_13792,BAR Camp Bowie Rx Prescribed Fire  Brown  Texas,,Wildfires,-98.947678  31.651263,5/29/25,11:12:00,11,-98.947678, 31.651263
EONET_13784,Perchman Wildfire  Putnam  Florida,6 miles North of Salt Springs,Wildfires,-81.720617  29.4605,5/27/25,14:20:00,11,-81.720617, 29.4605
EONET_13785,Paradise Wildfire  Catron  New Mexico,12 miles south of Quemado NM,Wildfires,-108.45813  34.15964,5/26/25,21:30:00,11,-108.45813, 34.15964
EONET_13794,NEW WALES (53) Wildfire  Polk  Florida,Polk County  Bradley Junction  Florida 8.5 MILES SSW OF MULBERRY,Wildfires,-82.0055556  27.7786111,5/26/25,16:53:00,12,-82.0055556, 27.7786111
EONET_13788,Wood Wildfire  Highlands  Florida,25 Miles East of Avon Park  FL,Wildfires,-81.18388  27.63524,5/26/25,10:57:00,10,-81.18388, 27.63524
EONET_13789,BUTTE CREEK Wildfire  Wheeler  Oregon,9 Miles N of Clarno  OR,Wildfires,-120.47939  45.06103,5/25/25,18:44:00,11,-120.47939, 45.06103
EONET_13786,CAMP Wildfire  Lincoln  New Mexico,10 Miles West of Lincoln  NM,Wildfires,-105.54944  33.48351,5/25/25,18:21:00,11,-105.54944, 33.48351
EONET_13791,Kathul Wildfire  Southeast Fairbanks  Alaska,50 miles Northwest of Eagle,Wildfires,-142.19  65.33,5/25/25,12:35:00,8,-142.19, 65.33
EONET_13790,Sandy Wildfire  Monroe  Florida,22 Miles SE of  Everglades City,Wildfires,-81.012333  25.6965,5/24/25,20:55:00,11,-81.012333, 25.6965
EONET_13795,dinwoodie Wildfire  Mountrail  North Dakota,,Wildfires,-102.471636  47.971759,5/24/25,19:15:00,12,-102.471636, 47.971759
EONET_13796,dinwoodie Wildfire  McKenzie  North Dakota,,Wildfires,-102.920559  48.052528,5/24/25,9:34:00,12,-102.920559, 48.052528
EONET_13797,dinwoodie Wildfire  Mountrail  North Dakota,,Wildfires,-102.471636  47.971759,5/23/25,21:41:00,12,-102.471636, 47.971759
EONET_13798,Rx Trinity 2730 Prescribed Fire  Trinity  Texas,,Wildfires,-94.9214  31.3104,5/23/25,15:25:00,9,-94.9214, 31.3104
EONET_13799,RX Compartment 113 East Prescribed Fire  Jasper  Georgia,,Wildfires,-83.701933  33.1714,5/23/25,14:29:00,11,-83.701933, 33.1714
EONET_13782,INN Wildfire  Mono  California,MONO LAKE,Wildfires,-119.154717  38.004533,5/22/25,19:07:00,12,-119.154717, 38.004533
EONET_13783,CODY Wildfire  Pinal  Arizona,ORACLE  AZ,Wildfires,-110.738667  32.5855,5/21/25,19:06:00,12,-110.738667, 32.5855
EONET_13793,Broadway Wildfire  La Paz  Arizona,2 miles from Cibola,Wildfires,-114.709267  33.4004,5/21/25,17:51:00,12,-114.709267, 33.4004
EONET_13800,SNF Hawthorne C 51-52 RX Prescribed Fire  San Augustine  Texas,,Wildfires,-94.093833  31.598917,5/21/25,10:29:00,11,-94.093833, 31.598917
EONET_13656,FD2505120020 Wildfire  Grant  North Dakota,,Wildfires,-101.775204  46.60307,5/19/25,17:26:00,12,-101.775204, 46.60307
EONET_13657,Homochitto BB 67 68 RX Prescribed Fire  Wilkinson  Mississippi,,Wildfires,-91.244  31.272,5/19/25,15:41:00,8,-91.244, 31.272
EONET_13658,RX Kent 2681 Prescribed Fire  Kent  Texas,,Wildfires,-100.9985  33.14225025,5/19/25,13:07:00,10,-100.9985, 33.14225025
EONET_13654,DeSoto BB 7255 North GFP RX Prescribed Fire  Harrison  Mississippi,,Wildfires,-88.957583  30.5882,5/19/25,11:58:00,11,-88.957583, 30.5882
EONET_13659,Rx San Augustine 2664 Prescribed Fire  San Augustine  Texas,,Wildfires,-94.13913  31.19551,5/19/25,11:14:00,10,-94.13913, 31.19551
EONET_13653,Democrat Wildfire  Kern  California,Lower Kern River Canyon,Wildfires,-118.710667  35.480433,5/18/25,18:49:00,12,-118.710667, 35.480433
EONET_13663,APQ Delta Prairie Rx 0517 Prescribed Fire  Highlands  Florida,,Wildfires,-81.3247  27.6377,5/17/25,8:00:00,9,-81.3247, 27.6377
EONET_13661,Bluff Creek Wildfire  Jackson  Mississippi,Larue Community,Wildfires,-88.85055  30.678683,5/16/25,13:53:00,10,-88.85055, 30.678683
EONET_13664,Homochitto BB45sub1 and Pockets of Sub2 RX Prescribed Fire  Franklin  Mississippi,,Wildfires,-91.067  31.388,5/16/25,9:36:00,8,-91.067, 31.388
EONET_13652,RX Mason Valley Fishponds Prescribed Fire  Lyon  Nevada,,Wildfires,-119.100164  39.088992,5/15/25,19:12:00,12,-119.100164, 39.088992
EONET_13666,APQ Rec Area 4 Rx 0515 Prescribed Fire  Highlands  Florida,,Wildfires,-81.297082  27.634061,5/15/25,8:14:00,11,-81.297082, 27.634061
EONET_13660,APQ Rec Area 4 Rx 0514 Prescribed Fire  Highlands  Florida,,Wildfires,-81.290583  27.640992,5/14/25,17:51:00,11,-81.290583, 27.640992
EONET_13665,ACRES Wildfire  Madera  California,,Wildfires,-120.018779  37.08052,5/14/25,17:34:00,12,-120.018779, 37.08052
EONET_13655,Greer Wildfire  Apache  Arizona,3 miles West of Springerville  AZ,Wildfires,-109.4535  34.022333,5/13/25,14:30:00,10,-109.4535, 34.022333
EONET_13771,Karymsky Volcano  Russia,,Volcanoes,159.443  54.049,5/11/25,0:00:00,8,159.443, 54.049
EONET_13511,rx-63 Wildfire  Burnett  Wisconsin,,Wildfires,-92.5959831  45.8489653,5/7/25,9:30:00,12,-92.5959831, 45.8489653
EONET_13513,RX DRAKE RANCH SW Wildfire  Murray  Oklahoma,,Wildfires,-97.1009  34.5366,5/7/25,9:27:00,9,-97.1009, 34.5366
EONET_13514,RX DRAKE RANCH Wildfire  Pottawatomie  Oklahoma,,Wildfires,-97.0822  34.9452,5/7/25,9:19:00,9,-97.0822, 34.9452
EONET_13515,RX PENNER RANCH Wildfire  Murray  Oklahoma,,Wildfires,-96.8809  34.3904,5/7/25,9:17:00,9,-96.8809, 34.3904
EONET_13510,OP-1 Wildfire  Polk  Florida,Avon Park Air Force Range. Recreation Areas 3A  6  North Tactical Range and Nort,Wildfires,-81.269333  27.691167,5/6/25,14:15:00,11,-81.269333, 27.691167
EONET_13521,Darrynane Lake RX Wildfire  Stafford  Kansas,,Wildfires,-98.475833  38.135833,5/5/25,13:13:00,11,-98.475833, 38.135833
EONET_13522,Rx Polk 2488 Wildfire  Polk  Texas,,Wildfires,-94.995  30.79333333,5/5/25,12:18:00,8,-94.995, 30.79333333
EONET_13518,Holly Springs IU 98 sub 1 RX Wildfire  Lafayette  Mississippi,,Wildfires,-89.3419  34.3912,5/5/25,11:39:00,9,-89.3419, 34.3912
EONET_13517,Walden RX Wildfire  Pope  Minnesota,,Wildfires,-95.7197  45.5388,5/5/25,10:19:00,9,-95.7197, 45.5388
EONET_13512,Pouch Point Wildfire  Mountrail  North Dakota,11 miles SW of New Town  ND,Wildfires,-102.411944  47.820556,5/5/25,10:01:00,12,-102.411944, 47.820556
EONET_13519,RX CALE C-25 Wildfire  Rapides  Louisiana,,Wildfires,-92.6565  31.21625,5/5/25,9:34:00,9,-92.6565, 31.21625
EONET_13520,RX KIS C-64 Wildfire  Natchitoches  Louisiana,,Wildfires,-93.100833  31.393056,5/5/25,9:01:00,11,-93.100833, 31.393056
EONET_13505,Iron Wildfire  Catron  New Mexico,38 miles east of Glenwood NM,Wildfires,-108.554967  33.35625,5/4/25,14:31:00,12,-108.554967, 33.35625
EONET_13523,Whelan Lake Block 1&amp; 2 RX Wildfire  Mason  Michigan,,Wildfires,-86.119533  43.906217,5/3/25,9:05:00,11,-86.119533, 43.906217
EONET_13509,Sunset RD Wildfire  Brunswick  North Carolina,2.7 Miles west of Sunny Point Military Ocean Terminal,Wildfires,-78.0778333  34.0228333,5/2/25,20:43:00,12,-78.0778333, 34.0228333
EONET_13404,Rx Polk 2469 Wildfire  Polk  Texas,,Wildfires,-94.99361111  30.79611111,5/2/25,12:12:00,13,-94.99361111, 30.79611111
EONET_13524,Salt Creek Rx Wildfire  Box Elder  Utah,,Wildfires,-112.2465  41.634483,5/2/25,9:51:00,10,-112.2465, 41.634483
EONET_13507,Sawlog Wildfire  Beaverhead  Montana,15NM North East of Wisdom,Wildfires,-113.252778  45.828153,5/1/25,17:21:00,12,-113.252778, 45.828153
EONET_13516,American Creek RX Wildfire  Lyman  South Dakota,,Wildfires,-100.165333  44.082867,5/1/25,14:43:00,12,-100.165333, 44.082867
EONET_13416,Homochitto BB 45 Sub 1 2 RX Wildfire  Franklin  Mississippi,,Wildfires,-91.065  31.389,4/30/25,9:48:00,8,-91.065, 31.389
EONET_13420,Chickasawhay CPT 356 RX Wildfire  Jones  Mississippi,,Wildfires,-88.9543  31.5353,4/30/25,9:35:00,9,-88.9543, 31.5353
EONET_13418,DeSoto BB 7203 East RX Wildfire  Perry  Mississippi,,Wildfires,-88.900278  30.948889,4/29/25,11:15:00,11,-88.900278, 30.948889
EONET_13424,Homochitto BB 36 S Sub 5 RX Wildfire  Wilkinson  Mississippi,,Wildfires,-91.157  31.296,4/29/25,10:13:00,8,-91.157, 31.296
EONET_13422,RX CAT C-32-33-34 Wildfire  Grant  Louisiana,,Wildfires,-92.446146  31.675884,4/29/25,9:47:00,11,-92.446146, 31.675884
EONET_13426,RX KIS C-24-25 Wildfire  Natchitoches  Louisiana,,Wildfires,-93.058133  31.49885,4/29/25,9:17:00,11,-93.058133, 31.49885
EONET_13425,RX CALE C-49 Wildfire  Rapides  Louisiana,,Wildfires,-92.5549  31.0907,4/29/25,9:16:00,9,-92.5549, 31.0907
EONET_13414,ANF Guidrey C 65 RX Wildfire  Angelina  Texas,,Wildfires,-94.32345  31.140417,4/29/25,9:11:00,10,-94.32345, 31.140417
EONET_13410,Horse Heaven Rx Wildfire  Wythe  Virginia,,Wildfires,-81.152033  36.777967,4/29/25,7:36:00,11,-81.152033, 36.777967
EONET_13430,rx-Lapham Good Oak 2025 Wildfire  Waukesha  Wisconsin,,Wildfires,-88.3992015  43.0403647,4/28/25,17:41:00,12,-88.3992015, 43.0403647
EONET_13508,Rainbow Gulch RX Wildfire  El Paso  Colorado,,Wildfires,-105.00087  38.977571,4/28/25,17:07:00,11,-105.00087, 38.977571
EONET_13408,Stronghold Wildfire  Cochise  Arizona,21 Miles East of the town of Benson  AZ.,Wildfires,-109.94154  31.93699,4/28/25,16:42:00,11,-109.94154, 31.93699
EONET_13403,DeSoto BB 7209 Northwest RX Wildfire  Perry  Mississippi,,Wildfires,-88.909333  31.02825,4/28/25,10:56:00,11,-88.909333, 31.02825
EONET_13429,RX CALE C-362 Wildfire  Rapides  Louisiana,,Wildfires,-92.641683  31.171517,4/28/25,9:44:00,11,-92.641683, 31.171517
EONET_13432,RX KIS C-43-44 Wildfire  Natchitoches  Louisiana,,Wildfires,-93.0327  31.477867,4/28/25,9:16:00,9,-93.0327, 31.477867
EONET_13370,Wildfire in Australia 1023712,,Wildfires,127.84730549567904  -17.14074812671574,4/27/25,19:00:00,19,127.84730549567904, -17.14074812671574
EONET_13409,BLACK SWAMP Wildfire  Jones  North Carolina,Jones County  6 miles SE of Maysville  NC,Wildfires,-77.114133  34.862633,4/27/25,13:46:00,11,-77.114133, 34.862633
EONET_13434,Dutch Mill RX Wildfire  Delta  Michigan,,Wildfires,-86.95  46.045333,4/26/25,14:23:00,7,-86.95, 46.045333
EONET_13439,Farrell RX Wildfire  Codington  South Dakota,,Wildfires,-96.973  44.8851,4/26/25,8:34:00,8,-96.973, 44.8851
EONET_13506,RX BOSH JACKPOT Wildfire  Owyhee  Idaho,,Wildfires,-116.559094  42.605363,4/25/25,18:16:00,12,-116.559094, 42.605363
EONET_13428,27 FIRE Wildfire  Broward  Florida,Broward County  Weston  Florida,Wildfires,-80.4502778  26.0847222,4/25/25,14:15:00,12,-80.4502778, 26.0847222
EONET_13436,Bee Island Fire (58) Wildfire  Sarasota  Florida,Myakka State Park: 13208 State Road 72 (Bee Island Primitive Campsite area)  Sar,Wildfires,-82.2608333  27.2613889,4/24/25,20:48:00,12,-82.2608333, 27.2613889
EONET_13419,Thompson Hollow Rd. Wildfire  Adams  Pennsylvania,20 miles SE of Shippensburg PA.,Wildfires,-77.403951  39.988532,4/24/25,16:57:00,11,-77.403951, 39.988532
EONET_13441,Fore Mountain Rx Wildfire  Alleghany  Virginia,,Wildfires,-79.87395  37.843583,4/24/25,7:40:00,10,-79.87395, 37.843583
EONET_13367,Iceberg A23C,,Sea and Lake Ice,-93.08,4/24/25,0:00:00,#VALUE!,#VALUE!,#VALUE!
EONET_13368,Iceberg D36A,,Sea and Lake Ice,86.55  -66.32,4/24/25,0:00:00,6,86.55, -66.32
EONET_13369,Iceberg D36B,,Sea and Lake Ice,86.74  -66.25,4/24/25,0:00:00,6,86.74, -66.25
EONET_13364,Jones Road Wildfire  Ocean  New Jersey,Intersection of Bryant Road and Jones Road,Wildfires,-74.299352  39.795177,4/23/25,8:28:00,11,-74.299352, 39.795177
EONET_13407,Curry Island (22) Wildfire  Glades  Florida,Glades County  Lakeport  Florida,Wildfires,-81.1119444  26.9552778,4/22/25,23:20:00,12,-81.1119444, 26.9552778
EONET_13354,Wildfire in Russian Federation 1023700,,Wildfires,115.29502301512093  52.736950773997876,4/22/25,19:00:00,19,115.29502301512093, 52.736950773997876
EONET_13358,Wildfire in Russian Federation 1023704,,Wildfires,115.89241812894073  52.82836269206902,4/22/25,19:00:00,19,115.89241812894073, 52.82836269206902
EONET_13359,Wildfire in Russian Federation 1023706,,Wildfires,114.45755916743784  52.577230572264625,4/22/25,19:00:00,19,114.45755916743784, 52.577230572264625
EONET_13360,Wildfire in Russian Federation 1023707,,Wildfires,115.90383242124985  52.82842547256827,4/22/25,19:00:00,19,115.90383242124985, 52.82842547256827
EONET_13365,Wildfire in Russian Federation 1023710,,Wildfires,116.28876433875847  53.30396108851382,4/22/25,19:00:00,19,116.28876433875847, 53.30396108851382
EONET_13435,Pines RX Wildfire  Sevier  Utah,,Wildfires,-111.3249  38.990911,4/22/25,13:37:00,10,-111.3249, 38.990911
EONET_13445,NW Prairie South RX Wildfire  Lac qui Parle  Minnesota,,Wildfires,-96.4467  45.2683,4/22/25,12:12:00,9,-96.4467, 45.2683
EONET_13417,Plum Creek Wildfire  Brown  Nebraska,Brown County  5 miles NE of Johnstown  NE,Wildfires,-100.149164  42.599661,4/21/25,19:35:00,12,-100.149164, 42.599661
EONET_13351,Wildfire in Mexico 1023698,,Wildfires,-105.3806890651289  20.196407048537605,4/21/25,19:00:00,19,-105.3806890651289, 20.196407048537605
EONET_13437,LXR Eastside Rx 0419 Wildfire  Palm Beach  Florida,,Wildfires,-80.266617  26.535617,4/21/25,7:14:00,11,-80.266617, 26.535617
EONET_13361,Wildfire in Russian Federation 1023708,,Wildfires,117.19675232910652  52.85817489424867,4/20/25,19:00:00,19,117.19675232910652, 52.85817489424867
EONET_13346,Wildfire in Russian Federation 1023695,,Wildfires,115.4401231497338  52.69555137968115,4/19/25,19:00:00,18,115.4401231497338, 52.69555137968115
EONET_13355,Wildfire in Russian Federation 1023701,,Wildfires,115.29493508953968  53.07150997242144,4/19/25,19:00:00,19,115.29493508953968, 53.07150997242144
EONET_13371,Wildfire in Australia 1023713,,Wildfires,130.3984592929139  -18.45615135360597,4/19/25,19:00:00,18,130.3984592929139, -18.45615135360597
EONET_13440,Hwy 210 Wildfire  Pender  North Carolina,NC 210 &amp;amp;amp; NC117,Wildfires,-77.9211111  34.4394444,4/19/25,18:59:00,12,-77.9211111, 34.4394444
EONET_13433,Danny&#039;s Wildfire  Cumberland  New Jersey,NJ Peaslee Wildlife Management Area  area of  Union Road  Rt. 49 and Mays Landin,Wildfires,-74.94135  39.39074,4/19/25,11:46:00,10,-74.94135, 39.39074
EONET_13362,Wildfire in Cuba 1023709,,Wildfires,-83.91599013339257  22.378108034994153,4/18/25,19:00:00,19,-83.91599013339257, 22.378108034994153
EONET_13363,Wildfire in Russian Federation 1023705,,Wildfires,114.62070789753163  52.753803968987945,4/18/25,19:00:00,19,114.62070789753163, 52.753803968987945
EONET_13232,LIRI FY25 Slant Rock RX Wildfire  Winston  Alabama,,Wildfires,-87.342075  34.097144,4/18/25,10:10:00,11,-87.342075, 34.097144
EONET_13233,rx-51 North Wildfire  Burnett  Wisconsin,,Wildfires,-92.5678007  45.8658224,4/18/25,9:42:00,12,-92.5678007, 45.8658224
EONET_13347,Wildfire in Laos 1023696,,Wildfires,101.5951508074957  20.701027346261032,4/17/25,19:00:00,18,101.5951508074957, 20.701027346261032
EONET_13352,Wildfire in Russian Federation 1023699,,Wildfires,114.64681726406175  52.994791535758885,4/17/25,19:00:00,19,114.64681726406175, 52.994791535758885
EONET_13356,Wildfire in Russian Federation 1023702,,Wildfires,114.84288190763505  53.021292469949714,4/17/25,19:00:00,19,114.84288190763505, 53.021292469949714
EONET_13366,Wildfire in Russian Federation 1023711,,Wildfires,116.14315386682233  53.20736499396486,4/17/25,19:00:00,19,116.14315386682233, 53.20736499396486
EONET_13413,DCNF C. 41/42 RX Wildfire  Houston  Texas,,Wildfires,-95.220302  31.32807,4/17/25,12:27:00,11,-95.220302, 31.32807
EONET_13244,Tombigbee CPT 79 77 RX Wildfire  Winston  Mississippi,,Wildfires,-89.0873  33.2345,4/17/25,10:28:00,9,-89.0873, 33.2345
EONET_13238,RX C1 &amp; C2 Wildfire  Montgomery  Arkansas,,Wildfires,-93.785833  34.47,4/17/25,10:24:00,11,-93.785833, 34.47
EONET_13230,Partridge Two Wildfire  Morrison  Minnesota,8 miles SE of Pierz  MN,Wildfires,-93.92416  45.924063,4/17/25,10:03:00,10,-93.92416, 45.924063
EONET_13245,Bienville CPT 61 63 RX Wildfire  Scott  Mississippi,,Wildfires,-89.433  32.3469,4/17/25,8:53:00,8,-89.433, 32.3469
EONET_13239,RX Stevens Wildfire  Polk  Arkansas,,Wildfires,-94.216111  34.406667,4/17/25,8:46:00,11,-94.216111, 34.406667
EONET_13251,LXR Eastside Rx 0417 Wildfire  Palm Beach  Florida,,Wildfires,-80.266617  26.535617,4/17/25,8:33:00,11,-80.266617, 26.535617
EONET_13246,Fed Park RX Wildfire  Mason  Michigan,,Wildfires,-86.394333  44.1032,4/17/25,8:11:00,11,-86.394333, 44.1032
EONET_13234,Buck Creek Fire Wildfire  Pushmataha  Oklahoma,7 miles W of Dunbar,Wildfires,-95.6883333  34.4569444,4/16/25,23:28:00,12,-95.6883333, 34.4569444
EONET_13250,Mio Prairie RX Wildfire  Oscoda  Michigan,,Wildfires,-84.21381  44.539173,4/16/25,12:16:00,10,-84.21381, 44.539173
EONET_13259,Holly Springs IU 140 1  141 1 RX Wildfire  Yalobusha  Mississippi,,Wildfires,-89.7962  34.0568,4/16/25,11:23:00,9,-89.7962, 34.0568
EONET_13260,RX Alamo 17 Wildfire  Garland  Arkansas,,Wildfires,-93.348056  34.483056,4/16/25,10:11:00,11,-93.348056, 34.483056
EONET_13256,RX Crystal Peninsula &amp; Hickory Nut Wildfire  Garland  Arkansas,,Wildfires,-93.399167  34.556389,4/16/25,10:08:00,11,-93.399167, 34.556389
EONET_13254,RX Bo/Mag Byway Wildfire  Logan  Arkansas,,Wildfires,-93.555413  35.241698,4/16/25,9:40:00,11,-93.555413, 35.241698
EONET_13252,RX CAN C23-28 Wildfire  Webster  Louisiana,,Wildfires,-93.291667  32.694722,4/16/25,9:18:00,11,-93.291667, 32.694722
EONET_13253,RX CAN C-29 Wildfire  Webster  Louisiana,,Wildfires,-93.271667  32.739722,4/16/25,9:12:00,11,-93.271667, 32.739722
EONET_13257,RX Greenhaw Wildfire  Newton  Arkansas,,Wildfires,-93.0302  35.791717,4/16/25,8:43:00,9,-93.0302, 35.791717
EONET_13258,RX Buffalo Road Wildfire  Scott  Arkansas,,Wildfires,-94.110595  34.804925,4/16/25,8:36:00,11,-94.110595, 34.804925
EONET_13444,Site 3 RX A&amp;C Wildfire  Talladega  Alabama,,Wildfires,-86.19299  33.18283,4/16/25,8:27:00,10,-86.19299, 33.18283
EONET_13265,Jail House RX Wildfire  Winston  Alabama,,Wildfires,-87.218833  34.148167,4/16/25,8:26:00,11,-87.218833, 34.148167
EONET_13255,Chase Fuels RX Wildfire  Lake  Michigan,,Wildfires,-85.73175  43.830833,4/16/25,8:20:00,10,-85.73175, 43.830833
EONET_13266,Rx Walker 2224 Wildfire  Walker  Texas,,Wildfires,-95.663252  30.656471,4/16/25,8:18:00,11,-95.663252, 30.656471
EONET_13261,RX Wildcat Hollow East Wildfire  Yell  Arkansas,,Wildfires,-93.483778  34.864556,4/16/25,7:58:00,11,-93.483778, 34.864556
EONET_13224,Wildfire in Australia 1023684,,Wildfires,131.051899825058  -15.835208395563434,4/15/25,19:00:00,17,131.051899825058, -15.835208395563434
EONET_13225,Wildfire in Australia 1023685,,Wildfires,147.2513719027058  -26.15769464967942,4/15/25,19:00:00,18,147.2513719027058, -26.15769464967942
EONET_13229,Picker Flats Fire Wildfire  Adair  Oklahoma,Northeast of Proctor  OK,Wildfires,-94.7805556  35.9522222,4/15/25,18:51:00,12,-94.7805556, 35.9522222
EONET_13241,Bee Rock Creek Wildfire  McDowell  North Carolina,9 Miles Northwest of Marion  NC 9 Miles Northwest of Marion  NC,Wildfires,-82.1080556  35.7994444,4/15/25,17:07:00,12,-82.1080556, 35.7994444
EONET_13274,RX Ross Creek East 3 Wildfire  Scott  Arkansas,,Wildfires,-94.070798  34.824078,4/15/25,13:08:00,11,-94.070798, 34.824078
EONET_13271,RX CAT C-39 Wildfire  Grant  Louisiana,,Wildfires,-92.496831  31.652552,4/15/25,9:47:00,11,-92.496831, 31.652552
EONET_13423,SHNF C. 6/7 RX Wildfire  Montgomery  Texas,,Wildfires,-95.78  30.526667,4/15/25,9:46:00,7,-95.78, 30.526667
EONET_13242,Unit 23 24 26 RX Wildfire  Sherburne  Minnesota,,Wildfires,-93.7184  45.484958,4/15/25,9:36:00,9,-93.7184, 45.484958
EONET_13264,IBSP North RX Wildfire  Lake  Illinois,,Wildfires,-87.809094  42.469322,4/15/25,9:36:00,11,-87.809094, 42.469322
EONET_13267,RX WINN C-23 Wildfire  Winn  Louisiana,,Wildfires,-92.853611  32.0775,4/15/25,9:21:00,11,-92.853611, 32.0775
EONET_13270,ANF Townsend C. 15 RX Wildfire  San Augustine  Texas,,Wildfires,-94.297051  31.357727,4/15/25,9:21:00,11,-94.297051, 31.357727
EONET_13273,RX CALE C-361 Wildfire  Rapides  Louisiana,,Wildfires,-92.614417  31.2002,4/15/25,9:03:00,11,-92.614417, 31.2002
EONET_13235,Hilliardville Wildfire  Wakulla  Florida,Hilliardville,Wildfires,-84.405556  30.2825,4/15/25,8:16:00,11,-84.405556, 30.2825
EONET_13236,Blue Jay Wildfire  Montgomery  Texas,SHNF - COMP. 7 - FM 149 and Bethel road best access is FS Rd. 203,Wildfires,-95.768467  30.52675,4/14/25,21:14:00,11,-95.768467, 30.52675
EONET_13335,Wildfire in Russian Federation 1023690,,Wildfires,114.8419905531358  52.41412557892783,4/14/25,19:00:00,18,114.8419905531358, 52.41412557892783
EONET_13353,Wildfire in Russian Federation 1023697,,Wildfires,115.60038452517517  53.61652896840107,4/14/25,19:00:00,19,115.60038452517517, 53.61652896840107
EONET_13357,Wildfire in Russian Federation 1023703,,Wildfires,114.54748846946387  52.66299807731874,4/14/25,19:00:00,19,114.54748846946387, 52.66299807731874
EONET_13269,Mill Creek RX Wildfire  Jackson  Illinois,,Wildfires,-89.26545  37.607083,4/14/25,17:51:00,10,-89.26545, 37.607083
EONET_13284,FY25 TAPR WP1 RP1 RP2 CH1 CH2 RX BIL Wildfire  Chase  Kansas,,Wildfires,-96.587222  38.421667,4/14/25,17:15:00,11,-96.587222, 38.421667
EONET_13231,West Funk Lagoon WPA Unit RX Wildfire  Phelps  Nebraska,,Wildfires,-99.246068  40.488774,4/14/25,16:22:00,11,-99.246068, 40.488774
EONET_13249,LAST CHANCE Wildfire  Delaware  Oklahoma,4.6 miles E of Kenwood  OK,Wildfires,-94.884444  36.286667,4/14/25,14:43:00,11,-94.884444, 36.286667
EONET_13443,MTMLR-BIL-FY25-RX-Unit 10 Wildfire  Cascade  Montana,,Wildfires,-111.314507  47.681194,4/14/25,12:08:00,12,-111.314507, 47.681194
EONET_13288,Holly Springs IU 131 2  134 1 RX Wildfire  Yalobusha  Mississippi,,Wildfires,-89.8031  33.9393,4/14/25,11:52:00,9,-89.8031, 33.9393
EONET_13247,Double S Middle RX Wildfire  Thomas  Nebraska,,Wildfires,-100.359867  41.793133,4/14/25,11:34:00,12,-100.359867, 41.793133
EONET_13285,RX WINN C-12-19 Wildfire  Natchitoches  Louisiana,,Wildfires,-92.932778  32.106667,4/14/25,11:03:00,11,-92.932778, 32.106667
EONET_13278,Chickasawhay CPT 375 376 RX Wildfire  Wayne  Mississippi,,Wildfires,-88.941389  31.519722,4/14/25,10:07:00,11,-88.941389, 31.519722
EONET_13287,SHNF C 70/72 RX Wildfire  Walker  Texas,,Wildfires,-95.4  30.666667,4/14/25,9:38:00,6,-95.4, 30.666667
EONET_13279,rx-Kincaid Spring Wildfire  Waukesha  Wisconsin,,Wildfires,-88.5287624  43.0023488,4/14/25,9:31:00,12,-88.5287624, 43.0023488
EONET_13281,RX Stob Gap 12 Alexander Mtn 5 Wildfire  Franklin  Arkansas,,Wildfires,-93.9493  35.6928,4/14/25,8:44:00,9,-93.9493, 35.6928
EONET_13282,RX N Bee Rough Wildfire  McCurtain  Oklahoma,,Wildfires,-94.705967  34.254,4/14/25,8:42:00,11,-94.705967, 34.254
EONET_13268,RX Beech Creek C4 C5 C6 Wildfire  Montgomery  Arkansas,,Wildfires,-93.815278  34.483611,4/14/25,8:26:00,11,-93.815278, 34.483611
EONET_13280,RX Wildcat cr/ Barnhart West Wildfire  Yell  Arkansas,,Wildfires,-93.435167  34.897222,4/14/25,8:12:00,11,-93.435167, 34.897222
EONET_13276,South 19th RX Wildfire  Coffey  Kansas,,Wildfires,-95.935554  38.30984,4/13/25,20:17:00,11,-95.935554, 38.30984
EONET_13275,Ceder River Fire Wildfire  Adams  North Dakota,23 miles NE of Hettinger  ND.,Wildfires,-102.2683333  46.0130556,4/13/25,16:56:00,13,-102.2683333, 46.0130556
EONET_13283,rx-78 Wildfire  Burnett  Wisconsin,,Wildfires,-92.6214841  45.8719037,4/13/25,15:27:00,12,-92.6214841, 45.8719037
EONET_13286,Wiregrass RX Wildfire  Clay  Alabama,,Wildfires,-86.170833  33.177222,4/13/25,13:37:00,11,-86.170833, 33.177222
EONET_13349,Raung Volcano  Indonesia,,Volcanoes,114.056  -8.119,4/13/25,0:00:00,8,114.056, -8.119
EONET_13237,HAOE LEAD Wildfire  Graham  North Carolina,Joyce Kilmer Wilderness Area,Wildfires,-83.940333  35.376467,4/12/25,20:37:00,11,-83.940333, 35.376467
EONET_13240,Juniper Swamp Wildfire  Liberty  Florida,NE of Camel Lake,Wildfires,-84.9662  30.296333,4/12/25,19:23:00,9,-84.9662, 30.296333
EONET_13212,Wildfire in Russian Federation 1023674,,Wildfires,114.08487536948236  52.85876699802186,4/12/25,19:00:00,19,114.08487536948236, 52.85876699802186
EONET_13220,Wildfire in Russian Federation 1023680,,Wildfires,112.85675631492883  54.09133382574459,4/12/25,19:00:00,19,112.85675631492883, 54.09133382574459
EONET_13227,Wildfire in Australia 1023687,,Wildfires,140.38448354962398  -21.127638641666138,4/12/25,19:00:00,19,140.38448354962398, -21.127638641666138
EONET_13333,Wildfire in Russian Federation 1023688,,Wildfires,116.44584197002939  53.55760581332528,4/12/25,19:00:00,19,116.44584197002939, 53.55760581332528
EONET_13336,Wildfire in Russian Federation 1023691,,Wildfires,114.36429378830864  52.32867033977128,4/12/25,19:00:00,19,114.36429378830864, 52.32867033977128
EONET_13293,Paur Fire Wildfire  Grand Forks  North Dakota,,Wildfires,-97.427717  48.063989,4/12/25,16:03:00,11,-97.427717, 48.063989
EONET_13295,Maumee RX Wildfire  Jackson  Indiana,,Wildfires,-86.2852  39.0001,4/12/25,15:17:00,9,-86.2852, 39.0001
EONET_13298,Homochitto BB18 South Sub 3 Rx Wildfire  Franklin  Mississippi,,Wildfires,-90.88  31.396,4/12/25,12:55:00,7,-90.88, 31.396
EONET_13297,Holly Springs IU 113 1 RX Wildfire  Lafayette  Mississippi,,Wildfires,-89.3648  34.3892,4/12/25,9:37:00,9,-89.3648, 34.3892
EONET_13294,SHNF COMP 25 26 RX Wildfire  Walker  Texas,,Wildfires,-95.651967  30.57545,4/12/25,9:26:00,11,-95.651967, 30.57545
EONET_13296,Chickasawhay CPT 352 RX Wildfire  Jones  Mississippi,,Wildfires,-88.9828  31.511,4/12/25,9:04:00,9,-88.9828, 31.511
EONET_13208,Wildfire in Chad 1023669,,Wildfires,19.809023388189026  14.983530731412626,4/11/25,19:00:00,19,19.809023388189026, 14.983530731412626
EONET_13213,Wildfire in Russian Federation 1023675,,Wildfires,114.90851611457028  52.92164678793293,4/11/25,19:00:00,19,114.90851611457028, 52.92164678793293
EONET_13222,Wildfire in Sudan 1023682,,Wildfires,32.80721927861062  8.811654251129951,4/11/25,19:00:00,18,32.80721927861062, 8.811654251129951
EONET_13303,Rx San Jacinto 2077 Wildfire  San Jacinto  Texas,,Wildfires,-95.285  30.83055556,4/11/25,18:37:00,8,-95.285, 30.83055556
EONET_13228,Buffalo Wildfire  Dewey  South Dakota,Dewey County  2 miles NW of Marksville  SD,Wildfires,-100.4047222  45.09388889,4/11/25,17:43:00,13,-100.4047222, 45.09388889
EONET_13415,SPA RX - ELK DROP Wildfire  Stevens  Washington,,Wildfires,-118.112957  47.911486,4/11/25,13:58:00,12,-118.112957, 47.911486
EONET_13299,RX Ross Creek East Wildfire  Scott  Arkansas,,Wildfires,-94.112458  34.818835,4/11/25,11:36:00,11,-94.112458, 34.818835
EONET_13438,San Pitch RX Wildfire  Sanpete  Utah,,Wildfires,-111.748036  39.359275,4/11/25,11:11:00,12,-111.748036, 39.359275
EONET_13307,Homochitto BB 18 South Sub 2 3  RX Wildfire  Franklin  Mississippi,,Wildfires,-90.872  31.382,4/11/25,10:07:00,8,-90.872, 31.382
EONET_13262,Compartment 30 RX Wildfire  Bibb  Alabama,,Wildfires,-87.362417  32.950182,4/11/25,10:02:00,11,-87.362417, 32.950182
EONET_13300,RX Eastern 1 S &amp; Camp Clearfork Wildfire  Garland  Arkansas,,Wildfires,-93.354167  34.514444,4/11/25,9:56:00,11,-93.354167, 34.514444
EONET_13301,RX Walnut 12 Wildfire  Montgomery  Arkansas,,Wildfires,-93.408333  34.518889,4/11/25,9:47:00,11,-93.408333, 34.518889
EONET_13311,DCNF C. 39 RX Wildfire  Houston  Texas,,Wildfires,-95.271846  31.31223,4/11/25,9:42:00,11,-95.271846, 31.31223
EONET_13308,RX CALV C-253-254-259 Wildfire  Vernon  Louisiana,,Wildfires,-93.153167  31.02545,4/11/25,9:09:00,11,-93.153167, 31.02545
EONET_13292,rx-Pierce-Jacobson Flowage Wildfire  Walworth  Wisconsin,,Wildfires,-88.6118306  42.7127671,4/11/25,9:07:00,12,-88.6118306, 42.7127671
EONET_13302,RX Rock Creek Wildfire  Van Buren  Arkansas,,Wildfires,-92.800228  35.463975,4/11/25,9:02:00,11,-92.800228, 35.463975
EONET_13304,RX Whiskey Springs North Wildfire  Crawford  Arkansas,,Wildfires,-94.3625  35.7446,4/11/25,8:36:00,9,-94.3625, 35.7446
EONET_13305,RX Bee Knob Wildfire  Yell  Arkansas,,Wildfires,-93.68  34.823056,4/11/25,8:35:00,7,-93.68, 34.823056
EONET_13309,Fishing Bay Wildfire  Dorchester  Maryland,8 miles south of Vienna  MD (Fishing Bay Wildlife Management Area).,Wildfires,-75.98023  38.308702,4/11/25,7:46:00,10,-75.98023, 38.308702
EONET_13310,Guinea Island Wildfire  Dorchester  Maryland,6 miles North of Elliott Island MD (Fishing Bay Wildlife Management Area).,Wildfires,-75.990457  38.379849,4/11/25,7:43:00,11,-75.990457, 38.379849
EONET_13314,Continental Flare Fire Wildfire  McKenzie  North Dakota,,Wildfires,-103.29019  47.877953,4/10/25,19:35:00,11,-103.29019, 47.877953
EONET_13209,Wildfire in Australia 1023670,,Wildfires,122.94855245035775  -22.880015040317137,4/10/25,19:00:00,19,122.94855245035775, -22.880015040317137
EONET_13214,Wildfire in Russian Federation 1023676,,Wildfires,114.87591523782723  52.7984983333058,4/10/25,19:00:00,19,114.87591523782723, 52.7984983333058
EONET_13221,Wildfire in Russian Federation 1023681,,Wildfires,112.13206405044205  52.71342233651401,4/10/25,19:00:00,19,112.13206405044205, 52.71342233651401
EONET_13223,Wildfire in Russian Federation 1023683,,Wildfires,117.81550913150488  53.149974318272875,4/10/25,19:00:00,19,117.81550913150488, 53.149974318272875
EONET_13337,Wildfire in Russian Federation 1023692,,Wildfires,115.6872645343833  52.950340832469216,4/10/25,19:00:00,18,115.6872645343833, 52.950340832469216
EONET_13338,Wildfire in Russian Federation 1023693,,Wildfires,115.64671708494694  53.099330249283696,4/10/25,19:00:00,19,115.64671708494694, 53.099330249283696
EONET_13272,rx-80 Wildfire  Burnett  Wisconsin,,Wildfires,-92.6207464  45.8902911,4/10/25,12:35:00,12,-92.6207464, 45.8902911
EONET_13325,RX Little Creek Wildfire  Franklin  Arkansas,,Wildfires,-94.0267  35.608,4/10/25,11:31:00,9,-94.0267, 35.608
EONET_13321,Tombigbee IU 40s RX Wildfire  Choctaw  Mississippi,,Wildfires,-89.1026  33.2916,4/10/25,10:34:00,9,-89.1026, 33.2916
EONET_13313,RX CAT C-13-14 Wildfire  Grant  Louisiana,,Wildfires,-92.563586  31.715663,4/10/25,9:50:00,11,-92.563586, 31.715663
EONET_13277,Compartment 21 RX Wildfire  Hale  Alabama,,Wildfires,-87.489495  32.968973,4/10/25,9:41:00,11,-87.489495, 32.968973
EONET_13315,RX Smokey Hollow 1 &amp; Smokey Hollow 1 West Wildfire  Montgomery  Arkansas,,Wildfires,-93.63  34.4725,4/10/25,9:26:00,7,-93.63, 34.4725
EONET_13312,SNF Curry Creek E. C. 120 RX Wildfire  Sabine  Texas,,Wildfires,-93.914  31.219667,4/10/25,9:24:00,8,-93.914, 31.219667
EONET_13320,RX Alamo 20 Wildfire  Montgomery  Arkansas,,Wildfires,-93.437222  34.485,4/10/25,9:23:00,11,-93.437222, 34.485
EONET_13323,Homochitto BB 31 Sub 2 RX Wildfire  Amite  Mississippi,,Wildfires,-91.024  31.309,4/10/25,9:16:00,8,-91.024, 31.309
EONET_13319,Chickasawhay CPT 374 376 RX Wildfire  Wayne  Mississippi,,Wildfires,-88.9256  31.5518,4/10/25,9:12:00,9,-88.9256, 31.5518
EONET_13318,RX Wildcat West /  Norris Wildfire  Yell  Arkansas,,Wildfires,-93.527583  34.8665,4/10/25,9:08:00,11,-93.527583, 34.8665
EONET_13324,RX CALV C-256 E Wildfire  Vernon  Louisiana,,Wildfires,-93.185517  31.019883,4/10/25,9:08:00,11,-93.185517, 31.019883
EONET_13316,RX Pilot/Round Mountain Wildfire  Scott  Arkansas,,Wildfires,-94.072071  34.793871,4/10/25,9:03:00,11,-94.072071, 34.793871
EONET_13317,RX Speck Hollow Wildfire  Polk  Arkansas,,Wildfires,-94.245833  34.428333,4/10/25,9:00:00,11,-94.245833, 34.428333
EONET_13306,APQ Rec Area 7 RX 0410 Wildfire  Polk  Florida,,Wildfires,-81.280632  27.645975,4/10/25,8:28:00,11,-81.280632, 27.645975
EONET_13342,Popocatepetl Volcano  Mexico,,Volcanoes,-98.622  19.023,4/10/25,0:00:00,8,-98.622, 19.023
EONET_13243,Dugdale Wildfire  Polk  Minnesota,7 miles SW of Mentor  MN,Wildfires,-96.276928  47.694694,4/9/25,19:06:00,11,-96.276928, 47.694694
EONET_13215,Wildfire in Russian Federation 1023672,,Wildfires,114.97196961601601  52.491306777350324,4/9/25,19:00:00,19,114.97196961601601, 52.491306777350324
EONET_13216,Wildfire in Russian Federation 1023677,,Wildfires,114.95791774075086  52.72668761932433,4/9/25,19:00:00,19,114.95791774075086, 52.72668761932433
EONET_13217,Wildfire in Russian Federation 1023678,,Wildfires,115.13753029199178  52.790086923128584,4/9/25,19:00:00,19,115.13753029199178, 52.790086923128584
EONET_13334,Wildfire in Russian Federation 1023689,,Wildfires,115.84837614880095  52.99781396892192,4/9/25,19:00:00,19,115.84837614880095, 52.99781396892192
EONET_13339,Wildfire in Mexico 1023694,,Wildfires,-106.2514045928239  24.149399752201216,4/9/25,19:00:00,19,-106.2514045928239, 24.149399752201216
EONET_13174,East Kennedy Creek Wildfire  Coffey  Kansas,,Wildfires,-95.821678  38.284253,4/9/25,12:20:00,11,-95.821678, 38.284253
EONET_13248,Salina Canyon East Rx Wildfire  Sevier  Utah,,Wildfires,-111.438133  38.840033,4/9/25,12:09:00,12,-111.438133, 38.840033
EONET_13327,RX Buffalo East Wildfire  Scott  Arkansas,,Wildfires,-94.072071  34.793871,4/9/25,10:45:00,11,-94.072071, 34.793871
EONET_13329,HollySprings IU 51 Sub 1 RX Wildfire  Benton  Mississippi,,Wildfires,-89.1319  34.6799,4/9/25,10:37:00,9,-89.1319, 34.6799
EONET_13402,RX Liberty 1/2 Wildfire  Logan  Arkansas,,Wildfires,-93.5204  35.2178,4/9/25,10:32:00,9,-93.5204, 35.2178
EONET_13176,SHNF C. 09 RX Wildfire  Liberty  Texas,,Wildfires,-95  30,4/9/25,10:30:00,4,-95, 30
EONET_13331,Homochitto BB 29 Sub 2 3 RX Wildfire  Amite  Mississippi,,Wildfires,-90.982  31.266,4/9/25,10:08:00,8,-90.982, 31.266
EONET_13326,Unit 25B RX Wildfire  Sherburne  Minnesota,,Wildfires,-93.694633  45.471467,4/9/25,9:50:00,11,-93.694633, 45.471467
EONET_13322,RX LSF 12 LSF 13 South Mount Ida 17 19 Wildfire  Montgomery  Arkansas,,Wildfires,-93.586667  34.6025,4/9/25,9:15:00,11,-93.586667, 34.6025
EONET_13328,RX HWY 27 Divide &amp; Little Fir Wildfire  Montgomery  Arkansas,,Wildfires,-93.566389  34.596389,4/9/25,9:13:00,11,-93.566389, 34.596389
EONET_13330,Bienville CPT 19 21 RX Wildfire  Scott  Mississippi,,Wildfires,-89.5998  32.4388,4/9/25,8:44:00,9,-89.5998, 32.4388
EONET_13412,Hone Quarry Rx Wildfire  Rockingham  Virginia,,Wildfires,-79.197467  38.478033,4/9/25,7:49:00,11,-79.197467, 38.478033
EONET_13340,Klyuchevskoy Volcano  Russia,,Volcanoes,160.642  56.056,4/9/25,0:00:00,8,160.642, 56.056
EONET_13341,Poas Volcano  Costa Rica,,Volcanoes,-84.233  10.2,4/9/25,0:00:00,8,-84.233, 10.2
EONET_13421,DTAW Oklahoma Rx Wildfire  Southeast Fairbanks  Alaska,,Wildfires,-146.3023  64.00716,4/8/25,19:17:00,10,-146.3023, 64.00716
EONET_13204,Wildfire in Australia 1023668,,Wildfires,150.7816781421846  -27.82695393499989,4/8/25,19:00:00,18,150.7816781421846, -27.82695393499989
EONET_13218,Wildfire in Russian Federation 1023679,,Wildfires,114.74266010781862  52.70194991037984,4/8/25,19:00:00,19,114.74266010781862, 52.70194991037984
EONET_13406,DTAE Jarvis Rx Wildfire  Southeast Fairbanks  Alaska,,Wildfires,-145.6726  63.98684,4/8/25,18:54:00,10,-145.6726, 63.98684
EONET_13431,DTAE Bolio Rx Wildfire  Southeast Fairbanks  Alaska,,Wildfires,-145.9018  63.86224,4/8/25,18:49:00,10,-145.9018, 63.86224
EONET_13178,Oil Well Rd Fire Wildfire  Conecuh  Alabama,Oil Well Road,Wildfires,-86.87  31.325,4/8/25,18:04:00,7,-86.87, 31.325
EONET_13173,Chester Dry Hole Rx Wildfire  Lyman  South Dakota,,Wildfires,-100.3325  44.0295,4/8/25,10:58:00,10,-100.3325, 44.0295
EONET_13171,Wildfire in Australia 1023665,,Wildfires,126.2624324416444  -18.313152950049247,4/7/25,19:00:00,18,126.2624324416444, -18.313152950049247
EONET_13205,Wildfire in Australia 1023666,,Wildfires,128.00600287941901  -17.876326107999237,4/7/25,19:00:00,19,128.00600287941901, -17.876326107999237
EONET_13210,Wildfire in Russian Federation 1023671,,Wildfires,115.3353324532225  52.92842706034211,4/7/25,19:00:00,18,115.3353324532225, 52.92842706034211
EONET_13177,US 160 Wildfire  Las Animas  Colorado,13 miles east of Kim  CO,Wildfires,-103.116078  37.279192,4/7/25,15:49:00,12,-103.116078, 37.279192
EONET_13427,Brushy Mountain Unit 1 RX Wildfire  Greenbrier  West Virginia,,Wildfires,-80.223591  37.8524,4/7/25,15:44:00,11,-80.223591, 37.8524
EONET_13180,JPEC SFWA RX Wildfire  Cass  Illinois,,Wildfires,-90.0714  40.00148,4/7/25,9:49:00,9,-90.0714, 40.00148
EONET_13168,Wildfire in Australia 1023662,,Wildfires,150.57303310673927  -27.937221640087028,4/6/25,19:00:00,19,150.57303310673927, -27.937221640087028
EONET_13206,Wildfire in Australia 1023667,,Wildfires,128.12559035975508  -19.82053675307677,4/6/25,19:00:00,19,128.12559035975508, -19.82053675307677
EONET_13226,Wildfire in Mexico 1023686,,Wildfires,-107.11614724507183  25.170351301225466,4/6/25,19:00:00,20,-107.11614724507183, 25.170351301225466
EONET_13411,RX Piedmont 4C/12A/13E/13W Wildfire  Jasper  Georgia,,Wildfires,-83.7743  33.1403,4/5/25,10:32:00,9,-83.7743, 33.1403
EONET_13167,Wildfire in Kazakhstan 1023661,,Wildfires,63.21636929186875  52.368734257434795,4/4/25,19:00:00,18,63.21636929186875, 52.368734257434795
EONET_13183,25 BP6 BP7 BIL RX Wildfire  Chase  Kansas,,Wildfires,-96.5575  38.4325,4/4/25,15:54:00,9,-96.5575, 38.4325
EONET_13182,KSQUR 12B/RenoCounty RX Wildfire  Stafford  Kansas,,Wildfires,-98.475833  38.135833,4/4/25,15:15:00,11,-98.475833, 38.135833
EONET_13169,Wildfire in Russian Federation 1023663,,Wildfires,111.74255591311103  52.463669983173354,4/3/25,19:00:00,19,111.74255591311103, 52.463669983173354
EONET_13170,Wildfire in Russian Federation 1023664,,Wildfires,111.9953545111522  52.58287942238706,4/3/25,19:00:00,18,111.9953545111522, 52.58287942238706
EONET_13219,Wildfire in Mexico 1023673,,Wildfires,-98.37408521130905  23.297738540677937,4/3/25,19:00:00,19,-98.37408521130905, 23.297738540677937
EONET_13186,Rx Lamar 1944 Wildfire  Lamar  Texas,,Wildfires,-95.68449  33.811122,4/3/25,15:38:00,10,-95.68449, 33.811122
EONET_13185,Bienville CPT 29 RX Wildfire  Scott  Mississippi,,Wildfires,-89.6629  32.5425,4/3/25,11:17:00,9,-89.6629, 32.5425
EONET_13187,APQ Rec Area 4 Rx 0402 Wildfire  Polk  Florida,,Wildfires,-81.316853  27.66313,4/2/25,8:10:00,11,-81.316853, 27.66313
EONET_13192,South Tripp Wildfire  Tripp  South Dakota,,Wildfires,-99.778967  43.069733,4/1/25,10:57:00,11,-99.778967, 43.069733
EONET_13193,4108 Wildfire  McKenzie  North Dakota,,Wildfires,-103.361  48.0087,4/1/25,10:55:00,9,-103.361, 48.0087
EONET_13188,RX BO/MAG Prairie South 1 &amp; 5 Wildfire  Yell  Arkansas,,Wildfires,-93.375983  35.150441,4/1/25,9:51:00,11,-93.375983, 35.150441
EONET_13189,RX LSF11 Mazarn Mountain Wildfire  Montgomery  Arkansas,,Wildfires,-93.558611  34.493056,4/1/25,9:15:00,11,-93.558611, 34.493056
EONET_13191,RX LFS 2 Fulton Branch Wildfire  Montgomery  Arkansas,,Wildfires,-93.586667  34.6025,4/1/25,9:15:00,11,-93.586667, 34.6025
EONET_13172,East Marsh Wildfire  Volusia  Florida,1 Mile West of Deland,Wildfires,-81.371102  29.106946,3/31/25,22:40:00,11,-81.371102, 29.106946
EONET_13194,32nd St Wildfire  McKenzie  North Dakota,,Wildfires,-103.2919  47.8777,3/31/25,21:40:00,10,-103.2919, 47.8777
EONET_13195,Rx Shelby 1813 Wildfire  Shelby  Texas,,Wildfires,-94.00119  31.70188,3/31/25,15:33:00,10,-94.00119, 31.70188
EONET_13196,Workman Fork of Harts Creek Wildfire  Lincoln  West Virginia,14.1 MILES SW OF FERRELLSBURG,Wildfires,-82.09927  38.000989,3/31/25,14:33:00,10,-82.09927, 38.000989
EONET_13201,RX BLUE RIVER RTRL GADDIS Wildfire  Pontotoc  Oklahoma,,Wildfires,-96.485278  34.774167,3/31/25,11:51:00,11,-96.485278, 34.774167
EONET_13202,rx-Lapham Good Oak 2025 Wildfire  Waukesha  Wisconsin,,Wildfires,-88.3992015  43.0403647,3/31/25,10:31:00,12,-88.3992015, 43.0403647
EONET_13179,Bull Wildfire  Graham  Arizona,White City in Bylas,Wildfires,-110.105389  33.124583,3/30/25,22:56:00,12,-110.105389, 33.124583
EONET_13203,RX OKSLR-HFR-FY25 Unit A Wildfire  Alfalfa  Oklahoma,,Wildfires,-98.20825  36.828917,3/30/25,8:36:00,10,-98.20825, 36.828917
EONET_13165,Wildfire in Mexico 1023659,,Wildfires,-103.2098295601545  21.605404754101592,3/29/25,19:00:00,19,-103.2098295601545, 21.605404754101592
EONET_13190,WHITE HORN Wildfire  Osage  Oklahoma,5 miles E of Barnsdall  OK,Wildfires,-96.08502  36.54464,3/29/25,16:51:00,10,-96.08502, 36.54464
EONET_13181,North Carolina Table Rock Fire Wildfire  Transylvania  North Carolina,,Wildfires,-82.6981667  35.0958333,3/29/25,15:28:00,12,-82.6981667, 35.0958333
EONET_13162,Wildfire in Myanmar 1023656,,Wildfires,92.76503877746704  21.894352137316375,3/28/25,19:00:00,18,92.76503877746704, 21.894352137316375
EONET_13164,Wildfire in Thailand 1023658,,Wildfires,97.7073078944757  18.184866698944987,3/28/25,19:00:00,17,97.7073078944757, 18.184866698944987
EONET_13198,N Maxwell RD Wildfire  Cherry  Nebraska,Approximately 10 miles of Maxwell on N.Maxwell Rd extending north and north east,Wildfires,-100.52378  42.226316,3/28/25,18:41:00,11,-100.52378, 42.226316
EONET_13197,rx-H&amp;L West Wildfire  Rock  Wisconsin,,Wildfires,-89.3539239  42.5327252,3/28/25,17:28:00,12,-89.3539239, 42.5327252
EONET_13184,NEVAR-FY25-WF-Dads Lake Wildfire  Cherry  Nebraska,South and west of Dads Lake  Valentine NWR,Wildfires,-100.683474  42.49905157,3/28/25,15:58:00,12,-100.683474, 42.49905157
EONET_13128,Oakland Wildfire  Berkeley  South Carolina,3 miles west of Pineville  SC,Wildfires,-80.0936111  33.4361111,3/28/25,14:46:00,12,-80.0936111, 33.4361111
EONET_13129,MIDWAY Wildfire  Orange  Florida,WEST SIDE OF ST JOHN&#039;S RIVER/ NORTH SIDE OF SR 50,Wildfires,-80.9422222  28.5455556,3/28/25,14:28:00,12,-80.9422222, 28.5455556
EONET_13130,rx-Unit 2 Wildfire  Kenosha  Wisconsin,,Wildfires,-88.1409602  42.6456877,3/28/25,13:47:00,12,-88.1409602, 42.6456877
EONET_13134,Historia Wildfire  Grant  Kansas,Historia LN  approx 1 mile east of Ulysses  Grant County  KS,Wildfires,-101.318466  37.572977,3/28/25,9:35:00,12,-101.318466, 37.572977
EONET_13136,RX Mason 1840 Wildfire  Mason  Texas,,Wildfires,-99.46019  30.69137,3/28/25,9:22:00,10,-99.46019, 30.69137
EONET_13137,Happy Hill Road Fire Wildfire  Pittsburg  Oklahoma,8 miles SE of McAlester,Wildfires,-95.5783333  34.7827778,3/28/25,5:09:00,12,-95.5783333, 34.7827778
EONET_13140,12-LEMA-SPA Wildfire  Cleveland  Oklahoma,,Wildfires,-97.148972  35.23225,3/27/25,19:16:00,11,-97.148972, 35.23225
EONET_13143,Rattlesnake Branch Wildfire  Haywood  North Carolina,Cruso community approx 11 miles SE of Waynesville,Wildfires,-82.8144444  35.4138889,3/27/25,10:42:00,12,-82.8144444, 35.4138889
EONET_13135,rx-Pierce-Jacobson Flowage Wildfire  Walworth  Wisconsin,,Wildfires,-88.6118306  42.7127671,3/27/25,10:04:00,12,-88.6118306, 42.7127671
EONET_13133,SOUTH TIGER Wildfire  McIntosh  Oklahoma,8.75 miles SE of Henryetta  OK,Wildfires,-95.834722  35.3875,3/27/25,8:45:00,11,-95.834722, 35.3875
EONET_13117,Wildfire in Venezuela 1023642,,Wildfires,-63.03643894644657  9.083553661344526,3/26/25,19:00:00,19,-63.03643894644657, 9.083553661344526
EONET_13156,Wildfire in Venezuela 1023651,,Wildfires,-67.39166547118292  7.6926427739119845,3/26/25,19:00:00,19,-67.39166547118292, 7.6926427739119845
EONET_13150,OKR Rowells Island Rx 0326 Wildfire  Clinch  Georgia,,Wildfires,-82.522483  30.840383,3/26/25,14:42:00,11,-82.522483, 30.840383
EONET_13147,SQUIRREL Wildfire  Hughes  Oklahoma,4.5 miles W of Dustin  OK,Wildfires,-96.103333  35.2375,3/26/25,10:54:00,11,-96.103333, 35.2375
EONET_13151,RX Kleberg 1838 Wildfire  Kleberg  Texas,,Wildfires,-97.44996  27.450144,3/26/25,10:22:00,10,-97.44996, 27.450144
EONET_13139,ALARKA #5 Wildfire  Swain  North Carolina,5 miles of S of Bryson City,Wildfires,-83.4169444  35.3588889,3/26/25,9:09:00,12,-83.4169444, 35.3588889
EONET_13146,Crusoe Island Rd Wildfire  Columbus  North Carolina,NE of Crusoe Island Rd/S of Lake Waccamaw State Park,Wildfires,-78.5515  34.2021667,3/26/25,8:38:00,9,-78.5515, 34.2021667
EONET_13127,Fisherman&#039;s Corner Fire Wildfire  Haskell  Oklahoma,32 miles west of Ft Smith  AR,Wildfires,-95.0038889  35.29,3/25/25,23:58:00,12,-95.0038889, 35.29
EONET_13154,FD2503100008 Wildfire  Morton  North Dakota,,Wildfires,-101.822111  46.813839,3/25/25,19:26:00,12,-101.822111, 46.813839
EONET_13131,RED HILL Wildfire  McIntosh  Oklahoma,3 miles SE of Salem  OK,Wildfires,-95.88  35.352222,3/25/25,19:14:00,7,-95.88, 35.352222
EONET_13159,Wildfire in Colombia 1023654,,Wildfires,-69.98978150030135  6.472207061526475,3/25/25,19:00:00,19,-69.98978150030135, 6.472207061526475
EONET_13166,Wildfire in Thailand 1023660,,Wildfires,97.91715298776595  19.184945665656038,3/25/25,19:00:00,18,97.91715298776595, 19.184945665656038
EONET_13149,Cottonwood Wildfire  Roosevelt  Montana,SW of Brockton,Wildfires,-105.04257  48.10692,3/25/25,18:53:00,11,-105.04257, 48.10692
EONET_13142,Long Ridge Unit 45 RX Wildfire  Athens  Ohio,,Wildfires,-82.167159  39.450881,3/25/25,12:23:00,11,-82.167159, 39.450881
EONET_13155,RX SEQUOYAH HUNTING PRESERVE 3 Wildfire  Sequoyah  Oklahoma,,Wildfires,-94.668333  35.533333,3/25/25,11:46:00,11,-94.668333, 35.533333
EONET_13132,WALNUT Wildfire  Okfuskee  Oklahoma,4.75 miles N of Boley  OK,Wildfires,-96.491111  35.557222,3/25/25,11:34:00,11,-96.491111, 35.557222
EONET_13153,Northeast Prairie 2 RX Wildfire  Will  Illinois,,Wildfires,-88.018483  41.38635,3/25/25,10:40:00,11,-88.018483, 41.38635
EONET_13148,Salt Creek Fire Wildfire  Sequoyah  Oklahoma,13 air miles NE of Sallisaw  OK,Wildfires,-94.5980556  35.5808333,3/25/25,9:20:00,12,-94.5980556, 35.5808333
EONET_13152,Bridges Hollow RX Wildfire  Texas  Missouri,,Wildfires,-92.024248  37.434739,3/25/25,9:11:00,11,-92.024248, 37.434739
EONET_13145,Blue Water Tower Fire Wildfire  Haskell  Oklahoma,36 miles west of Ft Smith  AR,Wildfires,-95.0405556  35.3772222,3/24/25,21:58:00,12,-95.0405556, 35.3772222
EONET_13114,Wildfire in Central African Republic 1023638,,Wildfires,23.70249835312588  6.034291724755281,3/24/25,19:00:00,18,23.70249835312588, 6.034291724755281
EONET_13118,Wildfire in Laos 1023644,,Wildfires,101.4376784672243  18.667007018674028,3/24/25,19:00:00,18,101.4376784672243, 18.667007018674028
EONET_13119,Wildfire in Venezuela 1023643,,Wildfires,-62.561684694837886  8.602967944408825,3/24/25,19:00:00,20,-62.561684694837886, 8.602967944408825
EONET_13163,Wildfire in India 1023657,,Wildfires,91.87846739769266  23.72915241526437,3/24/25,19:00:00,18,91.87846739769266, 23.72915241526437
EONET_13138,Table Rock Complex Wildfire  Greenville  South Carolina,4 miles NE of Sunset  SC in Table Rock State Park &amp;amp;amp; Caesars Head State Park.,Wildfires,-82.645834  35.064545,3/24/25,15:40:00,11,-82.645834, 35.064545
EONET_13141,Cabin Gulch Rx Wildfire  Lewis and Clark  Montana,,Wildfires,-111.766617  46.75,3/24/25,13:34:00,12,-111.766617, 46.75
EONET_13068,Rx Anderson 1332 Wildfire  Anderson  Texas,,Wildfires,-95.8975  31.91333333,3/24/25,10:10:00,9,-95.8975, 31.91333333
EONET_13070,RX KULLIHOMA Wildfire  Pontotoc  Oklahoma,,Wildfires,-96.4597  34.7797,3/24/25,9:06:00,9,-96.4597, 34.7797
EONET_13066,Pelham Ridge RX Wildfire  Taney  Missouri,,Wildfires,-92.795167  36.722833,3/24/25,9:04:00,11,-92.795167, 36.722833
EONET_13071,RX BLUE RIVER RTRL Wildfire  Johnston  Oklahoma,,Wildfires,-96.653593  34.498357,3/24/25,9:01:00,11,-96.653593, 34.498357
EONET_13069,California Branch Wildfire  Camden  New Jersey,Wharton State Forest  area of Raritan Avenue and 5-Mile Crossing Road,Wildfires,-74.814702  39.762809,3/24/25,8:47:00,11,-74.814702, 39.762809
EONET_13057,Reno Wildfire  Johnson  Wyoming,8 mile north east  of Kaycee Wy,Wildfires,-106.411167  43.814028,3/23/25,19:19:00,12,-106.411167, 43.814028
EONET_13112,Wildfire in Myanmar 1023635,,Wildfires,92.68472384031173  21.452035528128153,3/23/25,19:00:00,18,92.68472384031173, 21.452035528128153
EONET_13120,Wildfire in Laos 1023646,,Wildfires,101.44558015055293  18.67866530294045,3/23/25,19:00:00,19,101.44558015055293, 18.67866530294045
EONET_13079,RX OKSTR-FY25-HFR-MURRAY 23 Wildfire  Johnston  Oklahoma,,Wildfires,-96.622222  34.198056,3/23/25,9:52:00,11,-96.622222, 34.198056
EONET_13073,Rocktown Fire Wildfire  Pushmataha  Oklahoma,7 miles E of Daisy,Wildfires,-95.6158333  34.5419444,3/23/25,1:38:00,12,-95.6158333, 34.5419444
EONET_13121,Wildfire in Laos 1023647,,Wildfires,102.54882963797722  19.461470788368985,3/22/25,19:00:00,19,102.54882963797722, 19.461470788368985
EONET_13122,Wildfire in Laos 1023648,,Wildfires,102.79765066067785  19.488966951697932,3/22/25,19:00:00,19,102.79765066067785, 19.488966951697932
EONET_13123,Wildfire in Nigeria 1023641,,Wildfires,14.376242723699596  11.775278612628606,3/22/25,19:00:00,19,14.376242723699596, 11.775278612628606
EONET_13160,Wildfire in Mexico 1023655,,Wildfires,-106.28871134948328  24.301525028514796,3/22/25,19:00:00,20,-106.28871134948328, 24.301525028514796
EONET_13065,Flat Rock Wildfire  Benton  Mississippi,5 Miles west of Blue Mountain  MS,Wildfires,-89.109451  34.677404,3/22/25,18:20:00,11,-89.109451, 34.677404
EONET_13064,Rock Springs Wildfire  Whitley  Kentucky,5 miles Southeast of Williamsburg KY.,Wildfires,-84.03447  36.69066,3/22/25,14:04:00,10,-84.03447, 36.69066
EONET_13078,BOAR CREEK Wildfire  Osage  Oklahoma,,Wildfires,-96.293344  36.359739,3/22/25,12:27:00,11,-96.293344, 36.359739
EONET_13059,TABLE ROCK Wildfire  Pickens  South Carolina,4 miles NE of Sunset  South Carolina in Table Rock State Park,Wildfires,-82.71055  35.036733,3/22/25,11:42:00,10,-82.71055, 35.036733
EONET_13080,Hampton RX Wildfire  Williamson  Illinois,,Wildfires,-89.074098  37.696926,3/22/25,10:52:00,11,-89.074098, 37.696926
EONET_13060,THREE CHIEFS Wildfire  Delaware  Oklahoma,Three miles east of Kenwood  OK.,Wildfires,-94.856667  36.295278,3/22/25,10:39:00,11,-94.856667, 36.295278
EONET_13085,Rx Trinity 1414 Wildfire  Trinity  Texas,,Wildfires,-94.9651  31.3208,3/22/25,10:09:00,9,-94.9651, 31.3208
EONET_13086,Rx Trinity 1498 Wildfire  Trinity  Texas,,Wildfires,-94.9214  31.3104,3/22/25,10:09:00,9,-94.9214, 31.3104
EONET_13050,Wildfire in Chile 1023627,,Wildfires,-110.6301098,3/21/25,19:00:00,#VALUE!,#VALUE!,#VALUE!
EONET_13051,Wildfire in Chile 1023624,,Wildfires,-110.9252572,3/21/25,19:00:00,#VALUE!,#VALUE!,#VALUE!
EONET_13108,Wildfire in Republic of Korea 1023633,,Wildfires,128.51581898898687  36.41224104811645,3/21/25,19:00:00,19,128.51581898898687, 36.41224104811645
EONET_13109,Wildfire in Republic of Korea 1023634,,Wildfires,128.75191521559861  36.38554453975656,3/21/25,19:00:00,19,128.75191521559861, 36.38554453975656
EONET_13110,Wildfire in Republic of Korea 1023626,,Wildfires,127.84673735799682  35.23280662853817,3/21/25,19:00:00,19,127.84673735799682, 35.23280662853817
EONET_13113,Wildfire in India  Bangladesh 1023636,,Wildfires,92.61231032581605  22.115586717309117,3/21/25,19:00:00,18,92.61231032581605, 22.115586717309117
EONET_13115,Wildfire in Central African Republic 1023637,,Wildfires,24.10706378396439  7.091113536538049,3/21/25,19:00:00,18,24.10706378396439, 7.091113536538049
EONET_13124,Wildfire in Myanmar 1023645,,Wildfires,97.12991919011898  20.246505139283567,3/21/25,19:00:00,18,97.12991919011898, 20.246505139283567
EONET_13157,Wildfire in Myanmar  Thailand 1023650,,Wildfires,97.42091148546493  18.426918684578474,3/21/25,19:00:00,18,97.42091148546493, 18.426918684578474
EONET_13161,Wildfire in Myanmar 1023653,,Wildfires,97.29274591499903  18.47685293245474,3/21/25,19:00:00,18,97.29274591499903, 18.47685293245474
EONET_13091,Pearl River 162 Miracle Mile Rd Wildfire  Pearl River  Mississippi,Approx 3 mile south of Hwy 26,Wildfires,-89.5861111  30.7913889,3/21/25,11:09:00,12,-89.5861111, 30.7913889
EONET_13088,SMR CPT 300 301 302 308 Rx 0321 Wildfire  Wakulla  Florida,,Wildfires,-84.440611  30.040111,3/21/25,8:33:00,11,-84.440611, 30.040111
EONET_13087,PALE ROCK Wildfire  Osage  Oklahoma,7 1/2 miles SW of Elgin  KS,Wildfires,-96.397764  36.929438,3/21/25,7:59:00,11,-96.397764, 36.929438
EONET_13052,Wildfire in Chile 1023628,,Wildfires,-111.2888142,3/20/25,19:00:00,#VALUE!,#VALUE!,#VALUE!
EONET_13053,Wildfire in Republic of Korea 1023629,,Wildfires,127.8049379624935  35.260560217576185,3/20/25,19:00:00,18,127.8049379624935, 35.260560217576185
EONET_13125,Wildfire in Laos 1023649,,Wildfires,103.2464553754866  19.816972799399164,3/20/25,19:00:00,18,103.2464553754866, 19.816972799399164
EONET_13158,Wildfire in Laos 1023652,,Wildfires,101.44038480417098  20.002757852703642,3/20/25,19:00:00,19,101.44038480417098, 20.002757852703642
EONET_13096,Rx Hopkins 1325 Wildfire  Hopkins  Texas,,Wildfires,-95.626229  33.29738,3/20/25,18:33:00,11,-95.626229, 33.29738
EONET_13072,Big Glow Fire Wildfire  Greene  Tennessee,Lee  Blackwater  260 State Road 602,Wildfires,-83.0191667  36.1016667,3/20/25,9:42:00,12,-83.0191667, 36.1016667
EONET_13074,DEEP WOODS Wildfire  Polk  North Carolina,3.5 miles NE of Saluda  NC,Wildfires,-82.2594444  35.2930556,3/20/25,8:39:00,12,-82.2594444, 35.2930556
EONET_13099,Calf Creek Wildfire  Searcy  Arkansas,,Wildfires,-92.751568  35.97169,3/20/25,6:58:00,11,-92.751568, 35.97169
EONET_13100,Rx Houston 1347 Wildfire  Houston  Texas,,Wildfires,-95.00764  31.39577,3/19/25,20:06:00,10,-95.00764, 31.39577
EONET_13044,Wildfire in United States 1023618,,Wildfires,-81.02995662693084  26.85698047009338,3/19/25,19:00:00,19,-81.02995662693084, 26.85698047009338
EONET_13075,Black Cove Wildfire  Polk  North Carolina,Off Green River Cove Road  4.5 miles NE of Saluda,Wildfires,-82.2975  35.2855556,3/19/25,18:02:00,9,-82.2975, 35.2855556
EONET_13058,MTBLR-HFR-FY25-RX-Unit 5 Wildfire  Cascade  Montana,,Wildfires,-111.30208  47.66425,3/19/25,17:31:00,11,-111.30208, 47.66425
EONET_13067,Pauline Road Wildfire  San Jacinto  Texas,15 Miles East of Willis  Texas,Wildfires,-95.2501169  30.41722781,3/19/25,17:23:00,12,-95.2501169, 30.41722781
EONET_13063,3001 Wildfire  Marion  Texas,The fire is 6 miles WSW of Jefferson  TX  on hwy 3001.,Wildfires,-94.42850735  32.7013991,3/19/25,14:53:00,13,-94.42850735, 32.7013991
EONET_13101,Neal Creek Wildfire  Pulaski  Arkansas,Garrison Road in PUlaski county,Wildfires,-92.6283333  34.8113889,3/19/25,14:01:00,12,-92.6283333, 34.8113889
EONET_13102,RX Piedmont 15B/15C/15D Wildfire  Jones  Georgia,,Wildfires,-83.707  33.1027,3/19/25,10:22:00,8,-83.707, 33.1027
EONET_13103,TIGER MOUNTAIN Wildfire  McIntosh  Oklahoma,,Wildfires,-95.849444  35.411667,3/19/25,10:22:00,11,-95.849444, 35.411667
EONET_13076,Greene - Turner Rd Wildfire  Greene  Mississippi,Turner Rd  Leakesville,Wildfires,-88.4741667  31.2341667,3/19/25,10:12:00,12,-88.4741667, 31.2341667
EONET_13089,ANF BU 322 Rx 0319 Wildfire  Wakulla  Florida,,Wildfires,-84.504833  30.21145,3/19/25,7:04:00,11,-84.504833, 30.21145
EONET_13090,Hog Mountain Fire Wildfire  Latimer  Oklahoma,7.5 miles NE of Wilburton  OK,Wildfires,-95.235  35.006,3/18/25,21:05:00,8,-95.235, 35.006
EONET_13104,158th St Wildfire  Burleigh  North Dakota,,Wildfires,-100.45556  46.808449,3/18/25,20:54:00,11,-100.45556, 46.808449
EONET_13084,Waits Lane Fire Wildfire  Pittsburg  Oklahoma,7 miles SW of Wister  OK,Wildfires,-95.8175  34.9108333,3/18/25,20:44:00,9,-95.8175, 34.9108333
EONET_13082,Boggs Hollow Fire Wildfire  Latimer  Oklahoma,2.4 miles NW of Buffalo Valley  OK,Wildfires,-95.2577778  34.7555556,3/18/25,20:32:00,12,-95.2577778, 34.7555556
EONET_13098,CEDAR HILL Wildfire  Osage  Oklahoma,Pawhuska  OK,Wildfires,-96.372967  36.638967,3/18/25,19:30:00,11,-96.372967, 36.638967
EONET_13097,SUNSET Wildfire  Osage  Oklahoma,3 mile N of Osage Hills Park  OK,Wildfires,-96.217269  36.789172,3/18/25,19:23:00,11,-96.217269, 36.789172
EONET_13092,31 North Wildfire  Otero  Colorado,13.5 miles North of La Junta Colorado,Wildfires,-103.41728  38.21551,3/18/25,18:38:00,11,-103.41728, 38.21551
EONET_13093,31 South Wildfire  Otero  Colorado,13 miles North of La Junta Colorado,Wildfires,-103.511124  38.107733,3/18/25,18:38:00,12,-103.511124, 38.107733
EONET_13095,Johnson Wildfire  Miami-Dade  Florida,Everglade NP,Wildfires,-80.742267  25.363433,3/18/25,18:30:00,11,-80.742267, 25.363433
EONET_13081,High Lonesome Wildfire  Dallam  Texas,15 miles West of Texline  TX,Wildfires,-102.728  36.329,3/18/25,17:54:00,9,-102.728, 36.329
EONET_13077,TIGER MT. Wildfire  McIntosh  Oklahoma,7 miles east of Henryetta  OK,Wildfires,-95.84666667  35.425,3/18/25,13:53:00,13,-95.84666667, 35.425
EONET_13062,CANADIAN Wildfire  McIntosh  Oklahoma,2.5 miles SE of Salem  OK,Wildfires,-95.905556  35.343611,3/18/25,11:51:00,11,-95.905556, 35.343611
EONET_13107,Rx Walker 1286 Wildfire  Walker  Texas,,Wildfires,-95.66305556  30.65722222,3/18/25,9:22:00,13,-95.66305556, 30.65722222
EONET_12898,Flying J Fire Wildfire  Latimer  Oklahoma,27 miles NE of McAlester  OK,Wildfires,-95.2841667  35.0361111,3/18/25,2:48:00,12,-95.2841667, 35.0361111
EONET_12899,Plan B Fire Wildfire  Latimer  Oklahoma,27 Miles SE of McAlester  OK,Wildfires,-95.4916667  34.6877778,3/18/25,2:43:00,12,-95.4916667, 34.6877778
EONET_13083,Doublehead South Fire Wildfire  Adair  Oklahoma,Doublehead Mountain 2 miles south of Stilwell  OK.,Wildfires,-94.6333333  35.7291667,3/18/25,1:57:00,12,-94.6333333, 35.7291667
EONET_12901,Rugged Mtn Fire Wildfire  Pittsburg  Oklahoma,24 miles SE of McAlester OK,Wildfires,-95.6088889  34.6505556,3/18/25,1:04:00,12,-95.6088889, 34.6505556
EONET_12907,Iron Ladies Wildfire  Weld  Colorado,About 6 miles West of Grover  CO on the Pawnee National Grassland,Wildfires,-104.392283  40.828583,3/17/25,19:10:00,12,-104.392283, 40.828583
EONET_13036,Wildfire in United States 1023612,,Wildfires,-80.40908595082675  25.401807141967396,3/17/25,19:00:00,19,-80.40908595082675, 25.401807141967396
EONET_13054,Wildfire in Myanmar  Thailand 1023630,,Wildfires,97.40296561351408  18.561563626031457,3/17/25,19:00:00,18,97.40296561351408, 18.561563626031457
EONET_13111,Wildfire in Mexico 1023632,,Wildfires,-108.4284621849245  30.172498156146386,3/17/25,19:00:00,19,-108.4284621849245, 30.172498156146386
EONET_13116,Wildfire in Myanmar 1023639,,Wildfires,97.59854636432942  19.40025883589619,3/17/25,19:00:00,18,97.59854636432942, 19.40025883589619
EONET_12903,RANCH CREEK ROAD Wildfire  Pawnee  Oklahoma,8 miles west of Cleveland  OK,Wildfires,-96.59138889  36.25138889,3/17/25,18:28:00,13,-96.59138889, 36.25138889
EONET_12908,Big Island Wildfire  Green Lake  Wisconsin,White River Marsh,Wildfires,-89.06903  43.92567,3/17/25,17:38:00,10,-89.06903, 43.92567
EONET_12921,South Big Creek Wildfire  Woodson  Kansas,Started near Woodson/Coffey County Line 20 NM 144 Degrees from Emporia VOR,Wildfires,-95.897429  38.00901,3/17/25,13:38:00,11,-95.897429, 38.00901
EONET_12931,Y5 Wildfire  Lyon  Kansas,1 mile west on I-35 and Road x  9 NM at 38 from Emporia VOR,Wildfires,-96.010719  38.410569,3/17/25,11:46:00,11,-96.010719, 38.410569
EONET_12916,Blackburn Wildfire  Crawford  Arkansas,,Wildfires,-94.2812  35.74013,3/17/25,8:24:00,9,-94.2812, 35.74013
EONET_13034,Wildfire in Venezuela 1023607,,Wildfires,-62.68359301683823  8.725779376328596,3/16/25,19:00:00,19,-62.68359301683823, 8.725779376328596
EONET_13037,Wildfire in India 1023609,,Wildfires,91.16213724363195  25.75808077379684,3/16/25,19:00:00,18,91.16213724363195, 25.75808077379684
EONET_13055,Wildfire in Sudan 1023631,,Wildfires,32.43275222618806  8.800895231569687,3/16/25,19:00:00,18,32.43275222618806, 8.800895231569687
EONET_13126,Wildfire in Myanmar 1023640,,Wildfires,94.01300317418269  20.757022191585733,3/16/25,19:00:00,18,94.01300317418269, 20.757022191585733
EONET_12904,OAK STREET Wildfire  Pawnee  Oklahoma,4 miles SE of Cleveland  OK,Wildfires,-96.3875  36.22083333,3/16/25,16:53:00,9,-96.3875, 36.22083333
EONET_12915,HELLROARING CREEK Wildfire  Pawnee  Oklahoma,7 miles SE of Pawnee  OK,Wildfires,-96.68138889  36.26972222,3/16/25,16:52:00,13,-96.68138889, 36.26972222
EONET_12914,STATION #2 Wildfire  Cleveland  Oklahoma,E of Norman  OK,Wildfires,-97.15833333  35.23055556,3/16/25,16:46:00,13,-97.15833333, 35.23055556
EONET_12906,LITTLE SALT CREEK Wildfire  Creek  Oklahoma,Mannford  OK,Wildfires,-96.38611111  36.10944444,3/16/25,16:40:00,13,-96.38611111, 36.10944444
EONET_12940,212 Road Fire Wildfire  Cowley  Kansas,182nd and 212 Road  approx. 6 miles west of Dexter  Cowley County  KS,Wildfires,-96.83  37.17,3/16/25,14:13:00,7,-96.83, 37.17
EONET_12920,Persimmon Wildfire  Jefferson  Texas,9 miles west of Sabine Pass TX,Wildfires,-94.117222  29.736111,3/16/25,13:29:00,11,-94.117222, 29.736111
EONET_12924,EAST STICH Wildfire  Osage  Oklahoma,7 miles SW of Elgin  KS,Wildfires,-96.35487  36.90321,3/16/25,13:28:00,10,-96.35487, 36.90321
EONET_12942,Rx Henderson 1148 Wildfire  Henderson  Texas,,Wildfires,-95.590466  32.110795,3/16/25,9:48:00,11,-95.590466, 32.110795
EONET_12910,33 ROAD Wildfire  Logan  Oklahoma,7 miles NNE of Arcadia  OK,Wildfires,-97.24055556  35.78444444,3/15/25,19:28:00,13,-97.24055556, 35.78444444
EONET_13038,Wildfire in India 1023613,,Wildfires,91.19923416495722  25.77018954782079,3/15/25,19:00:00,18,91.19923416495722, 25.77018954782079
EONET_12943,Green River Wildfire  Lee  Illinois,,Wildfires,-89.521453  41.62845,3/15/25,17:20:00,11,-89.521453, 41.62845
EONET_12935,Farm Wildfire  Perry  Mississippi,,Wildfires,-88.8907  30.981167,3/15/25,16:10:00,9,-88.8907, 30.981167
EONET_12913,Crabapple Wildfire  Gillespie  Texas,About 6 miles north east of Fredericksburg Tx,Wildfires,-98.81667966  30.3924538,3/15/25,15:09:00,13,-98.81667966, 30.3924538
EONET_12933,1 Alpha 25 Wildfire  Jackson  Kansas,118th Road and N. Rd  West of Hoyt  KS,Wildfires,-95.80608  39.24725,3/15/25,14:31:00,10,-95.80608, 39.24725
EONET_12938,Lake Wabaunsee Wildfire  Wabaunsee  Kansas,400th and Turkey Rd on the county line of Wabaunsee and Lyon Counties about 7  m,Wildfires,-96.187222  38.856944,3/15/25,12:36:00,11,-96.187222, 38.856944
EONET_12928,BIG EAGLE Wildfire  Osage  Oklahoma,4 miles W of Pawhuska  OK,Wildfires,-96.440069  36.622144,3/15/25,11:13:00,11,-96.440069, 36.622144
EONET_12937,Long Mountain Fire Wildfire  Haskell  Oklahoma,37 miles ENE of McAlester  OK,Wildfires,-95.1036667  35.0708333,3/15/25,8:59:00,12,-95.1036667, 35.0708333
EONET_13348,Manam Volcano  Papua New Guinea,,Volcanoes,145.037  -4.08,3/15/25,0:00:00,8,145.037, -4.08
EONET_12946,RX 30 Wildfire  Jones  Georgia,,Wildfires,-83.6564  33.0313,3/14/25,23:54:00,9,-83.6564, 33.0313
EONET_12939,1980 Rd Fire Wildfire  Beckham  Oklahoma,Near Elk City,Wildfires,-99.4472222  35.4472222,3/14/25,22:58:00,12,-99.4472222, 35.4472222
EONET_13039,Wildfire in Myanmar 1023614,,Wildfires,97.51429926016175  18.993053582830328,3/14/25,19:00:00,18,97.51429926016175, 18.993053582830328
EONET_13040,Wildfire in India 1023610,,Wildfires,92.1848055127105  25.91382783620165,3/14/25,19:00:00,17,92.1848055127105, 25.91382783620165
EONET_12918,Chainsaw Cottonwood Wildfire  Lincoln  Nebraska,18 Miles SE of North Platte  NE,Wildfires,-100.5863889  40.9313889,3/14/25,16:39:00,13,-100.5863889, 40.9313889
EONET_12948,rx-Scuppernong South Wildfire  Waukesha  Wisconsin,,Wildfires,-88.5082286  42.8927838,3/14/25,16:33:00,12,-88.5082286, 42.8927838
EONET_12917,Mogote Hill Wildfire  Mora  New Mexico,Approximately 40 miles northeast of Las Vegas  NM,Wildfires,-104.759471  35.86196,3/14/25,16:07:00,12,-104.759471, 35.86196
EONET_12912,HICKORY HILL ROAD Wildfire  Oklahoma  Oklahoma,3 miles NE of Arcadia  OK,Wildfires,-97.28694444  35.68388889,3/14/25,15:36:00,13,-97.28694444, 35.68388889
EONET_12922,Rest Area Wildfire  Gray  Texas,5 miles west of Alanreed  TX,Wildfires,-100.8210611  35.21102558,3/14/25,15:06:00,13,-100.8210611, 35.21102558
EONET_12925,TANGO Wildfire  Osage  Oklahoma,6 miles NW of Hominy  OK,Wildfires,-96.463854  36.483184,3/14/25,14:43:00,11,-96.463854, 36.483184
EONET_12905,EUCHEE VALLEY Wildfire  Payne  Oklahoma,4 miles SW of Cushing  OK,Wildfires,-96.70277778  36.01388889,3/14/25,14:42:00,13,-96.70277778, 36.01388889
EONET_12909,840 ROAD Wildfire  Roger Mills  Oklahoma,5 miles SE of Angora  OK,Wildfires,-99.50388889  35.78972222,3/14/25,13:39:00,13,-99.50388889, 35.78972222
EONET_12900,Windmill Wildfire  Roberts  Texas,About 22 miles south of Perryton  Tx.,Wildfires,-100.844678  36.045122,3/14/25,13:27:00,12,-100.844678, 36.045122
EONET_12944,South Tripp Wildfire  Tripp  South Dakota,18 miles SW of Colome   SD,Wildfires,-99.7788889  43.0697222,3/14/25,12:31:00,12,-99.7788889, 43.0697222
EONET_12953,HWY 12 mm 176 Wildfire  Corson  South Dakota,,Wildfires,-100.6270583  45.63352778,3/14/25,9:56:00,13,-100.6270583, 45.63352778
EONET_12951,rx-66 Wildfire  Burnett  Wisconsin,,Wildfires,-92.6536388  45.8534023,3/14/25,9:26:00,12,-92.6536388, 45.8534023
EONET_12882,Wildfire in United States 1023596,,Wildfires,-99.36763711797664  35.89424331352189,3/13/25,19:00:00,19,-99.36763711797664, 35.89424331352189
EONET_13041,Wildfire in Myanmar 1023611,,Wildfires,93.95692361883717  20.833963490415655,3/13/25,19:00:00,18,93.95692361883717, 20.833963490415655
EONET_13042,Wildfire in China 1023615,,Wildfires,123.86456273442067  46.07656313186205,3/13/25,19:00:00,19,123.86456273442067, 46.07656313186205
EONET_13045,Wildfire in Argentina 1023617,,Wildfires,-89.49847871,3/13/25,19:00:00,#VALUE!,#VALUE!,#VALUE!
EONET_12955,Clear Creek RX Wildfire  Washington  Missouri,,Wildfires,-90.889216  37.846725,3/13/25,18:23:00,11,-90.889216, 37.846725
EONET_12941,South Meridian Wildfire  El Paso  Colorado,5 miles East of Colorado Springs CO,Wildfires,-104.585333  38.813417,3/13/25,17:35:00,12,-104.585333, 38.813417
EONET_12959,Rx Leon 1016 Wildfire  Leon  Texas,,Wildfires,-95.8175  31.4848,3/13/25,15:31:00,9,-95.8175, 31.4848
EONET_12964,APQ Rec Area 14 Rx 0313 Wildfire  Highlands  Florida,,Wildfires,-81.341399  27.626242,3/13/25,11:24:00,11,-81.341399, 27.626242
EONET_12965,Bienville CPT 46 RX Wildfire  Scott  Mississippi,,Wildfires,-89.5672  32.3823,3/13/25,11:03:00,9,-89.5672, 32.3823
EONET_12963,RX N Bee Rough Wildfire  McCurtain  Oklahoma,,Wildfires,-94.705967  34.254,3/13/25,10:42:00,11,-94.705967, 34.254
EONET_12962,BEAR Wildfire  Osage  Oklahoma,,Wildfires,-96.162072  36.313894,3/13/25,10:38:00,11,-96.162072, 36.313894
EONET_12949,NC-6 Wildfire  Polk  Florida,Avon Park Bombing Range,Wildfires,-81.309722  27.700278,3/13/25,10:05:00,11,-81.309722, 27.700278
EONET_12960,Fortune Hollow RX Wildfire  Dent  Missouri,,Wildfires,-91.352519  37.632972,3/13/25,9:24:00,11,-91.352519, 37.632972
EONET_12968,Rx Trinity 1015 Wildfire  Trinity  Texas,,Wildfires,-94.98719  31.36422,3/13/25,9:10:00,10,-94.98719, 31.36422
EONET_12947,Blue Stem Wildfire  Franklin  Mississippi,6 miles South of Meadville  MS,Wildfires,-90.899  31.356,3/13/25,9:06:00,8,-90.899, 31.356
EONET_12956,SMR CPT 303 304 Rx 0313 Wildfire  Wakulla  Florida,,Wildfires,-84.424167  30.011111,3/13/25,8:16:00,11,-84.424167, 30.011111
EONET_12902,The 344 Wildfire  Miami-Dade  Florida,Miami-Dade County  Homestead  Florida,Wildfires,-80.3647222  25.4447222,3/12/25,22:41:00,12,-80.3647222, 25.4447222
EONET_12974,RX LONE PINE Wildfire  Pittsburg  Oklahoma,,Wildfires,-95.6052  34.7029,3/12/25,19:38:00,9,-95.6052, 34.7029
EONET_12927,Hamby Ridge Fire Wildfire  Delaware  Oklahoma,Colcord/Cloud Creek,Wildfires,-94.7344444  36.32,3/12/25,19:32:00,12,-94.7344444, 36.32
EONET_12883,Wildfire in Myanmar 1023597,,Wildfires,94.23278989531258  21.723810660461393,3/12/25,19:00:00,18,94.23278989531258, 21.723810660461393
EONET_12895,Wildfire in Nigeria 1023604,,Wildfires,13.930891537026335  12.3804343157281,3/12/25,19:00:00,19,13.930891537026335, 12.3804343157281
EONET_13035,Wildfire in India 1023608,,Wildfires,90.99926889712192  25.79082244673053,3/12/25,19:00:00,18,90.99926889712192, 25.79082244673053
EONET_13046,Wildfire in Myanmar 1023619,,Wildfires,97.48337613805379  18.92783125418988,3/12/25,19:00:00,18,97.48337613805379, 18.92783125418988
EONET_13047,Wildfire in Thailand 1023621,,Wildfires,97.94917518303518  18.97846950931534,3/12/25,19:00:00,18,97.94917518303518, 18.97846950931534
EONET_13049,Wildfire in Myanmar 1023622,,Wildfires,93.29823961736854  22.05017236786709,3/12/25,19:00:00,18,93.29823961736854, 22.05017236786709
EONET_12936,Cottonwood Creek Wildfire  San Saba  Texas,13 miles WNW of San Saba  TX,Wildfires,-98.89228299  31.31084976,3/12/25,17:48:00,13,-98.89228299, 31.31084976
EONET_12983,RX Wildcat- Straight Rock/ Brogan Wildfire  Yell  Arkansas,,Wildfires,-93.435167  34.891667,3/12/25,16:43:00,11,-93.435167, 34.891667
EONET_12986,RX Jack Pigeon Wildfire  Scott  Arkansas,,Wildfires,-93.774833  34.995333,3/12/25,16:42:00,11,-93.774833, 34.995333
EONET_12923,Roderfield Wildfire  McDowell  West Virginia,West of Roderfield,Wildfires,-81.727343  37.460458,3/12/25,15:15:00,11,-81.727343, 37.460458
EONET_12926,rx-Avoca Prairie Eastside Wildfire  Iowa  Wisconsin,,Wildfires,-90.3022045  43.198056,3/12/25,14:58:00,12,-90.3022045, 43.198056
EONET_12991,Holly Springs IU 43-1 RX Wildfire  Benton  Mississippi,,Wildfires,-89.280106  34.685209,3/12/25,12:13:00,11,-89.280106, 34.685209
EONET_12993,Holly Springs IU 39 1 RX Wildfire  Marshall  Mississippi,,Wildfires,-89.305382  34.727783,3/12/25,11:42:00,11,-89.305382, 34.727783
EONET_12970,Rx Liberty 3 Wildfire  Logan  Arkansas,,Wildfires,-93.5024  35.2131,3/12/25,10:41:00,9,-93.5024, 35.2131
EONET_12995,RX OKSQR-HFR-FY25-Sandtown Wildfire  Sequoyah  Oklahoma,,Wildfires,-94.991767  35.4259,3/12/25,10:32:00,11,-94.991767, 35.4259
EONET_12966,IDNR - Iroquois Meadows RX Wildfire  Iroquois  Illinois,,Wildfires,-87.579867  40.987483,3/12/25,10:16:00,11,-87.579867, 40.987483
EONET_12957,RX JC Firewise South Wildfire  Garland  Arkansas,,Wildfires,-93.196389  34.541944,3/12/25,9:59:00,11,-93.196389, 34.541944
EONET_12932,DeSoto BB 7209 C21 22 23 RX Wildfire  Perry  Mississippi,,Wildfires,-88.8907  30.981167,3/12/25,9:56:00,9,-88.8907, 30.981167
EONET_12950,RX East end bear little bear Wildfire  Garland  Arkansas,,Wildfires,-93.312778  34.544444,3/12/25,9:50:00,11,-93.312778, 34.544444
EONET_12988,RX Norris Hollow/Wildcat Wildfire  Yell  Arkansas,,Wildfires,-93.522583  34.875183,3/12/25,9:37:00,11,-93.522583, 34.875183
EONET_12996,RX LOG CABIN Wildfire  Atoka  Oklahoma,,Wildfires,-95.8494  34.5792,3/12/25,9:35:00,9,-95.8494, 34.5792
EONET_12997,Jerktail RX Wildfire  Shannon  Missouri,,Wildfires,-91.2676  37.2362,3/12/25,9:29:00,9,-91.2676, 37.2362
EONET_12975,RX KIS C-5 SE Wildfire  Natchitoches  Louisiana,,Wildfires,-93.105  31.541,3/12/25,9:22:00,8,-93.105, 31.541
EONET_12989,RX Bee Rough Wildfire  McCurtain  Oklahoma,,Wildfires,-94.71155  34.259633,3/12/25,9:02:00,10,-94.71155, 34.259633
EONET_12967,Bienville CPT 22 RX Wildfire  Scott  Mississippi,,Wildfires,-89.5708  32.4392,3/12/25,8:57:00,9,-89.5708, 32.4392
EONET_12972,RX Alexander 4/Stob Gap 1 Wildfire  Crawford  Arkansas,,Wildfires,-94.0013  35.7015,3/12/25,8:28:00,9,-94.0013, 35.7015
EONET_12971,Eldridge RX Wildfire  Taney  Missouri,,Wildfires,-92.844  36.7465,3/12/25,8:25:00,8,-92.844, 36.7465
EONET_12990,RX Harvey South Wildfire  Scott  Arkansas,,Wildfires,-93.79676  34.884565,3/12/25,8:17:00,10,-93.79676, 34.884565
EONET_12998,OCF CPT 12 Waterhole Rx 0312 Wildfire  Marion  Florida,,Wildfires,-81.818117  29.444283,3/12/25,7:14:00,11,-81.818117, 29.444283
EONET_12992,State of Illinois RX Wildfire  Jackson  Illinois,,Wildfires,-89.5173  37.8649,3/11/25,19:46:00,9,-89.5173, 37.8649
EONET_12884,Wildfire in Central African Republic 1023591,,Wildfires,24.105917533271608  7.335163304249659,3/11/25,19:00:00,19,24.105917533271608, 7.335163304249659
EONET_13043,Wildfire in Myanmar 1023616,,Wildfires,96.66372562012208  21.57340199470004,3/11/25,19:00:00,18,96.66372562012208, 21.57340199470004
EONET_13048,Wildfire in Myanmar 1023620,,Wildfires,97.51386065667293  18.54525691138357,3/11/25,19:00:00,18,97.51386065667293, 18.54525691138357
EONET_12929,NADEL Wildfire  Osage  Oklahoma,South of Hominy,Wildfires,-96.42203  36.33773,3/11/25,18:38:00,10,-96.42203, 36.33773
EONET_12999,East Branch Cedar Creek RX Wildfire  Johnson  Illinois,,Wildfires,-88.73399  37.50853,3/11/25,16:20:00,10,-88.73399, 37.50853
EONET_13005,HFR FY25 RX Cattails Wildfire  Sequoyah  Oklahoma,,Wildfires,-94.99972  35.438456,3/11/25,16:08:00,10,-94.99972, 35.438456
EONET_13004,RX KIS C-63 Wildfire  Natchitoches  Louisiana,,Wildfires,-93.11575  31.38475,3/11/25,15:39:00,10,-93.11575, 31.38475
EONET_13000,Devils Kitchen West RX Wildfire  Williamson  Illinois,,Wildfires,-89.0997  37.6258,3/11/25,13:30:00,9,-89.0997, 37.6258
EONET_13009,Bowdoin West RX Wildfire  Phillips  Montana,,Wildfires,-107.72462  48.39459,3/11/25,12:03:00,11,-107.72462, 48.39459
EONET_12977,Rx Bomag Ball Springs Wildfire  Logan  Arkansas,,Wildfires,-93.6907  35.1986,3/11/25,11:28:00,9,-93.6907, 35.1986
EONET_12994,Rx Pilot Rock Wildfire  Johnson  Arkansas,,Wildfires,-93.25  35.565833,3/11/25,11:28:00,7,-93.25, 35.565833
EONET_13001,RX Anna Reese 3 Wildfire  Stone  Arkansas,,Wildfires,-92.259444  36.015833,3/11/25,11:28:00,11,-92.259444, 36.015833
EONET_12976,RX Wildcat 4-5 Wildfire  Yell  Arkansas,,Wildfires,-93.418889  34.898278,3/11/25,10:47:00,11,-93.418889, 34.898278
EONET_13006,RX WINN C-95-104 Wildfire  Grant  Louisiana,,Wildfires,-92.561944  31.775,3/11/25,10:18:00,11,-92.561944, 31.775
EONET_12978,RX Harvey Wildfire  Scott  Arkansas,,Wildfires,-93.79676  34.884565,3/11/25,9:39:00,10,-93.79676, 34.884565
EONET_13002,RX CAT C-4-5 Wildfire  Grant  Louisiana,,Wildfires,-92.454333  31.71675,3/11/25,9:39:00,11,-92.454333, 31.71675
EONET_13008,RX CALE C-81 Wildfire  Rapides  Louisiana,,Wildfires,-92.647  31.018483,3/11/25,9:26:00,8,-92.647, 31.018483
EONET_12979,RX Blaylock &amp; Brier Leader Wildfire  Polk  Arkansas,,Wildfires,-93.998611  34.4025,3/11/25,9:24:00,11,-93.998611, 34.4025
EONET_12945,Gray Squirrel Hollow Wildfire  Adair  Oklahoma,14 air miles NE of Tahlequah  OK,Wildfires,-94.7441667  36.0205556,3/11/25,9:20:00,12,-94.7441667, 36.0205556
EONET_13007,Holly Springs IU 35 1 RX Wildfire  Marshall  Mississippi,,Wildfires,-89.32888  34.742293,3/11/25,8:44:00,10,-89.32888, 34.742293
EONET_12984,Rx WaggleySalt Fork Alexande Wildfire  Franklin  Arkansas,,Wildfires,-93.9385  35.7209,3/10/25,20:09:00,9,-93.9385, 35.7209
EONET_12885,Wildfire in India 1023598,,Wildfires,93.00463337862833  22.746530344768676,3/10/25,19:00:00,18,93.00463337862833, 22.746530344768676
EONET_12886,Wildfire in India 1023599,,Wildfires,92.59304989103023  22.955887691948824,3/10/25,19:00:00,18,92.59304989103023, 22.955887691948824
EONET_12887,Wildfire in South Africa 1023595,,Wildfires,18.99149662155846  -32.16994291564136,3/10/25,19:00:00,18,18.99149662155846, -32.16994291564136
EONET_12896,Wildfire in Myanmar 1023606,,Wildfires,97.32648709441683  18.52601847848982,3/10/25,19:00:00,18,97.32648709441683, 18.52601847848982
EONET_12930,ACORN Wildfire  Osage  Oklahoma,6 miles S of Hominy  OK,Wildfires,-96.368611  36.321944,3/10/25,16:13:00,11,-96.368611, 36.321944
EONET_12969,Ocean Front Wildfire  Calhoun  Texas,15 miles south of Port Lavaca  alongside Espiritu Santo Bay shore,Wildfires,-96.59  28.389,3/10/25,16:00:00,7,-96.59, 28.389
EONET_13013,HGR Godwin 2 RX Wildfire  Grayson  Texas,,Wildfires,-96.818533  33.743625,3/10/25,14:39:00,11,-96.818533, 33.743625
EONET_12919,ROUTE 13 Wildfire  Ziebach  South Dakota,28 miles south of Faith  SD  8 miles east on BIA Route 11.,Wildfires,-101.9838889  44.65416667,3/10/25,14:38:00,13,-101.9838889, 44.65416667
EONET_13014,SHNF Comp 8 RX Wildfire  Montgomery  Texas,,Wildfires,-95.793333  30.508333,3/10/25,14:34:00,11,-95.793333, 30.508333
EONET_13015,SMR CPT 311 Rx 0307 Wildfire  Wakulla  Florida,,Wildfires,-84.415889  30.015444,3/10/25,14:19:00,11,-84.415889, 30.015444
EONET_13016,FPR Cochran &amp; Airplane Rx 0308 Wildfire  Collier  Florida,,Wildfires,-81.388967  26.1748,3/10/25,14:08:00,11,-81.388967, 26.1748
EONET_13003,Miller King RX Wildfire  Butler  Missouri,,Wildfires,-90.591202  36.918496,3/10/25,13:52:00,11,-90.591202, 36.918496
EONET_13017,Victory Landscape RX Wildfire  Butler  Missouri,,Wildfires,-90.5618  36.8921,3/10/25,12:00:00,9,-90.5618, 36.8921
EONET_12980,RX Gambler 4 Wildfire  Baxter  Arkansas,,Wildfires,-92.256492  36.070132,3/10/25,11:10:00,11,-92.256492, 36.070132
EONET_13012,RX CALV C-108-112 Wildfire  Vernon  Louisiana,,Wildfires,-93.1512  30.94375,3/10/25,10:52:00,9,-93.1512, 30.94375
EONET_12981,RX Livingston 3 Wildfire  Stone  Arkansas,,Wildfires,-92.182673  36.031365,3/10/25,10:19:00,11,-92.182673, 36.031365
EONET_13019,Rx Newton 0913 Wildfire  Newton  Texas,,Wildfires,-93.796824  31.137414,3/10/25,9:05:00,11,-93.796824, 31.137414
EONET_13020,Rx Anderson 0911 Wildfire  Anderson  Texas,,Wildfires,-95.39591  31.72405,3/10/25,9:00:00,10,-95.39591, 31.72405
EONET_12934,KENWOOD 15S Wildfire  Delaware  Oklahoma,3 miles NE of Kenwood  OK,Wildfires,-94.909444  36.292222,3/9/25,20:09:00,11,-94.909444, 36.292222
EONET_12888,Wildfire in India 1023600,,Wildfires,92.74218103787095  22.32423758852614,3/9/25,19:00:00,18,92.74218103787095, 22.32423758852614
EONET_12897,Wildfire in Myanmar 1023605,,Wildfires,97.25800272968671  21.51524095754266,3/9/25,19:00:00,18,97.25800272968671, 21.51524095754266
EONET_13023,Webster- Union Church Rd. Wildfire  Choctaw  Mississippi,Approximately 3 miles SW of Wood Springs  Ms.,Wildfires,-89.3875  33.4052778,3/9/25,13:32:00,9,-89.3875, 33.4052778
EONET_13021,Minninghaw RX Wildfire  Dent  Missouri,,Wildfires,-91.3645  37.498333,3/9/25,12:47:00,9,-91.3645, 37.498333
EONET_13010,FLW Range Complex Unit C RX Wildfire  Pulaski  Missouri,,Wildfires,-92.136834  37.667337,3/9/25,11:54:00,11,-92.136834, 37.667337
EONET_13018,Wylie King 3 4 5 RX Wildfire  Butler  Missouri,,Wildfires,-90.615471  36.918752,3/9/25,10:46:00,11,-90.615471, 36.918752
EONET_12985,Rx Gambler 3 Wildfire  Baxter  Arkansas,,Wildfires,-92.256492  36.070132,3/9/25,9:40:00,11,-92.256492, 36.070132
EONET_13024,Vance Barnett RX Wildfire  Shannon  Missouri,,Wildfires,-91.211167  37.149867,3/9/25,9:38:00,11,-91.211167, 37.149867
EONET_12860,Wildfire in Japan 1023572,,Wildfires,131.1045520412834  33.01188756779366,3/8/25,19:00:00,18,131.1045520412834, 33.01188756779366
EONET_12864,Wildfire in Mongolia 1023574,,Wildfires,115.89171959937453  46.38149934342592,3/8/25,19:00:00,19,115.89171959937453, 46.38149934342592
EONET_12872,Wildfire in Central African Republic 1023581,,Wildfires,23.536788708011464  6.619150766776794,3/8/25,19:00:00,19,23.536788708011464, 6.619150766776794
EONET_12878,Wildfire in Central African Republic 1023590,,Wildfires,23.688304833308994  6.516394496500546,3/8/25,19:00:00,19,23.688304833308994, 6.516394496500546
EONET_12889,Wildfire in Myanmar 1023592,,Wildfires,93.52984617226183  20.188311094429693,3/8/25,19:00:00,18,93.52984617226183, 20.188311094429693
EONET_12890,Wildfire in Central African Republic 1023593,,Wildfires,23.667916770271972  6.511335898221757,3/8/25,19:00:00,19,23.667916770271972, 6.511335898221757
EONET_13026,Johnson Mountain Blk 1 RX Wildfire  Iron  Missouri,,Wildfires,-90.887717  37.715333,3/8/25,17:53:00,11,-90.887717, 37.715333
EONET_12952,Rx Gambler 2 Wildfire  Baxter  Arkansas,,Wildfires,-92.282212  36.095542,3/8/25,17:06:00,11,-92.282212, 36.095542
EONET_13025,GUN CLUB Wildfire  Okmulgee  Oklahoma,3.5 miles NE of OKM,Wildfires,-95.930278  35.663333,3/8/25,15:56:00,11,-95.930278, 35.663333
EONET_12973,Knotwell RX Wildfire  Phelps  Missouri,,Wildfires,-91.938833  37.8725,3/8/25,11:23:00,11,-91.938833, 37.8725
EONET_13022,Tapsville RX Wildfire  Lawrence  Alabama,,Wildfires,-87.321845  34.349135,3/8/25,9:05:00,11,-87.321845, 34.349135
EONET_12854,Wildfire in Australia 1023568,,Wildfires,128.38030681274947  -17.160733613694457,3/7/25,19:00:00,19,128.38030681274947, -17.160733613694457
EONET_12865,Wildfire in Australia 1023575,,Wildfires,128.75620408324932  -17.13637444417971,3/7/25,19:00:00,19,128.75620408324932, -17.13637444417971
EONET_12866,Wildfire in Australia 1023576,,Wildfires,130.2212002200049  -18.21746470042773,3/7/25,19:00:00,18,130.2212002200049, -18.21746470042773
EONET_12873,Wildfire in South Africa 1023583,,Wildfires,19.101828923882767  -32.25030765506339,3/7/25,19:00:00,19,19.101828923882767, -32.25030765506339
EONET_12874,Wildfire in Myanmar 1023586,,Wildfires,97.04883946292448  21.11563416223357,3/7/25,19:00:00,18,97.04883946292448, 21.11563416223357
EONET_12891,Wildfire in Myanmar 1023601,,Wildfires,96.70426337145264  21.773339451997852,3/7/25,19:00:00,18,96.70426337145264, 21.773339451997852
EONET_12893,Wildfire in Sudan  Ethiopia 1023603,,Wildfires,33.263231720709946  8.498101519852261,3/7/25,19:00:00,19,33.263231720709946, 8.498101519852261
EONET_13027,Camden Hollow RX Wildfire  Shannon  Missouri,,Wildfires,-91.2992  37.368867,3/7/25,14:41:00,9,-91.2992, 37.368867
EONET_12987,BO/MAG Dooley RX Wildfire  Yell  Arkansas,,Wildfires,-93.4067  35.163,3/7/25,11:33:00,9,-93.4067, 35.163
EONET_12982,RX North Rebuck Wildfire  Scott  Arkansas,,Wildfires,-93.802222  34.7675,3/7/25,11:30:00,11,-93.802222, 34.7675
EONET_13028,BALD HILL Wildfire  Okmulgee  Oklahoma,7 miles NE of Okmulgee  OK,Wildfires,-95.885278  35.703611,3/7/25,10:31:00,11,-95.885278, 35.703611
EONET_13030,RX Gambler 1 Wildfire  Baxter  Arkansas,,Wildfires,-92.287442  36.072526,3/7/25,10:19:00,11,-92.287442, 36.072526
EONET_13031,RX Kleberg 0899 Wildfire  Kleberg  Texas,,Wildfires,-97.633963  27.369151,3/7/25,9:44:00,11,-97.633963, 27.369151
EONET_12875,Wildfire in Venezuela 1023584,,Wildfires,-61.4739192703003  9.635534119657786,3/6/25,19:00:00,18,-61.4739192703003, 9.635534119657786
EONET_12879,Wildfire in India 1023587,,Wildfires,92.67331338162069  22.48307877881833,3/6/25,19:00:00,18,92.67331338162069, 22.48307877881833
EONET_12892,Wildfire in India 1023594,,Wildfires,92.41440586858594  23.18152643821413,3/6/25,19:00:00,18,92.41440586858594, 23.18152643821413
EONET_12894,Wildfire in Sudan 1023602,,Wildfires,32.966461362382596  8.435607326295585,3/6/25,19:00:00,19,32.966461362382596, 8.435607326295585
EONET_13032,Conecuh Fire Wildfire  Covington  Alabama,Oil Well Rd,Wildfires,-86.2533333  31.325,3/6/25,17:43:00,12,-86.2533333, 31.325
EONET_12861,Wildfire in Ethiopia 1023569,,Wildfires,33.7984221412233  7.935052059126491,3/5/25,19:00:00,17,33.7984221412233, 7.935052059126491
EONET_12880,Wildfire in Myanmar 1023588,,Wildfires,97.02884177730607  21.11372737882551,3/5/25,19:00:00,18,97.02884177730607, 21.11372737882551
EONET_12847,Wildfire in Australia 1023558,,Wildfires,133.16942096241894  -13.88999951701955,3/4/25,19:00:00,19,133.16942096241894, -13.88999951701955
EONET_12868,Wildfire in Ethiopia 1023577,,Wildfires,33.87995019447472  7.902587980806288,3/4/25,19:00:00,18,33.87995019447472, 7.902587980806288
EONET_12869,Wildfire in Mexico 1023578,,Wildfires,-98.46236445375952  23.02153983632611,3/4/25,19:00:00,19,-98.46236445375952, 23.02153983632611
EONET_12881,Wildfire in Myanmar 1023589,,Wildfires,97.10332206752199  21.373585908949025,3/4/25,19:00:00,18,97.10332206752199, 21.373585908949025
EONET_12848,Wildfire in Australia 1023559,,Wildfires,114.04983888837145  -22.024491925159413,3/3/25,19:00:00,19,114.04983888837145, -22.024491925159413
EONET_12862,Wildfire in India 1023570,,Wildfires,78.62792317851759  16.171901237732552,3/3/25,19:00:00,18,78.62792317851759, 16.171901237732552
EONET_12876,Wildfire in Myanmar 1023585,,Wildfires,97.22638595937607  21.431668536367507,3/3/25,19:00:00,18,97.22638595937607, 21.431668536367507
EONET_12855,Wildfire in The Democratic Republic of Congo 1023565,,Wildfires,29.319199493766188  4.11778052420226,3/2/25,19:00:00,19,29.319199493766188, 4.11778052420226
EONET_12856,Wildfire in Ethiopia 1023566,,Wildfires,36.203560737771504  10.958707288432578,3/2/25,19:00:00,19,36.203560737771504, 10.958707288432578
EONET_12867,Wildfire in Ethiopia 1023573,,Wildfires,36.052729593506925  10.854635061053113,3/2/25,19:00:00,19,36.052729593506925, 10.854635061053113
EONET_12870,Wildfire in Myanmar 1023579,,Wildfires,97.2656543265482  19.743576184865212,3/2/25,19:00:00,17,97.2656543265482, 19.743576184865212
EONET_12877,Wildfire in Myanmar 1023582,,Wildfires,94.09367491290467  20.916152625051392,3/2/25,19:00:00,18,94.09367491290467, 20.916152625051392
EONET_12849,Wildfire in Ethiopia 1023562,,Wildfires,36.03694573694831  10.717569091269917,3/1/25,19:00:00,18,36.03694573694831, 10.717569091269917
EONET_12871,Wildfire in Myanmar 1023580,,Wildfires,97.44061204928268  18.64426234678043,3/1/25,19:00:00,18,97.44061204928268, 18.64426234678043
EONET_12850,Wildfire in Mexico 1023560,,Wildfires,-108.46121544989686  29.92459591249199,2/28/25,19:00:00,20,-108.46121544989686, 29.92459591249199
EONET_12851,Wildfire in Myanmar 1023561,,Wildfires,97.15913730391169  22.5979169762239,2/28/25,19:00:00,18,97.15913730391169, 22.5979169762239
EONET_12857,Wildfire in Mexico 1023567,,Wildfires,-108.42762061983576  29.838872783724792,2/28/25,19:00:00,20,-108.42762061983576, 29.838872783724792
EONET_12863,Wildfire in India 1023571,,Wildfires,79.99317338106425  19.184716809696404,2/28/25,19:00:00,18,79.99317338106425, 19.184716809696404
EONET_12801,Wildfire in Australia 1023549,,Wildfires,128.52327871865603  -16.40598297286811,2/27/25,19:00:00,19,128.52327871865603, -16.40598297286811
EONET_12808,Wildfire in Venezuela 1023550,,Wildfires,-62.915756515665755  8.874035780887,2/27/25,19:00:00,20,-62.915756515665755, 8.874035780887
EONET_12810,Wildfire in Australia 1023552,,Wildfires,128.50209889262345  -16.221010585212838,2/27/25,19:00:00,19,128.50209889262345, -16.221010585212838
EONET_12852,Wildfire in Myanmar 1023563,,Wildfires,94.58351878953317  19.538833730103978,2/27/25,19:00:00,18,94.58351878953317, 19.538833730103978
EONET_12817,Dismal River Ranch Wildfire  Hooker  Nebraska,14 Miles South of Mullen  NE,Wildfires,-101.04  41.859,2/27/25,15:59:00,8,-101.04, 41.859
EONET_12818,Devils Horn 1-3 RX Wildfire  Carter  Missouri,,Wildfires,-91.083183  36.84222,2/27/25,11:12:00,11,-91.083183, 36.84222
EONET_12825,RX Golden Road 2 3 4 5 7 Wildfire  Pike  Arkansas,,Wildfires,-93.898611  34.322222,2/27/25,11:09:00,11,-93.898611, 34.322222
EONET_12828,RX 97 old growth hurricane Wildfire  Montgomery  Arkansas,,Wildfires,-93.913333  34.416667,2/27/25,11:09:00,11,-93.913333, 34.416667
EONET_12767,Compartment 1 RX Wildfire  Macon  Alabama,,Wildfires,-85.658917  32.432944,2/27/25,10:08:00,11,-85.658917, 32.432944
EONET_12816,Eureka Wildfire  Custer  Nebraska,10 Miles WNW of Merna  NE,Wildfires,-99.958764  41.510793,2/27/25,9:57:00,11,-99.958764, 41.510793
EONET_12827,RX BO/MAG Green Bench Wildfire  Logan  Arkansas,,Wildfires,-93.713  35.1884,2/27/25,9:55:00,8,-93.713, 35.1884
EONET_12821,SNF Indian Mound 103 RX Wildfire  Sabine  Texas,,Wildfires,-93.725867  31.3088,2/27/25,9:52:00,11,-93.725867, 31.3088
EONET_12830,DCNF Comp 64 65 RX Wildfire  Houston  Texas,,Wildfires,-95.255397  31.28114,2/27/25,9:44:00,11,-95.255397, 31.28114
EONET_12764,RX Rambo Wildfire  Johnson  Arkansas,,Wildfires,-93.597128  35.658049,2/27/25,9:39:00,11,-93.597128, 35.658049
EONET_12839,RX KIS C-17-18 Wildfire  Natchitoches  Louisiana,,Wildfires,-93.043611  31.525,2/27/25,9:23:00,11,-93.043611, 31.525
EONET_12768,Rx Lamar 0544 Wildfire  Lamar  Texas,,Wildfires,-95.537  33.7962,2/27/25,9:16:00,8,-95.537, 33.7962
EONET_12826,Tombigbee CPT 18 RX Wildfire  Chickasaw  Mississippi,,Wildfires,-88.9583  33.93515,2/27/25,9:09:00,9,-88.9583, 33.93515
EONET_12832,RX FY25 BUFF Mill Creek Wildfire  Newton  Arkansas,,Wildfires,-93.123333  36.0675,2/27/25,8:49:00,11,-93.123333, 36.0675
EONET_12831,RX Reeve&#039;s Branch 2 Wildfire  Pope  Arkansas,,Wildfires,-92.902528  35.714619,2/27/25,8:43:00,11,-92.902528, 35.714619
EONET_12834,ANF Bannister East C-17 RX Wildfire  San Augustine  Texas,,Wildfires,-94.229917  31.3518,2/27/25,8:42:00,11,-94.229917, 31.3518
EONET_12841,RX Beech Grove Wildfire  Franklin  Arkansas,,Wildfires,-93.720865  35.752404,2/27/25,8:39:00,11,-93.720865, 35.752404
EONET_12829,RX Walker Mt Wildfire  Scott  Arkansas,,Wildfires,-94.301412  34.876655,2/27/25,8:27:00,11,-94.301412, 34.876655
EONET_12840,RX Deer East Wildfire  Franklin  Arkansas,,Wildfires,-93.9705  35.6191,2/27/25,8:15:00,9,-93.9705, 35.6191
EONET_12836,RX Little Round Wildfire  Scott  Arkansas,,Wildfires,-93.751389  34.819167,2/27/25,8:13:00,11,-93.751389, 34.819167
EONET_12837,OSF CPT 60 65 66 Rx 0227 Wildfire  Columbia  Florida,,Wildfires,-82.547533  30.314117,2/27/25,7:37:00,11,-82.547533, 30.314117
EONET_12835,OCF CPT 7 Rx 0227 Wildfire  Putnam  Florida,,Wildfires,-81.706083  29.4572,2/27/25,7:14:00,11,-81.706083, 29.4572
EONET_12809,Wildfire in Australia 1023551,,Wildfires,135.21942548386295  -15.460050308100092,2/26/25,19:00:00,19,135.21942548386295, -15.460050308100092
EONET_12811,Wildfire in Colombia 1023553,,Wildfires,-69.80380791425938  6.322034256238772,2/26/25,19:00:00,19,-69.80380791425938, 6.322034256238772
EONET_12812,Wildfire in Venezuela 1023554,,Wildfires,-62.725092140177324  8.791094987031062,2/26/25,19:00:00,20,-62.725092140177324, 8.791094987031062
EONET_12844,Wildfire in Australia 1023555,,Wildfires,138.7068490588114  -20.52961253827525,2/26/25,19:00:00,18,138.7068490588114, -20.52961253827525
EONET_12845,Wildfire in Colombia 1023557,,Wildfires,-69.01115210275877  6.056571943380485,2/26/25,19:00:00,19,-69.01115210275877, 6.056571943380485
EONET_12772,Chinnabee/Cheaha RX Wildfire  Clay  Alabama,,Wildfires,-85.885277  33.466157,2/26/25,18:55:00,11,-85.885277, 33.466157
EONET_12766,OKSLR-HFR-FY25-RX-Wilderness Wildfire  Alfalfa  Oklahoma,,Wildfires,-98.213556  36.786583,2/26/25,13:38:00,11,-98.213556, 36.786583
EONET_12769,Two Barrel Wildfire  Liberty  Florida,ANF,Wildfires,-84.9963  30.1792,2/26/25,12:55:00,9,-84.9963, 30.1792
EONET_12777,Holly Springs IU 107 1 RX Wildfire  Lafayette  Mississippi,,Wildfires,-89.2994  34.3622,2/26/25,10:01:00,9,-89.2994, 34.3622
EONET_12779,Tombigbee CPT 74 75 RX Wildfire  Choctaw  Mississippi,,Wildfires,-89.1246  33.27269,2/26/25,9:50:00,9,-89.1246, 33.27269
EONET_12776,RX Barkshed 3 Wildfire  Stone  Arkansas,,Wildfires,-92.293667  36.044967,2/26/25,9:38:00,11,-92.293667, 36.044967
EONET_12782,Rx Brown 0560 Wildfire  Brown  Texas,,Wildfires,-98.902  31.643,2/26/25,9:33:00,8,-98.902, 31.643
EONET_12783,Rx McMullen 0558 Wildfire  McMullen  Texas,,Wildfires,-98.35107056  28.47109036,2/26/25,9:33:00,13,-98.35107056, 28.47109036
EONET_12820,DCNF Comp 76/79 RX Wildfire  Trinity  Texas,,Wildfires,-95.129428  31.250992,2/26/25,9:20:00,11,-95.129428, 31.250992
EONET_12774,RX Falling Water - Raspberry Wildfire  Pope  Arkansas,,Wildfires,-92.94525  35.698233,2/26/25,9:09:00,10,-92.94525, 35.698233
EONET_12773,RX Private Line Wildfire  Searcy  Arkansas,,Wildfires,-92.915086  35.75125,2/26/25,9:06:00,11,-92.915086, 35.75125
EONET_12778,RX CALE C-17 Wildfire  Rapides  Louisiana,,Wildfires,-92.628883  31.232533,2/26/25,9:05:00,11,-92.628883, 31.232533
EONET_12819,SHNF Comp 83 RX Wildfire  San Jacinto  Texas,,Wildfires,-95.334  30.622167,2/26/25,8:50:00,8,-95.334, 30.622167
EONET_12775,OSF CPT 131 Rx 0226 Wildfire  Columbia  Florida,,Wildfires,-82.547883  30.404133,2/26/25,8:26:00,11,-82.547883, 30.404133
EONET_12771,MIC 03/05 RX Wildfire  Escambia  Alabama,,Wildfires,-86.752368  31.062498,2/26/25,7:50:00,11,-86.752368, 31.062498
EONET_12838,Calhoun Co Wildfire  Calhoun  Alabama,Faith Drive,Wildfires,-85.7658333  33.8988889,2/25/25,22:57:00,12,-85.7658333, 33.8988889
EONET_12781,East Table Wildfire  Custer  Nebraska,,Wildfires,-99.728328  41.547555,2/25/25,21:31:00,11,-99.728328, 41.547555
EONET_12802,Wildfire in Australia 1023545,,Wildfires,149.45152157902322  -30.942532865512696,2/25/25,19:00:00,19,149.45152157902322, -30.942532865512696
EONET_12765,KC 450 Wildfire  Kimble  Texas,8 miles SE of Junction TX,Wildfires,-99.66921667  30.38541667,2/25/25,18:30:00,13,-99.66921667, 30.38541667
EONET_12822,COLBIN GAP Wildfire  Etowah  Alabama,NEW LIBERTY / WEBSTERS CHAPEL,Wildfires,-85.8861111  33.9580556,2/25/25,13:04:00,12,-85.8861111, 33.9580556
EONET_12785,RX Harvey Mtn East Wildfire  Le Flore  Oklahoma,,Wildfires,-94.86845  34.712217,2/25/25,9:55:00,10,-94.86845, 34.712217
EONET_12784,Range 141 Wildfire  El Paso  Colorado,6.63 miles south west of Fountain  Colorado,Wildfires,-104.8106  38.625558,2/25/25,9:30:00,10,-104.8106, 38.625558
EONET_12791,Rx Cottle 0536 Wildfire  Cottle  Texas,,Wildfires,-100.3442455  34.11744675,2/25/25,9:13:00,13,-100.3442455, 34.11744675
EONET_12792,RX Kerr 0537 Wildfire  Kerr  Texas,,Wildfires,-99.29375895  30.13073292,2/25/25,9:13:00,13,-99.29375895, 30.13073292
EONET_12793,Rx McMullen 0538 Wildfire  McMullen  Texas,,Wildfires,-98.351056  28.47151854,2/25/25,9:12:00,11,-98.351056, 28.47151854
EONET_12788,Walt RX Wildfire  Clay  Alabama,,Wildfires,-86.152778  33.170833,2/25/25,9:03:00,11,-86.152778, 33.170833
EONET_12787,RX Reeve&#039;s Branch Wildfire  Pope  Arkansas,,Wildfires,-92.902528  35.714619,2/25/25,8:45:00,11,-92.902528, 35.714619
EONET_12789,RX Harvey Ridge Wildfire  Scott  Arkansas,,Wildfires,-94.22  34.716389,2/25/25,8:28:00,7,-94.22, 34.716389
EONET_12790,DXS 01/02/03 RX Wildfire  Escambia  Alabama,,Wildfires,-86.745247  31.134602,2/25/25,7:31:00,11,-86.745247, 31.134602
EONET_12786,Saw Mill Wildfire  Platte  Wyoming,2 Mile  East of  Wheatland  Wy,Wildfires,-104.92062  42.04107,2/24/25,19:11:00,11,-104.92062, 42.04107
EONET_12795,Wildfire in Venezuela 1023542,,Wildfires,-68.14176757456781  8.76770429509867,2/24/25,19:00:00,19,-68.14176757456781, 8.76770429509867
EONET_12796,Wildfire in Ethiopia 1023537,,Wildfires,35.96153969595625  10.705370034617072,2/24/25,19:00:00,18,35.96153969595625, 10.705370034617072
EONET_12846,Wildfire in Ethiopia 1023556,,Wildfires,36.28616137264376  11.099954768823263,2/24/25,19:00:00,18,36.28616137264376, 11.099954768823263
EONET_12780,YO Ranch Road Wildfire  Platte  Wyoming,6 Miles SE of Wheatland  Wy,Wildfires,-104.90347  42.000536,2/24/25,10:18:00,11,-104.90347, 42.000536
EONET_12794,RX South Ringer Branch Wildfire  Scott  Arkansas,,Wildfires,-93.808056  34.745,2/24/25,7:57:00,11,-93.808056, 34.745
EONET_12797,Wildfire in Senegal 1023539,,Wildfires,-12.686479720554628  13.460777229036738,2/23/25,19:00:00,20,-12.686479720554628, 13.460777229036738
EONET_12798,Wildfire in Australia 1023540,,Wildfires,128.18195798040907  -17.582193798972035,2/23/25,19:00:00,19,128.18195798040907, -17.582193798972035
EONET_12853,Wildfire in Liberia  Guinea 1023564,,Wildfires,-9.427060559769606  7.971437753501375,2/23/25,19:00:00,19,-9.427060559769606, 7.971437753501375
EONET_12726,RX Harvey Mountain East Wildfire  Le Flore  Oklahoma,,Wildfires,-94.857083  34.723,2/23/25,9:54:00,11,-94.857083, 34.723
EONET_12754,Wildfire in Australia 1023531,,Wildfires,130.2518742727973  -19.338758738207215,2/22/25,19:00:00,18,130.2518742727973, -19.338758738207215
EONET_12803,Wildfire in Mali 1023544,,Wildfires,-6.027762358906355  15.058538175600468,2/22/25,19:00:00,19,-6.027762358906355, 15.058538175600468
EONET_12804,Wildfire in Australia 1023547,,Wildfires,146.74406620530675  -37.580056289934426,2/22/25,19:00:00,19,146.74406620530675, -37.580056289934426
EONET_12805,Wildfire in Australia 1023548,,Wildfires,131.31155657622176  -20.42737419501781,2/22/25,19:00:00,19,131.31155657622176, -20.42737419501781
EONET_12730,RX OKWMR Phelan Wildfire  Comanche  Oklahoma,,Wildfires,-98.783392  34.756666,2/22/25,9:36:00,11,-98.783392, 34.756666
EONET_12731,Quail RX Wildfire  Cleburne  Alabama,,Wildfires,-85.579133  33.789533,2/22/25,8:40:00,11,-85.579133, 33.789533
EONET_12728,Comp 49 RX Wildfire  Bibb  Alabama,,Wildfires,-87.3643  32.913522,2/22/25,8:03:00,9,-87.3643, 32.913522
EONET_12721,Wildfire in Mali 1023524,,Wildfires,3.2587400130394113  16.46189435900621,2/21/25,19:00:00,19,3.2587400130394113, 16.46189435900621
EONET_12799,Wildfire in Russian Federation 1023541,,Wildfires,131.58541641220148  44.43069133042419,2/21/25,19:00:00,19,131.58541641220148, 44.43069133042419
EONET_12800,Wildfire in Ethiopia 1023538,,Wildfires,33.27263220169747  7.842581874359542,2/21/25,19:00:00,18,33.27263220169747, 7.842581874359542
EONET_12806,Wildfire in Venezuela 1023546,,Wildfires,-63.2585376692452  8.877503108012524,2/21/25,19:00:00,18,-63.2585376692452, 8.877503108012524
EONET_12727,Comp 05 RX Wildfire  Tuscaloosa  Alabama,,Wildfires,-87.403333  33.003833,2/21/25,8:09:00,11,-87.403333, 33.003833
EONET_12734,LXR Strazulla Rx 0221 Wildfire  Palm Beach  Florida,,Wildfires,-80.25  26.566667,2/21/25,8:05:00,7,-80.25, 26.566667
EONET_12716,Iceberg A85,,Sea and Lake Ice,-126.05,2/21/25,0:00:00,#VALUE!,#VALUE!,#VALUE!
EONET_12717,Iceberg D37,,Sea and Lake Ice,36.34  -69.22,2/21/25,0:00:00,6,36.34, -69.22
EONET_12711,Wildfire in Sudan 1023519,,Wildfires,29.97627173054393  7.2176146946150235,2/20/25,19:00:00,18,29.97627173054393, 7.2176146946150235
EONET_12722,Wildfire in Ethiopia 1023525,,Wildfires,33.65861944468327  8.17501269597591,2/20/25,19:00:00,18,33.65861944468327, 8.17501269597591
EONET_12723,Wildfire in Australia 1023527,,Wildfires,142.78275723204698  -22.643450133997057,2/20/25,19:00:00,19,142.78275723204698, -22.643450133997057
EONET_12762,Wildfire in Australia 1023536,,Wildfires,149.0564292803252  -25.337344097177343,2/20/25,19:00:00,18,149.0564292803252, -25.337344097177343
EONET_12737,Blue Springs 06 RX Wildfire  Covington  Alabama,,Wildfires,-86.591103  31.125228,2/20/25,16:24:00,11,-86.591103, 31.125228
EONET_12732,Comp 57 RX Wildfire  Bibb  Alabama,,Wildfires,-87.365582  32.896732,2/20/25,8:02:00,11,-87.365582, 32.896732
EONET_12815,Nyamulagira Volcano  DR Congo,,Volcanoes,29.2  -1.408,2/20/25,0:00:00,5,29.2, -1.408
EONET_12712,Wildfire in Central African Republic 1023520,,Wildfires,21.915248070388163  8.373105500593436,2/19/25,19:00:00,19,21.915248070388163, 8.373105500593436
EONET_12724,Wildfire in Ethiopia 1023526,,Wildfires,33.735090254905415  7.723215744328552,2/19/25,19:00:00,19,33.735090254905415, 7.723215744328552
EONET_12755,Wildfire in South Africa 1023530,,Wildfires,19.251620190788337  -33.330132018305164,2/19/25,19:00:00,19,19.251620190788337, -33.330132018305164
EONET_12763,Wildfire in Sudan  Ethiopia 1023535,,Wildfires,33.12298028862088  8.277626012392249,2/19/25,19:00:00,18,33.12298028862088, 8.277626012392249
EONET_12807,Wildfire in Sudan 1023543,,Wildfires,32.984554609117694  8.355972966812852,2/19/25,19:00:00,19,32.984554609117694, 8.355972966812852
EONET_12742,Rx San Jacinto 0486 Wildfire  San Jacinto  Texas,,Wildfires,-95.28388889  30.825,2/19/25,8:46:00,13,-95.28388889, 30.825
EONET_12813,Lewotolok Volcano  Indonesia,,Volcanoes,123.508  -8.274,2/19/25,0:00:00,8,123.508, -8.274
EONET_12708,Wildfire in Sudan 1023516,,Wildfires,26.533734108251064  14.298509735329041,2/18/25,19:00:00,19,26.533734108251064, 14.298509735329041
EONET_12744,OSF CPT 1 Rx 0218 Wildfire  Baker  Florida,,Wildfires,-82.308383  30.437883,2/18/25,9:21:00,11,-82.308383, 30.437883
EONET_12725,Wildfire in Senegal 1023528,,Wildfires,-14.630241940697934  13.150422245391681,2/17/25,19:00:00,20,-14.630241940697934, 13.150422245391681
EONET_12756,Wildfire in Russian Federation 1023532,,Wildfires,131.76582661325727  44.32929528069575,2/17/25,19:00:00,19,131.76582661325727, 44.32929528069575
EONET_12733,Comp 20 RX Wildfire  Macon  Alabama,,Wildfires,-85.561  32.49105,2/17/25,13:33:00,8,-85.561, 32.49105
EONET_12746,RX Cottle 0479 Wildfire  Cottle  Texas,,Wildfires,-100.4166667  34.13333333,2/17/25,11:45:00,13,-100.4166667, 34.13333333
EONET_12703,Wildfire in Australia 1023511,,Wildfires,116.1659697685877  -34.789985012057016,2/16/25,19:00:00,18,116.1659697685877, -34.789985012057016
EONET_12713,Wildfire in Australia 1023523,,Wildfires,116.15230836347173  -34.800221174996494,2/16/25,19:00:00,19,116.15230836347173, -34.800221174996494
EONET_12760,Wildfire in Senegal 1023533,,Wildfires,-15.791538888608104  13.094987169869531,2/16/25,19:00:00,20,-15.791538888608104, 13.094987169869531
EONET_12740,BUENOS ARIES PILES RX Wildfire  Pima  Arizona,,Wildfires,-111.50325  31.583117,2/16/25,10:36:00,11,-111.50325, 31.583117
EONET_12704,Wildfire in Ethiopia 1023514,,Wildfires,34.62631506346511  6.812385468960663,2/15/25,19:00:00,18,34.62631506346511, 6.812385468960663
EONET_12705,Wildfire in Ethiopia 1023512,,Wildfires,35.9939186682305  10.944443243024828,2/15/25,19:00:00,17,35.9939186682305, 10.944443243024828
EONET_12706,Wildfire in Cameroon 1023513,,Wildfires,10.925303964705574  5.158772005459642,2/15/25,19:00:00,19,10.925303964705574, 5.158772005459642
EONET_12707,Wildfire in Central African Republic 1023515,,Wildfires,24.00830468932926  7.021187520376965,2/15/25,19:00:00,18,24.00830468932926, 7.021187520376965
EONET_12709,Wildfire in Cameroon 1023517,,Wildfires,13.448953535900284  5.740728789547437,2/15/25,19:00:00,19,13.448953535900284, 5.740728789547437
EONET_12710,Wildfire in Cameroon 1023518,,Wildfires,11.601622549677574  5.707452633392769,2/15/25,19:00:00,19,11.601622549677574, 5.707452633392769
EONET_12714,Wildfire in Sudan 1023521,,Wildfires,33.580453919550074  8.639136349312977,2/15/25,19:00:00,19,33.580453919550074, 8.639136349312977
EONET_12715,Wildfire in Ethiopia 1023522,,Wildfires,33.16979337386354  7.921367182712195,2/15/25,19:00:00,18,33.16979337386354, 7.921367182712195
EONET_12757,Wildfire in Sudan 1023529,,Wildfires,32.84602877090451  8.485468125944076,2/15/25,19:00:00,18,32.84602877090451, 8.485468125944076
EONET_12761,Wildfire in The Democratic Republic of Congo 1023534,,Wildfires,29.188091947155684  -1.41379366550985,2/15/25,19:00:00,19,29.188091947155684, -1.41379366550985
EONET_12743,Stillwater NWR FY25 RX Wildfire  Churchill  Nevada,,Wildfires,-118.47135  39.628117,2/14/25,19:00:00,11,-118.47135, 39.628117
EONET_12738,SUNNYSIDE RX Wildfire  Cochise  Arizona,,Wildfires,-110.415004  31.417493,2/13/25,17:12:00,12,-110.415004, 31.417493
EONET_12729,RKC 02/03 RX Wildfire  Escambia  Alabama,,Wildfires,-86.793957  31.034866,2/13/25,12:40:00,11,-86.793957, 31.034866
EONET_12749,OKR Minnies Island Rx 0212 Wildfire  Charlton  Georgia,,Wildfires,-82.351383  30.886667,2/12/25,9:54:00,11,-82.351383, 30.886667
EONET_12750,OSF CPT 43 50 Rx 0212 Wildfire  Columbia  Florida,,Wildfires,-82.504117  30.345217,2/12/25,8:32:00,11,-82.504117, 30.345217
EONET_12748,MIR T-27A Rx 0212 Wildfire  Brevard  Florida,,Wildfires,-80.6804  28.664267,2/12/25,7:54:00,9,-80.6804, 28.664267
EONET_12747,OKR CPT 6 Mims Island Rx 0212 Wildfire  Ware  Georgia,,Wildfires,-82.301167  30.581117,2/11/25,13:13:00,11,-82.301167, 30.581117
EONET_12752,OSF CPT 23 24 Rx 0211 Wildfire  Columbia  Florida,,Wildfires,-82.516383  30.369833,2/11/25,7:25:00,11,-82.516383, 30.369833
EONET_12675,Rx Trinity 0423 Wildfire  Trinity  Texas,,Wildfires,-95.41861111  30.95888889,2/10/25,20:28:00,13,-95.41861111, 30.95888889
EONET_12751,Dismal West RX Wildfire  Thomas  Nebraska,,Wildfires,-100.29995  41.891333,2/10/25,11:22:00,11,-100.29995, 41.891333
EONET_12671,Wildfire in Australia 1023510,,Wildfires,120.83976940333025  -33.60615814406219,2/9/25,19:00:00,19,120.83976940333025, -33.60615814406219
EONET_12681,RX Kimble 0417 Wildfire  Kimble  Texas,,Wildfires,-99.71893567  30.41878606,2/9/25,9:32:00,13,-99.71893567, 30.41878606
EONET_12672,Wildfire in Australia 1023509,,Wildfires,116.4135338570653  -34.66225013239765,2/8/25,19:00:00,18,116.4135338570653, -34.66225013239765
EONET_12676,COTTONWOOD CANYON Wildfire  Lincoln  New Mexico,Highway 246 to mile marker 14,Wildfires,-105.40959  33.7113,2/8/25,13:26:00,11,-105.40959, 33.7113
EONET_12682,BAR Rogers Bee Creek RX Wildfire  Travis  Texas,,Wildfires,-98.0428  30.5792,2/8/25,12:08:00,9,-98.0428, 30.5792
EONET_12666,Wildfire in Australia 1023505,,Wildfires,144.89278913265767  -41.41849649911012,2/7/25,19:00:00,19,144.89278913265767, -41.41849649911012
EONET_12673,Wildfire in Cameroon 1023507,,Wildfires,12.765299415367926  5.992173212751177,2/7/25,19:00:00,19,12.765299415367926, 5.992173212751177
EONET_12739,Iceman RX Wildfire  Lawrence  South Dakota,,Wildfires,-103.818467  44.178633,2/7/25,9:58:00,12,-103.818467, 44.178633
EONET_12687,RX KIS C-44-51 Wildfire  Natchitoches  Louisiana,,Wildfires,-93.018056  31.448056,2/7/25,9:20:00,11,-93.018056, 31.448056
EONET_12686,RX CAT C-95 Wildfire  Grant  Louisiana,,Wildfires,-92.543084  31.462534,2/7/25,9:09:00,11,-92.543084, 31.462534
EONET_12684,SHNF C-105 RX Wildfire  San Jacinto  Texas,,Wildfires,-95.116667  30.5,2/7/25,8:40:00,11,-95.116667, 30.5
EONET_12685,MiC04 RX Wildfire  Escambia  Alabama,,Wildfires,-86.777237  31.065655,2/7/25,8:02:00,11,-86.777237, 31.065655
EONET_12693,RX KIS C-28-41 Wildfire  Natchitoches  Louisiana,,Wildfires,-93.065833  31.453611,2/6/25,15:57:00,11,-93.065833, 31.453611
EONET_12677,Kings Ferry Wildfire  Franklin  Mississippi,Kings Ferry and FS Road 107H in Southern Franklin County within Caston Creek WMA,Wildfires,-90.893408  31.374053,2/6/25,13:14:00,11,-90.893408, 31.374053
EONET_12689,LBJ COMP 908 S RX Wildfire  Wise  Texas,,Wildfires,-97.645533  33.40895,2/6/25,9:46:00,11,-97.645533, 33.40895
EONET_12695,RX Cottle 0384 Wildfire  Cottle  Texas,,Wildfires,-100.4166667  34.13333333,2/6/25,9:31:00,13,-100.4166667, 34.13333333
EONET_12690,SNF Indian Mounds C-102 RX Wildfire  Sabine  Texas,,Wildfires,-93.703333  31.317717,2/6/25,9:10:00,11,-93.703333, 31.317717
EONET_12692,RX CALV C-111 Wildfire  Vernon  Louisiana,,Wildfires,-93.144  30.976,2/6/25,9:09:00,8,-93.144, 30.976
EONET_12694,DCNF COMP 34 RX Wildfire  Houston  Texas,,Wildfires,-95.1963  31.3924,2/6/25,9:04:00,9,-95.1963, 31.3924
EONET_12688,ANF Mud Creek RX Wildfire  Angelina  Texas,,Wildfires,-94.316883  31.175467,2/6/25,8:57:00,11,-94.316883, 31.175467
EONET_12824,RX Compartment 166-170 Wildfire  Oglethorpe  Georgia,,Wildfires,-83.266083  33.772783,2/5/25,13:49:00,11,-83.266083, 33.772783
EONET_12696,DCNF COMP 28 RX Wildfire  Houston  Texas,,Wildfires,-95.1042  31.3999,2/5/25,12:15:00,9,-95.1042, 31.3999
EONET_12697,SHNF COMP 21 RX Wildfire  Montgomery  Texas,,Wildfires,-95.654833  30.528333,2/5/25,9:35:00,11,-95.654833, 30.528333
EONET_12679,RKC 06/07 RX Wildfire  Escambia  Alabama,,Wildfires,-86.833059  31.007087,2/5/25,9:33:00,11,-86.833059, 31.007087
EONET_12691,Rx Polk 0366 Wildfire  Polk  Texas,,Wildfires,-94.67  30.81601,2/5/25,8:57:00,7,-94.67, 30.81601
EONET_12654,Wildfire in Sudan 1023495,,Wildfires,33.55179468121498  7.581735889510396,2/4/25,19:00:00,18,33.55179468121498, 7.581735889510396
EONET_12667,Wildfire in Ethiopia 1023502,,Wildfires,34.27492944950135  7.224850642541192,2/4/25,19:00:00,18,34.27492944950135, 7.224850642541192
EONET_12700,RKC04/05 RX Wildfire  Escambia  Alabama,,Wildfires,-86.810544  31.026977,2/4/25,18:11:00,11,-86.810544, 31.026977
EONET_12680,BrB 04 RX Wildfire  Covington  Alabama,,Wildfires,-86.631821  31.093738,2/4/25,18:05:00,11,-86.631821, 31.093738
EONET_12683,MiC 07 RX Wildfire  Escambia  Alabama,,Wildfires,-86.725788  31.070564,2/4/25,17:56:00,11,-86.725788, 31.070564
EONET_12741,BrB05 Rx Wildfire  Covington  Alabama,,Wildfires,-86.6629  31.088143,2/4/25,17:53:00,9,-86.6629, 31.088143
EONET_12647,Wildfire in Chad 1023486,,Wildfires,19.791915103344596  14.434706510708589,2/3/25,19:00:00,19,19.791915103344596, 14.434706510708589
EONET_12655,Wildfire in Sudan 1023496,,Wildfires,32.86439845438164  8.106091862888794,2/3/25,19:00:00,18,32.86439845438164, 8.106091862888794
EONET_12664,Wildfire in The Democratic Republic of Congo 1023500,,Wildfires,29.60683213109463  4.244247573323041,2/3/25,19:00:00,18,29.60683213109463, 4.244247573323041
EONET_12668,Wildfire in The Democratic Republic of Congo 1023506,,Wildfires,29.66008976360997  4.430541130428701,2/3/25,19:00:00,18,29.66008976360997, 4.430541130428701
EONET_12669,Wildfire in Central African Republic 1023503,,Wildfires,23.59600170653006  7.1207920563773595,2/3/25,19:00:00,18,23.59600170653006, 7.1207920563773595
EONET_12670,Wildfire in Venezuela 1023504,,Wildfires,-69.51307154577344  7.867227016877645,2/3/25,19:00:00,19,-69.51307154577344, 7.867227016877645
EONET_12620,Rx Cedar Lake N Shore Wildfire  Le Flore  Oklahoma,,Wildfires,-94.7045  34.773117,2/3/25,10:46:00,9,-94.7045, 34.773117
EONET_12622,Comp 2 RX Wildfire  Hale  Alabama,,Wildfires,-87.476667  32.966333,2/3/25,10:19:00,11,-87.476667, 32.966333
EONET_12699,Pyramid SRA 2 RX Wildfire  Perry  Illinois,,Wildfires,-89.52647  38.0065,2/3/25,9:44:00,10,-89.52647, 38.0065
EONET_12621,RX - Cades Cove Wildfire  Blount  Tennessee,,Wildfires,-83.803833  35.591333,2/3/25,9:09:00,11,-83.803833, 35.591333
EONET_12642,Wildfire in Australia 1023479,,Wildfires,144.99643423665097  -41.545329380223215,2/2/25,19:00:00,19,144.99643423665097, -41.545329380223215
EONET_12648,Wildfire in Chad 1023483,,Wildfires,19.74483578980161  11.719616923580602,2/2/25,19:00:00,18,19.74483578980161, 11.719616923580602
EONET_12649,Wildfire in Argentina 1023485,,Wildfires,-87.84815722,2/2/25,19:00:00,#VALUE!,#VALUE!,#VALUE!
EONET_12656,Wildfire in Australia 1023493,,Wildfires,145.29635138093386  -41.61247878410094,2/2/25,19:00:00,19,145.29635138093386, -41.61247878410094
EONET_12657,Wildfire in Australia 1023494,,Wildfires,138.0758590504984  -32.7383457270778,2/2/25,19:00:00,18,138.0758590504984, -32.7383457270778
EONET_12665,Wildfire in Australia 1023501,,Wildfires,139.39973681864168  -30.104321913048224,2/2/25,19:00:00,19,139.39973681864168, -30.104321913048224
EONET_12674,Wildfire in Australia 1023508,,Wildfires,145.92134868577241  -41.79390265112694,2/2/25,19:00:00,19,145.92134868577241, -41.79390265112694
EONET_12626,ANF Bannister East RX Wildfire  San Augustine  Texas,,Wildfires,-94.21575  31.3347,2/2/25,9:19:00,10,-94.21575, 31.3347
EONET_12625,ANF Bullet Creek RX Wildfire  San Augustine  Texas,,Wildfires,-94.305583  31.2783,2/2/25,9:14:00,11,-94.305583, 31.2783
EONET_12611,Wildfire in Australia 1023472,,Wildfires,141.43774569174607  -36.59669026588205,2/1/25,19:00:00,19,141.43774569174607, -36.59669026588205
EONET_12612,Wildfire in Australia 1023474,,Wildfires,141.4270239294413  -36.61220067228274,2/1/25,19:00:00,18,141.4270239294413, -36.61220067228274
EONET_12658,Wildfire in Sudan 1023490,,Wildfires,32.84008263788477  8.310542967083636,2/1/25,19:00:00,18,32.84008263788477, 8.310542967083636
EONET_12659,Wildfire in Central African Republic 1023497,,Wildfires,24.37244301642445  6.653354631996438,2/1/25,19:00:00,18,24.37244301642445, 6.653354631996438
EONET_12663,Wildfire in Guinea 1023499,,Wildfires,-9.80178177483444  9.291269831717326,2/1/25,19:00:00,18,-9.80178177483444, 9.291269831717326
EONET_12619,Blue Hills Wildfire  Moore  Texas,about 22 miles south east of Dumas Texas.,Wildfires,-101.65394  35.70057,2/1/25,15:41:00,11,-101.65394, 35.70057
EONET_12594,Wildfire in Australia 1023459,,Wildfires,129.5254345867185  -21.64408170376146,1/31/25,19:00:00,18,129.5254345867185, -21.64408170376146
EONET_12638,Wildfire in The Democratic Republic of Congo 1023476,,Wildfires,29.691445600068988  4.391303135306596,1/31/25,19:00:00,19,29.691445600068988, 4.391303135306596
EONET_12639,Wildfire in Australia 1023477,,Wildfires,133.2365228848466  -23.71304577349745,1/31/25,19:00:00,18,133.2365228848466, -23.71304577349745
EONET_12630,BFR HFR Unit 9/10 RX Wildfire  Randall  Texas,,Wildfires,-102.103892  34.895881,1/31/25,8:52:00,12,-102.103892, 34.895881
EONET_12628,APQ Recreation Area 10 Rx  0131 Wildfire  Highlands  Florida,,Wildfires,-81.201153  27.639541,1/31/25,8:28:00,11,-81.201153, 27.639541
EONET_12618,Iceberg A84,,Sea and Lake Ice,-148.49,1/31/25,0:00:00,#VALUE!,#VALUE!,#VALUE!
EONET_12595,Wildfire in Australia 1023460,,Wildfires,129.76627104819855  -21.57456381971143,1/30/25,19:00:00,19,129.76627104819855, -21.57456381971143
EONET_12596,Wildfire in Australia 1023461,,Wildfires,128.22824873414183  -21.908774378537625,1/30/25,19:00:00,19,128.22824873414183, -21.908774378537625
EONET_12660,Wildfire in Central African Republic 1023491,,Wildfires,23.48879600480071  6.371227222863023,1/30/25,19:00:00,18,23.48879600480071, 6.371227222863023
EONET_12661,Wildfire in Australia 1023498,,Wildfires,114.53919872604449  -26.72809886289526,1/30/25,19:00:00,19,114.53919872604449, -26.72809886289526
EONET_12635,Rx Camp 0251 Wildfire  Camp  Texas,,Wildfires,-94.856  32.949027,1/30/25,9:47:00,8,-94.856, 32.949027
EONET_12632,APQ Recreation Area 10 Rx 0130 Wildfire  Highlands  Florida,,Wildfires,-81.201153  27.639541,1/30/25,9:07:00,11,-81.201153, 27.639541
EONET_12634,MiC 02 RX Wildfire  Escambia  Alabama,,Wildfires,-86.741262  31.0947,1/30/25,8:18:00,11,-86.741262, 31.0947
EONET_12631,OSF CPT 34 35 Rx 0130 Wildfire  Baker  Florida,,Wildfires,-82.315783  30.348833,1/30/25,7:41:00,11,-82.315783, 30.348833
EONET_12633,FPR Big Pine Island Rx 0130 Wildfire  Collier  Florida,,Wildfires,-81.375717  26.194033,1/30/25,7:14:00,11,-81.375717, 26.194033
EONET_12623,NORTH FORK Wildfire  McDowell  North Carolina,Graveyard Mountain,Wildfires,-82.012972  35.780278,1/29/25,19:19:00,11,-82.012972, 35.780278
EONET_12576,Wildfire in Australia 1023446,,Wildfires,136.24833739827668  -21.28478969016617,1/29/25,19:00:00,19,136.24833739827668, -21.28478969016617
EONET_12577,Wildfire in Australia 1023447,,Wildfires,129.99623318922966  -21.88545679030662,1/29/25,19:00:00,19,129.99623318922966, -21.88545679030662
EONET_12578,Wildfire in Australia 1023448,,Wildfires,133.36242480924074  -23.61386299955419,1/29/25,19:00:00,19,133.36242480924074, -23.61386299955419
EONET_12579,Wildfire in Australia 1023449,,Wildfires,130.06978055529294  -21.744266064008457,1/29/25,19:00:00,19,130.06978055529294, -21.744266064008457
EONET_12580,Wildfire in Australia 1023450,,Wildfires,129.8340025202946  -21.896389066878967,1/29/25,19:00:00,18,129.8340025202946, -21.896389066878967
EONET_12581,Wildfire in Argentina 1023453,,Wildfires,-107.4186182,1/29/25,19:00:00,#VALUE!,#VALUE!,#VALUE!
EONET_12597,Wildfire in Australia 1023458,,Wildfires,130.41058593591805  -21.986378553248763,1/29/25,19:00:00,19,130.41058593591805, -21.986378553248763
EONET_12601,Wildfire in Australia 1023464,,Wildfires,121.3404813531587  -22.63570407297024,1/29/25,19:00:00,18,121.3404813531587, -22.63570407297024
EONET_12602,Wildfire in Australia 1023465,,Wildfires,130.52624581854514  -21.968328145153276,1/29/25,19:00:00,19,130.52624581854514, -21.968328145153276
EONET_12603,Wildfire in Argentina 1023466,,Wildfires,-110.8278386,1/29/25,19:00:00,#VALUE!,#VALUE!,#VALUE!
EONET_12604,Wildfire in The Democratic Republic of Congo 1023467,,Wildfires,26.344467867976064  4.7114204743932655,1/29/25,19:00:00,19,26.344467867976064, 4.7114204743932655
EONET_12605,Wildfire in Australia 1023468,,Wildfires,136.0485708807638  -21.24119156101582,1/29/25,19:00:00,18,136.0485708807638, -21.24119156101582
EONET_12613,Wildfire in The Democratic Republic of Congo 1023473,,Wildfires,29.54600839192834  4.169479291926629,1/29/25,19:00:00,18,29.54600839192834, 4.169479291926629
EONET_12643,Wildfire in Australia 1023482,,Wildfires,135.37777735987646  -18.171704188049798,1/29/25,19:00:00,19,135.37777735987646, -18.171704188049798
EONET_12650,Wildfire in Argentina 1023484,,Wildfires,-113.4460567,1/29/25,19:00:00,#VALUE!,#VALUE!,#VALUE!
EONET_12662,Wildfire in Central African Republic 1023492,,Wildfires,25.627342431436055  6.526968954050283,1/29/25,19:00:00,19,25.627342431436055, 6.526968954050283
EONET_12627,Cahas Mounttain Fire Wildfire  Franklin  Virginia,2924 Wades Gap Road  Callaway  Franklin County,Wildfires,-80.0352778  37.1205556,1/29/25,17:04:00,12,-80.0352778, 37.1205556
EONET_12637,OSF CPT 129 19 RX 0129 Wildfire  Columbia  Florida,,Wildfires,-82.591117  30.407667,1/29/25,8:12:00,11,-82.591117, 30.407667
EONET_12636,EVP HID Rx 0129 Wildfire  Miami-Dade  Florida,,Wildfires,-80.729517  25.359967,1/29/25,6:54:00,11,-80.729517, 25.359967
EONET_12606,Wildfire in Central African Republic 1023462,,Wildfires,20.755136879863  7.2170449334925735,1/28/25,19:00:00,16,20.755136879863, 7.2170449334925735
EONET_12607,Wildfire in Argentina 1023469,,Wildfires,-115.6459867,1/28/25,19:00:00,#VALUE!,#VALUE!,#VALUE!
EONET_12608,Wildfire in Central African Republic 1023463,,Wildfires,24.54248508156241  6.542163458246979,1/28/25,19:00:00,18,24.54248508156241, 6.542163458246979
EONET_12614,Wildfire in The Democratic Republic of Congo 1023470,,Wildfires,26.37529569387727  4.461904024310162,1/28/25,19:00:00,18,26.37529569387727, 4.461904024310162
EONET_12644,Wildfire in Central African Republic 1023480,,Wildfires,21.285451024725283  7.590988359496671,1/28/25,19:00:00,19,21.285451024725283, 7.590988359496671
EONET_12651,Wildfire in Central African Republic 1023487,,Wildfires,25.136092727396697  6.919191198615752,1/28/25,19:00:00,19,25.136092727396697, 6.919191198615752
EONET_12652,Wildfire in Argentina 1023488,,Wildfires,-89.16891537,1/28/25,19:00:00,#VALUE!,#VALUE!,#VALUE!
EONET_12549,RX Cottle 0244 Wildfire  Cottle  Texas,,Wildfires,-100.4166667  34.13333333,1/28/25,14:26:00,13,-100.4166667, 34.13333333
EONET_12547,Rx Big Flat Wildfire  Johnson  Arkansas,,Wildfires,-93.687909  35.654283,1/28/25,8:50:00,11,-93.687909, 35.654283
EONET_12548,Buttram RX Wildfire  Ozark  Missouri,,Wildfires,-92.764833  36.702667,1/28/25,7:35:00,11,-92.764833, 36.702667
EONET_12546,ANF BU 312 Rx 0128 Wildfire  Wakulla  Florida,,Wildfires,-84.647  30.196,1/28/25,7:00:00,8,-84.647, 30.196
EONET_12565,Wildfire in Australia 1023430,,Wildfires,128.53236848328459  -20.88336116083613,1/27/25,19:00:00,19,128.53236848328459, -20.88336116083613
EONET_12566,Wildfire in Australia 1023431,,Wildfires,133.55486210204344  -23.6954090111821,1/27/25,19:00:00,19,133.55486210204344, -23.6954090111821
EONET_12567,Wildfire in Australia 1023434,,Wildfires,137.05208275210717  -20.47876545478382,1/27/25,19:00:00,19,137.05208275210717, -20.47876545478382
EONET_12582,Wildfire in The Democratic Republic of Congo 1023439,,Wildfires,29.461207611977972  4.270072900099985,1/27/25,19:00:00,19,29.461207611977972, 4.270072900099985
EONET_12583,Wildfire in Australia 1023454,,Wildfires,147.53775362853253  -29.793679739330724,1/27/25,19:00:00,19,147.53775362853253, -29.793679739330724
EONET_12584,Wildfire in Australia 1023451,,Wildfires,130.57027694561188  -22.799132904857977,1/27/25,19:00:00,19,130.57027694561188, -22.799132904857977
EONET_12585,Wildfire in Senegal 1023452,,Wildfires,-12.933448242081461  13.012954372032757,1/27/25,19:00:00,20,-12.933448242081461, 13.012954372032757
EONET_12586,Wildfire in Sudan 1023438,,Wildfires,31.8502560904744  8.896386720677828,1/27/25,19:00:00,17,31.8502560904744, 8.896386720677828
EONET_12598,Wildfire in Central African Republic 1023456,,Wildfires,23.876386527319223  7.1993776159901754,1/27/25,19:00:00,19,23.876386527319223, 7.1993776159901754
EONET_12615,Wildfire in Central African Republic 1023471,,Wildfires,25.0126396242242  6.604124756620417,1/27/25,19:00:00,17,25.0126396242242, 6.604124756620417
EONET_12645,Wildfire in Chad 1023478,,Wildfires,19.600395279239702  10.73437955446191,1/27/25,19:00:00,19,19.600395279239702, 10.73437955446191
EONET_12653,Wildfire in Australia 1023489,,Wildfires,130.65086491802245  -21.83254646420518,1/27/25,19:00:00,19,130.65086491802245, -21.83254646420518
EONET_12551,GRASS RX Wildfire  Bernalillo  New Mexico,,Wildfires,-106.499783  35.038367,1/27/25,13:00:00,12,-106.499783, 35.038367
EONET_12550,FPR Ridge Road Rx 0127 Wildfire  Collier  Florida,,Wildfires,-81.354117  26.18145,1/27/25,7:11:00,11,-81.354117, 26.18145
EONET_12531,Wildfire in Australia 1023424,,Wildfires,142.26831861566103  -37.39018998001453,1/26/25,19:00:00,19,142.26831861566103, -37.39018998001453
EONET_12568,Wildfire in Sudan 1023433,,Wildfires,33.64880139151565  7.3367814061969465,1/26/25,19:00:00,18,33.64880139151565, 7.3367814061969465
EONET_12569,Wildfire in Australia 1023435,,Wildfires,130.70949808302024  -22.03345377254713,1/26/25,19:00:00,19,130.70949808302024, -22.03345377254713
EONET_12570,Wildfire in Burkina Faso 1023436,,Wildfires,0.49081958160892775  11.453506668235889,1/26/25,19:00:00,20,0.49081958160892775, 11.453506668235889
EONET_12587,Wildfire in Australia 1023455,,Wildfires,142.32325318877983  -37.108913005351596,1/26/25,19:00:00,19,142.32325318877983, -37.108913005351596
EONET_12599,Wildfire in Guinea 1023457,,Wildfires,-9.727618384364476  9.39538873791439,1/26/25,19:00:00,19,-9.727618384364476, 9.39538873791439
EONET_12553,BCP Boot Hill Echo 0126 Rx Wildfire  Collier  Florida,,Wildfires,-81.119033  25.99505,1/26/25,7:20:00,11,-81.119033, 25.99505
EONET_12571,Wildfire in Australia 1023432,,Wildfires,126.5488084885653  -22.037281256641645,1/25/25,19:00:00,18,126.5488084885653, -22.037281256641645
EONET_12559,Rx Anderson 0224 Wildfire  Anderson  Texas,,Wildfires,-95.646472  31.963781,1/25/25,14:24:00,11,-95.646472, 31.963781
EONET_12560,Rx Camp 0219 Wildfire  Camp  Texas,,Wildfires,-94.795964  32.912309,1/25/25,14:23:00,11,-94.795964, 32.912309
EONET_12556,ANF Sandy Creek COMP 73/74/75 RX Wildfire  Angelina  Texas,,Wildfires,-94.221833  31.100967,1/25/25,9:14:00,11,-94.221833, 31.100967
EONET_12558,RX CALE C-373 Wildfire  Rapides  Louisiana,,Wildfires,-92.5479  31.1223,1/25/25,9:00:00,9,-92.5479, 31.1223
EONET_12557,BCP Boot Hill Echo Rx 0125 Wildfire  Collier  Florida,,Wildfires,-81.119033  25.99505,1/25/25,7:52:00,11,-81.119033, 25.99505
EONET_12516,Wildfire in Australia 1023406,,Wildfires,134.38004849294296  -19.080078881179855,1/24/25,19:00:00,19,134.38004849294296, -19.080078881179855
EONET_12532,Wildfire in Sudan  Central African Republic 1023417,,Wildfires,26.47168101225164  6.1079861834422955,1/24/25,19:00:00,18,26.47168101225164, 6.1079861834422955
EONET_12572,Wildfire in Central African Republic 1023428,,Wildfires,23.601687852250752  7.681942136359429,1/24/25,19:00:00,19,23.601687852250752, 7.681942136359429
EONET_12573,Wildfire in Benin 1023437,,Wildfires,2.685864166391419  11.781485004998006,1/24/25,19:00:00,18,2.685864166391419, 11.781485004998006
EONET_12588,Wildfire in Central African Republic 1023440,,Wildfires,25.74499923763562  6.556596691689325,1/24/25,19:00:00,18,25.74499923763562, 6.556596691689325
EONET_12616,Wildfire in Central African Republic 1023475,,Wildfires,25.059919627027313  6.587240195930185,1/24/25,19:00:00,19,25.059919627027313, 6.587240195930185
EONET_12646,Wildfire in Ghana 1023481,,Wildfires,-2.8735749802971253  7.044105874080034,1/24/25,19:00:00,20,-2.8735749802971253, 7.044105874080034
EONET_12843,RX WINN C-84 Wildfire  Winn  Louisiana,,Wildfires,-92.545833  31.850833,1/24/25,10:00:00,11,-92.545833, 31.850833
EONET_12561,RX CAT C65-66 Wildfire  Grant  Louisiana,,Wildfires,-92.54385  31.552117,1/24/25,9:22:00,10,-92.54385, 31.552117
EONET_12562,BCP Boothill Echo Rx 0124 Wildfire  Collier  Florida,,Wildfires,-81.119033  25.99505,1/24/25,7:42:00,11,-81.119033, 25.99505
EONET_12552,Hubbard Barbaree RX Wildfire  Clay  Alabama,,Wildfires,-85.891111  33.439444,1/23/25,19:22:00,11,-85.891111, 33.439444
EONET_12507,Wildfire in Mexico 1023393,,Wildfires,-116.37322751142813  31.724787241878797,1/23/25,19:00:00,20,-116.37322751142813, 31.724787241878797
EONET_12508,Wildfire in Mali 1023400,,Wildfires,3.3073357069855387  15.978467335760367,1/23/25,19:00:00,19,3.3073357069855387, 15.978467335760367
EONET_12509,Wildfire in Australia 1023396,,Wildfires,134.7105768112027  -20.398595554411198,1/23/25,19:00:00,18,134.7105768112027, -20.398595554411198
EONET_12517,Wildfire in Australia 1023407,,Wildfires,141.25320940587116  -21.823154313911843,1/23/25,19:00:00,19,141.25320940587116, -21.823154313911843
EONET_12518,Wildfire in Australia 1023408,,Wildfires,131.41137712176814  -21.161524269874647,1/23/25,19:00:00,19,131.41137712176814, -21.161524269874647
EONET_12519,Wildfire in Central African Republic 1023402,,Wildfires,23.781454601735984  7.204621254029128,1/23/25,19:00:00,19,23.781454601735984, 7.204621254029128
EONET_12533,Wildfire in Australia 1023422,,Wildfires,140.22887240711827  -20.68107420454767,1/23/25,19:00:00,19,140.22887240711827, -20.68107420454767
EONET_12534,Wildfire in Central African Republic 1023419,,Wildfires,24.9667888539489  6.700097422951898,1/23/25,19:00:00,17,24.9667888539489, 6.700097422951898
EONET_12535,Wildfire in Australia 1023425,,Wildfires,133.56402366360498  -20.579189452891754,1/23/25,19:00:00,19,133.56402366360498, -20.579189452891754
EONET_12589,Wildfire in Central African Republic 1023442,,Wildfires,21.295372552036213  7.932238558926085,1/23/25,19:00:00,19,21.295372552036213, 7.932238558926085
EONET_12590,Wildfire in Sudan 1023441,,Wildfires,26.65846224045128  6.705074429748912,1/23/25,19:00:00,18,26.65846224045128, 6.705074429748912
EONET_12543,BORDER 2 Wildfire  San Diego  California,Otay Mountain Area,Wildfires,-116.841271  32.600524,1/23/25,16:59:00,12,-116.841271, 32.600524
EONET_12555,DCNF COMP 27 RX Wildfire  Houston  Texas,,Wildfires,-95.080147  31.42057,1/23/25,10:42:00,11,-95.080147, 31.42057
EONET_12563,Redbank RX Wildfire  Pennington  South Dakota,,Wildfires,-103.935533  43.992117,1/23/25,10:06:00,12,-103.935533, 43.992117
EONET_12502,Wildfire in Australia 1023391,,Wildfires,137.69269414198752  -21.69205573182248,1/22/25,19:00:00,19,137.69269414198752, -21.69205573182248
EONET_12503,Wildfire in Australia 1023392,,Wildfires,119.64922948625868  -32.050764362710375,1/22/25,19:00:00,19,119.64922948625868, -32.050764362710375
EONET_12510,Wildfire in Burkina Faso 1023401,,Wildfires,-1.4673808092817984  13.586130211170978,1/22/25,19:00:00,20,-1.4673808092817984, 13.586130211170978
EONET_12511,Wildfire in Sudan  Central African Republic 1023397,,Wildfires,26.549608165786484  6.098686187696297,1/22/25,19:00:00,19,26.549608165786484, 6.098686187696297
EONET_12520,Wildfire in Australia 1023409,,Wildfires,141.39129930892824  -21.856100928187576,1/22/25,19:00:00,19,141.39129930892824, -21.856100928187576
EONET_12521,Wildfire in Central African Republic 1023403,,Wildfires,25.91995736862296  6.8331246646720025,1/22/25,19:00:00,18,25.91995736862296, 6.8331246646720025
EONET_12526,Wildfire in Central African Republic 1023415,,Wildfires,24.256649013390984  7.5841122244415,1/22/25,19:00:00,19,24.256649013390984, 7.5841122244415
EONET_12527,Wildfire in Central African Republic 1023416,,Wildfires,23.764768315491057  7.267330153046085,1/22/25,19:00:00,19,23.764768315491057, 7.267330153046085
EONET_12536,Wildfire in Central African Republic 1023426,,Wildfires,26.68604940892622  5.763256592769755,1/22/25,19:00:00,18,26.68604940892622, 5.763256592769755
EONET_12537,Wildfire in The Democratic Republic of Congo 1023423,,Wildfires,29.54241317313306  4.01911380504089,1/22/25,19:00:00,18,29.54241317313306, 4.01911380504089
EONET_12538,Wildfire in Central African Republic 1023420,,Wildfires,25.091297584432013  6.7545981231062,1/22/25,19:00:00,19,25.091297584432013, 6.7545981231062
EONET_12574,Wildfire in Sudan 1023427,,Wildfires,31.603239169720382  8.94059994269145,1/22/25,19:00:00,19,31.603239169720382, 8.94059994269145
EONET_12591,Wildfire in The Democratic Republic of Congo 1023443,,Wildfires,29.734615007658604  4.336038515922353,1/22/25,19:00:00,19,29.734615007658604, 4.336038515922353
EONET_12544,HUGHES Wildfire  Los Angeles  California,Castaic  CA,Wildfires,-118.559217  34.543023,1/22/25,13:43:00,12,-118.559217, 34.543023
EONET_12564,D-7 Bear RX Wildfire  Navajo  Arizona,,Wildfires,-110.212133  34.25595,1/22/25,9:15:00,12,-110.212133, 34.25595
EONET_12522,Wildfire in Sudan 1023404,,Wildfires,32.34030216683976  8.722052538647928,1/21/25,19:00:00,18,32.34030216683976, 8.722052538647928
EONET_12528,Wildfire in Central African Republic 1023412,,Wildfires,21.91508754106496  8.157632765255649,1/21/25,19:00:00,18,21.91508754106496, 8.157632765255649
EONET_12529,Wildfire in Central African Republic 1023413,,Wildfires,25.98875937334182  6.744350843999465,1/21/25,19:00:00,18,25.98875937334182, 6.744350843999465
EONET_12575,Wildfire in Nigeria 1023429,,Wildfires,11.362924116958574  7.8367224763728744,1/21/25,19:00:00,19,11.362924116958574, 7.8367224763728744
EONET_12592,Wildfire in Central African Republic 1023444,,Wildfires,21.14377901442735  7.3491119452343,1/21/25,19:00:00,18,21.14377901442735, 7.3491119452343
EONET_12593,Wildfire in Nigeria 1023445,,Wildfires,11.452327533308084  7.892386383174827,1/21/25,19:00:00,19,11.452327533308084, 7.892386383174827
EONET_12498,Wildfire in Sudan 1023384,,Wildfires,26.85266626351784  6.615419856825279,1/20/25,19:00:00,18,26.85266626351784, 6.615419856825279
EONET_12504,Wildfire in Colombia 1023390,,Wildfires,-68.52812867969303  5.982303785656416,1/20/25,19:00:00,19,-68.52812867969303, 5.982303785656416
EONET_12512,Wildfire in Central African Republic 1023398,,Wildfires,24.573898604345196  7.256387123481471,1/20/25,19:00:00,19,24.573898604345196, 7.256387123481471
EONET_12513,Wildfire in Central African Republic 1023394,,Wildfires,24.83139570507956  7.345413921117982,1/20/25,19:00:00,18,24.83139570507956, 7.345413921117982
EONET_12539,Wildfire in Sudan 1023418,,Wildfires,26.98873017050219  6.666161404898235,1/20/25,19:00:00,18,26.98873017050219, 6.666161404898235
EONET_12540,Wildfire in Central African Republic 1023421,,Wildfires,19.64024871587587  7.884066761994765,1/20/25,19:00:00,18,19.64024871587587, 7.884066761994765
EONET_12514,Wildfire in Chad 1023399,,Wildfires,18.28788429900183  10.205279962666301,1/19/25,19:00:00,18,18.28788429900183, 10.205279962666301
EONET_12515,Wildfire in Ethiopia 1023395,,Wildfires,34.346772348557046  7.341853267579223,1/19/25,19:00:00,19,34.346772348557046, 7.341853267579223
EONET_12530,Wildfire in Central African Republic 1023414,,Wildfires,26.43200412145335  6.181797933976179,1/19/25,19:00:00,18,26.43200412145335, 6.181797933976179
EONET_12499,Wildfire in Central African Republic 1023385,,Wildfires,25.018956451952462  6.855641426990895,1/18/25,19:00:00,19,25.018956451952462, 6.855641426990895
EONET_12505,Wildfire in Chile 1023388,,Wildfires,-110.7251704,1/18/25,19:00:00,#VALUE!,#VALUE!,#VALUE!
EONET_12506,Wildfire in Senegal 1023389,,Wildfires,-12.992122839026663  12.976353057355581,1/18/25,19:00:00,20,-12.992122839026663, 12.976353057355581
EONET_12523,Wildfire in Central African Republic 1023410,,Wildfires,24.42158559408052  7.181224669158938,1/18/25,19:00:00,18,24.42158559408052, 7.181224669158938
EONET_12524,Wildfire in Central African Republic 1023411,,Wildfires,24.497252713447917  7.270970996872754,1/18/25,19:00:00,19,24.497252713447917, 7.270970996872754
EONET_12487,BRR Canvasback RX Wildfire  Brazoria  Texas,,Wildfires,-95.266185  29.131072,1/18/25,18:25:00,11,-95.266185, 29.131072
EONET_12488,BRR Walker Ditch RX Wildfire  Brazoria  Texas,,Wildfires,-95.269524  29.130928,1/18/25,9:15:00,11,-95.269524, 29.130928
EONET_12481,Wildfire in Burkina Faso 1023378,,Wildfires,-0.10904156138328022  13.06104584557223,1/17/25,19:00:00,21,-0.10904156138328022, 13.06104584557223
EONET_12494,Wildfire in Senegal 1023381,,Wildfires,-13.12286976324657  12.938343020102494,1/17/25,19:00:00,19,-13.12286976324657, 12.938343020102494
EONET_12489,Coyote Run Wildfire  Hockley  Texas,about 3.5 miles west of Levelland Tx,Wildfires,-102.49785  33.59301667,1/17/25,16:22:00,11,-102.49785, 33.59301667
EONET_12490,RX CALV C-240-241-242 Wildfire  Vernon  Louisiana,,Wildfires,-93.0487  31.0459,1/17/25,9:12:00,9,-93.0487, 31.0459
EONET_12467,Wildfire in Australia 1023365,,Wildfires,145.81224168300193  -23.215124418195842,1/16/25,19:00:00,19,145.81224168300193, -23.215124418195842
EONET_12482,Wildfire in Australia 1023379,,Wildfires,141.35813577175176  -21.97063635244438,1/16/25,19:00:00,19,141.35813577175176, -21.97063635244438
EONET_12493,Wildfire in Kenya 1023380,,Wildfires,39.01424498500139  1.1868267133553414,1/16/25,19:00:00,18,39.01424498500139, 1.1868267133553414
EONET_12495,Wildfire in Australia 1023382,,Wildfires,133.6474109002013  -19.845794552829524,1/16/25,19:00:00,18,133.6474109002013, -19.845794552829524
EONET_12486,RX WINN C-88-89 Wildfire  Winn  Louisiana,,Wildfires,-92.537713  31.822407,1/16/25,9:29:00,11,-92.537713, 31.822407
EONET_12491,RX CAT C-88 Wildfire  Grant  Louisiana,,Wildfires,-92.514816  31.488211,1/16/25,9:29:00,11,-92.514816, 31.488211
EONET_12459,Wildfire in Australia 1023359,,Wildfires,145.83193104098336  -23.365211933574177,1/15/25,19:00:00,19,145.83193104098336, -23.365211933574177
EONET_12468,Wildfire in Australia 1023368,,Wildfires,145.8073170545561  -23.216810394284703,1/15/25,19:00:00,18,145.8073170545561, -23.216810394284703
EONET_12475,Wildfire in Australia 1023372,,Wildfires,137.14379953718876  -17.40762574804121,1/15/25,19:00:00,19,137.14379953718876, -17.40762574804121
EONET_12476,Wildfire in Australia 1023373,,Wildfires,140.39014905459132  -21.432914061210248,1/15/25,19:00:00,19,140.39014905459132, -21.432914061210248
EONET_12496,Wildfire in Australia 1023383,,Wildfires,147.2790250758761  -24.826809836165882,1/15/25,19:00:00,18,147.2790250758761, -24.826809836165882
EONET_12525,Wildfire in Sudan 1023405,,Wildfires,32.63591237407198  8.430679414319268,1/15/25,19:00:00,18,32.63591237407198, 8.430679414319268
EONET_12492,APQ NC Range Rx 0115 Wildfire  Polk  Florida,,Wildfires,-81.314278  27.696106,1/15/25,8:00:00,11,-81.314278, 27.696106
EONET_12460,Wildfire in Australia 1023358,,Wildfires,146.73447185026714  -22.18161304787214,1/14/25,19:00:00,19,146.73447185026714, -22.18161304787214
EONET_12477,Wildfire in Australia 1023374,,Wildfires,133.48205481072037  -19.80699487068191,1/14/25,19:00:00,19,133.48205481072037, -19.80699487068191
EONET_12483,Wildfire in Kenya 1023375,,Wildfires,38.83808433827175  1.1341487917791186,1/14/25,19:00:00,18,38.83808433827175, 1.1341487917791186
EONET_12500,Wildfire in Venezuela 1023387,,Wildfires,-68.30449310013243  6.515491876709809,1/14/25,19:00:00,19,-68.30449310013243, 6.515491876709809
EONET_12448,Wildfire in Sudan 1023342,,Wildfires,33.08764341530124  7.421579749843402,1/13/25,19:00:00,18,33.08764341530124, 7.421579749843402
EONET_12461,Wildfire in Sudan 1023353,,Wildfires,33.65236570153123  6.45361411829087,1/13/25,19:00:00,18,33.65236570153123, 6.45361411829087
EONET_12469,Wildfire in Central African Republic 1023361,,Wildfires,25.460475329045163  6.669826489264874,1/13/25,19:00:00,19,25.460475329045163, 6.669826489264874
EONET_12470,Wildfire in Australia 1023366,,Wildfires,139.96745647880354  -21.42530741847581,1/13/25,19:00:00,19,139.96745647880354, -21.42530741847581
EONET_12478,Wildfire in Australia 1023369,,Wildfires,141.25314823354648  -21.949739850997183,1/13/25,19:00:00,19,141.25314823354648, -21.949739850997183
EONET_12501,Wildfire in Nigeria 1023386,,Wildfires,5.053132570691755  9.78260358107889,1/13/25,19:00:00,18,5.053132570691755, 9.78260358107889
EONET_12449,Wildfire in The Democratic Republic of Congo 1023343,,Wildfires,26.128782520478033  4.447515288257361,1/12/25,19:00:00,19,26.128782520478033, 4.447515288257361
EONET_12462,Wildfire in Sudan 1023354,,Wildfires,26.745302612329276  6.725158403435517,1/12/25,19:00:00,19,26.745302612329276, 6.725158403435517
EONET_12463,Wildfire in Sudan 1023355,,Wildfires,26.895142800086475  6.0864942896052545,1/12/25,19:00:00,19,26.895142800086475, 6.0864942896052545
EONET_12479,Wildfire in Australia 1023370,,Wildfires,139.4251629402829  -20.24571330288662,1/12/25,19:00:00,18,139.4251629402829, -20.24571330288662
EONET_12484,Wildfire in Ghana 1023376,,Wildfires,-0.8653330885248  7.548671615640485,1/12/25,19:00:00,17,-0.8653330885248, 7.548671615640485
EONET_12485,Wildfire in Central African Republic 1023377,,Wildfires,24.612864779731442  6.75767404080306,1/12/25,19:00:00,19,24.612864779731442, 6.75767404080306
EONET_12432,Wildfire in Nigeria 1023333,,Wildfires,5.589456117209345  10.993517693760356,1/11/25,19:00:00,18,5.589456117209345, 10.993517693760356
EONET_12433,Wildfire in Australia 1023334,,Wildfires,138.23897402742574  -19.305321305745732,1/11/25,19:00:00,19,138.23897402742574, -19.305321305745732
EONET_12442,Wildfire in The Democratic Republic of Congo 1023337,,Wildfires,29.26135608622843  3.7938585656117905,1/11/25,19:00:00,18,29.26135608622843, 3.7938585656117905
EONET_12443,Wildfire in Nigeria 1023336,,Wildfires,5.599164518849277  10.992991359871047,1/11/25,19:00:00,18,5.599164518849277, 10.992991359871047
EONET_12450,Wildfire in Central African Republic 1023344,,Wildfires,24.25481699013978  7.775183636136251,1/11/25,19:00:00,18,24.25481699013978, 7.775183636136251
EONET_12471,Wildfire in Sudan 1023362,,Wildfires,26.933773896508768  6.516761095625926,1/11/25,19:00:00,19,26.933773896508768, 6.516761095625926
EONET_12472,Wildfire in Central African Republic 1023363,,Wildfires,24.350935124985455  7.743850682212539,1/11/25,19:00:00,19,24.350935124985455, 7.743850682212539
EONET_12473,Wildfire in Central African Republic 1023367,,Wildfires,23.796949151399215  7.664019043088235,1/11/25,19:00:00,19,23.796949151399215, 7.664019043088235
EONET_12480,Wildfire in Australia 1023371,,Wildfires,140.13584969703714  -20.462994352762895,1/11/25,19:00:00,19,140.13584969703714, -20.462994352762895
EONET_12444,Wildfire in Nigeria 1023340,,Wildfires,5.572152824857128  10.76482854700278,1/10/25,19:00:00,18,5.572152824857128, 10.76482854700278
EONET_12445,Wildfire in Sudan 1023338,,Wildfires,29.236285748068173  5.608946883876972,1/10/25,19:00:00,19,29.236285748068173, 5.608946883876972
EONET_12451,Wildfire in Central African Republic 1023345,,Wildfires,25.624691005966262  6.765445317063179,1/10/25,19:00:00,19,25.624691005966262, 6.765445317063179
EONET_12452,Wildfire in Central African Republic 1023346,,Wildfires,25.723481470697422  6.78049963138462,1/10/25,19:00:00,19,25.723481470697422, 6.78049963138462
EONET_12464,Wildfire in Central African Republic 1023356,,Wildfires,24.90814684353292  6.95073734290221,1/10/25,19:00:00,18,24.90814684353292, 6.95073734290221
EONET_12465,Wildfire in Central African Republic 1023357,,Wildfires,24.189575001044624  7.4047704422892755,1/10/25,19:00:00,19,24.189575001044624, 7.4047704422892755
EONET_12466,Wildfire in Australia 1023360,,Wildfires,147.3683595858013  -20.69990393467754,1/10/25,19:00:00,18,147.3683595858013, -20.69990393467754
EONET_12474,Wildfire in Central African Republic  Sudan 1023364,,Wildfires,25.2913840782008  7.734524458992688,1/10/25,19:00:00,17,25.2913840782008, 7.734524458992688
EONET_12418,BCP Boot Hill C/D Rx 0110 Wildfire  Collier  Florida,,Wildfires,-81.085317  25.94815,1/10/25,8:21:00,11,-81.085317, 25.94815
EONET_12378,Wildfire in Australia 1023278,,Wildfires,125.78742919713191  -30.072085940749545,1/9/25,19:00:00,19,125.78742919713191, -30.072085940749545
EONET_12379,Wildfire in Australia 1023302,,Wildfires,145.76167885915638  -23.30549663822745,1/9/25,19:00:00,19,145.76167885915638, -23.30549663822745
EONET_12403,Wildfire in Central African Republic 1023303,,Wildfires,23.11224176150521  8.809754411235778,1/9/25,19:00:00,18,23.11224176150521, 8.809754411235778
EONET_12434,Wildfire in Australia 1023326,,Wildfires,139.96617152175995  -19.84364421931252,1/9/25,19:00:00,19,139.96617152175995, -19.84364421931252
EONET_12435,Wildfire in Australia 1023331,,Wildfires,140.0673165900393  -19.85475106635724,1/9/25,19:00:00,18,140.0673165900393, -19.85475106635724
EONET_12453,Wildfire in Sudan 1023347,,Wildfires,28.49067881867336  6.075907061947565,1/9/25,19:00:00,18,28.49067881867336, 6.075907061947565
EONET_12419,KENNETH Wildfire  Ventura  California,Victory Trailhead  Las Virgenes Canyon  Bell Canyon Fire Road.,Wildfires,-118.6688889  34.1855556,1/9/25,17:55:00,13,-118.6688889, 34.1855556
EONET_12422,APQ Rec Area 5  Rx 0109 Wildfire  Polk  Florida,,Wildfires,-81.24836  27.704922,1/9/25,8:05:00,10,-81.24836, 27.704922
EONET_12421,BCP Boot Hill Rx 0109 Wildfire  Collier  Florida,,Wildfires,-81.085317  25.94815,1/9/25,7:16:00,11,-81.085317, 25.94815
EONET_12641,Whakaari/White Island Volcano  New Zealand,,Volcanoes,177.18  -37.52,1/9/25,0:00:00,7,177.18, -37.52
EONET_12380,Wildfire in Mauritania 1023279,,Wildfires,-11.94974634230096  15.702602425320045,1/8/25,19:00:00,19,-11.94974634230096, 15.702602425320045
EONET_12381,Wildfire in The Democratic Republic of Congo 1023280,,Wildfires,29.457309382668015  3.8292096493421384,1/8/25,19:00:00,19,29.457309382668015, 3.8292096493421384
EONET_12382,Wildfire in Central African Republic 1023294,,Wildfires,24.154199456171117  7.913806124390041,1/8/25,19:00:00,19,24.154199456171117, 7.913806124390041
EONET_12404,Wildfire in Sudan 1023304,,Wildfires,33.83242924666901  7.332794170794209,1/8/25,19:00:00,18,33.83242924666901, 7.332794170794209
EONET_12405,Wildfire in Central African Republic 1023314,,Wildfires,25.336951189878747  6.6520885959471014,1/8/25,19:00:00,19,25.336951189878747, 6.6520885959471014
EONET_12423,Wildfire in Central African Republic 1023323,,Wildfires,25.442888423391533  6.75566072257997,1/8/25,19:00:00,19,25.442888423391533, 6.75566072257997
EONET_12424,Wildfire in Nigeria 1023325,,Wildfires,4.342710486779855  9.9588595360055,1/8/25,19:00:00,18,4.342710486779855, 9.9588595360055
EONET_12446,Wildfire in Central African Republic 1023341,,Wildfires,19.775751159734504  7.767161010147166,1/8/25,19:00:00,19,19.775751159734504, 7.767161010147166
EONET_12454,Wildfire in Central African Republic 1023348,,Wildfires,24.425489866895546  7.72251172360353,1/8/25,19:00:00,19,24.425489866895546, 7.72251172360353
EONET_12354,RX KIS C-49 Wildfire  Natchitoches  Louisiana,,Wildfires,-92.973889  31.450278,1/8/25,9:29:00,11,-92.973889, 31.450278
EONET_12842,RX CALE C-13 Wildfire  Rapides  Louisiana,,Wildfires,-92.5583  31.216583,1/8/25,9:08:00,9,-92.5583, 31.216583
EONET_12353,APQ Area 5A Rx 0108 Wildfire  Polk  Florida,,Wildfires,-81.314449  27.739102,1/8/25,8:20:00,11,-81.314449, 27.739102
EONET_12352,BCP Boot Hill C/D Rx 0108 Wildfire  Collier  Florida,,Wildfires,-81.085317  25.94815,1/8/25,7:27:00,11,-81.085317, 25.94815
EONET_12350,HURST Wildfire  Los Angeles  California,Near Diamond Road  Sylmar,Wildfires,-118.4622222  34.3261111,1/8/25,1:53:00,13,-118.4622222, 34.3261111
EONET_12349,EATON Wildfire  Los Angeles  California,Altadena  CA,Wildfires,-118.10544  34.19163,1/7/25,21:22:00,11,-118.10544, 34.19163
EONET_12356,Wildfire in Argentina 1023260,,Wildfires,-102.6708234,1/7/25,19:00:00,#VALUE!,#VALUE!,#VALUE!
EONET_12370,Wildfire in Sudan 1023271,,Wildfires,28.957613591734024  6.046657074348727,1/7/25,19:00:00,19,28.957613591734024, 6.046657074348727
EONET_12383,Wildfire in Central African Republic 1023281,,Wildfires,24.15904609267727  7.52858009754865,1/7/25,19:00:00,18,24.15904609267727, 7.52858009754865
EONET_12384,Wildfire in Central African Republic 1023295,,Wildfires,25.60411936346031  6.903869153322301,1/7/25,19:00:00,18,25.60411936346031, 6.903869153322301
EONET_12385,Wildfire in Sudan 1023282,,Wildfires,27.437838205581603  6.5421536504062585,1/7/25,19:00:00,19,27.437838205581603, 6.5421536504062585
EONET_12386,Wildfire in Sudan 1023283,,Wildfires,28.855603032498763  6.295209944028489,1/7/25,19:00:00,19,28.855603032498763, 6.295209944028489
EONET_12387,Wildfire in Sudan 1023284,,Wildfires,28.969304007635042  5.9993010878662725,1/7/25,19:00:00,19,28.969304007635042, 5.9993010878662725
EONET_12406,Wildfire in Sudan 1023305,,Wildfires,27.341513340882162  6.298346450801321,1/7/25,19:00:00,19,27.341513340882162, 6.298346450801321
EONET_12436,Wildfire in Central African Republic 1023327,,Wildfires,23.958303953071848  7.684651482376449,1/7/25,19:00:00,19,23.958303953071848, 7.684651482376449
EONET_12437,Wildfire in Central African Republic 1023328,,Wildfires,23.60841318310432  7.851640253908411,1/7/25,19:00:00,18,23.60841318310432, 7.851640253908411
EONET_12455,Wildfire in Central African Republic 1023349,,Wildfires,23.891138700244177  7.5493546097607265,1/7/25,19:00:00,19,23.891138700244177, 7.5493546097607265
EONET_12456,Wildfire in Central African Republic 1023350,,Wildfires,23.183202059395853  8.030579323339342,1/7/25,19:00:00,19,23.183202059395853, 8.030579323339342
EONET_12457,Wildfire in Argentina 1023352,,Wildfires,-89.25402491,1/7/25,19:00:00,#VALUE!,#VALUE!,#VALUE!
EONET_12337,Wildfire in Australia 1023253,,Wildfires,131.98437690174902  -18.480783674567423,1/6/25,19:00:00,19,131.98437690174902, -18.480783674567423
EONET_12346,Wildfire in United States 1023255 (Palisades Wildfire  Los Angeles  California),,Wildfires,-118.52992278167513  34.07474954660046,1/6/25,19:00:00,20,-118.52992278167513, 34.07474954660046
EONET_12388,Wildfire in Central African Republic 1023291,,Wildfires,24.164441395508042  7.514049306173647,1/6/25,19:00:00,19,24.164441395508042, 7.514049306173647
EONET_12389,Wildfire in Central African Republic 1023292,,Wildfires,25.21332028341864  7.725678776004848,1/6/25,19:00:00,18,25.21332028341864, 7.725678776004848
EONET_12390,Wildfire in Sudan 1023285,,Wildfires,28.4728767783849  6.378599198369397,1/6/25,19:00:00,17,28.4728767783849, 6.378599198369397
EONET_12391,Wildfire in Sudan 1023296,,Wildfires,28.24967569124323  6.147168518914891,1/6/25,19:00:00,18,28.24967569124323, 6.147168518914891
EONET_12392,Wildfire in Central African Republic 1023297,,Wildfires,25.007763225542003  7.085800428065205,1/6/25,19:00:00,19,25.007763225542003, 7.085800428065205
EONET_12407,Wildfire in Central African Republic 1023306,,Wildfires,25.889295293482096  6.246463308773805,1/6/25,19:00:00,19,25.889295293482096, 6.246463308773805
EONET_12408,Wildfire in Central African Republic 1023316,,Wildfires,24.46233082295362  7.474815796445171,1/6/25,19:00:00,18,24.46233082295362, 7.474815796445171
EONET_12409,Wildfire in Sudan 1023317,,Wildfires,26.754148669766906  6.1867273120739315,1/6/25,19:00:00,19,26.754148669766906, 6.1867273120739315
EONET_12425,Wildfire in Central African Republic 1023318,,Wildfires,23.55662384457641  7.4872386286773684,1/6/25,19:00:00,18,23.55662384457641, 7.4872386286773684
EONET_12438,Wildfire in Central African Republic 1023335,,Wildfires,24.171376560384335  7.946916634133042,1/6/25,19:00:00,19,24.171376560384335, 7.946916634133042
EONET_12357,Wildfire in Australia 1023268,,Wildfires,133.13946134985105  -17.873800587891576,1/5/25,19:00:00,19,133.13946134985105, -17.873800587891576
EONET_12371,Wildfire in Sudan 1023272,,Wildfires,28.207039347601764  6.297082799880828,1/5/25,19:00:00,19,28.207039347601764, 6.297082799880828
EONET_12393,Wildfire in Sudan 1023298,,Wildfires,28.545461311198515  5.6308675668764545,1/5/25,19:00:00,19,28.545461311198515, 5.6308675668764545
EONET_12394,Wildfire in Central African Republic 1023299,,Wildfires,24.591782035299385  7.9208183558595175,1/5/25,19:00:00,19,24.591782035299385, 7.9208183558595175
EONET_12395,Wildfire in Central African Republic 1023286,,Wildfires,24.34650207283469  6.475854407302515,1/5/25,19:00:00,18,24.34650207283469, 6.475854407302515
EONET_12396,Wildfire in Sudan 1023287,,Wildfires,28.445732347747235  5.811804597708213,1/5/25,19:00:00,19,28.445732347747235, 5.811804597708213
EONET_12397,Wildfire in Central African Republic 1023288,,Wildfires,24.18684005038328  8.069433371206948,1/5/25,19:00:00,18,24.18684005038328, 8.069433371206948
EONET_12398,Wildfire in Ghana 1023293,,Wildfires,-0.45518888252213874  7.27309173801219,1/5/25,19:00:00,21,-0.45518888252213874, 7.27309173801219
EONET_12426,Wildfire in Sudan 1023319,,Wildfires,28.507116677675402  5.42044010992553,1/5/25,19:00:00,19,28.507116677675402, 5.42044010992553
EONET_12427,Wildfire in Sudan  Central African Republic 1023320,,Wildfires,26.37064526922372  6.353502387198686,1/5/25,19:00:00,18,26.37064526922372, 6.353502387198686
EONET_12439,Wildfire in Sudan 1023332,,Wildfires,28.5307387750879  5.188508864013533,1/5/25,19:00:00,17,28.5307387750879, 5.188508864013533
EONET_12440,Wildfire in Sudan 1023329,,Wildfires,28.597558334224125  6.177868233600621,1/5/25,19:00:00,19,28.597558334224125, 6.177868233600621
EONET_12447,Wildfire in Sudan 1023339,,Wildfires,27.078157404442244  6.580669705812777,1/5/25,19:00:00,19,27.078157404442244, 6.580669705812777
EONET_12315,Wildfire in Australia 1023235,,Wildfires,128.0892515441246  -19.320116584927433,1/4/25,19:00:00,18,128.0892515441246, -19.320116584927433
EONET_12338,Wildfire in Sudan 1023247,,Wildfires,28.83886535544099  7.307432235925848,1/4/25,19:00:00,18,28.83886535544099, 7.307432235925848
EONET_12339,Wildfire in Nigeria 1023257,,Wildfires,6.274460362330006  9.94628663313389,1/4/25,19:00:00,18,6.274460362330006, 9.94628663313389
EONET_12358,Wildfire in Australia 1023269,,Wildfires,132.55111940108387  -18.43698266365114,1/4/25,19:00:00,19,132.55111940108387, -18.43698266365114
EONET_12359,Wildfire in Sudan 1023261,,Wildfires,26.560440507239445  6.757619497248186,1/4/25,19:00:00,19,26.560440507239445, 6.757619497248186
EONET_12410,Wildfire in Central African Republic 1023308,,Wildfires,24.57200421840502  7.918437301030897,1/4/25,19:00:00,18,24.57200421840502, 7.918437301030897
EONET_12411,Wildfire in Sudan 1023307,,Wildfires,32.604941578819094  9.45370374704859,1/4/25,19:00:00,19,32.604941578819094, 9.45370374704859
EONET_12428,Wildfire in Sudan 1023321,,Wildfires,25.390808624740867  7.471348448177638,1/4/25,19:00:00,19,25.390808624740867, 7.471348448177638
EONET_12429,Wildfire in Central African Republic  Sudan 1023322,,Wildfires,26.780344047784485  5.968224719019125,1/4/25,19:00:00,19,26.780344047784485, 5.968224719019125
EONET_12458,Wildfire in Sudan 1023351,,Wildfires,32.6489740605288  8.34621625159277,1/4/25,19:00:00,17,32.6489740605288, 8.34621625159277
EONET_12326,Wildfire in Sudan 1023236,,Wildfires,28.715603136286663  5.823383987547148,1/3/25,19:00:00,19,28.715603136286663, 5.823383987547148
EONET_12340,Wildfire in Ghana 1023254,,Wildfires,-0.677084138142933  7.376306623347025,1/3/25,19:00:00,19,-0.677084138142933, 7.376306623347025
EONET_12360,Wildfire in Sudan 1023262,,Wildfires,28.955048839890075  5.4773990472185385,1/3/25,19:00:00,19,28.955048839890075, 5.4773990472185385
EONET_12361,Wildfire in Australia 1023263,,Wildfires,143.8686649039378  -19.94182459663413,1/3/25,19:00:00,18,143.8686649039378, -19.94182459663413
EONET_12372,Wildfire in Sudan 1023273,,Wildfires,30.82633640276625  4.694532163988489,1/3/25,19:00:00,18,30.82633640276625, 4.694532163988489
EONET_12399,Wildfire in Central African Republic 1023300,,Wildfires,24.06505273140386  7.920999912004943,1/3/25,19:00:00,18,24.06505273140386, 7.920999912004943
EONET_12441,Wildfire in Benin 1023330,,Wildfires,1.5259532162596805  11.31447983579301,1/3/25,19:00:00,19,1.5259532162596805, 11.31447983579301
EONET_12299,Wildfire in Sudan 1023215,,Wildfires,32.20238942634547  4.991143274451286,1/2/25,19:00:00,18,32.20238942634547, 4.991143274451286
EONET_12300,Wildfire in Central African Republic 1023216,,Wildfires,25.306617211078507  7.135346282679075,1/2/25,19:00:00,19,25.306617211078507, 7.135346282679075
EONET_12301,Wildfire in Australia 1023221,,Wildfires,139.45651729891827  -19.66849278545917,1/2/25,19:00:00,19,139.45651729891827, -19.66849278545917
EONET_12327,Wildfire in Australia 1023245,,Wildfires,139.77204418429983  -20.322378666275718,1/2/25,19:00:00,19,139.77204418429983, -20.322378666275718
EONET_12341,Wildfire in Central African Republic 1023251,,Wildfires,24.38113238269224  7.9453238061978535,1/2/25,19:00:00,18,24.38113238269224, 7.9453238061978535
EONET_12347,Wildfire in Sudan 1023258,,Wildfires,29.519441922371442  5.7726484994225284,1/2/25,19:00:00,19,29.519441922371442, 5.7726484994225284
EONET_12362,Wildfire in Sudan 1023264,,Wildfires,27.22592214909259  6.304150886320627,1/2/25,19:00:00,18,27.22592214909259, 6.304150886320627
EONET_12373,Wildfire in Central African Republic 1023274,,Wildfires,24.661319102789626  6.901886751822888,1/2/25,19:00:00,19,24.661319102789626, 6.901886751822888
EONET_12412,Wildfire in Sudan 1023309,,Wildfires,26.293489489141802  7.147499841829622,1/2/25,19:00:00,19,26.293489489141802, 7.147499841829622
EONET_12413,Wildfire in Sudan 1023310,,Wildfires,23.734281689835793  8.865031092041828,1/2/25,19:00:00,19,23.734281689835793, 8.865031092041828
EONET_12414,Wildfire in Cambodia 1023315,,Wildfires,102.79340642999857  13.552649251455412,1/2/25,19:00:00,19,102.79340642999857, 13.552649251455412
EONET_12289,Wildfire in Australia 1023209,,Wildfires,145.6479987140522  -23.141873376916116,1/1/25,19:00:00,18,145.6479987140522, -23.141873376916116
EONET_12302,Wildfire in Sudan 1023217,,Wildfires,33.21019872367589  5.6053010320311065,1/1/25,19:00:00,18,33.21019872367589, 5.6053010320311065
EONET_12303,Wildfire in Central African Republic  Sudan 1023214,,Wildfires,25.638146080993973  7.159515007951265,1/1/25,19:00:00,19,25.638146080993973, 7.159515007951265
EONET_12304,Wildfire in Central African Republic 1023218,,Wildfires,25.282955006640076  7.263545725315286,1/1/25,19:00:00,19,25.282955006640076, 7.263545725315286
EONET_12316,Wildfire in Central African Republic 1023225,,Wildfires,24.682404353351295  7.4266108762336716,1/1/25,19:00:00,19,24.682404353351295, 7.4266108762336716
EONET_12317,Wildfire in Central African Republic 1023226,,Wildfires,25.31521200797027  7.1314161961233085,1/1/25,19:00:00,18,25.31521200797027, 7.1314161961233085
EONET_12318,Wildfire in Central African Republic  Sudan 1023232,,Wildfires,25.596329189778793  7.154042552980861,1/1/25,19:00:00,19,25.596329189778793, 7.154042552980861
EONET_12319,Wildfire in Central African Republic  Sudan 1023233,,Wildfires,25.38756107947169  7.321409363258191,1/1/25,19:00:00,18,25.38756107947169, 7.321409363258191
EONET_12328,Wildfire in Sudan 1023246,,Wildfires,27.020264488215748  6.932637287457487,1/1/25,19:00:00,19,27.020264488215748, 6.932637287457487
EONET_12329,Wildfire in Central African Republic 1023237,,Wildfires,24.070280344680395  8.236082854540957,1/1/25,19:00:00,19,24.070280344680395, 8.236082854540957
EONET_12342,Wildfire in Sudan 1023248,,Wildfires,28.790837717505433  6.108187699792875,1/1/25,19:00:00,19,28.790837717505433, 6.108187699792875
EONET_12348,Wildfire in Sudan 1023259,,Wildfires,33.336011825860055  5.653799586554413,1/1/25,19:00:00,19,33.336011825860055, 5.653799586554413
EONET_12363,Wildfire in Sudan 1023270,,Wildfires,27.06965475270917  6.814826268339849,1/1/25,19:00:00,18,27.06965475270917, 6.814826268339849
EONET_12400,Wildfire in Central African Republic 1023301,,Wildfires,23.316758534764386  8.065929197503586,1/1/25,19:00:00,19,23.316758534764386, 8.065929197503586
EONET_12401,Wildfire in Sudan 1023289,,Wildfires,28.323536540747092  5.782587809832636,1/1/25,19:00:00,19,28.323536540747092, 5.782587809832636
EONET_12402,Wildfire in Sudan 1023290,,Wildfires,28.635655693744823  5.366769725535472,1/1/25,19:00:00,19,28.635655693744823, 5.366769725535472
EONET_12415,Wildfire in Nigeria 1023313,,Wildfires,8.3091365221266  7.4672586391727815,1/1/25,19:00:00,16,8.3091365221266, 7.4672586391727815
EONET_12416,Wildfire in Sudan 1023311,,Wildfires,26.408365326896188  7.279329852468023,1/1/25,19:00:00,19,26.408365326896188, 7.279329852468023
EONET_12417,Wildfire in Central African Republic 1023312,,Wildfires,23.9971550742324  7.8233705991794,1/1/25,19:00:00,17,23.9971550742324, 7.8233705991794
EONET_12430,Wildfire in Nigeria 1023324,,Wildfires,5.707004688934809  10.738353922767246,1/1/25,19:00:00,18,5.707004688934809, 10.738353922767246
EONET_12305,Wildfire in Sudan 1023210,,Wildfires,26.20167704572428  7.108130554584191,12/31/24,19:00:00,18,26.20167704572428, 7.108130554584191
EONET_12306,Wildfire in Central African Republic 1023222,,Wildfires,23.54838429397989  8.328229278608866,12/31/24,19:00:00,18,23.54838429397989, 8.328229278608866
EONET_12307,Wildfire in Sudan 1023223,,Wildfires,28.23291241255462  5.9826071809141546,12/31/24,19:00:00,18,28.23291241255462, 5.9826071809141546
EONET_12320,Wildfire in Central African Republic 1023227,,Wildfires,25.25894235538426  7.266378284672815,12/31/24,19:00:00,18,25.25894235538426, 7.266378284672815
EONET_12330,Wildfire in Sudan 1023238,,Wildfires,27.275564416995596  6.715445291087088,12/31/24,19:00:00,19,27.275564416995596, 6.715445291087088
EONET_12331,Wildfire in Sudan 1023244,,Wildfires,28.63980075781764  5.161423251213588,12/31/24,19:00:00,18,28.63980075781764, 5.161423251213588
EONET_12343,Wildfire in Central African Republic 1023249,,Wildfires,24.720602259724377  7.539876500960804,12/31/24,19:00:00,19,24.720602259724377, 7.539876500960804
EONET_12364,Wildfire in Central African Republic 1023265,,Wildfires,23.345129131347512  8.804583536249867,12/31/24,19:00:00,19,23.345129131347512, 8.804583536249867
EONET_12365,Wildfire in Central African Republic 1023266,,Wildfires,24.432461879308494  7.035208922425168,12/31/24,19:00:00,19,24.432461879308494, 7.035208922425168
EONET_12374,Wildfire in Sudan 1023275,,Wildfires,32.82646701499584  9.636456734238907,12/31/24,19:00:00,18,32.82646701499584, 9.636456734238907
EONET_12375,Wildfire in Nigeria 1023276,,Wildfires,10.556407306837032  9.019905871814057,12/31/24,19:00:00,19,10.556407306837032, 9.019905871814057
EONET_12431,Yasur Volcano  Vanuatu,,Volcanoes,169.447  -19.532,12/31/24,0:00:00,8,169.447, -19.532
EONET_12290,Wildfire in Sudan 1023202,,Wildfires,24.330016349942017  8.374277877520441,12/30/24,19:00:00,19,24.330016349942017, 8.374277877520441
EONET_12308,Wildfire in Sudan 1023212,,Wildfires,34.23122225076278  6.7273560490286295,12/30/24,19:00:00,18,34.23122225076278, 6.7273560490286295
EONET_12321,Wildfire in Sudan 1023228,,Wildfires,27.026129872183947  6.465793080806328,12/30/24,19:00:00,19,27.026129872183947, 6.465793080806328
EONET_12322,Wildfire in Central African Republic  Sudan 1023229,,Wildfires,24.891520142755166  8.121046275394463,12/30/24,19:00:00,19,24.891520142755166, 8.121046275394463
EONET_12323,Wildfire in Sudan 1023234,,Wildfires,25.787079105825043  7.899065703811093,12/30/24,19:00:00,19,25.787079105825043, 7.899065703811093
EONET_12332,Wildfire in Central African Republic 1023240,,Wildfires,24.17598543282239  8.17001793731142,12/30/24,19:00:00,18,24.17598543282239, 8.17001793731142
EONET_12333,Wildfire in Sudan 1023239,,Wildfires,28.39455601125998  6.010655029311915,12/30/24,19:00:00,18,28.39455601125998, 6.010655029311915
EONET_12344,Wildfire in Sudan 1023252,,Wildfires,26.34065666366354  7.387414121325905,12/30/24,19:00:00,18,26.34065666366354, 7.387414121325905
EONET_12243,Wildfire in Australia 1023173,,Wildfires,133.14704800621266  -17.726733463210202,12/29/24,19:00:00,19,133.14704800621266, -17.726733463210202
EONET_12244,Wildfire in Sudan 1023165,,Wildfires,28.243029948199272  5.76598484550449,12/29/24,19:00:00,19,28.243029948199272, 5.76598484550449
EONET_12264,Wildfire in Australia 1023185,,Wildfires,132.21859673766923  -17.06398922433114,12/29/24,19:00:00,19,132.21859673766923, -17.06398922433114
EONET_12280,Wildfire in Sudan 1023191,,Wildfires,27.14630100043045  6.510223056647439,12/29/24,19:00:00,18,27.14630100043045, 6.510223056647439
EONET_12324,Wildfire in Sudan 1023230,,Wildfires,27.090493266571126  6.292370024590595,12/29/24,19:00:00,19,27.090493266571126, 6.292370024590595
EONET_12325,Wildfire in Sudan 1023231,,Wildfires,28.657574587618303  5.493649613768618,12/29/24,19:00:00,19,28.657574587618303, 5.493649613768618
EONET_12334,Wildfire in Nigeria 1023243,,Wildfires,5.829897146163884  10.445773245470278,12/29/24,19:00:00,18,5.829897146163884, 10.445773245470278
EONET_12345,Wildfire in Central African Republic 1023250,,Wildfires,24.359244918800016  8.145142021584281,12/29/24,19:00:00,19,24.359244918800016, 8.145142021584281
EONET_12245,Wildfire in Sudan 1023154,,Wildfires,27.56431958608968  6.734463068611611,12/28/24,19:00:00,18,27.56431958608968, 6.734463068611611
EONET_12246,Wildfire in Central African Republic 1023166,,Wildfires,23.986243037059587  8.242940241935587,12/28/24,19:00:00,19,23.986243037059587, 8.242940241935587
EONET_12247,Wildfire in Central African Republic  Sudan 1023167,,Wildfires,25.167160920092606  7.474565902609471,12/28/24,19:00:00,19,25.167160920092606, 7.474565902609471
EONET_12248,Wildfire in Central African Republic 1023163,,Wildfires,23.879051112068094  8.103531536277943,12/28/24,19:00:00,19,23.879051112068094, 8.103531536277943
EONET_12265,Wildfire in Australia 1023187,,Wildfires,135.30977008759658  -17.25107698706078,12/28/24,19:00:00,19,135.30977008759658, -17.25107698706078
EONET_12266,Wildfire in Senegal 1023183,,Wildfires,-12.750769932772975  13.21831060433692,12/28/24,19:00:00,20,-12.750769932772975, 13.21831060433692
EONET_12267,Wildfire in Central African Republic 1023186,,Wildfires,22.20722639459965  8.803820061048462,12/28/24,19:00:00,18,22.20722639459965, 8.803820061048462
EONET_12268,Wildfire in Sudan 1023175,,Wildfires,24.28912935494622  8.510301301586463,12/28/24,19:00:00,18,24.28912935494622, 8.510301301586463
EONET_12281,Wildfire in Chad 1023196,,Wildfires,19.436361210695747  10.904065572091588,12/28/24,19:00:00,19,19.436361210695747, 10.904065572091588
EONET_12282,Wildfire in Central African Republic  Sudan 1023192,,Wildfires,24.670174324444023  8.14617076379209,12/28/24,19:00:00,19,24.670174324444023, 8.14617076379209
EONET_12291,Wildfire in Central African Republic 1023203,,Wildfires,23.86432821739193  7.748692625272149,12/28/24,19:00:00,18,23.86432821739193, 7.748692625272149
EONET_12292,Wildfire in Australia 1023207,,Wildfires,132.31626558957637  -20.30091561235889,12/28/24,19:00:00,19,132.31626558957637, -20.30091561235889
EONET_12309,Wildfire in Sudan 1023224,,Wildfires,26.485782308663456  6.858677543263291,12/28/24,19:00:00,19,26.485782308663456, 6.858677543263291
EONET_12310,Wildfire in Australia 1023220,,Wildfires,144.12163105672698  -20.13989157541881,12/28/24,19:00:00,19,144.12163105672698, -20.13989157541881
EONET_12311,Wildfire in Australia 1023213,,Wildfires,135.35111581184833  -19.652437610671935,12/28/24,19:00:00,19,135.35111581184833, -19.652437610671935
EONET_12366,Wildfire in Sudan 1023267,,Wildfires,27.8191907345819  5.548516889793419,12/28/24,19:00:00,17,27.8191907345819, 5.548516889793419
EONET_12236,Wildfire in Senegal 1023149,,Wildfires,-12.992992174680735  13.119811868550203,12/27/24,19:00:00,20,-12.992992174680735, 13.119811868550203
EONET_12237,Wildfire in Sudan 1023150,,Wildfires,25.720513181555557  7.560869577734518,12/27/24,19:00:00,19,25.720513181555557, 7.560869577734518
EONET_12249,Wildfire in Central African Republic  Sudan 1023168,,Wildfires,23.57150501859612  8.93168974718822,12/27/24,19:00:00,18,23.57150501859612, 8.93168974718822
EONET_12250,Wildfire in Central African Republic 1023169,,Wildfires,23.504470864279615  8.629271989415493,12/27/24,19:00:00,19,23.504470864279615, 8.629271989415493
EONET_12251,Wildfire in Sudan  Central African Republic 1023170,,Wildfires,26.400942609511336  6.547949349626037,12/27/24,19:00:00,19,26.400942609511336, 6.547949349626037
EONET_12252,Wildfire in Sudan 1023171,,Wildfires,27.558520882581565  6.689468337688547,12/27/24,19:00:00,19,27.558520882581565, 6.689468337688547
EONET_12253,Wildfire in Central African Republic 1023174,,Wildfires,24.93377710957316  7.6467436438240215,12/27/24,19:00:00,18,24.93377710957316, 7.6467436438240215
EONET_12269,Wildfire in Central African Republic 1023176,,Wildfires,24.622956593525625  7.599629854515654,12/27/24,19:00:00,19,24.622956593525625, 7.599629854515654
EONET_12270,Wildfire in Central African Republic 1023177,,Wildfires,23.78254629289589  8.06330808171338,12/27/24,19:00:00,18,23.78254629289589, 8.06330808171338
EONET_12271,Wildfire in Central African Republic 1023178,,Wildfires,23.978395359210438  8.237630868150829,12/27/24,19:00:00,19,23.978395359210438, 8.237630868150829
EONET_12272,Wildfire in Central African Republic 1023179,,Wildfires,23.86357837457175  8.129756506247471,12/27/24,19:00:00,18,23.86357837457175, 8.129756506247471
EONET_12283,Wildfire in Sudan 1023193,,Wildfires,28.156225273652712  6.109092952157781,12/27/24,19:00:00,19,28.156225273652712, 6.109092952157781
EONET_12284,Wildfire in Central African Republic 1023198,,Wildfires,23.412842125647995  8.151080191066356,12/27/24,19:00:00,19,23.412842125647995, 8.151080191066356
EONET_12293,Wildfire in Ghana 1023200,,Wildfires,-1.1347593284638946  10.04018296591252,12/27/24,19:00:00,20,-1.1347593284638946, 10.04018296591252
EONET_12294,Wildfire in Central African Republic 1023204,,Wildfires,24.662069294403462  7.1086760671747165,12/27/24,19:00:00,19,24.662069294403462, 7.1086760671747165
EONET_12295,Wildfire in Central African Republic 1023205,,Wildfires,23.76733229180104  8.208512372088983,12/27/24,19:00:00,18,23.76733229180104, 8.208512372088983
EONET_12312,Wildfire in Central African Republic 1023211,,Wildfires,23.440408208448083  8.696436566740989,12/27/24,19:00:00,19,23.440408208448083, 8.696436566740989
EONET_12313,Wildfire in Central African Republic 1023219,,Wildfires,23.761056770447674  7.510097387588692,12/27/24,19:00:00,19,23.761056770447674, 7.510097387588692
EONET_12335,Wildfire in Sudan 1023241,,Wildfires,23.72777515054142  8.97897606456161,12/27/24,19:00:00,18,23.72777515054142, 8.97897606456161
EONET_12238,Wildfire in Australia 1023151,,Wildfires,139.5608362749088  -19.968608906779078,12/26/24,19:00:00,18,139.5608362749088, -19.968608906779078
EONET_12254,Wildfire in Ghana 1023164,,Wildfires,-0.3604746601194578  7.195006799160246,12/26/24,19:00:00,20,-0.3604746601194578, 7.195006799160246
EONET_12273,Wildfire in Sudan 1023182,,Wildfires,28.722049883211167  6.569177788788793,12/26/24,19:00:00,19,28.722049883211167, 6.569177788788793
EONET_12274,Wildfire in South Africa 1023184,,Wildfires,22.257301000497232  -33.34002923002207,12/26/24,19:00:00,19,22.257301000497232, -33.34002923002207
EONET_12275,Wildfire in Australia 1023188,,Wildfires,138.23859035149061  -18.681559457608014,12/26/24,19:00:00,19,138.23859035149061, -18.681559457608014
EONET_12276,Wildfire in Central African Republic 1023180,,Wildfires,23.786380694334504  8.438761940963216,12/26/24,19:00:00,19,23.786380694334504, 8.438761940963216
EONET_12277,Wildfire in Sudan 1023181,,Wildfires,26.71447230443949  6.607790956857743,12/26/24,19:00:00,18,26.71447230443949, 6.607790956857743
EONET_12285,Wildfire in Sudan 1023199,,Wildfires,27.892779507728637  5.902791592719028,12/26/24,19:00:00,19,27.892779507728637, 5.902791592719028
EONET_12286,Wildfire in Sudan 1023194,,Wildfires,26.780350626723607  6.889039832041436,12/26/24,19:00:00,19,26.780350626723607, 6.889039832041436
EONET_12296,Wildfire in Sudan 1023201,,Wildfires,28.95684115549879  5.84345069172117,12/26/24,19:00:00,18,28.95684115549879, 5.84345069172117
EONET_12297,Wildfire in Sudan 1023206,,Wildfires,24.522016644912263  8.648603871350426,12/26/24,19:00:00,19,24.522016644912263, 8.648603871350426
EONET_12336,Wildfire in Sudan 1023242,,Wildfires,26.671307514877125  6.308960834748664,12/26/24,19:00:00,19,26.671307514877125, 6.308960834748664
EONET_12255,Wildfire in Central African Republic  Sudan 1023155,,Wildfires,24.065838915888023  8.41146391521609,12/25/24,19:00:00,19,24.065838915888023, 8.41146391521609
EONET_12256,Wildfire in Central African Republic 1023172,,Wildfires,24.930584770818943  7.907935485235593,12/25/24,19:00:00,19,24.930584770818943, 7.907935485235593
EONET_12278,Wildfire in Australia 1023190,,Wildfires,139.47646895777228  -20.06234842672937,12/25/24,19:00:00,19,139.47646895777228, -20.06234842672937
EONET_12287,Wildfire in Ghana 1023197,,Wildfires,-1.7678305853207863  10.676440358772018,12/25/24,19:00:00,20,-1.7678305853207863, 10.676440358772018
EONET_12298,Wildfire in Central African Republic 1023208,,Wildfires,23.455012721342857  7.160662169295666,12/25/24,19:00:00,19,23.455012721342857, 7.160662169295666
EONET_12228,Wildfire in Sudan 1023140,,Wildfires,33.31830135195603  5.960643929205326,12/24/24,19:00:00,18,33.31830135195603, 5.960643929205326
EONET_12229,Wildfire in Australia 1023145,,Wildfires,143.72523774771264  -20.040331468586977,12/24/24,19:00:00,19,143.72523774771264, -20.040331468586977
EONET_12239,Wildfire in Australia 1023147,,Wildfires,139.23801061055505  -19.08812664966159,12/24/24,19:00:00,19,139.23801061055505, -19.08812664966159
EONET_12240,Wildfire in Sudan 1023148,,Wildfires,25.165886459683723  7.998438598310289,12/24/24,19:00:00,19,25.165886459683723, 7.998438598310289
EONET_12257,Wildfire in Sudan 1023156,,Wildfires,26.86769016783881  7.304052627950877,12/24/24,19:00:00,18,26.86769016783881, 7.304052627950877
EONET_12258,Wildfire in Sudan 1023157,,Wildfires,28.758573686998712  6.03307996712853,12/24/24,19:00:00,19,28.758573686998712, 6.03307996712853
EONET_12259,Wildfire in Senegal 1023161,,Wildfires,-13.22090340811671  12.928030726983149,12/24/24,19:00:00,19,-13.22090340811671, 12.928030726983149
EONET_12203,Wildfire in Sudan 1023118,,Wildfires,33.240269573637335  6.060168006483732,12/23/24,19:00:00,19,33.240269573637335, 6.060168006483732
EONET_12204,Wildfire in Australia 1023130,,Wildfires,146.22937318531575  -23.24685599582275,12/23/24,19:00:00,19,146.22937318531575, -23.24685599582275
EONET_12205,Wildfire in Australia 1023117,,Wildfires,138.7319185515361  -19.883834863665182,12/23/24,19:00:00,18,138.7319185515361, -19.883834863665182
EONET_12206,Wildfire in Australia 1023125,,Wildfires,134.3682704125999  -17.732976374049688,12/23/24,19:00:00,18,134.3682704125999, -17.732976374049688
EONET_12220,Wildfire in Australia 1023138,,Wildfires,140.0207255986671  -20.42613870887447,12/23/24,19:00:00,18,140.0207255986671, -20.42613870887447
EONET_12230,Wildfire in Australia 1023146,,Wildfires,120.64403253748308  -30.616429900612538,12/23/24,19:00:00,19,120.64403253748308, -30.616429900612538
EONET_12231,Wildfire in Sudan 1023141,,Wildfires,31.862204905244752  6.851591531000284,12/23/24,19:00:00,19,31.862204905244752, 6.851591531000284
EONET_12241,Wildfire in Australia 1023152,,Wildfires,145.49242110166543  -21.652017104608205,12/23/24,19:00:00,19,145.49242110166543, -21.652017104608205
EONET_12242,Wildfire in Australia 1023153,,Wildfires,141.6229536369306  -19.269656671018662,12/23/24,19:00:00,18,141.6229536369306, -19.269656671018662
EONET_12260,Wildfire in Sudan 1023158,,Wildfires,27.916501493900782  6.016896577836094,12/23/24,19:00:00,19,27.916501493900782, 6.016896577836094
EONET_12219,Landville #2 Wildfire  Logan  West Virginia,Outside town of Landville,Wildfires,-81.863359  37.715412,12/23/24,15:23:00,11,-81.863359, 37.715412
EONET_12367,Kilauea Volcano  Hawaii,,Volcanoes,-155.287  19.421,12/23/24,0:00:00,9,-155.287, 19.421
EONET_12207,Wildfire in Central African Republic 1023126,,Wildfires,24.829211857916736  7.196690786437291,12/22/24,19:00:00,19,24.829211857916736, 7.196690786437291
EONET_12221,Wildfire in Central African Republic 1023139,,Wildfires,24.743068123643862  7.036564030571083,12/22/24,19:00:00,19,24.743068123643862, 7.036564030571083
EONET_12222,Wildfire in Sudan 1023132,,Wildfires,26.853612988715835  6.8067294949666515,12/22/24,19:00:00,19,26.853612988715835, 6.8067294949666515
EONET_12232,Wildfire in Sudan 1023142,,Wildfires,32.230527128580206  9.166606847356443,12/22/24,19:00:00,19,32.230527128580206, 9.166606847356443
EONET_12233,Wildfire in Sudan 1023143,,Wildfires,29.075709532062124  5.935681496147373,12/22/24,19:00:00,19,29.075709532062124, 5.935681496147373
EONET_12234,Wildfire in Nigeria 1023144,,Wildfires,5.197697717332322  11.748182304578076,12/22/24,19:00:00,18,5.197697717332322, 11.748182304578076
EONET_12261,Wildfire in Central African Republic 1023159,,Wildfires,26.139944295213834  6.508332043399119,12/22/24,19:00:00,19,26.139944295213834, 6.508332043399119
EONET_12262,Wildfire in Sudan 1023160,,Wildfires,26.368482527441614  7.968555698168621,12/22/24,19:00:00,19,26.368482527441614, 7.968555698168621
EONET_12263,Wildfire in Nigeria 1023162,,Wildfires,5.71129068431093  10.351029112492064,12/22/24,19:00:00,17,5.71129068431093, 10.351029112492064
EONET_12197,Wildfire in Australia 1023115,,Wildfires,143.92306171875097  -20.16860798854308,12/21/24,19:00:00,19,143.92306171875097, -20.16860798854308
EONET_12198,Wildfire in Sudan 1023111,,Wildfires,31.407085731460796  7.805273453015888,12/21/24,19:00:00,19,31.407085731460796, 7.805273453015888
EONET_12199,Wildfire in The Democratic Republic of Congo 1023112,,Wildfires,26.277834194151406  4.339395710293139,12/21/24,19:00:00,19,26.277834194151406, 4.339395710293139
EONET_12208,Wildfire in Sudan 1023119,,Wildfires,26.639006605893616  6.372504507964626,12/21/24,19:00:00,19,26.639006605893616, 6.372504507964626
EONET_12209,Wildfire in Sudan 1023120,,Wildfires,27.849364991729065  6.164890317160012,12/21/24,19:00:00,19,27.849364991729065, 6.164890317160012
EONET_12210,Wildfire in Sudan 1023121,,Wildfires,32.45807396635831  9.433875777081592,12/21/24,19:00:00,18,32.45807396635831, 9.433875777081592
EONET_12223,Wildfire in Sudan 1023133,,Wildfires,26.587178802255785  8.304323084719792,12/21/24,19:00:00,19,26.587178802255785, 8.304323084719792
EONET_12224,Wildfire in Sudan 1023134,,Wildfires,28.603155493159004  6.778297162825552,12/21/24,19:00:00,19,28.603155493159004, 6.778297162825552
EONET_12279,Wildfire in Australia 1023189,,Wildfires,143.58619126449713  -20.32765977480051,12/21/24,19:00:00,19,143.58619126449713, -20.32765977480051
EONET_12288,Wildfire in Sudan 1023195,,Wildfires,28.897709145833957  5.714056510177389,12/21/24,19:00:00,19,28.897709145833957, 5.714056510177389
EONET_12200,Wildfire in Central African Republic 1023113,,Wildfires,21.789189818886033  8.760960940595426,12/20/24,19:00:00,19,21.789189818886033, 8.760960940595426
EONET_12211,Wildfire in Australia 1023127,,Wildfires,147.21505896767596  -24.223735734974618,12/20/24,19:00:00,19,147.21505896767596, -24.223735734974618
EONET_12225,Wildfire in Sudan 1023135,,Wildfires,27.406221624295075  6.866296667724953,12/20/24,19:00:00,19,27.406221624295075, 6.866296667724953
EONET_12226,Wildfire in Sudan 1023137,,Wildfires,25.077704718550947  8.119412186138792,12/20/24,19:00:00,19,25.077704718550947, 8.119412186138792
EONET_12182,Wildfire in Australia 1023099,,Wildfires,142.51899469861064  -37.25185564740433,12/19/24,19:00:00,19,142.51899469861064, -37.25185564740433
EONET_12191,Wildfire in Benin 1023106,,Wildfires,2.7793621549384278  11.865362153224195,12/19/24,19:00:00,19,2.7793621549384278, 11.865362153224195
EONET_12201,Wildfire in Sudan 1023114,,Wildfires,32.06158742806257  9.652931252488653,12/19/24,19:00:00,18,32.06158742806257, 9.652931252488653
EONET_12202,Wildfire in Sudan 1023116,,Wildfires,26.10724174706148  7.0148931381953386,12/19/24,19:00:00,18,26.10724174706148, 7.0148931381953386
EONET_12212,Wildfire in Central African Republic 1023128,,Wildfires,22.21869305480532  9.236211455627362,12/19/24,19:00:00,18,22.21869305480532, 9.236211455627362
EONET_12213,Wildfire in Benin 1023129,,Wildfires,1.6771967039617919  11.282823470518277,12/19/24,19:00:00,19,1.6771967039617919, 11.282823470518277
EONET_12214,Wildfire in Sudan 1023122,,Wildfires,28.048998571051854  6.079751998244758,12/19/24,19:00:00,19,28.048998571051854, 6.079751998244758
EONET_12215,Wildfire in Australia 1023131,,Wildfires,139.44553945208315  -19.96298876078369,12/19/24,19:00:00,19,139.44553945208315, -19.96298876078369
EONET_12188,Wildfire in Ghana 1023104,,Wildfires,-2.0138390674124684  9.459376982876414,12/18/24,19:00:00,20,-2.0138390674124684, 9.459376982876414
EONET_12192,Wildfire in Ghana 1023107,,Wildfires,-1.8938193211369603  9.45624621320993,12/18/24,19:00:00,20,-1.8938193211369603, 9.45624621320993
EONET_12193,Wildfire in Sudan 1023105,,Wildfires,31.547425301145744  9.13968705887703,12/18/24,19:00:00,19,31.547425301145744, 9.13968705887703
EONET_12216,Wildfire in Sudan 1023123,,Wildfires,29.104091164328615  6.214360894263272,12/18/24,19:00:00,19,29.104091164328615, 6.214360894263272
EONET_12178,Obar Railroad Wildfire  Quay  New Mexico,,Wildfires,-103.190387  35.354386,12/18/24,12:24:00,12,-103.190387, 35.354386
EONET_12183,Wildfire in Sudan 1023101,,Wildfires,26.60656139531848  6.5755110777960954,12/17/24,19:00:00,18,26.60656139531848, 6.5755110777960954
EONET_12189,Wildfire in Sudan 1023102,,Wildfires,32.299037749287685  7.796701932269451,12/17/24,19:00:00,19,32.299037749287685, 7.796701932269451
EONET_12217,Wildfire in Sudan 1023124,,Wildfires,32.846553837686145  9.771467259941888,12/17/24,19:00:00,19,32.846553837686145, 9.771467259941888
EONET_12227,Wildfire in Sudan 1023136,,Wildfires,32.131352499286386  9.332724427581564,12/17/24,19:00:00,19,32.131352499286386, 9.332724427581564
EONET_12179,RX CALV C-262-265 Wildfire  Vernon  Louisiana,,Wildfires,-92.908717  31.0533,12/17/24,9:33:00,11,-92.908717, 31.0533
EONET_12161,Wildfire in Burkina Faso  Mali 1023086,,Wildfires,-0.6277583371475721  15.059077423218392,12/16/24,19:00:00,20,-0.6277583371475721, 15.059077423218392
EONET_12167,Wildfire in Australia 1023090,,Wildfires,142.46711012070458  -37.41261198267845,12/16/24,19:00:00,19,142.46711012070458, -37.41261198267845
EONET_12184,Wildfire in Sudan 1023096,,Wildfires,26.320399396524785  8.157447038847955,12/16/24,19:00:00,19,26.320399396524785, 8.157447038847955
EONET_12185,Wildfire in Sudan 1023097,,Wildfires,31.972620487727244  9.220984240534193,12/16/24,19:00:00,19,31.972620487727244, 9.220984240534193
EONET_12190,Wildfire in Sudan 1023103,,Wildfires,29.12363987041677  6.091975439358199,12/16/24,19:00:00,18,29.12363987041677, 6.091975439358199
EONET_12196,Wildfire in Nigeria 1023110,,Wildfires,5.375677639487464  6.9350526015659835,12/16/24,19:00:00,18,5.375677639487464, 6.9350526015659835
EONET_12181,APQ Rec Area 13 Rx 1214 Wildfire  Highlands  Florida,,Wildfires,-81.294022  27.578295,12/16/24,9:35:00,11,-81.294022, 27.578295
EONET_12148,Rx Lamar 3440 Wildfire  Lamar  Texas,,Wildfires,-95.5874  33.8451,12/16/24,9:29:00,9,-95.5874, 33.8451
EONET_12168,Wildfire in Sudan 1023088,,Wildfires,26.510492003022073  6.581660951987227,12/15/24,19:00:00,19,26.510492003022073, 6.581660951987227
EONET_12186,Wildfire in Ghana 1023100,,Wildfires,-1.061756521358138  7.3051562997092345,12/15/24,19:00:00,19,-1.061756521358138, 7.3051562997092345
EONET_12194,Wildfire in Burkina Faso 1023108,,Wildfires,-5.175711858487765  11.644825301940445,12/15/24,19:00:00,19,-5.175711858487765, 11.644825301940445
EONET_12147,Soap Wildfire  Yavapai  Arizona,,Wildfires,-112.200767  34.088933,12/15/24,15:55:00,12,-112.200767, 34.088933
EONET_12150,APQ Rec Area 4 Rx 1215 Wildfire  Polk  Florida,,Wildfires,-81.332645  27.669495,12/15/24,15:55:00,11,-81.332645, 27.669495
EONET_12162,Wildfire in Sudan 1023082,,Wildfires,32.63570905018464  9.695642753307384,12/14/24,19:00:00,18,32.63570905018464, 9.695642753307384
EONET_12169,Wildfire in Cote d&#039;Ivoire 1023091,,Wildfires,-3.6594910900642263  8.793225281520789,12/14/24,19:00:00,20,-3.6594910900642263, 8.793225281520789
EONET_12195,Wildfire in Cote d&#039;Ivoire 1023109,,Wildfires,-3.718219611202932  8.804297286483244,12/14/24,19:00:00,19,-3.718219611202932, 8.804297286483244
EONET_12132,Wildfire in Niger 1023069,,Wildfires,12.542507299986001  13.871897560840004,12/13/24,19:00:00,19,12.542507299986001, 13.871897560840004
EONET_12139,Wildfire in Cote d&#039;Ivoire 1023074,,Wildfires,-3.7793502188578807  8.940257014081748,12/13/24,19:00:00,20,-3.7793502188578807, 8.940257014081748
EONET_12140,Wildfire in Sudan 1023076,,Wildfires,29.241926081242337  6.353746851121146,12/13/24,19:00:00,19,29.241926081242337, 6.353746851121146
EONET_12141,Wildfire in Australia 1023077,,Wildfires,145.76573525724984  -21.788925568901377,12/13/24,19:00:00,19,145.76573525724984, -21.788925568901377
EONET_12158,Wildfire in Australia 1023080,,Wildfires,138.8801871658071  -19.968007239287235,12/13/24,19:00:00,18,138.8801871658071, -19.968007239287235
EONET_12163,Wildfire in Australia 1023087,,Wildfires,116.59388568972828  -34.89628365692928,12/13/24,19:00:00,19,116.59388568972828, -34.89628365692928
EONET_12175,Wildfire in Ghana 1023094,,Wildfires,-1.1077097207067432  8.043161141472076,12/13/24,19:00:00,20,-1.1077097207067432, 8.043161141472076
EONET_12151,APQ Recreation Area 3 Rx 1213 Wildfire  Polk  Florida,,Wildfires,-81.328526  27.682825,12/13/24,8:02:00,11,-81.328526, 27.682825
EONET_12142,Wildfire in Sudan 1023071,,Wildfires,26.628084592014233  7.125505061161163,12/12/24,19:00:00,19,26.628084592014233, 7.125505061161163
EONET_12159,Wildfire in Cote d&#039;Ivoire 1023081,,Wildfires,-3.674344876939678  9.048220600285456,12/12/24,19:00:00,19,-3.674344876939678, 9.048220600285456
EONET_12164,Wildfire in Mali 1023085,,Wildfires,-10.507156381881808  12.799972610328515,12/12/24,19:00:00,20,-10.507156381881808, 12.799972610328515
EONET_12170,Wildfire in Ghana 1023092,,Wildfires,-2.308010282395875  10.656035245256726,12/12/24,19:00:00,19,-2.308010282395875, 10.656035245256726
EONET_12176,Wildfire in Ghana 1023093,,Wildfires,-0.544773538143576  7.362650920097517,12/12/24,19:00:00,19,-0.544773538143576, 7.362650920097517
EONET_12177,Wildfire in Ghana 1023095,,Wildfires,-0.5412255317506104  7.357045393854975,12/12/24,19:00:00,20,-0.5412255317506104, 7.357045393854975
EONET_12187,Wildfire in Sudan 1023098,,Wildfires,32.782795635312  7.023694715976142,12/12/24,19:00:00,16,32.782795635312, 7.023694715976142
EONET_12153,APQ Recreation Area 1 &amp; 2 Rx 1212 Wildfire  Polk  Florida,,Wildfires,-81.398735  27.731616,12/12/24,13:16:00,11,-81.398735, 27.731616
EONET_12156,RX CALV C-133 Wildfire  Vernon  Louisiana,,Wildfires,-92.923  31.01,12/12/24,9:02:00,8,-92.923, 31.01
EONET_12172,Home Reef Volcano  Tonga,,Volcanoes,-193.767,12/12/24,0:00:00,#VALUE!,#VALUE!,#VALUE!
EONET_12133,Wildfire in Sudan 1023070,,Wildfires,26.338688185352478  8.295831819972008,12/11/24,19:00:00,19,26.338688185352478, 8.295831819972008
EONET_12160,Wildfire in Sudan 1023079,,Wildfires,29.74832521540173  9.576710596045281,12/11/24,19:00:00,18,29.74832521540173, 9.576710596045281
EONET_12171,Wildfire in Central African Republic 1023089,,Wildfires,23.989073919436567  6.507246084084775,12/11/24,19:00:00,19,23.989073919436567, 6.507246084084775
EONET_12152,LBJ Bois d&#039;Arc RX Wildfire  Fannin  Texas,,Wildfires,-95.951944  33.761389,12/11/24,10:07:00,11,-95.951944, 33.761389
EONET_12134,Wildfire in Chad 1023064,,Wildfires,20.38477446899014  12.328266420489443,12/10/24,19:00:00,18,20.38477446899014, 12.328266420489443
EONET_12143,Wildfire in Mali 1023078,,Wildfires,-4.086337655737058  13.574523301996058,12/10/24,19:00:00,19,-4.086337655737058, 13.574523301996058
EONET_12165,Wildfire in Cote d&#039;Ivoire 1023083,,Wildfires,-3.776866382300303  8.949694038845726,12/10/24,19:00:00,19,-3.776866382300303, 8.949694038845726
EONET_12157,APQ Recreation Area 3 Rx 1210 Wildfire  Polk  Florida,,Wildfires,-81.343675  27.694373,12/10/24,9:16:00,11,-81.343675, 27.694373
EONET_12149,FRANKLIN Wildfire  Los Angeles  California,Malibu  CA,Wildfires,-118.69642  34.06343,12/10/24,1:54:00,11,-118.69642, 34.06343
EONET_12120,Wildfire in Australia 1023057,,Wildfires,147.53236806064731  -20.944109924452626,12/9/24,19:00:00,19,147.53236806064731, -20.944109924452626
EONET_12126,Wildfire in Sudan 1023058,,Wildfires,28.16562823440938  6.4903658282521866,12/9/24,19:00:00,18,28.16562823440938, 6.4903658282521866
EONET_12135,Wildfire in Burkina Faso 1023067,,Wildfires,-4.6365430552399705  9.850968371808957,12/9/24,19:00:00,20,-4.6365430552399705, 9.850968371808957
EONET_12136,Wildfire in Ethiopia 1023065,,Wildfires,35.434534544517554  11.927440717052702,12/9/24,19:00:00,19,35.434534544517554, 11.927440717052702
EONET_12144,Wildfire in Sudan 1023072,,Wildfires,26.512830754202994  7.118884281784125,12/9/24,19:00:00,19,26.512830754202994, 7.118884281784125
EONET_12104,APQ Recreation Area 1 Rx 1209 Wildfire  Polk  Florida,,Wildfires,-81.397791  27.728718,12/9/24,9:17:00,11,-81.397791, 27.728718
EONET_12103,Coyote Wildfire  Gaston  North Carolina,Crowders Mtn State Park- Pinnacle Mountain,Wildfires,-81.2988333  35.2148333,12/8/24,19:16:00,12,-81.2988333, 35.2148333
EONET_12129,Wildfire in Sudan 1023061,,Wildfires,33.478838393856854  6.495073206951486,12/8/24,19:00:00,19,33.478838393856854, 6.495073206951486
EONET_12145,Wildfire in Ghana 1023075,,Wildfires,-0.19245763638422614  7.352535032858098,12/8/24,19:00:00,21,-0.19245763638422614, 7.352535032858098
EONET_12166,Wildfire in Sudan 1023084,,Wildfires,32.68172277961916  9.857387717262942,12/8/24,19:00:00,18,32.68172277961916, 9.857387717262942
EONET_12105,Radue Wildfire  Custer  Montana,,Wildfires,-105.874483  46.09975,12/8/24,17:09:00,12,-105.874483, 46.09975
EONET_12106,APQ Recreation Area 3 Rx 1208 Wildfire  Polk  Florida,,Wildfires,-81.348696  27.691005,12/8/24,9:30:00,11,-81.348696, 27.691005
EONET_12109,Wildfire in Australia 1023050,,Wildfires,144.5772672249946  -18.39119076022802,12/7/24,19:00:00,18,144.5772672249946, -18.39119076022802
EONET_12110,Wildfire in Australia 1023051,,Wildfires,144.9281834960211  -18.76122534467231,12/7/24,19:00:00,18,144.9281834960211, -18.76122534467231
EONET_12121,Wildfire in Australia 1023056,,Wildfires,144.51913124753625  -18.239656973522703,12/7/24,19:00:00,19,144.51913124753625, -18.239656973522703
EONET_12122,Wildfire in Sudan 1023052,,Wildfires,29.101747618019537  6.542698962605854,12/7/24,19:00:00,19,29.101747618019537, 6.542698962605854
EONET_12137,Wildfire in Sudan 1023066,,Wildfires,31.789937073590888  9.46682316912833,12/7/24,19:00:00,19,31.789937073590888, 9.46682316912833
EONET_12107,APQ Recreation Area 2 Rx 1207 Wildfire  Polk  Florida,,Wildfires,-81.358051  27.696505,12/7/24,8:33:00,11,-81.358051, 27.696505
EONET_12098,Wildfire in Sudan 1023037,,Wildfires,32.50487186183727  11.26797181445212,12/6/24,19:00:00,18,32.50487186183727, 11.26797181445212
EONET_12111,Wildfire in Central African Republic 1023047,,Wildfires,24.332789378305375  6.2984318920026565,12/6/24,19:00:00,19,24.332789378305375, 6.2984318920026565
EONET_12112,Wildfire in Sudan 1023049,,Wildfires,26.232134783837495  8.526077903575507,12/6/24,19:00:00,19,26.232134783837495, 8.526077903575507
EONET_12127,Wildfire in Sudan 1023059,,Wildfires,26.99270761653973  7.584673453116638,12/6/24,19:00:00,18,26.99270761653973, 7.584673453116638
EONET_12130,Wildfire in Central African Republic 1023062,,Wildfires,24.01784544368539  6.388406467172499,12/6/24,19:00:00,18,24.01784544368539, 6.388406467172499
EONET_12146,Wildfire in Sudan 1023073,,Wildfires,26.5807612761476  7.861274268843025,12/6/24,19:00:00,17,26.5807612761476, 7.861274268843025
EONET_12123,Wildfire in Madagascar 1023055,,Wildfires,48.259769048327115  -15.013978477925678,12/5/24,19:00:00,19,48.259769048327115, -15.013978477925678
EONET_12124,Wildfire in Madagascar 1023053,,Wildfires,48.94742710694347  -16.499266903005342,12/5/24,19:00:00,18,48.94742710694347, -16.499266903005342
EONET_12125,Wildfire in Sudan 1023054,,Wildfires,26.245192089062336  8.330831153955994,12/5/24,19:00:00,19,26.245192089062336, 8.330831153955994
EONET_12128,Wildfire in Madagascar 1023060,,Wildfires,48.251642716167694  -15.010448591306409,12/5/24,19:00:00,19,48.251642716167694, -15.010448591306409
EONET_12131,Wildfire in Burkina Faso 1023063,,Wildfires,-1.7848067265268617  13.40207132179837,12/5/24,19:00:00,20,-1.7848067265268617, 13.40207132179837
EONET_12092,Wildfire in Australia 1023034,,Wildfires,146.04704875539514  -22.630757852696384,12/4/24,19:00:00,19,146.04704875539514, -22.630757852696384
EONET_12096,Wildfire in Sudan 1023035,,Wildfires,31.12897121527095  9.814722542232177,12/4/24,19:00:00,18,31.12897121527095, 9.814722542232177
EONET_12099,Wildfire in Australia 1023038,,Wildfires,147.29344354057656  -23.333426844719767,12/4/24,19:00:00,19,147.29344354057656, -23.333426844719767
EONET_12100,Wildfire in Benin 1023039,,Wildfires,1.4689737237424556  10.998631810272673,12/4/24,19:00:00,19,1.4689737237424556, 10.998631810272673
EONET_12113,Wildfire in Sudan 1023042,,Wildfires,25.097956992119897  8.343867869265342,12/4/24,19:00:00,19,25.097956992119897, 8.343867869265342
EONET_12138,Wildfire in Ghana 1023068,,Wildfires,-0.2641069620320304  7.454108966526715,12/4/24,19:00:00,20,-0.2641069620320304, 7.454108966526715
EONET_12093,Wildfire in Sudan 1023033,,Wildfires,31.355282953990077  9.804490705625867,12/3/24,19:00:00,19,31.355282953990077, 9.804490705625867
EONET_12114,Wildfire in Sudan 1023048,,Wildfires,25.97610749095814  8.91367827872586,12/3/24,19:00:00,18,25.97610749095814, 8.91367827872586
EONET_12094,Wildfire in Sudan 1023032,,Wildfires,31.51940914220699  10.0434913616767,12/2/24,19:00:00,18,31.51940914220699, 10.0434913616767
EONET_12088,KDF - Confluence 2 Wildfire  Leslie  Kentucky,,Wildfires,-83.396702  37.295268,12/2/24,12:01:00,11,-83.396702, 37.295268
EONET_12091,Wildfire in Sudan 1023031,,Wildfires,25.857188772134748  9.058944514693914,12/1/24,19:00:00,19,25.857188772134748, 9.058944514693914
EONET_12101,Wildfire in Benin 1023040,,Wildfires,1.4243613126509973  11.204894940655628,12/1/24,19:00:00,19,1.4243613126509973, 11.204894940655628
EONET_12115,Wildfire in Australia 1023045,,Wildfires,147.38338373857528  -23.24470629732928,12/1/24,19:00:00,19,147.38338373857528, -23.24470629732928
EONET_12116,Wildfire in Central African Republic 1023046,,Wildfires,23.76126743814646  6.68794714581094,12/1/24,19:00:00,18,23.76126743814646, 6.68794714581094
EONET_12086,Wildfire in Burkina Faso 1023028,,Wildfires,-2.252660385121848  13.801758684355518,11/30/24,19:00:00,19,-2.252660385121848, 13.801758684355518
EONET_12089,Wildfire in Benin 1023029,,Wildfires,1.3899577956551668  11.087548262534849,11/30/24,19:00:00,19,1.3899577956551668, 11.087548262534849
EONET_12117,Wildfire in Sudan 1023043,,Wildfires,27.033398796458364  7.863153113313824,11/30/24,19:00:00,19,27.033398796458364, 7.863153113313824
EONET_12118,Wildfire in Sudan 1023044,,Wildfires,31.36970133669082  5.6664695016741105,11/29/24,19:00:00,18,31.36970133669082, 5.6664695016741105
EONET_12080,Wildfire in Brazil 1023024,,Wildfires,-46.17658068,11/28/24,19:00:00,#VALUE!,#VALUE!,#VALUE!
EONET_12097,Wildfire in Benin 1023036,,Wildfires,1.413790381722872  11.104340231235808,11/28/24,19:00:00,18,1.413790381722872, 11.104340231235808
EONET_12081,Wildfire in Sudan 1023021,,Wildfires,33.44075166231789  6.73280154990643,11/27/24,19:00:00,18,33.44075166231789, 6.73280154990643
EONET_12090,Wildfire in Benin 1023030,,Wildfires,1.561732760687401  11.25405729886014,11/27/24,19:00:00,18,1.561732760687401, 11.25405729886014
EONET_12074,Wildfire in Niger 1023016,,Wildfires,1.2532275733734233  14.606564360734026,11/26/24,19:00:00,19,1.2532275733734233, 14.606564360734026
EONET_12076,Wildfire in Sudan 1023018,,Wildfires,30.522765128706713  10.138395558959116,11/26/24,19:00:00,19,30.522765128706713, 10.138395558959116
EONET_12077,Wildfire in Brazil 1023020,,Wildfires,-55.95724575255249  1.2072489626413836,11/26/24,19:00:00,19,-55.95724575255249, 1.2072489626413836
EONET_12087,Wildfire in Sudan 1023027,,Wildfires,31.49442308162692  9.471200505885474,11/26/24,19:00:00,18,31.49442308162692, 9.471200505885474
EONET_12082,Wildfire in Burkina Faso 1023025,,Wildfires,-0.056627237862728906  12.864921725474193,11/25/24,19:00:00,22,-0.056627237862728906, 12.864921725474193
EONET_12055,Wildfire in Australia 1023001,,Wildfires,115.36471239741813  -30.743143766656775,11/24/24,19:00:00,19,115.36471239741813, -30.743143766656775
EONET_12062,Wildfire in Niger 1023007,,Wildfires,1.1754940450117686  14.570139383298864,11/24/24,19:00:00,19,1.1754940450117686, 14.570139383298864
EONET_12063,Wildfire in Australia 1023008,,Wildfires,143.49380708924042  -16.22908768278416,11/24/24,19:00:00,19,143.49380708924042, -16.22908768278416
EONET_12067,Wildfire in Australia 1023010,,Wildfires,142.52593342304095  -16.074671983871216,11/24/24,19:00:00,19,142.52593342304095, -16.074671983871216
EONET_12083,Wildfire in Sudan 1023022,,Wildfires,25.847952653342677  9.702943692983492,11/24/24,19:00:00,19,25.847952653342677, 9.702943692983492
EONET_12084,Wildfire in Sudan 1023023,,Wildfires,32.649243793587075  10.164449120797494,11/24/24,19:00:00,19,32.649243793587075, 10.164449120797494
EONET_12044,B ANAYA Wildfire  Santa Fe  New Mexico,North of Moriarty  NM  East of SR 41 SOuth of Stanley NM,Wildfires,-105.977628  35.113722,11/24/24,17:30:00,12,-105.977628, 35.113722
EONET_12071,Wildfire in Brazil 1023015,,Wildfires,-49.68533042,11/23/24,19:00:00,#VALUE!,#VALUE!,#VALUE!
EONET_12085,Wildfire in Benin 1023026,,Wildfires,1.5926074754366433  11.074854423968375,11/23/24,19:00:00,19,1.5926074754366433, 11.074854423968375
EONET_12056,Wildfire in Australia 1022999,,Wildfires,143.94776644345987  -17.7090187051562,11/22/24,19:00:00,19,143.94776644345987, -17.7090187051562
EONET_12057,Wildfire in Australia 1023003,,Wildfires,144.5749199320524  -18.765806986902636,11/22/24,19:00:00,18,144.5749199320524, -18.765806986902636
EONET_12072,Wildfire in Australia 1023013,,Wildfires,145.4622870619928  -19.433796738112033,11/22/24,19:00:00,18,145.4622870619928, -19.433796738112033
EONET_12075,Wildfire in Benin 1023017,,Wildfires,1.2933157413496095  10.915030925499263,11/22/24,19:00:00,19,1.2933157413496095, 10.915030925499263
EONET_12046,Newsome Ridge 2 Wildfire  Mingo  West Virginia,Between the split of Newsome Ridge and Spruce Fk and Sheep House Knob,Wildfires,-82.297147  37.842495,11/22/24,12:46:00,11,-82.297147, 37.842495
EONET_12038,Wildfire in Australia 1022995,,Wildfires,142.8941569191651  -14.676136157330934,11/21/24,19:00:00,18,142.8941569191651, -14.676136157330934
EONET_12039,Wildfire in Australia 1022997,,Wildfires,142.35940250277594  -18.186810768593325,11/21/24,19:00:00,19,142.35940250277594, -18.186810768593325
EONET_12040,Wildfire in Australia 1022994,,Wildfires,143.38044244094593  -14.746979921020836,11/21/24,19:00:00,19,143.38044244094593, -14.746979921020836
EONET_12064,Wildfire in Australia 1023006,,Wildfires,143.6856828861156  -18.07902842021259,11/21/24,19:00:00,18,143.6856828861156, -18.07902842021259
EONET_12068,Wildfire in Mali 1023011,,Wildfires,-7.629614860645167  14.680242043028302,11/21/24,19:00:00,19,-7.629614860645167, 14.680242043028302
EONET_12073,Wildfire in Sudan 1023014,,Wildfires,31.818724597843083  10.465076145475773,11/21/24,19:00:00,19,31.818724597843083, 10.465076145475773
EONET_12048,RX CALE C-16 Wildfire  Rapides  Louisiana,,Wildfires,-92.61505  31.2363,11/21/24,9:29:00,10,-92.61505, 31.2363
EONET_12047,APQ Recreation Area 1 Rx 1121 Wildfire  Polk  Florida,,Wildfires,-81.391006  27.740791,11/21/24,9:05:00,11,-81.391006, 27.740791
EONET_12033,Wildfire in Iceland 1022991,,Wildfires,-22.37065948356308  63.88807752468611,11/20/24,19:00:00,19,-22.37065948356308, 63.88807752468611
EONET_12041,Wildfire in Australia 1022996,,Wildfires,142.50636128720723  -19.689047091535578,11/20/24,19:00:00,19,142.50636128720723, -19.689047091535578
EONET_12058,Wildfire in Australia 1023004,,Wildfires,143.08040682757823  -16.238549964987,11/20/24,19:00:00,19,143.08040682757823, -16.238549964987
EONET_12065,Wildfire in Australia 1023005,,Wildfires,143.11063756127788  -16.220357147479863,11/20/24,19:00:00,19,143.11063756127788, -16.220357147479863
EONET_12078,Wildfire in Sudan 1023019,,Wildfires,35.327347556070876  12.319594240920347,11/20/24,19:00:00,19,35.327347556070876, 12.319594240920347
EONET_12027,Wildfire in Mali 1022986,,Wildfires,-2.5097499741893987  15.496654674815547,11/19/24,19:00:00,20,-2.5097499741893987, 15.496654674815547
EONET_12059,Wildfire in Burkina Faso 1023000,,Wildfires,0.9411565307110877  11.494306197703226,11/19/24,19:00:00,19,0.9411565307110877, 11.494306197703226
EONET_12043,Butternut Wildfire  Berkshire  Massachusetts,1.5 Miles southeast of Great Barrington  MA,Wildfires,-73.3371156  42.1778861,11/19/24,18:58:00,12,-73.3371156, 42.1778861
EONET_12053,Laurel Fork/Coal Fork Wildfire  Kanawha  West Virginia,In between Coal fork and Laurel fork,Wildfires,-81.454761  38.109199,11/19/24,15:21:00,11,-81.454761, 38.109199
EONET_12042,Thomas Road Wildfire  Albany  New York,1.5 mi SW of Boxford MA with the Boxford State Forest,Wildfires,-73.7566667  42.6527778,11/19/24,8:35:00,12,-73.7566667, 42.6527778
EONET_12060,Wildfire in Burkina Faso 1023002,,Wildfires,0.9377403874812666  11.460263326334495,11/18/24,19:00:00,19,0.9377403874812666, 11.460263326334495
EONET_12066,Wildfire in Brazil 1023009,,Wildfires,-56.86584944,11/18/24,19:00:00,#VALUE!,#VALUE!,#VALUE!
EONET_12069,Wildfire in Brazil 1023012,,Wildfires,-54.0884622,11/18/24,19:00:00,#VALUE!,#VALUE!,#VALUE!
EONET_12019,BRIDGE BAER IMPLEMENTATION Wildfire  Los Angeles  California,,Wildfires,-117.758  34.2305,11/18/24,15:27:00,9,-117.758, 34.2305
EONET_12018,White Oak Wildfire  Forrest  Mississippi,Bond,Wildfires,-89.309907  30.936563,11/18/24,14:46:00,11,-89.309907, 30.936563
EONET_12022,Wildfire in Australia 1022981,,Wildfires,141.87874241419206  -16.20862626238738,11/17/24,19:00:00,19,141.87874241419206, -16.20862626238738
EONET_12028,Wildfire in Australia 1022987,,Wildfires,143.96828611615334  -18.042938363566964,11/17/24,19:00:00,19,143.96828611615334, -18.042938363566964
EONET_12029,Wildfire in Australia 1022983,,Wildfires,129.95086077416963  -17.81650385983351,11/17/24,19:00:00,19,129.95086077416963, -17.81650385983351
EONET_12034,Wildfire in Mali 1022989,,Wildfires,-2.4864150795096065  15.531261899996093,11/17/24,19:00:00,20,-2.4864150795096065, 15.531261899996093
EONET_12035,Wildfire in Burkina Faso 1022990,,Wildfires,-0.6109609615032287  14.278604051088381,11/17/24,19:00:00,20,-0.6109609615032287, 14.278604051088381
EONET_12036,Wildfire in Australia 1022992,,Wildfires,133.24439915045156  -20.274978899772407,11/16/24,19:00:00,19,133.24439915045156, -20.274978899772407
EONET_12061,Wildfire in Sudan 1022998,,Wildfires,34.99300018873369  12.723797293122,11/16/24,19:00:00,18,34.99300018873369, 12.723797293122
EONET_12021,SEA CPI-1 Rx 1116 Wildfire  Hendry  Florida,,Wildfires,-81.074722  26.285556,11/16/24,8:44:00,11,-81.074722, 26.285556
EONET_12006,Wildfire in Australia 1022970,,Wildfires,135.0552025955031  -17.307422065345403,11/15/24,19:00:00,18,135.0552025955031, -17.307422065345403
EONET_12014,Wildfire in Australia 1022975,,Wildfires,142.30420376003798  -14.915078909433102,11/15/24,19:00:00,19,142.30420376003798, -14.915078909433102
EONET_12015,Wildfire in Australia 1022977,,Wildfires,127.1513512140444  -14.071866486955964,11/15/24,19:00:00,18,127.1513512140444, -14.071866486955964
EONET_12023,Wildfire in Australia 1022978,,Wildfires,148.40291220159315  -20.98569342717179,11/15/24,19:00:00,19,148.40291220159315, -20.98569342717179
EONET_12024,Wildfire in Australia 1022982,,Wildfires,144.0758322855467  -19.24242432418372,11/15/24,19:00:00,18,144.0758322855467, -19.24242432418372
EONET_12025,Wildfire in Australia 1022979,,Wildfires,142.3237550412056  -14.91323875668888,11/15/24,19:00:00,18,142.3237550412056, -14.91323875668888
EONET_12030,Wildfire in Burkina Faso 1022984,,Wildfires,0.8137404243693152  11.585361951325769,11/15/24,19:00:00,19,0.8137404243693152, 11.585361951325769
EONET_12037,Wildfire in Brazil 1022993,,Wildfires,-51.8326713,11/15/24,19:00:00,#VALUE!,#VALUE!,#VALUE!
EONET_12020,Tadra 31 74 RX Wildfire  Bowie  Texas,,Wildfires,-94.422778  33.391667,11/15/24,9:28:00,11,-94.422778, 33.391667
EONET_11976,Wildfire in Australia 1022956,,Wildfires,134.68103140531653  -17.346421242067436,11/14/24,19:00:00,19,134.68103140531653, -17.346421242067436
EONET_12000,Wildfire in Mali 1022964,,Wildfires,-1.9579353567948596  14.737073868472665,11/14/24,19:00:00,20,-1.9579353567948596, 14.737073868472665
EONET_12001,Wildfire in Australia 1022965,,Wildfires,137.3818955248471  -17.97261611577095,11/14/24,19:00:00,18,137.3818955248471, -17.97261611577095
EONET_12007,Wildfire in Australia 1022971,,Wildfires,134.20709995563408  -14.31745591651739,11/14/24,19:00:00,19,134.20709995563408, -14.31745591651739
EONET_12008,Wildfire in Burkina Faso 1022968,,Wildfires,-0.34106904347745515  13.887848587755746,11/14/24,19:00:00,21,-0.34106904347745515, 13.887848587755746
EONET_12009,Wildfire in Burkina Faso 1022969,,Wildfires,1.1178044295566036  11.629560915976601,11/14/24,19:00:00,19,1.1178044295566036, 11.629560915976601
EONET_12016,Wildfire in Australia 1022976,,Wildfires,135.21781453440636  -16.967396896327454,11/14/24,19:00:00,19,135.21781453440636, -16.967396896327454
EONET_12031,Wildfire in Nigeria 1022985,,Wildfires,5.251519190870137  11.814147302270822,11/14/24,19:00:00,18,5.251519190870137, 11.814147302270822
EONET_11977,Wildfire in Australia 1022957,,Wildfires,135.22811219789276  -17.055959360720085,11/13/24,19:00:00,19,135.22811219789276, -17.055959360720085
EONET_11978,Wildfire in Australia 1022958,,Wildfires,139.70487019804162  -19.347148980788724,11/13/24,19:00:00,19,139.70487019804162, -19.347148980788724
EONET_11979,Wildfire in Australia 1022951,,Wildfires,130.14588712258862  -17.522938360890862,11/13/24,19:00:00,19,130.14588712258862, -17.522938360890862
EONET_12002,Wildfire in Australia 1022960,,Wildfires,135.6908794412422  -16.966426921876508,11/13/24,19:00:00,18,135.6908794412422, -16.966426921876508
EONET_12003,Wildfire in Australia 1022961,,Wildfires,134.82497724462866  -17.04235003657651,11/13/24,19:00:00,19,134.82497724462866, -17.04235003657651
EONET_12010,Wildfire in Australia 1022972,,Wildfires,134.9730892703635  -17.039193866013967,11/13/24,19:00:00,18,134.9730892703635, -17.039193866013967
EONET_12026,Wildfire in Australia 1022980,,Wildfires,143.26923185287362  -17.154429169098442,11/13/24,19:00:00,19,143.26923185287362, -17.154429169098442
EONET_12032,Wildfire in Chad 1022988,,Wildfires,19.095192612734625  13.065494745021562,11/13/24,19:00:00,19,19.095192612734625, 13.065494745021562
EONET_11964,Wildfire in Australia 1022939,,Wildfires,133.28274752318532  -18.974925103204573,11/12/24,19:00:00,19,133.28274752318532, -18.974925103204573
EONET_11965,Wildfire in Australia 1022938,,Wildfires,134.54083437495711  -17.774689977494756,11/12/24,19:00:00,19,134.54083437495711, -17.774689977494756
EONET_11966,Wildfire in Australia 1022942,,Wildfires,139.60879988306206  -20.345143644695693,11/12/24,19:00:00,19,139.60879988306206, -20.345143644695693
EONET_11980,Wildfire in Australia 1022948,,Wildfires,143.6490124166574  -16.726432090431466,11/12/24,19:00:00,18,143.6490124166574, -16.726432090431466
EONET_11981,Wildfire in Australia 1022952,,Wildfires,135.10392938075984  -17.16121444505945,11/12/24,19:00:00,19,135.10392938075984, -17.16121444505945
EONET_11982,Wildfire in Australia 1022953,,Wildfires,135.67766564552616  -17.078080917758747,11/12/24,19:00:00,19,135.67766564552616, -17.078080917758747
EONET_11983,Wildfire in Australia 1022949,,Wildfires,139.54792907687542  -19.484407142060824,11/12/24,19:00:00,19,139.54792907687542, -19.484407142060824
EONET_12004,Wildfire in Australia 1022962,,Wildfires,134.541348855912  -17.655391637068007,11/12/24,19:00:00,17,134.541348855912, -17.655391637068007
EONET_12011,Wildfire in Sudan 1022966,,Wildfires,34.943709599787205  12.534698181618285,11/12/24,19:00:00,19,34.943709599787205, 12.534698181618285
EONET_11954,Wildfire in Australia 1022927,,Wildfires,123.6930357995494  -23.306595295606837,11/11/24,19:00:00,18,123.6930357995494, -23.306595295606837
EONET_11955,Wildfire in Australia 1022928,,Wildfires,123.78922461873958  -23.184031059582033,11/11/24,19:00:00,19,123.78922461873958, -23.184031059582033
EONET_11956,Wildfire in Australia 1022932,,Wildfires,133.69767730372627  -17.883259756372603,11/11/24,19:00:00,19,133.69767730372627, -17.883259756372603
EONET_11957,Wildfire in Australia 1022933,,Wildfires,142.37185059741213  -15.645149339475273,11/11/24,19:00:00,19,142.37185059741213, -15.645149339475273
EONET_11967,Wildfire in Australia 1022943,,Wildfires,135.51895230949523  -17.235052855319747,11/11/24,19:00:00,19,135.51895230949523, -17.235052855319747
EONET_11968,Wildfire in Australia 1022941,,Wildfires,133.52297868837675  -18.20273560057654,11/11/24,19:00:00,19,133.52297868837675, -18.20273560057654
EONET_11984,Wildfire in Australia 1022954,,Wildfires,142.23294441451486  -15.622549324776934,11/11/24,19:00:00,19,142.23294441451486, -15.622549324776934
EONET_12005,Wildfire in Australia 1022963,,Wildfires,123.68335499534541  -16.193395610051528,11/11/24,19:00:00,19,123.68335499534541, -16.193395610051528
EONET_11933,Wildfire in Niger 1022913,,Wildfires,4.807112316136861  16.30637820889483,11/10/24,19:00:00,18,4.807112316136861, 16.30637820889483
EONET_11934,Wildfire in Burkina Faso 1022917,,Wildfires,0.21904950985680946  14.32461069366768,11/10/24,19:00:00,20,0.21904950985680946, 14.32461069366768
EONET_11935,Wildfire in Australia 1022914,,Wildfires,142.39024119219405  -16.165391716174224,11/10/24,19:00:00,19,142.39024119219405, -16.165391716174224
EONET_11936,Wildfire in Australia 1022919,,Wildfires,133.68369068937787  -15.949755748449356,11/10/24,19:00:00,19,133.68369068937787, -15.949755748449356
EONET_11958,Wildfire in Australia 1022934,,Wildfires,134.09719297744107  -15.74461629020879,11/10/24,19:00:00,19,134.09719297744107, -15.74461629020879
EONET_11959,Wildfire in Australia 1022935,,Wildfires,143.33675117297255  -16.916361768663467,11/10/24,19:00:00,19,143.33675117297255, -16.916361768663467
EONET_11937,Wildfire in Niger 1022906,,Wildfires,5.0814404418780335  16.269170176838255,11/9/24,19:00:00,19,5.0814404418780335, 16.269170176838255
EONET_11938,Wildfire in Australia 1022920,,Wildfires,142.62036683956202  -19.171279788848956,11/9/24,19:00:00,19,142.62036683956202, -19.171279788848956
EONET_11939,Wildfire in Australia 1022916,,Wildfires,129.9640605282926  -18.017703948120186,11/9/24,19:00:00,18,129.9640605282926, -18.017703948120186
EONET_11940,Wildfire in Australia 1022907,,Wildfires,132.61691344745213  -16.977011190883303,11/9/24,19:00:00,19,132.61691344745213, -16.977011190883303
EONET_11960,Wildfire in Australia 1022929,,Wildfires,139.9887211010341  -20.188372479893527,11/9/24,19:00:00,18,139.9887211010341, -20.188372479893527
EONET_11961,Wildfire in Australia 1022931,,Wildfires,133.77113280047575  -18.203190736121083,11/9/24,19:00:00,19,133.77113280047575, -18.203190736121083
EONET_11985,Wildfire in Australia 1022950,,Wildfires,147.21830045209666  -23.550950620062213,11/9/24,19:00:00,19,147.21830045209666, -23.550950620062213
EONET_11989,Whitehouse Wildfire  Ulster  New York,1 mile north of Sundown  NY,Wildfires,-74.4598  41.9011,11/9/24,17:02:00,9,-74.4598, 41.9011
EONET_11915,Wildfire in Australia 1022895,,Wildfires,133.97884982193025  -14.239474924465775,11/8/24,19:00:00,19,133.97884982193025, -14.239474924465775
EONET_11916,Wildfire in Australia 1022896,,Wildfires,130.05499589390823  -17.496528143115434,11/8/24,19:00:00,19,130.05499589390823, -17.496528143115434
EONET_11926,Wildfire in Australia 1022902,,Wildfires,133.83050284848392  -15.975848969096925,11/8/24,19:00:00,19,133.83050284848392, -15.975848969096925
EONET_11927,Wildfire in Australia 1022903,,Wildfires,133.71637198962694  -15.802718055643782,11/8/24,19:00:00,19,133.71637198962694, -15.802718055643782
EONET_11928,Wildfire in Australia 1022904,,Wildfires,131.4348782649209  -17.464633477570388,11/8/24,19:00:00,18,131.4348782649209, -17.464633477570388
EONET_11929,Wildfire in Australia 1022900,,Wildfires,133.72683713332376  -15.710765575726075,11/8/24,19:00:00,19,133.72683713332376, -15.710765575726075
EONET_11930,Wildfire in Australia 1022901,,Wildfires,129.54080717436793  -16.634225081876064,11/8/24,19:00:00,19,129.54080717436793, -16.634225081876064
EONET_11941,Wildfire in Australia 1022908,,Wildfires,144.78832545654873  -16.52717887138789,11/8/24,19:00:00,19,144.78832545654873, -16.52717887138789
EONET_11942,Wildfire in Australia 1022909,,Wildfires,148.26026994363357  -20.771527723788978,11/8/24,19:00:00,19,148.26026994363357, -20.771527723788978
EONET_11943,Wildfire in Australia 1022915,,Wildfires,142.43676680204476  -18.544572117886155,11/8/24,19:00:00,19,142.43676680204476, -18.544572117886155
EONET_11944,Wildfire in Australia 1022921,,Wildfires,132.81164759379956  -13.531612228610221,11/8/24,19:00:00,19,132.81164759379956, -13.531612228610221
EONET_11945,Wildfire in Australia 1022922,,Wildfires,133.22856476640771  -14.2472836484535,11/8/24,19:00:00,19,133.22856476640771, -14.2472836484535
EONET_11962,Wildfire in Australia 1022936,,Wildfires,144.91467827893243  -16.454512875145845,11/8/24,19:00:00,19,144.91467827893243, -16.454512875145845
EONET_11969,Wildfire in Australia 1022940,,Wildfires,132.76560789897067  -17.600076043950516,11/8/24,19:00:00,19,132.76560789897067, -17.600076043950516
EONET_11970,Wildfire in Brazil 1022947,,Wildfires,-75.12706072,11/8/24,19:00:00,#VALUE!,#VALUE!,#VALUE!
EONET_11986,Wildfire in Australia 1022955,,Wildfires,142.22887445821962  -11.377087165073478,11/8/24,19:00:00,19,142.22887445821962, -11.377087165073478
EONET_11987,Wildfire in Brazil 1022959,,Wildfires,-75.10284907,11/8/24,19:00:00,#VALUE!,#VALUE!,#VALUE!
EONET_12012,Wildfire in Brazil 1022973,,Wildfires,-48.82607945,11/8/24,19:00:00,#VALUE!,#VALUE!,#VALUE!
EONET_11909,Bob White Wildfire  Raleigh  West Virginia,692 Matthew Lane,Wildfires,-81.371157  37.952373,11/8/24,14:59:00,11,-81.371157, 37.952373
EONET_11917,Wildfire in Australia 1022897,,Wildfires,143.46243974416396  -16.63640178028307,11/7/24,19:00:00,19,143.46243974416396, -16.63640178028307
EONET_11918,Wildfire in Australia 1022898,,Wildfires,132.5984126753538  -17.07417928736485,11/7/24,19:00:00,18,132.5984126753538, -17.07417928736485
EONET_11919,Wildfire in Mali 1022889,,Wildfires,-0.1255664279410446  15.486181953719539,11/7/24,19:00:00,20,-0.1255664279410446, 15.486181953719539
EONET_11920,Wildfire in Australia 1022893,,Wildfires,132.36211706680294  -14.798256058441158,11/7/24,19:00:00,19,132.36211706680294, -14.798256058441158
EONET_11931,Wildfire in Australia 1022905,,Wildfires,133.96450911400157  -15.676602429071115,11/7/24,19:00:00,19,133.96450911400157, -15.676602429071115
EONET_11946,Wildfire in Australia 1022910,,Wildfires,142.94202006455373  -17.26819216457228,11/7/24,19:00:00,19,142.94202006455373, -17.26819216457228
EONET_11947,Wildfire in Australia 1022911,,Wildfires,143.04933433958777  -16.903432056975202,11/7/24,19:00:00,19,143.04933433958777, -16.903432056975202
EONET_11963,Wildfire in Australia 1022930,,Wildfires,142.96488100342762  -17.242365935097286,11/7/24,19:00:00,19,142.96488100342762, -17.242365935097286
EONET_11971,Wildfire in India 1022937,,Wildfires,76.70890104125064  25.571184574035875,11/7/24,19:00:00,18,76.70890104125064, 25.571184574035875
EONET_11972,Wildfire in Australia 1022944,,Wildfires,134.4138342149365  -15.044257002161624,11/7/24,19:00:00,18,134.4138342149365, -15.044257002161624
EONET_11973,Wildfire in Australia 1022945,,Wildfires,134.23204881192203  -14.546162577081747,11/7/24,19:00:00,19,134.23204881192203, -14.546162577081747
EONET_12013,Wildfire in India 1022967,,Wildfires,76.6407432589817  25.785872257463776,11/7/24,19:00:00,17,76.6407432589817, 25.785872257463776
EONET_12017,Wildfire in India 1022974,,Wildfires,76.62217239585428  25.7802010840543,11/7/24,19:00:00,18,76.62217239585428, 25.7802010840543
EONET_11913,Whitman Wildfire  Logan  West Virginia,About a mile above the Whitman Freewill Baptist Church,Wildfires,-82.0246  37.81916,11/7/24,17:14:00,9,-82.0246, 37.81916
EONET_11914,Lost Run Wildfire  Wayne  West Virginia,Lost Run--Genoa,Wildfires,-82.484752  38.03196,11/7/24,14:14:00,11,-82.484752, 38.03196
EONET_11912,Tom Bailey Wildfire  Wyoming  West Virginia,In the area of Tom Bailey Branch near Glen Fork,Wildfires,-81.69602  37.627701,11/7/24,9:22:00,10,-81.69602, 37.627701
EONET_11911,Romont Rich Creek Wildfire  Fayette  West Virginia,Bear Wallow coal burning coal seams near the former town of Romont,Wildfires,-81.113063  38.184601,11/7/24,9:01:00,11,-81.113063, 38.184601
EONET_11921,Wildfire in Australia 1022890,,Wildfires,143.8369066612789  -18.57089924614207,11/6/24,19:00:00,18,143.8369066612789, -18.57089924614207
EONET_11948,Wildfire in Australia 1022923,,Wildfires,142.07195580089376  -11.902380618240699,11/6/24,19:00:00,19,142.07195580089376, -11.902380618240699
EONET_11949,Wildfire in Australia 1022924,,Wildfires,142.61714027487648  -15.14980866889889,11/6/24,19:00:00,19,142.61714027487648, -15.14980866889889
EONET_11950,Wildfire in Australia 1022925,,Wildfires,132.9130282917835  -17.9712167724096,11/6/24,19:00:00,18,132.9130282917835, -17.9712167724096
EONET_11951,Wildfire in Australia 1022926,,Wildfires,132.8517761150097  -17.75813107912585,11/6/24,19:00:00,18,132.8517761150097, -17.75813107912585
EONET_11910,Poplar Creek Fire Wildfire  Buchanan  Virginia,Buchanan  Harman Junction,Wildfires,-82.1536111  37.3,11/6/24,15:36:00,12,-82.1536111, 37.3
EONET_11908,MOUNTAIN Wildfire  Ventura  California,7930 Balcom Canyon Road  Moorpark ~5 miles northwest of Moorpark,Wildfires,-118.9711111  34.3152778,11/6/24,12:17:00,13,-118.9711111, 34.3152778
EONET_11922,Wildfire in Australia 1022891,,Wildfires,143.8449078906187  -18.536029614167337,11/5/24,19:00:00,18,143.8449078906187, -18.536029614167337
EONET_11952,Wildfire in Australia 1022912,,Wildfires,143.48267166667247  -19.34359859955262,11/5/24,19:00:00,19,143.48267166667247, -19.34359859955262
EONET_11974,Wildfire in Australia 1022946,,Wildfires,148.30794567854812  -20.553805028977127,11/5/24,19:00:00,19,148.30794567854812, -20.553805028977127
EONET_11901,Blue Mountain Wildfire  Northampton  Pennsylvania,,Wildfires,-75.598934  40.788063,11/5/24,14:57:00,11,-75.598934, 40.788063
EONET_11902,Wildfire in Australia 1022887,,Wildfires,144.80334554085078  -20.37158335312259,11/4/24,19:00:00,19,144.80334554085078, -20.37158335312259
EONET_11923,Wildfire in Australia 1022894,,Wildfires,132.91056183042122  -13.45789956980979,11/4/24,19:00:00,19,132.91056183042122, -13.45789956980979
EONET_11953,Wildfire in Australia 1022918,,Wildfires,147.72595148069888  -21.32564940380349,11/4/24,19:00:00,19,147.72595148069888, -21.32564940380349
EONET_11900,Gap Wildfire  Northampton  Pennsylvania,2.1 Miles NW of Cherryville PA,Wildfires,-75.598611  40.7875,11/4/24,11:55:00,11,-75.598611, 40.7875
EONET_11924,Wildfire in Australia 1022892,,Wildfires,143.26207953258844  -19.343926067742995,11/3/24,19:00:00,19,143.26207953258844, -19.343926067742995
EONET_11925,Wildfire in Australia 1022899,,Wildfires,134.29764771282208  -16.78402337707109,11/3/24,19:00:00,19,134.29764771282208, -16.78402337707109
EONET_11904,Wildfire in Australia 1022888,,Wildfires,143.65820126410563  -19.124979205200063,11/2/24,19:00:00,19,143.65820126410563, -19.124979205200063
EONET_11893,Wildfire in Australia 1022883,,Wildfires,135.39920277159567  -18.286411949813157,11/1/24,19:00:00,19,135.39920277159567, -18.286411949813157
EONET_11884,Wildfire in Australia 1022875,,Wildfires,135.02271967088603  -20.516427997842264,10/31/24,19:00:00,19,135.02271967088603, -20.516427997842264
EONET_11885,Wildfire in Australia 1022876,,Wildfires,128.2922637258025  -19.272030980621967,10/31/24,19:00:00,18,128.2922637258025, -19.272030980621967
EONET_11903,Wildfire in Australia 1022886,,Wildfires,131.13653042273185  -18.088945708491224,10/31/24,19:00:00,19,131.13653042273185, -18.088945708491224
EONET_11886,Wildfire in Australia 1022877,,Wildfires,138.32695879476472  -20.351494323783637,10/30/24,19:00:00,19,138.32695879476472, -20.351494323783637
EONET_11887,Wildfire in Australia 1022878,,Wildfires,138.56178491866433  -19.76676252645889,10/30/24,19:00:00,19,138.56178491866433, -19.76676252645889
EONET_11888,Wildfire in Australia 1022879,,Wildfires,134.97957256231672  -17.92325767986022,10/30/24,19:00:00,19,134.97957256231672, -17.92325767986022
EONET_11894,Wildfire in Australia 1022884,,Wildfires,134.41129167508984  -16.51765981359745,10/30/24,19:00:00,19,134.41129167508984, -16.51765981359745
EONET_11898,Wildfire in Australia 1022885,,Wildfires,132.3595833100926  -16.79745288492284,10/30/24,19:00:00,18,132.3595833100926, -16.79745288492284
EONET_11879,Indian Creek Wildfire  Dewey  Oklahoma,Approx. 6 miles southeast of Seiling  OK,Wildfires,-98.8130556  36.1030556,10/29/24,23:09:00,12,-98.8130556, 36.1030556
EONET_11880,Euchee Creek Wildfire  Payne  Oklahoma,Approx 3.5 miles east of Cushing  OK,Wildfires,-96.685  35.9619444,10/29/24,21:59:00,8,-96.685, 35.9619444
EONET_11863,Wildfire in Australia 1022861,,Wildfires,135.2431527355301  -21.036119646287286,10/29/24,19:00:00,18,135.2431527355301, -21.036119646287286
EONET_11869,Wildfire in Australia 1022867,,Wildfires,135.76600533870948  -18.379013177302333,10/29/24,19:00:00,19,135.76600533870948, -18.379013177302333
EONET_11870,Wildfire in Australia 1022868,,Wildfires,131.603252581703  -17.001102030551085,10/29/24,19:00:00,17,131.603252581703, -17.001102030551085
EONET_11871,Wildfire in Australia 1022870,,Wildfires,146.35283814342694  -23.02146754858887,10/29/24,19:00:00,19,146.35283814342694, -23.02146754858887
EONET_11878,CIMARRON BEND Wildfire  Kingfisher  Oklahoma,Approx. 4 miles N/NW of Cashion  OK,Wildfires,-97.685  35.85694444,10/29/24,17:28:00,8,-97.685, 35.85694444
EONET_11881,NORTH ROAD Wildfire  Osage  Oklahoma,1 mile S of Pawhuska  OK,Wildfires,-96.335556  36.647778,10/29/24,17:15:00,11,-96.335556, 36.647778
EONET_11748,Rupe-Market Fire Wildfire  Garfield  Oklahoma,5 miles south of Garber  OK,Wildfires,-97.5683333  36.3719444,10/28/24,23:07:00,12,-97.5683333, 36.3719444
EONET_11848,Wildfire in Australia 1022853,,Wildfires,128.267824743226  -17.06480660661728,10/28/24,19:00:00,17,128.267824743226, -17.06480660661728
EONET_11864,Wildfire in Australia 1022862,,Wildfires,135.26431924653662  -21.033455809456648,10/28/24,19:00:00,19,135.26431924653662, -21.033455809456648
EONET_11865,Wildfire in Brazil 1022863,,Wildfires,-76.32147567,10/28/24,19:00:00,#VALUE!,#VALUE!,#VALUE!
EONET_11866,Wildfire in Brazil 1022864,,Wildfires,-76.17528782,10/28/24,19:00:00,#VALUE!,#VALUE!,#VALUE!
EONET_11872,Wildfire in Australia 1022871,,Wildfires,128.546180998933  -16.702310666014,10/28/24,19:00:00,17,128.546180998933, -16.702310666014
EONET_11873,Wildfire in Brazil 1022872,,Wildfires,-76.16323484,10/28/24,19:00:00,#VALUE!,#VALUE!,#VALUE!
EONET_11874,Wildfire in Mali 1022869,,Wildfires,0.6558384473798816  15.564391827014665,10/28/24,19:00:00,19,0.6558384473798816, 15.564391827014665
EONET_11889,Wildfire in Bolivia 1022881,,Wildfires,-81.66780939,10/28/24,19:00:00,#VALUE!,#VALUE!,#VALUE!
EONET_11890,Wildfire in Australia 1022880,,Wildfires,116.70246819340646  -21.771156470498756,10/28/24,19:00:00,19,116.70246819340646, -21.771156470498756
EONET_11746,Sugar Wildfire  Ozark  Missouri,12 miles SW of Ava  MO,Wildfires,-92.7263  36.7924,10/28/24,17:42:00,9,-92.7263, 36.7924
EONET_11747,SECOND MTN Wildfire  McCurtain  Oklahoma,2 miles N of Battiest,Wildfires,-94.92027778  34.4325,10/28/24,16:43:00,13,-94.92027778, 34.4325
EONET_11758,Wildfire in Australia 1022837,,Wildfires,128.6626293779756  -19.50419258563784,10/27/24,19:00:00,18,128.6626293779756, -19.50419258563784
EONET_11759,Wildfire in Australia 1022838,,Wildfires,134.43011069083727  -20.52990322796338,10/27/24,19:00:00,19,134.43011069083727, -20.52990322796338
EONET_11760,Wildfire in Botswana 1022829,,Wildfires,24.923153413763757  -18.910333389517785,10/27/24,19:00:00,19,24.923153413763757, -18.910333389517785
EONET_11761,Wildfire in Australia 1022830,,Wildfires,134.6547655520915  -19.52421617844779,10/27/24,19:00:00,18,134.6547655520915, -19.52421617844779
EONET_11762,Wildfire in Australia 1022831,,Wildfires,134.38674404043152  -20.507743136240567,10/27/24,19:00:00,19,134.38674404043152, -20.507743136240567
EONET_11849,Wildfire in Australia 1022854,,Wildfires,128.61959726189215  -17.89384966508282,10/27/24,19:00:00,19,128.61959726189215, -17.89384966508282
EONET_11850,Wildfire in Australia 1022845,,Wildfires,145.03409856681242  -20.401287657821374,10/27/24,19:00:00,19,145.03409856681242, -20.401287657821374
EONET_11875,Wildfire in Australia 1022865,,Wildfires,148.10021938406288  -27.215069073403303,10/27/24,19:00:00,19,148.10021938406288, -27.215069073403303
EONET_11763,Wildfire in Australia 1022744,,Wildfires,133.97027402988505  -17.83850955184375,10/26/24,19:00:00,19,133.97027402988505, -17.83850955184375
EONET_11764,Wildfire in Australia 1022745,,Wildfires,133.5459106286566  -16.330234743143222,10/26/24,19:00:00,18,133.5459106286566, -16.330234743143222
EONET_11765,Wildfire in Australia 1022832,,Wildfires,135.47288934080908  -21.062998293527244,10/26/24,19:00:00,19,135.47288934080908, -21.062998293527244
EONET_11766,Wildfire in Botswana 1022833,,Wildfires,25.056991012478118  -23.151997235654957,10/26/24,19:00:00,19,25.056991012478118, -23.151997235654957
EONET_11767,Wildfire in Australia 1022839,,Wildfires,127.24965256779063  -14.339275532855583,10/26/24,19:00:00,19,127.24965256779063, -14.339275532855583
EONET_11851,Wildfire in Australia 1022846,,Wildfires,146.31743928502422  -22.75654987304036,10/26/24,19:00:00,19,146.31743928502422, -22.75654987304036
EONET_11852,Wildfire in Australia 1022847,,Wildfires,134.42703465225424  -20.55013475831848,10/26/24,19:00:00,19,134.42703465225424, -20.55013475831848
EONET_11853,Wildfire in Australia 1022848,,Wildfires,134.65539234065398  -20.607754090486097,10/26/24,19:00:00,19,134.65539234065398, -20.607754090486097
EONET_11854,Wildfire in Australia 1022850,,Wildfires,133.9724771861392  -14.336864821647016,10/26/24,19:00:00,18,133.9724771861392, -14.336864821647016
EONET_11867,Wildfire in Burkina Faso 1022860,,Wildfires,-0.9822772948726691  14.407350356779087,10/26/24,19:00:00,20,-0.9822772948726691, 14.407350356779087
EONET_11876,Wildfire in Australia 1022873,,Wildfires,146.34247513946704  -22.913950380786495,10/26/24,19:00:00,19,146.34247513946704, -22.913950380786495
EONET_11751,Willow RX Wildfire  Apache  Arizona,,Wildfires,-109.74549  33.58029,10/26/24,11:36:00,11,-109.74549, 33.58029
EONET_11768,Wildfire in Namibia 1022746,,Wildfires,19.730446314255314  -18.359695981000378,10/25/24,19:00:00,19,19.730446314255314, -18.359695981000378
EONET_11769,Wildfire in Australia 1022747,,Wildfires,134.8033362886282  -15.185407305235517,10/25/24,19:00:00,18,134.8033362886282, -15.185407305235517
EONET_11770,Wildfire in Australia 1022840,,Wildfires,127.39887548625511  -14.446621326552794,10/25/24,19:00:00,19,127.39887548625511, -14.446621326552794
EONET_11771,Wildfire in Australia 1022841,,Wildfires,134.88481263379268  -14.846903341479033,10/25/24,19:00:00,19,134.88481263379268, -14.846903341479033
EONET_11772,Wildfire in Namibia  Botswana 1022834,,Wildfires,20.979511560369726  -18.69439412370786,10/25/24,19:00:00,19,20.979511560369726, -18.69439412370786
EONET_11855,Wildfire in Australia 1022849,,Wildfires,134.11159497388516  -14.503668093212271,10/25/24,19:00:00,19,134.11159497388516, -14.503668093212271
EONET_11856,Wildfire in Australia 1022851,,Wildfires,148.2195779512745  -20.456935576578623,10/25/24,19:00:00,18,148.2195779512745, -20.456935576578623
EONET_11891,Wildfire in Madagascar 1022874,,Wildfires,48.12880614063655  -19.23993580869632,10/25/24,19:00:00,18,48.12880614063655, -19.23993580869632
EONET_11773,Wildfire in Nigeria 1022752,,Wildfires,12.865202002214888  13.322862384653492,10/24/24,19:00:00,19,12.865202002214888, 13.322862384653492
EONET_11774,Wildfire in Australia 1022751,,Wildfires,129.80102037067292  -16.70775264353619,10/24/24,19:00:00,19,129.80102037067292, -16.70775264353619
EONET_11775,Wildfire in Australia 1022754,,Wildfires,136.08334155207993  -17.16096452409861,10/24/24,19:00:00,19,136.08334155207993, -17.16096452409861
EONET_11776,Wildfire in United States 1022748,,Wildfires,-98.63411327305327  34.751180511538436,10/24/24,19:00:00,19,-98.63411327305327, 34.751180511538436
EONET_11777,Wildfire in Australia 1022749,,Wildfires,137.63940993624988  -16.81478759199535,10/24/24,19:00:00,19,137.63940993624988, -16.81478759199535
EONET_11778,Wildfire in Australia 1022750,,Wildfires,133.52687402290059  -16.377430014521114,10/24/24,19:00:00,19,133.52687402290059, -16.377430014521114
EONET_11779,Wildfire in Australia 1022753,,Wildfires,142.8508298269367  -19.296535500788487,10/24/24,19:00:00,18,142.8508298269367, -19.296535500788487
EONET_11780,Wildfire in Australia 1022755,,Wildfires,142.85075265004272  -17.471527739454405,10/24/24,19:00:00,19,142.85075265004272, -17.471527739454405
EONET_11781,Wildfire in Australia 1022842,,Wildfires,129.3302247645696  -19.505996603117392,10/24/24,19:00:00,18,129.3302247645696, -19.505996603117392
EONET_11857,Wildfire in Australia 1022852,,Wildfires,141.96613680303315  -18.97697506729515,10/24/24,19:00:00,19,141.96613680303315, -18.97697506729515
EONET_11858,Wildfire in Australia 1022855,,Wildfires,129.20834676326416  -16.7735850520269,10/24/24,19:00:00,19,129.20834676326416, -16.7735850520269
EONET_11859,Wildfire in Australia 1022856,,Wildfires,129.99931254964693  -18.71563181580732,10/24/24,19:00:00,19,129.99931254964693, -18.71563181580732
EONET_11749,RUSH Wildfire  Comanche  Oklahoma,Wichita Mountains Wildlife Refuge  North of Rush Lake  OK,Wildfires,-98.605421  34.74259,10/24/24,16:20:00,11,-98.605421, 34.74259
EONET_11753,Calhoun Fire Wildfire  Calhoun  Alabama,Pelham Range,Wildfires,-85.9138889  33.69,10/23/24,22:39:00,12,-85.9138889, 33.69
EONET_11782,Wildfire in Australia 1022757,,Wildfires,145.43849937126402  -20.63479082915304,10/23/24,19:00:00,19,145.43849937126402, -20.63479082915304
EONET_11783,Wildfire in Australia 1022759,,Wildfires,136.16001034721083  -17.06805584005941,10/23/24,19:00:00,19,136.16001034721083, -17.06805584005941
EONET_11784,Wildfire in Australia 1022761,,Wildfires,140.57236706907798  -20.998697396217462,10/23/24,19:00:00,19,140.57236706907798, -20.998697396217462
EONET_11785,Wildfire in Australia 1022756,,Wildfires,146.72789966667187  -24.855086421392453,10/23/24,19:00:00,19,146.72789966667187, -24.855086421392453
EONET_11786,Wildfire in Australia 1022758,,Wildfires,132.53737225700976  -17.64205575715483,10/23/24,19:00:00,19,132.53737225700976, -17.64205575715483
EONET_11787,Wildfire in Australia 1022760,,Wildfires,132.6568134318015  -17.899696831292154,10/23/24,19:00:00,18,132.6568134318015, -17.899696831292154
EONET_11788,Wildfire in Australia 1022826,,Wildfires,130.15385946064404  -18.461259267315935,10/23/24,19:00:00,19,130.15385946064404, -18.461259267315935
EONET_11789,Wildfire in Australia 1022827,,Wildfires,126.4236962521776  -14.23310435924109,10/23/24,19:00:00,18,126.4236962521776, -14.23310435924109
EONET_11860,Wildfire in Brazil 1022857,,Wildfires,-52.0803957,10/23/24,19:00:00,#VALUE!,#VALUE!,#VALUE!
EONET_11754,rx-108 Wildfire  Douglas  Wisconsin,,Wildfires,-91.8323551  46.2811602,10/23/24,16:16:00,12,-91.8323551, 46.2811602
EONET_11752,North Hart RX Wildfire  Colfax  New Mexico,,Wildfires,-105.012783  36.768967,10/23/24,11:06:00,12,-105.012783, 36.768967
EONET_11790,Wildfire in Brazil 1022765,,Wildfires,-76.42875742,10/22/24,19:00:00,#VALUE!,#VALUE!,#VALUE!
EONET_11791,Wildfire in Australia 1022762,,Wildfires,130.12003832331592  -19.03083372302479,10/22/24,19:00:00,19,130.12003832331592, -19.03083372302479
EONET_11792,Wildfire in Australia 1022763,,Wildfires,130.23163072757757  -18.89604428412518,10/22/24,19:00:00,19,130.23163072757757, -18.89604428412518
EONET_11793,Wildfire in Australia 1022764,,Wildfires,133.51088976851636  -14.162455159034364,10/22/24,19:00:00,19,133.51088976851636, -14.162455159034364
EONET_11794,Wildfire in Australia 1022766,,Wildfires,134.71643032685367  -20.788362942143372,10/22/24,19:00:00,19,134.71643032685367, -20.788362942143372
EONET_11795,Wildfire in Australia 1022835,,Wildfires,137.0925544890553  -16.92433450357885,10/22/24,19:00:00,18,137.0925544890553, -16.92433450357885
EONET_11861,Wildfire in Australia 1022858,,Wildfires,130.7430854838704  -18.29645965305151,10/22/24,19:00:00,18,130.7430854838704, -18.29645965305151
EONET_11877,Wildfire in Australia 1022866,,Wildfires,150.6321501282251  -22.685364492546796,10/22/24,19:00:00,18,150.6321501282251, -22.685364492546796
EONET_11892,Wildfire in Brazil 1022882,,Wildfires,-51.26672431010214  3.437857505464677,10/22/24,19:00:00,19,-51.26672431010214, 3.437857505464677
EONET_11750,CAPILLA RX Wildfire  Torrance  New Mexico,,Wildfires,-106.397133  34.622083,10/22/24,16:46:00,12,-106.397133, 34.622083
EONET_11757,Hound Dog Wildfire  Scotland  North Carolina,near intersection of Whiskey Still Rd and Gone Away Rd on the Sandhills Gameland,Wildfires,-79.5103333  34.9706667,10/22/24,16:21:00,12,-79.5103333, 34.9706667
EONET_11796,Wildfire in Australia 1022843,,Wildfires,131.42087752698498  -20.60059461412145,10/21/24,19:00:00,19,131.42087752698498, -20.60059461412145
EONET_11797,Wildfire in Australia 1022769,,Wildfires,131.40328029632704  -15.802788112830779,10/21/24,19:00:00,19,131.40328029632704, -15.802788112830779
EONET_11798,Wildfire in Australia 1022770,,Wildfires,136.99774477665702  -15.703293860954377,10/21/24,19:00:00,19,136.99774477665702, -15.703293860954377
EONET_11799,Wildfire in Australia 1022771,,Wildfires,137.61218035093663  -18.142453034079054,10/21/24,19:00:00,19,137.61218035093663, -18.142453034079054
EONET_11800,Wildfire in Australia 1022773,,Wildfires,129.93535520759085  -16.68526406471077,10/21/24,19:00:00,19,129.93535520759085, -16.68526406471077
EONET_11801,Wildfire in Australia 1022775,,Wildfires,136.05068364699113  -20.932948452531058,10/21/24,19:00:00,19,136.05068364699113, -20.932948452531058
EONET_11802,Wildfire in Australia 1022776,,Wildfires,134.0331829208747  -17.717929743306247,10/21/24,19:00:00,18,134.0331829208747, -17.717929743306247
EONET_11803,Wildfire in Australia 1022778,,Wildfires,134.17591957640826  -14.454295598406148,10/21/24,19:00:00,19,134.17591957640826, -14.454295598406148
EONET_11804,Wildfire in Australia 1022774,,Wildfires,134.86170058902223  -15.297514259738115,10/21/24,19:00:00,19,134.86170058902223, -15.297514259738115
EONET_11805,Wildfire in Australia 1022768,,Wildfires,133.8072941819244  -12.649074225336182,10/21/24,19:00:00,18,133.8072941819244, -12.649074225336182
EONET_11806,Wildfire in Australia 1022772,,Wildfires,136.46945136797376  -17.295428182872115,10/21/24,19:00:00,19,136.46945136797376, -17.295428182872115
EONET_11807,Wildfire in Australia 1022777,,Wildfires,128.96114574965574  -19.571177401850047,10/21/24,19:00:00,19,128.96114574965574, -19.571177401850047
EONET_11730,Eagle Butte Wildfire  Blaine  Montana,5 NM SE of Lodgepole  MT,Wildfires,-108.4888889  48.005,10/21/24,10:00:00,13,-108.4888889, 48.005
EONET_11808,Wildfire in Malawi 1022779,,Wildfires,33.98147648848935  -12.041307316043806,10/20/24,19:00:00,18,33.98147648848935, -12.041307316043806
EONET_11809,Wildfire in Angola 1022789,,Wildfires,19.272149326590203  -17.084269751587467,10/20/24,19:00:00,19,19.272149326590203, -17.084269751587467
EONET_11810,Wildfire in Australia 1022791,,Wildfires,134.55802039492826  -14.177899906220429,10/20/24,19:00:00,19,134.55802039492826, -14.177899906220429
EONET_11811,Wildfire in Australia 1022780,,Wildfires,147.57654063648764  -24.833380270983675,10/20/24,19:00:00,19,147.57654063648764, -24.833380270983675
EONET_11812,Wildfire in Australia 1022785,,Wildfires,127.42196176587271  -20.554428123761703,10/20/24,19:00:00,19,127.42196176587271, -20.554428123761703
EONET_11813,Wildfire in Brazil 1022787,,Wildfires,-75.4386752,10/20/24,19:00:00,#VALUE!,#VALUE!,#VALUE!
EONET_11814,Wildfire in Australia 1022788,,Wildfires,129.23400754126789  -16.86132653048078,10/20/24,19:00:00,19,129.23400754126789, -16.86132653048078
EONET_11815,Wildfire in Australia 1022790,,Wildfires,131.42988958497207  -16.00038162066006,10/20/24,19:00:00,19,131.42988958497207, -16.00038162066006
EONET_11816,Wildfire in Australia 1022784,,Wildfires,129.1370533294415  -16.583482131661132,10/20/24,19:00:00,18,129.1370533294415, -16.583482131661132
EONET_11817,Wildfire in Australia 1022793,,Wildfires,128.84271925785254  -15.145142158243805,10/20/24,19:00:00,19,128.84271925785254, -15.145142158243805
EONET_11818,Wildfire in Australia 1022794,,Wildfires,130.1076192493414  -16.582973563873193,10/20/24,19:00:00,18,130.1076192493414, -16.582973563873193
EONET_11819,Wildfire in Australia 1022795,,Wildfires,135.73334357204047  -21.060938329353768,10/20/24,19:00:00,19,135.73334357204047, -21.060938329353768
EONET_11820,Wildfire in Australia 1022796,,Wildfires,133.69704423064465  -16.341823096749657,10/20/24,19:00:00,19,133.69704423064465, -16.341823096749657
EONET_11821,Wildfire in Australia 1022836,,Wildfires,149.0600734816434  -24.75532822452758,10/20/24,19:00:00,18,149.0600734816434, -24.75532822452758
EONET_11862,Wildfire in Malawi 1022844,,Wildfires,33.92424613380657  -11.645225127521483,10/20/24,19:00:00,18,33.92424613380657, -11.645225127521483
EONET_11822,Wildfire in Brazil 1022799,,Wildfires,-74.5049239,10/19/24,19:00:00,#VALUE!,#VALUE!,#VALUE!
EONET_11823,Wildfire in Australia 1022805,,Wildfires,132.8875813920336  -16.74610353860571,10/19/24,19:00:00,18,132.8875813920336, -16.74610353860571
EONET_11824,Wildfire in Australia 1022806,,Wildfires,129.15160875384026  -19.567261221804056,10/19/24,19:00:00,19,129.15160875384026, -19.567261221804056
EONET_11825,Wildfire in Brazil 1022804,,Wildfires,-76.19392977,10/19/24,19:00:00,#VALUE!,#VALUE!,#VALUE!
EONET_11826,Wildfire in Malawi 1022797,,Wildfires,33.94498731639702  -12.169018805269033,10/19/24,19:00:00,18,33.94498731639702, -12.169018805269033
EONET_11827,Wildfire in Australia 1022800,,Wildfires,129.37147675764135  -17.00197914484936,10/19/24,19:00:00,19,129.37147675764135, -17.00197914484936
EONET_11828,Wildfire in Australia 1022802,,Wildfires,136.91712925228038  -16.103177802731217,10/19/24,19:00:00,19,136.91712925228038, -16.103177802731217
EONET_11829,Wildfire in Australia 1022803,,Wildfires,141.91140609179575  -18.539625555895686,10/19/24,19:00:00,19,141.91140609179575, -18.539625555895686
EONET_11830,Wildfire in Australia 1022828,,Wildfires,128.70228307401783  -15.056044818764503,10/19/24,19:00:00,19,128.70228307401783, -15.056044818764503
EONET_11831,Wildfire in Australia 1022807,,Wildfires,142.63055482239065  -19.32780846367275,10/19/24,19:00:00,19,142.63055482239065, -19.32780846367275
EONET_11868,Wildfire in Malawi 1022859,,Wildfires,34.09803369945095  -11.780494645494064,10/19/24,19:00:00,18,34.09803369945095, -11.780494645494064
EONET_11731,DOVE Wildfire  Kern  California,City of Weldon 13 Miles to the NW,Wildfires,-118.1033  35.45554,10/19/24,16:20:00,10,-118.1033, 35.45554
EONET_11847,Kanlaon Volcano  Philippines,,Volcanoes,123.13  10.4096,10/19/24,0:00:00,7,123.13, 10.4096
EONET_11832,Wildfire in Australia 1022809,,Wildfires,132.30349334189938  -18.418036752486,10/18/24,19:00:00,19,132.30349334189938, -18.418036752486
EONET_11833,Wildfire in Australia 1022811,,Wildfires,133.23900149961733  -18.289116879722563,10/18/24,19:00:00,19,133.23900149961733, -18.289116879722563
EONET_11834,Wildfire in Australia 1022814,,Wildfires,129.36380344513353  -19.651580522952408,10/18/24,19:00:00,19,129.36380344513353, -19.651580522952408
EONET_11835,Wildfire in Australia 1022815,,Wildfires,138.1003300205901  -17.309700603610505,10/18/24,19:00:00,18,138.1003300205901, -17.309700603610505
EONET_11836,Wildfire in Australia 1022818,,Wildfires,138.1220112624801  -18.38547378159575,10/18/24,19:00:00,18,138.1220112624801, -18.38547378159575
EONET_11837,Wildfire in Australia 1022808,,Wildfires,134.5200728214175  -12.281985422633758,10/18/24,19:00:00,18,134.5200728214175, -12.281985422633758
EONET_11838,Wildfire in Malawi 1022816,,Wildfires,33.96581236136204  -11.861612196529132,10/18/24,19:00:00,18,33.96581236136204, -11.861612196529132
EONET_11742,4 Mile Wildfire  Sanborn  South Dakota,4.5 Miles Southeast of Woonsocket  SD,Wildfires,-98.2233333  43.9963889,10/18/24,17:02:00,12,-98.2233333, 43.9963889
EONET_11740,Puchyan Wildfire  Green Lake  Wisconsin,,Wildfires,-89.02727  43.91,10/18/24,15:45:00,10,-89.02727, 43.91
EONET_11739,287 Cryer Fire Wildfire  Cimarron  Oklahoma,12 miles SE of Boise City  OK off US Hwy 287,Wildfires,-102.3552778  36.5977778,10/18/24,12:23:00,13,-102.3552778, 36.5977778
EONET_11839,Wildfire in Australia 1022822,,Wildfires,131.48136531710765  -20.816007937532152,10/17/24,19:00:00,19,131.48136531710765, -20.816007937532152
EONET_11840,Wildfire in Mozambique 1022823,,Wildfires,35.18459484350846  -18.969454523786904,10/17/24,19:00:00,18,35.18459484350846, -18.969454523786904
EONET_11841,Wildfire in Australia 1022824,,Wildfires,130.63503025785636  -18.93880525043313,10/17/24,19:00:00,19,130.63503025785636, -18.93880525043313
EONET_11842,Wildfire in Australia 1022819,,Wildfires,133.75411219605857  -17.261557469404433,10/17/24,19:00:00,19,133.75411219605857, -17.261557469404433
EONET_11843,Wildfire in Australia 1022821,,Wildfires,144.14468677023754  -15.364271949364037,10/17/24,19:00:00,19,144.14468677023754, -15.364271949364037
EONET_11844,Wildfire in Mozambique 1022820,,Wildfires,36.448779748213305  -16.39632630937279,10/17/24,19:00:00,19,36.448779748213305, -16.39632630937279
EONET_11845,Wildfire in Australia 1022825,,Wildfires,135.9152457181929  -20.9374369816651,10/17/24,19:00:00,18,135.9152457181929, -20.9374369816651
EONET_11732,Midnight Wildfire  Oglala Lakota  South Dakota,5 miles NW of Manderson  SD,Wildfires,-102.5528953  43.27923397,10/17/24,2:07:00,13,-102.5528953, 43.27923397
EONET_11718,Carson Six Wildfire  Harrison  Mississippi,10 Miles Northeast of Gulfport  MS,Wildfires,-89.044  30.554,10/16/24,14:28:00,8,-89.044, 30.554
EONET_11721,Buffalo Gap Wildfire  Golden Valley  North Dakota,,Wildfires,-103.642967  46.949367,10/15/24,16:37:00,12,-103.642967, 46.949367
EONET_11719,Cherry Creek Road Wildfire  Juab  Utah,4 Miles West of Eureka  Utah,Wildfires,-112.2425  39.9148,10/13/24,18:07:00,10,-112.2425, 39.9148
EONET_11699,Wildfire in Australia 1022738,,Wildfires,140.6933666078225  -21.773445214987344,10/12/24,19:00:00,18,140.6933666078225, -21.773445214987344
EONET_11700,Wildfire in Australia 1022739,,Wildfires,138.3842494609939  -19.466283037143914,10/12/24,19:00:00,18,138.3842494609939, -19.466283037143914
EONET_11671,Wildfire in Mongolia  Russian Federation 1022710,,Wildfires,113.3697652538194  49.882632370732466,10/11/24,19:00:00,18,113.3697652538194, 49.882632370732466
EONET_11688,Wildfire in Russian Federation 1022720,,Wildfires,130.24178623775194  51.437734997654715,10/11/24,19:00:00,19,130.24178623775194, 51.437734997654715
EONET_11689,Wildfire in Mongolia 1022721,,Wildfires,116.84336258144357  46.82259250602937,10/11/24,19:00:00,19,116.84336258144357, 46.82259250602937
EONET_11701,Wildfire in Australia 1022740,,Wildfires,144.15524636686067  -15.204544901400197,10/11/24,19:00:00,19,144.15524636686067, -15.204544901400197
EONET_11702,Wildfire in Russian Federation 1022733,,Wildfires,129.90156362091534  50.95746401906496,10/11/24,19:00:00,19,129.90156362091534, 50.95746401906496
EONET_11703,Wildfire in Bolivia 1022734,,Wildfires,-80.4132538,10/11/24,19:00:00,#VALUE!,#VALUE!,#VALUE!
EONET_11704,Wildfire in Australia 1022735,,Wildfires,138.58182718897277  -19.34729676861363,10/11/24,19:00:00,19,138.58182718897277, -19.34729676861363
EONET_11705,Wildfire in Australia 1022736,,Wildfires,138.5455898627571  -19.246634245045154,10/11/24,19:00:00,18,138.5455898627571, -19.246634245045154
EONET_11706,Wildfire in Australia 1022737,,Wildfires,138.71424630301482  -19.29109337136628,10/11/24,19:00:00,19,138.71424630301482, -19.29109337136628
EONET_11707,Wildfire in Russian Federation 1022732,,Wildfires,129.93039068231568  50.98405704327328,10/11/24,19:00:00,19,129.93039068231568, 50.98405704327328
EONET_11672,Wildfire in Brazil 1022711,,Wildfires,-75.18818564,10/10/24,19:00:00,#VALUE!,#VALUE!,#VALUE!
EONET_11673,Wildfire in Australia 1022703,,Wildfires,131.60080947742898  -16.709990656816686,10/10/24,19:00:00,19,131.60080947742898, -16.709990656816686
EONET_11674,Wildfire in Australia 1022704,,Wildfires,132.24334477390096  -18.127973609637163,10/10/24,19:00:00,19,132.24334477390096, -18.127973609637163
EONET_11690,Wildfire in Bolivia 1022722,,Wildfires,-80.48201059,10/10/24,19:00:00,#VALUE!,#VALUE!,#VALUE!
EONET_11691,Wildfire in Mongolia  Russian Federation 1022723,,Wildfires,113.369300428544  49.87594107586084,10/10/24,19:00:00,17,113.369300428544, 49.87594107586084
EONET_11708,Wildfire in Brazil 1022741,,Wildfires,-55.6134094,10/10/24,19:00:00,#VALUE!,#VALUE!,#VALUE!
EONET_11709,Wildfire in Australia 1022742,,Wildfires,144.65015852635352  -16.073966799310035,10/10/24,19:00:00,19,144.65015852635352, -16.073966799310035
EONET_11648,GOR - Flood Wildfire  Pinal  Arizona,11 miles East of the town of Oracle.,Wildfires,-110.9815  32.601167,10/9/24,20:36:00,10,-110.9815, 32.601167
EONET_11655,Wildfire in Australia 1022689,,Wildfires,133.6670956256658  -18.51079451480582,10/9/24,19:00:00,18,133.6670956256658, -18.51079451480582
EONET_11656,Wildfire in Australia 1022693,,Wildfires,132.33008170254809  -17.9995054798654,10/9/24,19:00:00,19,132.33008170254809, -17.9995054798654
EONET_11675,Wildfire in Brazil 1022705,,Wildfires,-73.96455824,10/9/24,19:00:00,#VALUE!,#VALUE!,#VALUE!
EONET_11676,Wildfire in Australia 1022712,,Wildfires,133.87971391543314  -17.39883445355382,10/9/24,19:00:00,19,133.87971391543314, -17.39883445355382
EONET_11677,Wildfire in Australia 1022709,,Wildfires,133.4969285442372  -18.396874341818418,10/9/24,19:00:00,18,133.4969285442372, -18.396874341818418
EONET_11678,Wildfire in Australia 1022699,,Wildfires,134.89146004943208  -16.678981656213498,10/9/24,19:00:00,19,134.89146004943208, -16.678981656213498
EONET_11692,Wildfire in Bolivia 1022724,,Wildfires,-79.09462285,10/9/24,19:00:00,#VALUE!,#VALUE!,#VALUE!
EONET_11693,Wildfire in Botswana 1022719,,Wildfires,21.30518321431347  -22.10592533902044,10/9/24,19:00:00,18,21.30518321431347, -22.10592533902044
EONET_11694,Wildfire in Australia 1022726,,Wildfires,126.61572570153012  -18.94599723251491,10/9/24,19:00:00,19,126.61572570153012, -18.94599723251491
EONET_11710,Wildfire in Tanzania 1022731,,Wildfires,39.07970484853711  -8.597297713159998,10/9/24,19:00:00,18,39.07970484853711, -8.597297713159998
EONET_11711,Wildfire in Tanzania 1022727,,Wildfires,39.05733076090904  -8.591102655137439,10/9/24,19:00:00,18,39.05733076090904, -8.591102655137439
EONET_11712,Wildfire in Australia 1022743,,Wildfires,125.24263724072689  -15.45371609146519,10/9/24,19:00:00,19,125.24263724072689, -15.45371609146519
EONET_11713,Wildfire in Australia 1022728,,Wildfires,135.6152264630125  -15.676408806483213,10/9/24,19:00:00,18,135.6152264630125, -15.676408806483213
EONET_11633,Wildfire in Australia 1022677,,Wildfires,135.54882379688775  -16.555331491920306,10/8/24,19:00:00,19,135.54882379688775, -16.555331491920306
EONET_11634,Wildfire in Australia 1022678,,Wildfires,134.99503042321973  -16.731485085722042,10/8/24,19:00:00,19,134.99503042321973, -16.731485085722042
EONET_11635,Wildfire in Russian Federation 1022679,,Wildfires,129.67037641685863  51.91174013643321,10/8/24,19:00:00,19,129.67037641685863, 51.91174013643321
EONET_11657,Wildfire in Australia 1022694,,Wildfires,133.6843164147602  -18.515090520328283,10/8/24,19:00:00,18,133.6843164147602, -18.515090520328283
EONET_11679,Wildfire in Brazil 1022706,,Wildfires,-74.61449808,10/8/24,19:00:00,#VALUE!,#VALUE!,#VALUE!
EONET_11680,Wildfire in Brazil 1022700,,Wildfires,-66.34674984,10/8/24,19:00:00,#VALUE!,#VALUE!,#VALUE!
EONET_11681,Wildfire in Brazil 1022713,,Wildfires,-74.57691255,10/8/24,19:00:00,#VALUE!,#VALUE!,#VALUE!
EONET_11695,Wildfire in Mozambique 1022716,,Wildfires,33.32058253981542  -22.852940884065013,10/8/24,19:00:00,18,33.32058253981542, -22.852940884065013
EONET_11696,Wildfire in Australia 1022725,,Wildfires,125.59455884953822  -15.394077788763552,10/8/24,19:00:00,19,125.59455884953822, -15.394077788763552
EONET_11714,Wildfire in Madagascar 1022729,,Wildfires,48.22049595671835  -14.422411735321552,10/8/24,19:00:00,18,48.22049595671835, -14.422411735321552
EONET_11649,PINE Wildfire  Deschutes  Oregon,24 miles South East of Bend Oregon,Wildfires,-120.889917  43.784583,10/7/24,19:16:00,12,-120.889917, 43.784583
EONET_11603,Wildfire in Australia 1022643,,Wildfires,138.65605282867347  -21.48174505334668,10/7/24,19:00:00,19,138.65605282867347, -21.48174505334668
EONET_11604,Wildfire in Brazil 1022644,,Wildfires,-68.40136758,10/7/24,19:00:00,#VALUE!,#VALUE!,#VALUE!
EONET_11605,Wildfire in Australia 1022654,,Wildfires,134.28848397822787  -20.96688390505127,10/7/24,19:00:00,19,134.28848397822787, -20.96688390505127
EONET_11606,Wildfire in Australia 1022655,,Wildfires,135.44295228031353  -16.345284141197087,10/7/24,19:00:00,19,135.44295228031353, -16.345284141197087
EONET_11607,Wildfire in Australia 1022656,,Wildfires,138.28124625869035  -18.55738784711696,10/7/24,19:00:00,19,138.28124625869035, -18.55738784711696
EONET_11636,Wildfire in Australia 1022680,,Wildfires,131.0975388326391  -16.267079518941934,10/7/24,19:00:00,18,131.0975388326391, -16.267079518941934
EONET_11637,Wildfire in Australia 1022674,,Wildfires,135.2332379239978  -19.34948762730908,10/7/24,19:00:00,18,135.2332379239978, -19.34948762730908
EONET_11658,Wildfire in Australia 1022695,,Wildfires,127.07146007000972  -14.488894604225072,10/7/24,19:00:00,19,127.07146007000972, -14.488894604225072
EONET_11659,Wildfire in Australia 1022683,,Wildfires,125.74101303281526  -14.537358037400862,10/7/24,19:00:00,19,125.74101303281526, -14.537358037400862
EONET_11660,Wildfire in Botswana 1022687,,Wildfires,24.966019922931416  -20.117268492176514,10/7/24,19:00:00,19,24.966019922931416, -20.117268492176514
EONET_11682,Wildfire in Brazil 1022707,,Wildfires,-62.37323145,10/7/24,19:00:00,#VALUE!,#VALUE!,#VALUE!
EONET_11683,Wildfire in Australia 1022714,,Wildfires,127.0352029087893  -14.404807660293107,10/7/24,19:00:00,18,127.0352029087893, -14.404807660293107
EONET_11684,Wildfire in Brazil 1022715,,Wildfires,-71.63419034,10/7/24,19:00:00,#VALUE!,#VALUE!,#VALUE!
EONET_11697,Wildfire in Mozambique 1022717,,Wildfires,36.610771607564814  -16.198147883662624,10/7/24,19:00:00,19,36.610771607564814, -16.198147883662624
EONET_11715,Wildfire in Mozambique 1022730,,Wildfires,36.66256650429141  -16.186706687822717,10/7/24,19:00:00,18,36.66256650429141, -16.186706687822717
EONET_11580,Wildfire in Kazakhstan 1022616,,Wildfires,75.92199863512646  49.95302233707887,10/6/24,19:00:00,18,75.92199863512646, 49.95302233707887
EONET_11581,Wildfire in Australia 1022619,,Wildfires,139.7584167800004  -21.875210823129752,10/6/24,19:00:00,18,139.7584167800004, -21.875210823129752
EONET_11582,Wildfire in Paraguay 1022625,,Wildfires,-81.71862782,10/6/24,19:00:00,#VALUE!,#VALUE!,#VALUE!
EONET_11583,Wildfire in Australia 1022626,,Wildfires,129.64309700539005  -16.889316548001123,10/6/24,19:00:00,19,129.64309700539005, -16.889316548001123
EONET_11584,Wildfire in Brazil 1022627,,Wildfires,-69.20800331,10/6/24,19:00:00,#VALUE!,#VALUE!,#VALUE!
EONET_11585,Wildfire in Australia 1022628,,Wildfires,138.88261942917325  -18.878884898349657,10/6/24,19:00:00,19,138.88261942917325, -18.878884898349657
EONET_11586,Wildfire in Australia 1022629,,Wildfires,138.594728829502  -21.34332426183061,10/6/24,19:00:00,17,138.594728829502, -21.34332426183061
EONET_11587,Wildfire in Russian Federation 1022630,,Wildfires,130.1728912049867  51.57607318830451,10/6/24,19:00:00,18,130.1728912049867, 51.57607318830451
EONET_11608,Wildfire in Brazil 1022645,,Wildfires,-68.1209027,10/6/24,19:00:00,#VALUE!,#VALUE!,#VALUE!
EONET_11609,Wildfire in United States 1022646,,Wildfires,-116.751293334258  41.279033002168376,10/6/24,19:00:00,18,-116.751293334258, 41.279033002168376
EONET_11610,Wildfire in Australia 1022657,,Wildfires,123.6865046047607  -16.69364488868191,10/6/24,19:00:00,18,123.6865046047607, -16.69364488868191
EONET_11611,Wildfire in Australia 1022658,,Wildfires,132.9153808508776  -18.37967000333171,10/6/24,19:00:00,18,132.9153808508776, -18.37967000333171
EONET_11612,Wildfire in Australia 1022659,,Wildfires,116.16495441244756  -32.17365645881449,10/6/24,19:00:00,19,116.16495441244756, -32.17365645881449
EONET_11613,Wildfire in Australia 1022660,,Wildfires,134.87702337044848  -20.680843805127797,10/6/24,19:00:00,19,134.87702337044848, -20.680843805127797
EONET_11614,Wildfire in Brazil 1022661,,Wildfires,-75.10809417,10/6/24,19:00:00,#VALUE!,#VALUE!,#VALUE!
EONET_11615,Wildfire in Australia 1022662,,Wildfires,138.31197087033917  -20.469284765945126,10/6/24,19:00:00,19,138.31197087033917, -20.469284765945126
EONET_11616,Wildfire in Australia 1022652,,Wildfires,133.86680991176016  -18.526002720997212,10/6/24,19:00:00,19,133.86680991176016, -18.526002720997212
EONET_11638,Wildfire in Australia 1022675,,Wildfires,135.61284479042845  -20.61717270854684,10/6/24,19:00:00,19,135.61284479042845, -20.61717270854684
EONET_11639,Wildfire in Brazil 1022668,,Wildfires,-52.42365469,10/6/24,19:00:00,#VALUE!,#VALUE!,#VALUE!
EONET_11640,Wildfire in Australia 1022669,,Wildfires,116.16744721487505  -32.190924332776206,10/6/24,19:00:00,19,116.16744721487505, -32.190924332776206
EONET_11641,Wildfire in Angola 1022671,,Wildfires,16.755886864781118  -16.12173711306666,10/6/24,19:00:00,19,16.755886864781118, -16.12173711306666
EONET_11642,Wildfire in Australia 1022681,,Wildfires,126.65517673968571  -15.39437593022124,10/6/24,19:00:00,19,126.65517673968571, -15.39437593022124
EONET_11661,Wildfire in Angola 1022688,,Wildfires,17.196291515124734  -16.566217523616643,10/6/24,19:00:00,19,17.196291515124734, -16.566217523616643
EONET_11662,Wildfire in Australia 1022684,,Wildfires,130.51501321803966  -11.359477561626251,10/6/24,19:00:00,19,130.51501321803966, -11.359477561626251
EONET_11663,Wildfire in Australia 1022696,,Wildfires,129.9632556788453  -15.932325542946636,10/6/24,19:00:00,18,129.9632556788453, -15.932325542946636
EONET_11664,Wildfire in Brazil 1022697,,Wildfires,-74.41645399,10/6/24,19:00:00,#VALUE!,#VALUE!,#VALUE!
EONET_11685,Wildfire in Australia 1022708,,Wildfires,132.52565085670784  -18.12052797578537,10/6/24,19:00:00,19,132.52565085670784, -18.12052797578537
EONET_11698,Wildfire in Mozambique 1022718,,Wildfires,36.493815490432816  -16.499704509516384,10/6/24,19:00:00,19,36.493815490432816, -16.499704509516384
EONET_11540,Elkhorn Wildfire  McKenzie  North Dakota,7 miles S of Watford City  ND,Wildfires,-103.206283  47.688967,10/6/24,9:46:00,12,-103.206283, 47.688967
EONET_11539,Sprint Creek Wildfire  McKenzie  North Dakota,9 miles S of Watford City  ND,Wildfires,-103.277083  47.68395,10/5/24,21:28:00,12,-103.277083, 47.68395
EONET_11548,Bear Den Wildfire  McKenzie  North Dakota,,Wildfires,-102.822778  47.832778,10/5/24,19:37:00,12,-102.822778, 47.832778
EONET_11563,Wildfire in Kazakhstan 1022599,,Wildfires,75.6843586305727  50.205195960975864,10/5/24,19:00:00,17,75.6843586305727, 50.205195960975864
EONET_11564,Wildfire in Kazakhstan 1022600,,Wildfires,75.67455917101783  50.0835509264835,10/5/24,19:00:00,18,75.67455917101783, 50.0835509264835
EONET_11565,Wildfire in Australia 1022604,,Wildfires,134.63931797005276  -19.283818266947875,10/5/24,19:00:00,19,134.63931797005276, -19.283818266947875
EONET_11566,Wildfire in Australia 1022605,,Wildfires,134.63740007504532  -20.392106348642848,10/5/24,19:00:00,19,134.63740007504532, -20.392106348642848
EONET_11567,Wildfire in Australia 1022611,,Wildfires,136.63523122266818  -21.118477705156906,10/5/24,19:00:00,19,136.63523122266818, -21.118477705156906
EONET_11568,Wildfire in Australia 1022612,,Wildfires,135.0408311548923  -16.86132112601189,10/5/24,19:00:00,18,135.0408311548923, -16.86132112601189
EONET_11588,Wildfire in Australia 1022620,,Wildfires,131.8117109012102  -17.067935511567782,10/5/24,19:00:00,18,131.8117109012102, -17.067935511567782
EONET_11589,Wildfire in Australia 1022621,,Wildfires,135.06433660102903  -19.00141986614453,10/5/24,19:00:00,19,135.06433660102903, -19.00141986614453
EONET_11590,Wildfire in Australia 1022617,,Wildfires,134.68369846770102  -19.099523868260903,10/5/24,19:00:00,19,134.68369846770102, -19.099523868260903
EONET_11591,Wildfire in Australia 1022631,,Wildfires,136.6894852148059  -20.841549486737385,10/5/24,19:00:00,18,136.6894852148059, -20.841549486737385
EONET_11592,Wildfire in Australia 1022632,,Wildfires,138.979292246117  -20.57104894385339,10/5/24,19:00:00,17,138.979292246117, -20.57104894385339
EONET_11593,Wildfire in Australia 1022633,,Wildfires,133.74192119607545  -17.477193815904492,10/5/24,19:00:00,19,133.74192119607545, -17.477193815904492
EONET_11594,Wildfire in Australia 1022634,,Wildfires,136.70917665081888  -16.751300079688306,10/5/24,19:00:00,19,136.70917665081888, -16.751300079688306
EONET_11595,Wildfire in Australia 1022635,,Wildfires,129.2714668483718  -16.30049767936207,10/5/24,19:00:00,18,129.2714668483718, -16.30049767936207
EONET_11596,Wildfire in Russian Federation 1022636,,Wildfires,129.82311964266614  51.34478512890393,10/5/24,19:00:00,19,129.82311964266614, 51.34478512890393
EONET_11597,Wildfire in Australia 1022637,,Wildfires,133.9024475166313  -20.55494761129263,10/5/24,19:00:00,18,133.9024475166313, -20.55494761129263
EONET_11617,Wildfire in Angola 1022641,,Wildfires,20.610705778679534  -16.176033246106755,10/5/24,19:00:00,19,20.610705778679534, -16.176033246106755
EONET_11618,Wildfire in Brazil 1022653,,Wildfires,-69.33231801,10/5/24,19:00:00,#VALUE!,#VALUE!,#VALUE!
EONET_11619,Wildfire in Brazil 1022647,,Wildfires,-58.47019407,10/5/24,19:00:00,#VALUE!,#VALUE!,#VALUE!
EONET_11620,Wildfire in Australia 1022648,,Wildfires,135.18244898854226  -19.08313389270896,10/5/24,19:00:00,19,135.18244898854226, -19.08313389270896
EONET_11621,Wildfire in Australia 1022649,,Wildfires,131.3007208344378  -21.588875557867123,10/5/24,19:00:00,18,131.3007208344378, -21.588875557867123
EONET_11622,Wildfire in Paraguay 1022639,,Wildfires,-82.61839803,10/5/24,19:00:00,#VALUE!,#VALUE!,#VALUE!
EONET_11623,Wildfire in Botswana 1022640,,Wildfires,24.975157173286973  -19.981290693303844,10/5/24,19:00:00,19,24.975157173286973, -19.981290693303844
EONET_11624,Wildfire in Russian Federation 1022663,,Wildfires,129.7172600849914  51.26791493297954,10/5/24,19:00:00,18,129.7172600849914, 51.26791493297954
EONET_11625,Wildfire in Brazil 1022664,,Wildfires,-74.25222514,10/5/24,19:00:00,#VALUE!,#VALUE!,#VALUE!
EONET_11626,Wildfire in Australia 1022665,,Wildfires,136.69724987463536  -21.14448296684391,10/5/24,19:00:00,19,136.69724987463536, -21.14448296684391
EONET_11643,Wildfire in Zambia 1022672,,Wildfires,27.569337638787562  -14.40844684894696,10/5/24,19:00:00,19,27.569337638787562, -14.40844684894696
EONET_11644,Wildfire in Australia 1022682,,Wildfires,133.0715572252234  -17.1166254302386,10/5/24,19:00:00,18,133.0715572252234, -17.1166254302386
EONET_11645,Wildfire in Brazil 1022676,,Wildfires,-59.46794947,10/5/24,19:00:00,#VALUE!,#VALUE!,#VALUE!
EONET_11665,Wildfire in Brazil 1022692,,Wildfires,-75.72237017,10/5/24,19:00:00,#VALUE!,#VALUE!,#VALUE!
EONET_11666,Wildfire in Australia 1022698,,Wildfires,126.07552249282261  -15.02121300670404,10/5/24,19:00:00,19,126.07552249282261, -15.02121300670404
EONET_11667,Wildfire in Australia 1022690,,Wildfires,128.20983740146025  -16.290614912507916,10/5/24,19:00:00,19,128.20983740146025, -16.290614912507916
EONET_11668,Wildfire in Australia 1022691,,Wildfires,136.6642642085939  -20.90929897266963,10/5/24,19:00:00,18,136.6642642085939, -20.90929897266963
EONET_11669,Wildfire in Australia 1022685,,Wildfires,136.58393294418354  -16.78379628460879,10/5/24,19:00:00,19,136.58393294418354, -16.78379628460879
EONET_11670,Wildfire in Madagascar 1022686,,Wildfires,45.16705783625444  -16.150378716975258,10/5/24,19:00:00,18,45.16705783625444, -16.150378716975258
EONET_11686,Wildfire in Australia 1022701,,Wildfires,123.60776358349335  -16.632278385345753,10/5/24,19:00:00,19,123.60776358349335, -16.632278385345753
EONET_11687,Wildfire in Angola 1022702,,Wildfires,20.182276029562043  -15.172231742848325,10/5/24,19:00:00,19,20.182276029562043, -15.172231742848325
EONET_11537,BEAR DEN Wildfire  McKenzie  North Dakota,24 MILES NE OF WATFORD CITY  ND,Wildfires,-102.8227778  47.83277778,10/5/24,17:55:00,13,-102.8227778, 47.83277778
EONET_11550,Rx Red River 2707 Wildfire  Red River  Texas,,Wildfires,-95.25720017  33.39470949,10/5/24,12:35:00,13,-95.25720017, 33.39470949
EONET_11524,Wildfire in Australia 1022587,,Wildfires,133.94159218878156  -20.719739997001856,10/4/24,19:00:00,19,133.94159218878156, -20.719739997001856
EONET_11525,Wildfire in Australia 1022588,,Wildfires,136.96562972600597  -21.07345350056432,10/4/24,19:00:00,19,136.96562972600597, -21.07345350056432
EONET_11526,Wildfire in Australia 1022589,,Wildfires,138.82497210527924  -20.576141663285185,10/4/24,19:00:00,19,138.82497210527924, -20.576141663285185
EONET_11527,Wildfire in Australia 1022592,,Wildfires,131.40627251295183  -21.681689885107357,10/4/24,19:00:00,19,131.40627251295183, -21.681689885107357
EONET_11528,Wildfire in Australia 1022593,,Wildfires,128.77195435904298  -16.918302897634106,10/4/24,19:00:00,19,128.77195435904298, -16.918302897634106
EONET_11569,Wildfire in Russian Federation 1022601,,Wildfires,129.91520788197937  51.62299225774996,10/4/24,19:00:00,19,129.91520788197937, 51.62299225774996
EONET_11570,Wildfire in Australia 1022606,,Wildfires,129.38351526242283  -16.318776322268832,10/4/24,19:00:00,19,129.38351526242283, -16.318776322268832
EONET_11571,Wildfire in Australia 1022607,,Wildfires,139.03767092950477  -18.79945062897678,10/4/24,19:00:00,19,139.03767092950477, -18.79945062897678
EONET_11572,Wildfire in Bolivia 1022608,,Wildfires,-76.78390077,10/4/24,19:00:00,#VALUE!,#VALUE!,#VALUE!
EONET_11598,Wildfire in Brazil 1022622,,Wildfires,-71.58243611,10/4/24,19:00:00,#VALUE!,#VALUE!,#VALUE!
EONET_11599,Wildfire in Russian Federation 1022623,,Wildfires,129.8930122317016  51.465012303477955,10/4/24,19:00:00,18,129.8930122317016, 51.465012303477955
EONET_11600,Wildfire in Australia 1022638,,Wildfires,136.48837481329977  -16.620391519688223,10/4/24,19:00:00,19,136.48837481329977, -16.620391519688223
EONET_11627,Wildfire in Mozambique 1022642,,Wildfires,31.94713278032626  -23.176328037712526,10/4/24,19:00:00,18,31.94713278032626, -23.176328037712526
EONET_11628,Wildfire in Australia 1022650,,Wildfires,138.16183191255374  -19.936825630842026,10/4/24,19:00:00,19,138.16183191255374, -19.936825630842026
EONET_11629,Wildfire in Australia 1022666,,Wildfires,136.45626945338833  -16.482745531318148,10/4/24,19:00:00,19,136.45626945338833, -16.482745531318148
EONET_11630,Wildfire in Australia 1022667,,Wildfires,138.94539750140453  -20.49618707889742,10/4/24,19:00:00,19,138.94539750140453, -20.49618707889742
EONET_11646,Wildfire in Russian Federation 1022670,,Wildfires,123.50198181327265  54.16884382276471,10/4/24,19:00:00,19,123.50198181327265, 54.16884382276471
EONET_11543,VALLEY Wildfire  Ada  Idaho,1 mile east of Boise  ID,Wildfires,-116.054827  43.561091,10/4/24,7:01:00,12,-116.054827, 43.561091
EONET_11476,Wildfire in Paraguay 1022572,,Wildfires,-80.3543166,10/3/24,19:00:00,#VALUE!,#VALUE!,#VALUE!
EONET_11529,Wildfire in Australia 1022594,,Wildfires,132.10943563333956  -13.690457408026028,10/3/24,19:00:00,19,132.10943563333956, -13.690457408026028
EONET_11530,Wildfire in Australia 1022595,,Wildfires,136.7668902412513  -14.224555661478488,10/3/24,19:00:00,18,136.7668902412513, -14.224555661478488
EONET_11531,Wildfire in Argentina 1022596,,Wildfires,-96.82612735,10/3/24,19:00:00,#VALUE!,#VALUE!,#VALUE!
EONET_11573,Wildfire in Australia 1022613,,Wildfires,139.1804774248331  -20.92138250721944,10/3/24,19:00:00,18,139.1804774248331, -20.92138250721944
EONET_11574,Wildfire in Brazil 1022609,,Wildfires,-64.08010682,10/3/24,19:00:00,#VALUE!,#VALUE!,#VALUE!
EONET_11601,Wildfire in Australia 1022624,,Wildfires,139.33649913742875  -20.99277235221474,10/3/24,19:00:00,19,139.33649913742875, -20.99277235221474
EONET_11602,Wildfire in Mozambique 1022618,,Wildfires,31.921725852000385  -23.28505270155242,10/3/24,19:00:00,19,31.921725852000385, -23.28505270155242
EONET_11631,Wildfire in Australia 1022651,,Wildfires,133.50183848625718  -14.333042496566197,10/3/24,19:00:00,19,133.50183848625718, -14.333042496566197
EONET_11647,Wildfire in Angola 1022673,,Wildfires,17.891456245262237  -15.03286567308736,10/3/24,19:00:00,19,17.891456245262237, -15.03286567308736
EONET_11477,Wildfire in Russian Federation 1022566,,Wildfires,129.6960639383376  51.41737549837452,10/2/24,19:00:00,18,129.6960639383376, 51.41737549837452
EONET_11532,Wildfire in Brazil 1022597,,Wildfires,-59.54818797,10/2/24,19:00:00,#VALUE!,#VALUE!,#VALUE!
EONET_11552,Stateline Wildfire  Corson  South Dakota,North of McLaughlin  ND approximately 8 Miles,Wildfires,-100.8104167  45.93002778,10/2/24,14:13:00,13,-100.8104167, 45.93002778
EONET_11546,ROSIE Wildfire  Owyhee  Idaho,25 miles SE of Jordan Valley  Oregon,Wildfires,-116.69174  42.7036,10/2/24,13:01:00,11,-116.69174, 42.7036
EONET_11478,Wildfire in Brazil 1022567,,Wildfires,-70.23058384,10/1/24,19:00:00,#VALUE!,#VALUE!,#VALUE!
EONET_11479,Wildfire in Brazil 1022568,,Wildfires,-59.13025565,10/1/24,19:00:00,#VALUE!,#VALUE!,#VALUE!
EONET_11480,Wildfire in Bolivia 1022555,,Wildfires,-79.53480147,10/1/24,19:00:00,#VALUE!,#VALUE!,#VALUE!
EONET_11481,Wildfire in Russian Federation 1022539,,Wildfires,61.06797539599744  51.02852237329927,10/1/24,19:00:00,18,61.06797539599744, 51.02852237329927
EONET_11510,Wildfire in Argentina 1022581,,Wildfires,-100.4913313,10/1/24,19:00:00,#VALUE!,#VALUE!,#VALUE!
EONET_11511,Wildfire in Australia 1022573,,Wildfires,131.4201407365228  -12.623585551019294,10/1/24,19:00:00,18,131.4201407365228, -12.623585551019294
EONET_11512,Wildfire in Australia 1022576,,Wildfires,135.58209990887175  -16.3887272621043,10/1/24,19:00:00,19,135.58209990887175, -16.3887272621043
EONET_11513,Wildfire in The Democratic Republic of Congo 1022584,,Wildfires,29.958505526520362  -7.15860458369298,10/1/24,19:00:00,19,29.958505526520362, -7.15860458369298
EONET_11533,Wildfire in Brazil 1022590,,Wildfires,-73.09940806,10/1/24,19:00:00,#VALUE!,#VALUE!,#VALUE!
EONET_11534,Wildfire in Brazil 1022591,,Wildfires,-56.35587139,10/1/24,19:00:00,#VALUE!,#VALUE!,#VALUE!
EONET_11535,Wildfire in Australia 1022598,,Wildfires,135.9648409605323  -15.654847039307864,10/1/24,19:00:00,18,135.9648409605323, -15.654847039307864
EONET_11575,Wildfire in Australia 1022610,,Wildfires,138.37507930404425  -18.657893497554213,10/1/24,19:00:00,19,138.37507930404425, -18.657893497554213
EONET_11576,Wildfire in Bolivia 1022614,,Wildfires,-76.32223632,10/1/24,19:00:00,#VALUE!,#VALUE!,#VALUE!
EONET_11577,Wildfire in Australia 1022615,,Wildfires,133.0810667461572  -12.09301270095405,10/1/24,19:00:00,18,133.0810667461572, -12.09301270095405
EONET_11538,Tiger Creek Wildfire  Umatilla  Oregon,15 Miles SE of Walla Walla  WA,Wildfires,-118.018175  45.956032,10/1/24,18:20:00,12,-118.018175, 45.956032
EONET_11555,Oak Creek Wildfire  Rock  Nebraska,3 miles north of Nerport  NE,Wildfires,-99.341505  42.642539,10/1/24,11:20:00,11,-99.341505, 42.642539
EONET_11557,BRUI 517 RX Wildfire  Coconino  Arizona,,Wildfires,-111.196883  34.636033,10/1/24,11:18:00,12,-111.196883, 34.636033
EONET_11551,Old Woman South RX Wildfire  Sevier  Utah,,Wildfires,-111.459217  38.8275,10/1/24,11:13:00,12,-111.459217, 38.8275
EONET_11410,Wildfire in Brazil 1022503,,Wildfires,-64.26848728,9/30/24,19:00:00,#VALUE!,#VALUE!,#VALUE!
EONET_11449,Wildfire in Australia 1022525,,Wildfires,129.13950509988794  -15.449483660658547,9/30/24,19:00:00,19,129.13950509988794, -15.449483660658547
EONET_11450,Wildfire in Brazil 1022531,,Wildfires,-75.59939959,9/30/24,19:00:00,#VALUE!,#VALUE!,#VALUE!
EONET_11451,Wildfire in Australia 1022532,,Wildfires,135.65595300909123  -16.514863115786763,9/30/24,19:00:00,19,135.65595300909123, -16.514863115786763
EONET_11452,Wildfire in Australia 1022533,,Wildfires,134.53070638099763  -20.191580252043703,9/30/24,19:00:00,19,134.53070638099763, -20.191580252043703
EONET_11453,Wildfire in Australia 1022534,,Wildfires,134.30016153761912  -20.361251488669094,9/30/24,19:00:00,19,134.30016153761912, -20.361251488669094
EONET_11454,Wildfire in Brazil 1022535,,Wildfires,-64.46468285,9/30/24,19:00:00,#VALUE!,#VALUE!,#VALUE!
EONET_11482,Wildfire in Australia 1022569,,Wildfires,126.08844686294094  -14.810288760333673,9/30/24,19:00:00,19,126.08844686294094, -14.810288760333673
EONET_11483,Wildfire in Australia 1022570,,Wildfires,135.92144713946303  -16.54232676486467,9/30/24,19:00:00,19,135.92144713946303, -16.54232676486467
EONET_11484,Wildfire in Brazil 1022544,,Wildfires,-70.31712633,9/30/24,19:00:00,#VALUE!,#VALUE!,#VALUE!
EONET_11485,Wildfire in Brazil 1022546,,Wildfires,-64.73870483,9/30/24,19:00:00,#VALUE!,#VALUE!,#VALUE!
EONET_11486,Wildfire in Australia 1022556,,Wildfires,125.41902230497773  -15.895982672138231,9/30/24,19:00:00,19,125.41902230497773, -15.895982672138231
EONET_11487,Wildfire in Bolivia 1022548,,Wildfires,-78.8086772,9/30/24,19:00:00,#VALUE!,#VALUE!,#VALUE!
EONET_11488,Wildfire in South Africa 1022562,,Wildfires,27.830748643436145  -30.789734858428098,9/30/24,19:00:00,19,27.830748643436145, -30.789734858428098
EONET_11489,Wildfire in South Africa 1022563,,Wildfires,27.417084263961314  -31.170151112189263,9/30/24,19:00:00,19,27.417084263961314, -31.170151112189263
EONET_11490,Wildfire in Angola 1022564,,Wildfires,20.629336860648934  -16.767830830174272,9/30/24,19:00:00,19,20.629336860648934, -16.767830830174272
EONET_11491,Wildfire in Brazil 1022545,,Wildfires,-72.3738017,9/30/24,19:00:00,#VALUE!,#VALUE!,#VALUE!
EONET_11492,Wildfire in Brazil 1022547,,Wildfires,-64.41694049,9/30/24,19:00:00,#VALUE!,#VALUE!,#VALUE!
EONET_11514,Wildfire in Australia 1022585,,Wildfires,141.8739190520054  -12.31540375962483,9/30/24,19:00:00,18,141.8739190520054, -12.31540375962483
EONET_11515,Wildfire in Brazil 1022582,,Wildfires,-57.94870311,9/30/24,19:00:00,#VALUE!,#VALUE!,#VALUE!
EONET_11516,Wildfire in Australia 1022578,,Wildfires,127.505038640932  -19.888686717660992,9/30/24,19:00:00,17,127.505038640932, -19.888686717660992
EONET_11517,Wildfire in Brazil 1022579,,Wildfires,-62.84877521,9/30/24,19:00:00,#VALUE!,#VALUE!,#VALUE!
EONET_11518,Wildfire in Australia 1022574,,Wildfires,141.81817714667514  -12.757883935866092,9/30/24,19:00:00,19,141.81817714667514, -12.757883935866092
EONET_11519,Wildfire in Botswana 1022577,,Wildfires,21.483413836471808  -18.414645858609358,9/30/24,19:00:00,19,21.483413836471808, -18.414645858609358
EONET_11578,Wildfire in Bolivia 1022602,,Wildfires,-79.6883574,9/30/24,19:00:00,#VALUE!,#VALUE!,#VALUE!
EONET_11579,Wildfire in Bolivia 1022603,,Wildfires,-77.94490312,9/30/24,19:00:00,#VALUE!,#VALUE!,#VALUE!
EONET_11549,Mowitch Wildfire  Valley  Idaho,46 West of Challis  ID,Wildfires,-115.110967  44.806667,9/30/24,16:13:00,12,-115.110967, 44.806667
EONET_11560,Dwyer Wildfire  Platte  Wyoming,78nm SE of Casper  WY,Wildfires,-104.93317  42.2624,9/30/24,11:24:00,11,-104.93317, 42.2624
EONET_11411,Wildfire in Australia 1022504,,Wildfires,132.26805685008745  -14.883889935950837,9/29/24,19:00:00,19,132.26805685008745, -14.883889935950837
EONET_11412,Wildfire in Brazil 1022505,,Wildfires,-53.63104945,9/29/24,19:00:00,#VALUE!,#VALUE!,#VALUE!
EONET_11413,Wildfire in Brazil 1022496,,Wildfires,-56.90291736,9/29/24,19:00:00,#VALUE!,#VALUE!,#VALUE!
EONET_11414,Wildfire in Australia 1022497,,Wildfires,132.05376049691304  -14.63490135966748,9/29/24,19:00:00,19,132.05376049691304, -14.63490135966748
EONET_11455,Wildfire in Bolivia 1022526,,Wildfires,-80.68748711,9/29/24,19:00:00,#VALUE!,#VALUE!,#VALUE!
EONET_11456,Wildfire in Angola 1022515,,Wildfires,18.81079683763498  -16.745520657456233,9/29/24,19:00:00,18,18.81079683763498, -16.745520657456233
EONET_11493,Wildfire in Bolivia 1022549,,Wildfires,-77.21296394,9/29/24,19:00:00,#VALUE!,#VALUE!,#VALUE!
EONET_11494,Wildfire in The Democratic Republic of Congo 1022565,,Wildfires,30.132567431372905  -7.380937970316333,9/29/24,19:00:00,19,30.132567431372905, -7.380937970316333
EONET_11495,Wildfire in Australia 1022557,,Wildfires,125.33527390007986  -15.264544404903432,9/29/24,19:00:00,19,125.33527390007986, -15.264544404903432
EONET_11496,Wildfire in Bolivia 1022550,,Wildfires,-80.29526527,9/29/24,19:00:00,#VALUE!,#VALUE!,#VALUE!
EONET_11497,Wildfire in Australia 1022558,,Wildfires,143.6051087359991  -14.541434628945698,9/29/24,19:00:00,18,143.6051087359991, -14.541434628945698
EONET_11498,Wildfire in Australia 1022571,,Wildfires,135.91871577524307  -16.545779632291786,9/29/24,19:00:00,19,135.91871577524307, -16.545779632291786
EONET_11520,Wildfire in Bolivia 1022575,,Wildfires,-77.52217121,9/29/24,19:00:00,#VALUE!,#VALUE!,#VALUE!
EONET_11521,Wildfire in Australia 1022580,,Wildfires,125.55407313740903  -15.14755968577721,9/29/24,19:00:00,19,125.55407313740903, -15.14755968577721
EONET_11522,Wildfire in Bolivia 1022583,,Wildfires,-80.1670818,9/29/24,19:00:00,#VALUE!,#VALUE!,#VALUE!
EONET_11523,Wildfire in Brazil 1022586,,Wildfires,-74.54956275,9/29/24,19:00:00,#VALUE!,#VALUE!,#VALUE!
EONET_11544,Yellow Lake Wildfire  Wasatch  Utah,10 miles South East of Francis  UT,Wildfires,-111.0757  40.469467,9/28/24,20:31:00,10,-111.0757, 40.469467
EONET_11381,Wildfire in Australia 1022459,,Wildfires,134.20948218078192  -20.737940538128445,9/28/24,19:00:00,19,134.20948218078192, -20.737940538128445
EONET_11382,Wildfire in Australia 1022470,,Wildfires,139.31182768359668  -20.79406346436167,9/28/24,19:00:00,19,139.31182768359668, -20.79406346436167
EONET_11383,Wildfire in Greece 1022468,,Wildfires,22.48446503310513  38.09579062668384,9/28/24,19:00:00,18,22.48446503310513, 38.09579062668384
EONET_11415,Wildfire in Australia 1022498,,Wildfires,135.7896123514966  -16.3885936971606,9/28/24,19:00:00,18,135.7896123514966, -16.3885936971606
EONET_11416,Wildfire in Russian Federation 1022482,,Wildfires,43.64296476854999  49.04327505008869,9/28/24,19:00:00,18,43.64296476854999, 49.04327505008869
EONET_11417,Wildfire in Angola 1022483,,Wildfires,20.94284218068597  -16.536431710393718,9/28/24,19:00:00,18,20.94284218068597, -16.536431710393718
EONET_11418,Wildfire in Australia 1022506,,Wildfires,136.63536353925613  -16.24103114154225,9/28/24,19:00:00,19,136.63536353925613, -16.24103114154225
EONET_11419,Wildfire in Bolivia 1022507,,Wildfires,-78.45231511,9/28/24,19:00:00,#VALUE!,#VALUE!,#VALUE!
EONET_11420,Wildfire in Australia 1022508,,Wildfires,127.89901412021696  -16.098961529593097,9/28/24,19:00:00,19,127.89901412021696, -16.098961529593097
EONET_11421,Wildfire in Brazil 1022509,,Wildfires,-64.68419036,9/28/24,19:00:00,#VALUE!,#VALUE!,#VALUE!
EONET_11457,Wildfire in Russian Federation 1022516,,Wildfires,43.747605796463255  49.11077760069113,9/28/24,19:00:00,19,43.747605796463255, 49.11077760069113
EONET_11458,Wildfire in Tanzania 1022518,,Wildfires,38.11982002709535  -7.557909134002733,9/28/24,19:00:00,18,38.11982002709535, -7.557909134002733
EONET_11459,Wildfire in Mozambique 1022519,,Wildfires,38.85392548018884  -15.79803934207118,9/28/24,19:00:00,18,38.85392548018884, -15.79803934207118
EONET_11460,Wildfire in Australia 1022530,,Wildfires,136.09376807288066  -15.581098191400127,9/28/24,19:00:00,19,136.09376807288066, -15.581098191400127
EONET_11461,Wildfire in Bolivia 1022536,,Wildfires,-78.19237763,9/28/24,19:00:00,#VALUE!,#VALUE!,#VALUE!
EONET_11462,Wildfire in Brazil 1022537,,Wildfires,-66.45600427,9/28/24,19:00:00,#VALUE!,#VALUE!,#VALUE!
EONET_11463,Wildfire in Brazil 1022538,,Wildfires,-63.5317964,9/28/24,19:00:00,#VALUE!,#VALUE!,#VALUE!
EONET_11464,Wildfire in South Africa 1022517,,Wildfires,28.33770843006551  -23.73446649020601,9/28/24,19:00:00,18,28.33770843006551, -23.73446649020601
EONET_11499,Wildfire in Mozambique 1022551,,Wildfires,36.04357967096313  -11.676191212387971,9/28/24,19:00:00,18,36.04357967096313, -11.676191212387971
EONET_11500,Wildfire in Brazil 1022559,,Wildfires,-74.79573609,9/28/24,19:00:00,#VALUE!,#VALUE!,#VALUE!
EONET_11501,Wildfire in Bolivia 1022560,,Wildfires,-80.84111361,9/28/24,19:00:00,#VALUE!,#VALUE!,#VALUE!
EONET_11502,Wildfire in Brazil 1022552,,Wildfires,-62.18652931,9/28/24,19:00:00,#VALUE!,#VALUE!,#VALUE!
EONET_11503,Wildfire in Australia 1022553,,Wildfires,141.83171191048504  -13.086419151767718,9/28/24,19:00:00,19,141.83171191048504, -13.086419151767718
EONET_11504,Wildfire in Australia 1022561,,Wildfires,135.50625304195785  -12.34438424185088,9/28/24,19:00:00,19,135.50625304195785, -12.34438424185088
EONET_11505,Wildfire in Botswana 1022540,,Wildfires,25.364483410741375  -23.13132430567936,9/28/24,19:00:00,19,25.364483410741375, -23.13132430567936
EONET_11370,Wildfire in Australia 1022445,,Wildfires,132.56362511974098  -16.25145335447622,9/27/24,19:00:00,19,132.56362511974098, -16.25145335447622
EONET_11384,Wildfire in Mozambique 1022460,,Wildfires,38.34242598417039  -11.940085205729188,9/27/24,19:00:00,18,38.34242598417039, -11.940085205729188
EONET_11385,Wildfire in Botswana 1022469,,Wildfires,24.328442578039382  -20.076548761532433,9/27/24,19:00:00,19,24.328442578039382, -20.076548761532433
EONET_11386,Wildfire in United States 1022471,,Wildfires,-107.49601849472887  44.903349126287374,9/27/24,19:00:00,20,-107.49601849472887, 44.903349126287374
EONET_11422,Wildfire in Australia 1022475,,Wildfires,136.74403656070257  -16.530752727234553,9/27/24,19:00:00,19,136.74403656070257, -16.530752727234553
EONET_11423,Wildfire in Australia 1022476,,Wildfires,126.15375353401582  -14.710930257466913,9/27/24,19:00:00,19,126.15375353401582, -14.710930257466913
EONET_11424,Wildfire in Angola 1022484,,Wildfires,18.374798513561554  -16.83140184872918,9/27/24,19:00:00,19,18.374798513561554, -16.83140184872918
EONET_11425,Wildfire in Mozambique 1022486,,Wildfires,39.06341477355352  -15.693888481137998,9/27/24,19:00:00,18,39.06341477355352, -15.693888481137998
EONET_11426,Wildfire in Bolivia 1022510,,Wildfires,-77.01625988,9/27/24,19:00:00,#VALUE!,#VALUE!,#VALUE!
EONET_11427,Wildfire in South Africa 1022485,,Wildfires,27.944138731687556  -24.268096041349096,9/27/24,19:00:00,19,27.944138731687556, -24.268096041349096
EONET_11465,Wildfire in Mozambique 1022520,,Wildfires,36.7111038841598  -11.934728980023795,9/27/24,19:00:00,17,36.7111038841598, -11.934728980023795
EONET_11466,Wildfire in Brazil 1022521,,Wildfires,-73.81815044,9/27/24,19:00:00,#VALUE!,#VALUE!,#VALUE!
EONET_11506,Wildfire in Bolivia 1022554,,Wildfires,-79.99642897,9/27/24,19:00:00,#VALUE!,#VALUE!,#VALUE!
EONET_11541,ELK Wildfire  Sheridan  Wyoming,15 miles northwest of Dayton  WY,Wildfires,-107.568617  44.898083,9/27/24,11:55:00,12,-107.568617, 44.898083
EONET_11371,Wildfire in Bolivia 1022446,,Wildfires,-79.29036141,9/26/24,19:00:00,#VALUE!,#VALUE!,#VALUE!
EONET_11372,Wildfire in Bolivia 1022440,,Wildfires,-80.51299599,9/26/24,19:00:00,#VALUE!,#VALUE!,#VALUE!
EONET_11373,Wildfire in Australia 1022441,,Wildfires,134.72059687488806  -17.15924380274777,9/26/24,19:00:00,19,134.72059687488806, -17.15924380274777
EONET_11374,Wildfire in Brazil 1022444,,Wildfires,-74.90747139,9/26/24,19:00:00,#VALUE!,#VALUE!,#VALUE!
EONET_11387,Wildfire in Australia 1022472,,Wildfires,142.38702451976422  -11.50568724808209,9/26/24,19:00:00,19,142.38702451976422, -11.50568724808209
EONET_11388,Wildfire in Australia 1022473,,Wildfires,135.91457086136103  -16.372059113992243,9/26/24,19:00:00,19,135.91457086136103, -16.372059113992243
EONET_11389,Wildfire in United States 1022461,,Wildfires,-110.05423620626517  43.613222203844366,9/26/24,19:00:00,20,-110.05423620626517, 43.613222203844366
EONET_11390,Wildfire in Brazil 1022462,,Wildfires,-57.34155984,9/26/24,19:00:00,#VALUE!,#VALUE!,#VALUE!
EONET_11391,Wildfire in Australia 1022463,,Wildfires,136.23597201031  -16.442617543835482,9/26/24,19:00:00,16,136.23597201031, -16.442617543835482
EONET_11428,Wildfire in Mozambique 1022488,,Wildfires,36.261223331762615  -11.828442120248567,9/26/24,19:00:00,19,36.261223331762615, -11.828442120248567
EONET_11429,Wildfire in Bolivia 1022489,,Wildfires,-80.71663689,9/26/24,19:00:00,#VALUE!,#VALUE!,#VALUE!
EONET_11430,Wildfire in Bolivia 1022499,,Wildfires,-80.55080509,9/26/24,19:00:00,#VALUE!,#VALUE!,#VALUE!
EONET_11431,Wildfire in Mozambique 1022477,,Wildfires,36.62734055614657  -11.993916707363017,9/26/24,19:00:00,18,36.62734055614657, -11.993916707363017
EONET_11432,Wildfire in Bolivia 1022478,,Wildfires,-80.63092972,9/26/24,19:00:00,#VALUE!,#VALUE!,#VALUE!
EONET_11433,Wildfire in Brazil 1022487,,Wildfires,-56.74977869,9/26/24,19:00:00,#VALUE!,#VALUE!,#VALUE!
EONET_11434,Wildfire in Brazil 1022500,,Wildfires,-69.40674118,9/26/24,19:00:00,#VALUE!,#VALUE!,#VALUE!
EONET_11435,Wildfire in Bolivia 1022501,,Wildfires,-80.73374883,9/26/24,19:00:00,#VALUE!,#VALUE!,#VALUE!
EONET_11436,Wildfire in Australia 1022511,,Wildfires,138.6831594526075  -17.702090854949745,9/26/24,19:00:00,18,138.6831594526075, -17.702090854949745
EONET_11467,Wildfire in Mozambique 1022522,,Wildfires,36.12141730133202  -16.329599380925597,9/26/24,19:00:00,18,36.12141730133202, -16.329599380925597
EONET_11468,Wildfire in Mozambique 1022523,,Wildfires,38.19729528588899  -16.97811955887703,9/26/24,19:00:00,18,38.19729528588899, -16.97811955887703
EONET_11469,Wildfire in Zimbabwe 1022524,,Wildfires,30.2816493625698  -16.44924900980541,9/26/24,19:00:00,17,30.2816493625698, -16.44924900980541
EONET_11470,Wildfire in Brazil 1022527,,Wildfires,-71.68326342,9/26/24,19:00:00,#VALUE!,#VALUE!,#VALUE!
EONET_11471,Wildfire in Bolivia 1022528,,Wildfires,-77.09324181,9/26/24,19:00:00,#VALUE!,#VALUE!,#VALUE!
EONET_11472,Wildfire in Brazil 1022529,,Wildfires,-74.11740973,9/26/24,19:00:00,#VALUE!,#VALUE!,#VALUE!
EONET_11507,Wildfire in Angola 1022541,,Wildfires,17.89258388071336  -14.754314628042483,9/26/24,19:00:00,18,17.89258388071336, -14.754314628042483
EONET_11508,Wildfire in Brazil 1022542,,Wildfires,-75.38031839,9/26/24,19:00:00,#VALUE!,#VALUE!,#VALUE!
EONET_11509,Wildfire in Mozambique 1022543,,Wildfires,39.63436721961179  -15.85132382399957,9/26/24,19:00:00,18,39.63436721961179, -15.85132382399957
EONET_11556,Lincoln Wildfire  Mellette  South Dakota,2 miles east of Norris  SD,Wildfires,-101.155  43.4616667,9/26/24,18:18:00,9,-101.155, 43.4616667
EONET_11326,LONG HOLLOW Wildfire  Whitman  Washington,,Wildfires,-117.573  46.6904,9/26/24,10:31:00,9,-117.573, 46.6904
EONET_11562,RX CALE C-12 Wildfire  Rapides  Louisiana,,Wildfires,-92.645  31.25,9/26/24,8:44:00,8,-92.645, 31.25
EONET_11352,Wildfire in Brazil 1022430,,Wildfires,-66.33366581,9/25/24,19:00:00,#VALUE!,#VALUE!,#VALUE!
EONET_11353,Wildfire in Brazil 1022431,,Wildfires,-75.58826169,9/25/24,19:00:00,#VALUE!,#VALUE!,#VALUE!
EONET_11354,Wildfire in Brazil 1022427,,Wildfires,-71.83512314,9/25/24,19:00:00,#VALUE!,#VALUE!,#VALUE!
EONET_11355,Wildfire in Brazil 1022428,,Wildfires,-72.06733265,9/25/24,19:00:00,#VALUE!,#VALUE!,#VALUE!
EONET_11356,Wildfire in South Africa 1022420,,Wildfires,29.944878733921186  -27.0373074794178,9/25/24,19:00:00,19,29.944878733921186, -27.0373074794178
EONET_11392,Wildfire in Mozambique 1022447,,Wildfires,39.58294417696193  -14.30895224426762,9/25/24,19:00:00,18,39.58294417696193, -14.30895224426762
EONET_11393,Wildfire in Angola 1022451,,Wildfires,18.06570032824409  -16.014478768738627,9/25/24,19:00:00,18,18.06570032824409, -16.014478768738627
EONET_11394,Wildfire in Tanzania 1022452,,Wildfires,38.6457266529401  -8.842445338327746,9/25/24,19:00:00,17,38.6457266529401, -8.842445338327746
EONET_11395,Wildfire in Australia 1022474,,Wildfires,135.22153098558252  -17.66944607428861,9/25/24,19:00:00,19,135.22153098558252, -17.66944607428861
EONET_11396,Wildfire in Brazil 1022464,,Wildfires,-56.41193732,9/25/24,19:00:00,#VALUE!,#VALUE!,#VALUE!
EONET_11397,Wildfire in Australia 1022465,,Wildfires,136.6769791229722  -14.196061646229136,9/25/24,19:00:00,18,136.6769791229722, -14.196061646229136
EONET_11398,Wildfire in Brazil 1022466,,Wildfires,-56.86430089,9/25/24,19:00:00,#VALUE!,#VALUE!,#VALUE!
EONET_11399,Wildfire in Brazil 1022467,,Wildfires,-53.94808105,9/25/24,19:00:00,#VALUE!,#VALUE!,#VALUE!
EONET_11437,Wildfire in Mozambique 1022479,,Wildfires,38.42556232369256  -16.083990606839215,9/25/24,19:00:00,18,38.42556232369256, -16.083990606839215
EONET_11438,Wildfire in Australia 1022480,,Wildfires,135.91613995644167  -16.410074300174976,9/25/24,19:00:00,19,135.91613995644167, -16.410074300174976
EONET_11439,Wildfire in Brazil 1022512,,Wildfires,-52.23090424,9/25/24,19:00:00,#VALUE!,#VALUE!,#VALUE!
EONET_11440,Wildfire in Brazil 1022502,,Wildfires,-75.45106005,9/25/24,19:00:00,#VALUE!,#VALUE!,#VALUE!
EONET_11441,Wildfire in Mozambique 1022490,,Wildfires,36.45143407040785  -12.890787727133315,9/25/24,19:00:00,18,36.45143407040785, -12.890787727133315
EONET_11442,Wildfire in Angola 1022491,,Wildfires,18.51464456595017  -15.513819529584081,9/25/24,19:00:00,18,18.51464456595017, -15.513819529584081
EONET_11473,Wildfire in Mozambique  Tanzania 1022513,,Wildfires,36.739590457500576  -11.7159855785607,9/25/24,19:00:00,19,36.739590457500576, -11.7159855785607
EONET_11474,Wildfire in Mozambique 1022514,,Wildfires,36.61791540476423  -16.13986002917573,9/25/24,19:00:00,18,36.61791540476423, -16.13986002917573
EONET_11327,GOOSMUS Wildfire  Ferry  Washington,~5 miles north of Curlew  WA along hwy 21.,Wildfires,-118.554467  48.946833,9/25/24,18:16:00,12,-118.554467, 48.946833
EONET_11329,KELLY LANE Wildfire  Yakima  Washington,,Wildfires,-120.3753  46.6377,9/25/24,14:22:00,10,-120.3753, 46.6377
EONET_11336,Wildfire in South Africa 1022405,,Wildfires,29.3029417107516  -30.36471395079389,9/24/24,19:00:00,17,29.3029417107516, -30.36471395079389
EONET_11337,Wildfire in Bolivia 1022415,,Wildfires,-79.20959244,9/24/24,19:00:00,#VALUE!,#VALUE!,#VALUE!
EONET_11338,Wildfire in Brazil 1022416,,Wildfires,-64.06669003,9/24/24,19:00:00,#VALUE!,#VALUE!,#VALUE!
EONET_11339,Wildfire in Brazil 1022407,,Wildfires,-64.18812279,9/24/24,19:00:00,#VALUE!,#VALUE!,#VALUE!
EONET_11357,Wildfire in Australia 1022434,,Wildfires,136.85224181712604  -16.247060732899566,9/24/24,19:00:00,19,136.85224181712604, -16.247060732899566
EONET_11358,Wildfire in Brazil 1022435,,Wildfires,-56.562231,9/24/24,19:00:00,#VALUE!,#VALUE!,#VALUE!
EONET_11375,Wildfire in Brazil 1022442,,Wildfires,-58.28272531,9/24/24,19:00:00,#VALUE!,#VALUE!,#VALUE!
EONET_11376,Wildfire in Brazil 1022443,,Wildfires,-56.69716418,9/24/24,19:00:00,#VALUE!,#VALUE!,#VALUE!
EONET_11400,Wildfire in Mozambique 1022448,,Wildfires,36.59417594596507  -15.990877478195385,9/24/24,19:00:00,18,36.59417594596507, -15.990877478195385
EONET_11401,Wildfire in Mozambique 1022453,,Wildfires,38.70768332006271  -16.686241291386565,9/24/24,19:00:00,18,38.70768332006271, -16.686241291386565
EONET_11402,Wildfire in Zambia 1022454,,Wildfires,31.779135833048805  -11.694337467538046,9/24/24,19:00:00,19,31.779135833048805, -11.694337467538046
EONET_11443,Wildfire in Mozambique 1022492,,Wildfires,36.71097762621109  -16.092240733056002,9/24/24,19:00:00,18,36.71097762621109, -16.092240733056002
EONET_11444,Wildfire in Zambia 1022493,,Wildfires,31.701936902871388  -11.770485837867682,9/24/24,19:00:00,19,31.701936902871388, -11.770485837867682
EONET_11445,Wildfire in Mozambique 1022494,,Wildfires,37.03203189390505  -15.263532064076886,9/24/24,19:00:00,18,37.03203189390505, -15.263532064076886
EONET_11446,Wildfire in Mozambique 1022495,,Wildfires,35.11538019935188  -18.60771974106071,9/24/24,19:00:00,18,35.11538019935188, -18.60771974106071
EONET_11447,Wildfire in Tanzania 1022481,,Wildfires,37.51826711453116  -8.171147248624838,9/24/24,19:00:00,18,37.51826711453116, -8.171147248624838
EONET_11305,Wildfire in Tanzania 1022386,,Wildfires,37.4728959639422  -8.078526964158131,9/23/24,19:00:00,17,37.4728959639422, -8.078526964158131
EONET_11306,Wildfire in Bolivia 1022400,,Wildfires,-75.15611683,9/23/24,19:00:00,#VALUE!,#VALUE!,#VALUE!
EONET_11307,Wildfire in Australia 1022401,,Wildfires,136.87006244531574  -17.815249087071003,9/23/24,19:00:00,19,136.87006244531574, -17.815249087071003
EONET_11308,Wildfire in Australia 1022402,,Wildfires,126.58214692565359  -14.666886161957896,9/23/24,19:00:00,19,126.58214692565359, -14.666886161957896
EONET_11340,Wildfire in Brazil 1022409,,Wildfires,-64.26397736,9/23/24,19:00:00,#VALUE!,#VALUE!,#VALUE!
EONET_11341,Wildfire in Bolivia 1022408,,Wildfires,-76.65860706,9/23/24,19:00:00,#VALUE!,#VALUE!,#VALUE!
EONET_11359,Wildfire in Tanzania 1022419,,Wildfires,37.5547679620371  -8.060658436407286,9/23/24,19:00:00,17,37.5547679620371, -8.060658436407286
EONET_11360,Wildfire in South Africa 1022421,,Wildfires,31.547312311872965  -27.587751212593588,9/23/24,19:00:00,19,31.547312311872965, -27.587751212593588
EONET_11361,Wildfire in South Africa 1022422,,Wildfires,29.632435489466285  -27.726230561374088,9/23/24,19:00:00,19,29.632435489466285, -27.726230561374088
EONET_11362,Wildfire in Zambia 1022429,,Wildfires,32.50624986777901  -11.425036602929623,9/23/24,19:00:00,18,32.50624986777901, -11.425036602929623
EONET_11377,Wildfire in Angola 1022437,,Wildfires,20.648829737462858  -17.681575195047948,9/23/24,19:00:00,19,20.648829737462858, -17.681575195047948
EONET_11403,Wildfire in Mozambique 1022455,,Wildfires,38.58781846590803  -16.607931078538606,9/23/24,19:00:00,18,38.58781846590803, -16.607931078538606
EONET_11404,Wildfire in Zambia 1022456,,Wildfires,30.298211524418882  -10.054540103052028,9/23/24,19:00:00,19,30.298211524418882, -10.054540103052028
EONET_11405,Wildfire in Mozambique 1022457,,Wildfires,39.31690157601248  -16.60805798754404,9/23/24,19:00:00,18,39.31690157601248, -16.60805798754404
EONET_11406,Wildfire in Mozambique 1022458,,Wildfires,36.517359286427904  -16.05759098007481,9/23/24,19:00:00,19,36.517359286427904, -16.05759098007481
EONET_11407,Wildfire in Madagascar 1022449,,Wildfires,45.08530059825791  -16.16829246684288,9/23/24,19:00:00,18,45.08530059825791, -16.16829246684288
EONET_11408,Wildfire in Zambia 1022450,,Wildfires,32.016409819434095  -11.183034799290194,9/23/24,19:00:00,19,32.016409819434095, -11.183034799290194
EONET_11332,Post Oak and Rogers Lane Fire Wildfire  Comanche  Oklahoma,Rogers Ln. S and US 62  S and N between Hidden Oaks Dr (w) and Winding Oaks Dr,Wildfires,-98.7072222  34.6358333,9/23/24,13:13:00,12,-98.7072222, 34.6358333
EONET_11342,Wildfire in Brazil 1022417,,Wildfires,-58.72319503,9/22/24,19:00:00,#VALUE!,#VALUE!,#VALUE!
EONET_11363,Wildfire in South Africa 1022425,,Wildfires,29.704975971427018  -27.507609798736528,9/22/24,19:00:00,19,29.704975971427018, -27.507609798736528
EONET_11364,Wildfire in South Africa 1022423,,Wildfires,29.297097720262506  -27.67344276924065,9/22/24,19:00:00,19,29.297097720262506, -27.67344276924065
EONET_11365,Wildfire in South Africa 1022424,,Wildfires,29.83509885975743  -26.368389819825534,9/22/24,19:00:00,18,29.83509885975743, -26.368389819825534
EONET_11366,Wildfire in Brazil 1022436,,Wildfires,-59.61833253,9/22/24,19:00:00,#VALUE!,#VALUE!,#VALUE!
EONET_11367,Wildfire in Brazil 1022432,,Wildfires,-73.50687973,9/22/24,19:00:00,#VALUE!,#VALUE!,#VALUE!
EONET_11368,Wildfire in Brazil 1022433,,Wildfires,-62.38942017,9/22/24,19:00:00,#VALUE!,#VALUE!,#VALUE!
EONET_11378,Wildfire in Angola 1022438,,Wildfires,14.608779400749173  -10.262265688233072,9/22/24,19:00:00,19,14.608779400749173, -10.262265688233072
EONET_11379,Wildfire in Tanzania 1022439,,Wildfires,31.893413668888044  -5.821751493778383,9/22/24,19:00:00,19,31.893413668888044, -5.821751493778383
EONET_11333,ANIMAL Wildfire  Jefferson  Oklahoma,,Wildfires,-97.946306  34.174278,9/22/24,12:58:00,11,-97.946306, 34.174278
EONET_11266,Wildfire in Australia 1022358,,Wildfires,136.728831525769  -16.10522643502455,9/21/24,19:00:00,17,136.728831525769, -16.10522643502455
EONET_11267,Wildfire in Brazil 1022350,,Wildfires,-56.08598553,9/21/24,19:00:00,#VALUE!,#VALUE!,#VALUE!
EONET_11268,Wildfire in Australia 1022351,,Wildfires,142.52405198881266  -18.24836889638439,9/21/24,19:00:00,19,142.52405198881266, -18.24836889638439
EONET_11278,Wildfire in Tanzania 1022361,,Wildfires,35.14908126888374  -2.520864524817455,9/21/24,19:00:00,18,35.14908126888374, -2.520864524817455
EONET_11279,Wildfire in Australia 1022362,,Wildfires,145.22795083744197  -20.85775227674734,9/21/24,19:00:00,19,145.22795083744197, -20.85775227674734
EONET_11280,Wildfire in Brazil 1022366,,Wildfires,-59.61959383,9/21/24,19:00:00,#VALUE!,#VALUE!,#VALUE!
EONET_11281,Wildfire in Brazil 1022367,,Wildfires,-59.66368322,9/21/24,19:00:00,#VALUE!,#VALUE!,#VALUE!
EONET_11309,Wildfire in Brazil 1022393,,Wildfires,-75.56482054,9/21/24,19:00:00,#VALUE!,#VALUE!,#VALUE!
EONET_11310,Wildfire in Brazil 1022394,,Wildfires,-73.06587764,9/21/24,19:00:00,#VALUE!,#VALUE!,#VALUE!
EONET_11343,Wildfire in Mozambique 1022406,,Wildfires,37.696153074261275  -11.695522152155448,9/21/24,19:00:00,19,37.696153074261275, -11.695522152155448
EONET_11344,Wildfire in Australia 1022418,,Wildfires,131.7444874862926  -14.631624373297665,9/21/24,19:00:00,18,131.7444874862926, -14.631624373297665
EONET_11345,Wildfire in Russian Federation 1022412,,Wildfires,116.99338173666003  54.31374541506148,9/21/24,19:00:00,19,116.99338173666003, 54.31374541506148
EONET_11346,Wildfire in Brazil 1022413,,Wildfires,-63.50972927,9/21/24,19:00:00,#VALUE!,#VALUE!,#VALUE!
EONET_11347,Wildfire in Brazil 1022410,,Wildfires,-63.6660608,9/21/24,19:00:00,#VALUE!,#VALUE!,#VALUE!
EONET_11328,Brigade Wildfire  Coconino  Arizona,Approximately three miles southwest of Flagstaff  Az,Wildfires,-111.720667  35.144617,9/21/24,15:23:00,12,-111.720667, 35.144617
EONET_11244,Wildfire in Brazil 1022337,,Wildfires,-62.83534064,9/20/24,19:00:00,#VALUE!,#VALUE!,#VALUE!
EONET_11245,Wildfire in Brazil 1022338,,Wildfires,-62.73315691,9/20/24,19:00:00,#VALUE!,#VALUE!,#VALUE!
EONET_11269,Wildfire in Brazil 1022359,,Wildfires,-71.00761519,9/20/24,19:00:00,#VALUE!,#VALUE!,#VALUE!
EONET_11270,Wildfire in Bolivia 1022352,,Wildfires,-80.5870398,9/20/24,19:00:00,#VALUE!,#VALUE!,#VALUE!
EONET_11282,Wildfire in Angola 1022363,,Wildfires,14.415613132144346  -8.002939085859119,9/20/24,19:00:00,19,14.415613132144346, -8.002939085859119
EONET_11283,Wildfire in Brazil 1022368,,Wildfires,-58.19343704,9/20/24,19:00:00,#VALUE!,#VALUE!,#VALUE!
EONET_11284,Wildfire in Bolivia 1022369,,Wildfires,-77.47195429,9/20/24,19:00:00,#VALUE!,#VALUE!,#VALUE!
EONET_11285,Wildfire in Brazil 1022370,,Wildfires,-56.2189549,9/20/24,19:00:00,#VALUE!,#VALUE!,#VALUE!
EONET_11286,Wildfire in Australia 1022375,,Wildfires,135.41255721916008  -12.34983224904855,9/20/24,19:00:00,19,135.41255721916008, -12.34983224904855
EONET_11287,Wildfire in Brazil 1022376,,Wildfires,-56.83107139,9/20/24,19:00:00,#VALUE!,#VALUE!,#VALUE!
EONET_11311,Wildfire in Brazil 1022397,,Wildfires,-54.62899449,9/20/24,19:00:00,#VALUE!,#VALUE!,#VALUE!
EONET_11312,Wildfire in The Democratic Republic of Congo 1022387,,Wildfires,14.423424010447947  -5.405660048049151,9/20/24,19:00:00,19,14.423424010447947, -5.405660048049151
EONET_11313,Wildfire in Brazil 1022395,,Wildfires,-53.80333491,9/20/24,19:00:00,#VALUE!,#VALUE!,#VALUE!
EONET_11314,Wildfire in Brazil 1022396,,Wildfires,-59.51715827,9/20/24,19:00:00,#VALUE!,#VALUE!,#VALUE!
EONET_11315,Wildfire in Brazil 1022403,,Wildfires,-57.72940866,9/20/24,19:00:00,#VALUE!,#VALUE!,#VALUE!
EONET_11348,Wildfire in Brazil 1022411,,Wildfires,-61.89652789,9/20/24,19:00:00,#VALUE!,#VALUE!,#VALUE!
EONET_11349,Wildfire in Brazil 1022414,,Wildfires,-70.42813038,9/20/24,19:00:00,#VALUE!,#VALUE!,#VALUE!
EONET_11369,Wildfire in Angola 1022426,,Wildfires,14.316786514102766  -8.29746820258511,9/20/24,19:00:00,19,14.316786514102766, -8.29746820258511
EONET_11334,Thompson Hill Wildfire  Comanche  Oklahoma,,Wildfires,-98.555844  34.706953,9/20/24,11:42:00,11,-98.555844, 34.706953
EONET_11335,BAER BRIDGE Wildfire  Los Angeles  California,,Wildfires,-117.758  34.2305,9/19/24,20:37:00,9,-117.758, 34.2305
EONET_11191,Wildfire in Brazil 1022297,,Wildfires,-68.19678719,9/19/24,19:00:00,#VALUE!,#VALUE!,#VALUE!
EONET_11216,Wildfire in Australia 1022306,,Wildfires,145.52307502323933  -21.01966966186753,9/19/24,19:00:00,19,145.52307502323933, -21.01966966186753
EONET_11246,Wildfire in Angola 1022328,,Wildfires,14.179412136024801  -8.608297275733815,9/19/24,19:00:00,19,14.179412136024801, -8.608297275733815
EONET_11247,Wildfire in Brazil 1022342,,Wildfires,-67.45023785,9/19/24,19:00:00,#VALUE!,#VALUE!,#VALUE!
EONET_11248,Wildfire in Australia 1022343,,Wildfires,145.53627959982842  -21.182604793862872,9/19/24,19:00:00,19,145.53627959982842, -21.182604793862872
EONET_11249,Wildfire in Namibia  Botswana 1022329,,Wildfires,20.95219900736543  -18.80615286302456,9/19/24,19:00:00,18,20.95219900736543, -18.80615286302456
EONET_11271,Wildfire in Brazil 1022353,,Wildfires,-58.12653281,9/19/24,19:00:00,#VALUE!,#VALUE!,#VALUE!
EONET_11272,Wildfire in Brazil 1022354,,Wildfires,-56.21870978,9/19/24,19:00:00,#VALUE!,#VALUE!,#VALUE!
EONET_11273,Wildfire in Brazil 1022355,,Wildfires,-67.33554902,9/19/24,19:00:00,#VALUE!,#VALUE!,#VALUE!
EONET_11288,Wildfire in Angola 1022364,,Wildfires,14.52952630202955  -8.488611219583289,9/19/24,19:00:00,18,14.52952630202955, -8.488611219583289
EONET_11289,Wildfire in Australia 1022377,,Wildfires,147.9701169781222  -25.242780083689773,9/19/24,19:00:00,18,147.9701169781222, -25.242780083689773
EONET_11290,Wildfire in Bolivia 1022378,,Wildfires,-78.71328678,9/19/24,19:00:00,#VALUE!,#VALUE!,#VALUE!
EONET_11291,Wildfire in Bolivia 1022379,,Wildfires,-76.53904515,9/19/24,19:00:00,#VALUE!,#VALUE!,#VALUE!
EONET_11292,Wildfire in Brazil 1022371,,Wildfires,-67.849159,9/19/24,19:00:00,#VALUE!,#VALUE!,#VALUE!
EONET_11293,Wildfire in Brazil 1022372,,Wildfires,-66.45768428,9/19/24,19:00:00,#VALUE!,#VALUE!,#VALUE!
EONET_11294,Wildfire in Brazil 1022373,,Wildfires,-60.21011448,9/19/24,19:00:00,#VALUE!,#VALUE!,#VALUE!
EONET_11316,Wildfire in Angola 1022388,,Wildfires,14.4490324975315  -8.672449464900584,9/19/24,19:00:00,17,14.4490324975315, -8.672449464900584
EONET_11317,Wildfire in Angola 1022389,,Wildfires,14.397475626552652  -8.026697028225932,9/19/24,19:00:00,19,14.397475626552652, -8.026697028225932
EONET_11318,Wildfire in Brazil 1022404,,Wildfires,-56.62918529,9/19/24,19:00:00,#VALUE!,#VALUE!,#VALUE!
EONET_11319,Wildfire in Brazil 1022390,,Wildfires,-74.64246529,9/19/24,19:00:00,#VALUE!,#VALUE!,#VALUE!
EONET_11320,Wildfire in Brazil 1022391,,Wildfires,-74.53089471,9/19/24,19:00:00,#VALUE!,#VALUE!,#VALUE!
EONET_11321,Wildfire in Bolivia 1022398,,Wildfires,-80.94622492,9/19/24,19:00:00,#VALUE!,#VALUE!,#VALUE!
EONET_11322,Wildfire in Bolivia 1022399,,Wildfires,-77.44697344,9/19/24,19:00:00,#VALUE!,#VALUE!,#VALUE!
EONET_11192,Wildfire in Botswana 1022292,,Wildfires,24.856080191230298  -22.792151220786394,9/18/24,19:00:00,19,24.856080191230298, -22.792151220786394
EONET_11217,Wildfire in Argentina 1022307,,Wildfires,-95.43317319,9/18/24,19:00:00,#VALUE!,#VALUE!,#VALUE!
EONET_11218,Wildfire in Brazil 1022308,,Wildfires,-63.01628789,9/18/24,19:00:00,#VALUE!,#VALUE!,#VALUE!
EONET_11219,Wildfire in Australia 1022309,,Wildfires,144.21090802074266  -16.73602133582441,9/18/24,19:00:00,19,144.21090802074266, -16.73602133582441
EONET_11220,Wildfire in Brazil 1022319,,Wildfires,-67.33812828,9/18/24,19:00:00,#VALUE!,#VALUE!,#VALUE!
EONET_11221,Wildfire in Brazil 1022320,,Wildfires,-70.06467375,9/18/24,19:00:00,#VALUE!,#VALUE!,#VALUE!
EONET_11222,Wildfire in Brazil 1022321,,Wildfires,-62.3422909,9/18/24,19:00:00,#VALUE!,#VALUE!,#VALUE!
EONET_11223,Wildfire in Bolivia 1022315,,Wildfires,-79.50188895,9/18/24,19:00:00,#VALUE!,#VALUE!,#VALUE!
EONET_11250,Wildfire in Angola 1022330,,Wildfires,14.791829861106834  -8.724881879449411,9/18/24,19:00:00,19,14.791829861106834, -8.724881879449411
EONET_11251,Wildfire in Angola 1022331,,Wildfires,14.769177122763834  -9.274035420356494,9/18/24,19:00:00,19,14.769177122763834, -9.274035420356494
EONET_11252,Wildfire in Bolivia 1022344,,Wildfires,-78.37010054,9/18/24,19:00:00,#VALUE!,#VALUE!,#VALUE!
EONET_11253,Wildfire in Brazil 1022345,,Wildfires,-64.91988346,9/18/24,19:00:00,#VALUE!,#VALUE!,#VALUE!
EONET_11274,Wildfire in Argentina 1022360,,Wildfires,-96.74308905,9/18/24,19:00:00,#VALUE!,#VALUE!,#VALUE!
EONET_11275,Wildfire in Brazil 1022356,,Wildfires,-53.14169793,9/18/24,19:00:00,#VALUE!,#VALUE!,#VALUE!
EONET_11295,Wildfire in Brazil 1022374,,Wildfires,-73.4902513,9/18/24,19:00:00,#VALUE!,#VALUE!,#VALUE!
EONET_11296,Wildfire in Russian Federation 1022380,,Wildfires,115.41589464725712  53.53378490397416,9/18/24,19:00:00,19,115.41589464725712, 53.53378490397416
EONET_11297,Wildfire in Brazil 1022381,,Wildfires,-62.9753285,9/18/24,19:00:00,#VALUE!,#VALUE!,#VALUE!
EONET_11298,Wildfire in Brazil 1022382,,Wildfires,-59.11187052,9/18/24,19:00:00,#VALUE!,#VALUE!,#VALUE!
EONET_11299,Wildfire in Bolivia 1022383,,Wildfires,-79.18083019,9/18/24,19:00:00,#VALUE!,#VALUE!,#VALUE!
EONET_11300,Wildfire in Brazil 1022384,,Wildfires,-56.5519648,9/18/24,19:00:00,#VALUE!,#VALUE!,#VALUE!
EONET_11301,Wildfire in Australia 1022385,,Wildfires,147.8225084908558  -25.662482377655373,9/18/24,19:00:00,18,147.8225084908558, -25.662482377655373
EONET_11302,Wildfire in Namibia  Botswana 1022365,,Wildfires,20.96798784498907  -18.824916654727918,9/18/24,19:00:00,18,20.96798784498907, -18.824916654727918
EONET_11323,Wildfire in Angola 1022392,,Wildfires,14.59240497009141  -9.185394394811995,9/18/24,19:00:00,18,14.59240497009141, -9.185394394811995
EONET_11185,Livingston Draw Wildfire  Johnson  Wyoming,12.5 miles NE of Powder River Rest Area on Interstate 90,Wildfires,-106.078367  44.386117,9/17/24,22:00:00,12,-106.078367, 44.386117
EONET_11161,Wildfire in Botswana 1022259,,Wildfires,24.055364641160516  -23.55641455019966,9/17/24,19:00:00,19,24.055364641160516, -23.55641455019966
EONET_11162,Wildfire in Botswana 1022273,,Wildfires,25.06764439744342  -22.63332512803287,9/17/24,19:00:00,18,25.06764439744342, -22.63332512803287
EONET_11193,Wildfire in Australia 1022298,,Wildfires,116.2338952872765  -32.149062355309816,9/17/24,19:00:00,18,116.2338952872765, -32.149062355309816
EONET_11194,Wildfire in Botswana 1022279,,Wildfires,24.922602622180662  -22.64419119002867,9/17/24,19:00:00,19,24.922602622180662, -22.64419119002867
EONET_11195,Wildfire in Brazil 1022293,,Wildfires,-61.44293679,9/17/24,19:00:00,#VALUE!,#VALUE!,#VALUE!
EONET_11196,Wildfire in Botswana 1022294,,Wildfires,24.891425593586895  -22.64236104469925,9/17/24,19:00:00,19,24.891425593586895, -22.64236104469925
EONET_11197,Wildfire in South Africa 1022295,,Wildfires,27.885187573680852  -24.01356346024039,9/17/24,19:00:00,19,27.885187573680852, -24.01356346024039
EONET_11198,Wildfire in Argentina 1022288,,Wildfires,-98.18148355,9/17/24,19:00:00,#VALUE!,#VALUE!,#VALUE!
EONET_11199,Wildfire in Argentina 1022289,,Wildfires,-100.7846484,9/17/24,19:00:00,#VALUE!,#VALUE!,#VALUE!
EONET_11200,Wildfire in Botswana 1022280,,Wildfires,24.991983921193967  -22.56930671837376,9/17/24,19:00:00,19,24.991983921193967, -22.56930671837376
EONET_11201,Wildfire in Botswana 1022281,,Wildfires,24.659026490869504  -23.33941495372778,9/17/24,19:00:00,19,24.659026490869504, -23.33941495372778
EONET_11202,Wildfire in Botswana 1022282,,Wildfires,25.162893004711837  -22.75941766918656,9/17/24,19:00:00,19,25.162893004711837, -22.75941766918656
EONET_11224,Wildfire in Brazil 1022322,,Wildfires,-64.15544842,9/17/24,19:00:00,#VALUE!,#VALUE!,#VALUE!
EONET_11225,Wildfire in Brazil 1022310,,Wildfires,-53.58617428,9/17/24,19:00:00,#VALUE!,#VALUE!,#VALUE!
EONET_11226,Wildfire in Australia 1022311,,Wildfires,138.98851268830575  -19.03069441225461,9/17/24,19:00:00,19,138.98851268830575, -19.03069441225461
EONET_11227,Wildfire in Botswana 1022300,,Wildfires,22.405842803011332  -22.79228029224584,9/17/24,19:00:00,19,22.405842803011332, -22.79228029224584
EONET_11228,Wildfire in Australia 1022302,,Wildfires,145.74851124310223  -21.18250949713236,9/17/24,19:00:00,19,145.74851124310223, -21.18250949713236
EONET_11229,Wildfire in Bolivia 1022316,,Wildfires,-77.10591622,9/17/24,19:00:00,#VALUE!,#VALUE!,#VALUE!
EONET_11230,Wildfire in Bolivia 1022317,,Wildfires,-76.88135375,9/17/24,19:00:00,#VALUE!,#VALUE!,#VALUE!
EONET_11254,Wildfire in Brazil 1022346,,Wildfires,-51.20758702,9/17/24,19:00:00,#VALUE!,#VALUE!,#VALUE!
EONET_11255,Wildfire in Bolivia 1022347,,Wildfires,-77.47541013,9/17/24,19:00:00,#VALUE!,#VALUE!,#VALUE!
EONET_11256,Wildfire in Bolivia 1022339,,Wildfires,-77.11812494,9/17/24,19:00:00,#VALUE!,#VALUE!,#VALUE!
EONET_11257,Wildfire in Brazil 1022340,,Wildfires,-73.63093535,9/17/24,19:00:00,#VALUE!,#VALUE!,#VALUE!
EONET_11258,Wildfire in Angola 1022332,,Wildfires,18.025553588512427  -14.537766293400525,9/17/24,19:00:00,19,18.025553588512427, -14.537766293400525
EONET_11276,Wildfire in Brazil 1022357,,Wildfires,-62.86029933,9/17/24,19:00:00,#VALUE!,#VALUE!,#VALUE!
EONET_11277,Wildfire in Australia 1022349,,Wildfires,145.15152708893424  -16.517999729172633,9/17/24,19:00:00,19,145.15152708893424, -16.517999729172633
EONET_11107,Wildfire in Portugal 1022225,,Wildfires,-7.89007809194233  40.8671388514953,9/16/24,19:00:00,18,-7.89007809194233, 40.8671388514953
EONET_11108,Wildfire in Portugal 1022226,,Wildfires,-8.022630999544795  41.18858553443058,9/16/24,19:00:00,19,-8.022630999544795, 41.18858553443058
EONET_11138,Wildfire in Brazil 1022247,,Wildfires,-60.12273597,9/16/24,19:00:00,#VALUE!,#VALUE!,#VALUE!
EONET_11139,Wildfire in Botswana 1022231,,Wildfires,25.011589071217173  -22.84532137834619,9/16/24,19:00:00,19,25.011589071217173, -22.84532137834619
EONET_11163,Wildfire in Portugal 1022260,,Wildfires,-7.692829109407524  41.432296723441276,9/16/24,19:00:00,19,-7.692829109407524, 41.432296723441276
EONET_11164,Wildfire in Botswana 1022261,,Wildfires,22.227895078987803  -23.161922416705558,9/16/24,19:00:00,19,22.227895078987803, -23.161922416705558
EONET_11165,Wildfire in Brazil 1022276,,Wildfires,-65.39607754,9/16/24,19:00:00,#VALUE!,#VALUE!,#VALUE!
EONET_11166,Wildfire in Australia 1022277,,Wildfires,127.87849506461815  -18.94221717427535,9/16/24,19:00:00,19,127.87849506461815, -18.94221717427535
EONET_11203,Wildfire in Botswana 1022283,,Wildfires,22.017648153681854  -23.44636198393823,9/16/24,19:00:00,19,22.017648153681854, -23.44636198393823
EONET_11204,Wildfire in Australia 1022290,,Wildfires,127.83979528566206  -18.95565975027781,9/16/24,19:00:00,19,127.83979528566206, -18.95565975027781
EONET_11205,Wildfire in Botswana 1022296,,Wildfires,24.012462081852625  -23.67168097875405,9/16/24,19:00:00,19,24.012462081852625, -23.67168097875405
EONET_11231,Wildfire in Bolivia 1022318,,Wildfires,-76.7814452,9/16/24,19:00:00,#VALUE!,#VALUE!,#VALUE!
EONET_11232,Wildfire in Bolivia 1022312,,Wildfires,-77.04674017,9/16/24,19:00:00,#VALUE!,#VALUE!,#VALUE!
EONET_11233,Wildfire in Brazil 1022314,,Wildfires,-53.78858383,9/16/24,19:00:00,#VALUE!,#VALUE!,#VALUE!
EONET_11234,Wildfire in Bolivia 1022323,,Wildfires,-75.92568328,9/16/24,19:00:00,#VALUE!,#VALUE!,#VALUE!
EONET_11235,Wildfire in Brazil 1022324,,Wildfires,-60.65795146,9/16/24,19:00:00,#VALUE!,#VALUE!,#VALUE!
EONET_11236,Wildfire in Bolivia 1022313,,Wildfires,-76.7688391,9/16/24,19:00:00,#VALUE!,#VALUE!,#VALUE!
EONET_11259,Wildfire in Brazil 1022333,,Wildfires,-63.76649626,9/16/24,19:00:00,#VALUE!,#VALUE!,#VALUE!
EONET_11260,Wildfire in Angola 1022334,,Wildfires,18.00584810090343  -15.558793245231744,9/16/24,19:00:00,18,18.00584810090343, -15.558793245231744
EONET_11261,Wildfire in Angola 1022335,,Wildfires,17.394104715237944  -13.84567336399707,9/16/24,19:00:00,19,17.394104715237944, -13.84567336399707
EONET_11262,Wildfire in Australia 1022341,,Wildfires,127.88596935900253  -18.856830344309742,9/16/24,19:00:00,19,127.88596935900253, -18.856830344309742
EONET_11263,Wildfire in Australia 1022348,,Wildfires,136.7197154844389  -16.992582905607073,9/16/24,19:00:00,18,136.7197154844389, -16.992582905607073
EONET_11187,Prairie Canyon Wildfire  Grand  Utah,,Wildfires,-109.064667  39.233833,9/16/24,17:11:00,12,-109.064667, 39.233833
EONET_11102,Homestead Wildfire  Sheridan  Montana,Near the community of Homestead,Wildfires,-104.567  48.4803,9/16/24,10:07:00,9,-104.567, 48.4803
EONET_11140,Wildfire in Portugal 1022232,,Wildfires,-7.669054251134336  40.64492818573336,9/15/24,19:00:00,19,-7.669054251134336, 40.64492818573336
EONET_11141,Wildfire in Portugal 1022233,,Wildfires,-7.926105550902504  40.4507847456896,9/15/24,19:00:00,19,-7.926105550902504, 40.4507847456896
EONET_11142,Wildfire in Namibia 1022234,,Wildfires,20.199198308376953  -19.179845716748748,9/15/24,19:00:00,19,20.199198308376953, -19.179845716748748
EONET_11143,Wildfire in Brazil 1022248,,Wildfires,-62.11629818,9/15/24,19:00:00,#VALUE!,#VALUE!,#VALUE!
EONET_11144,Wildfire in Portugal 1022250,,Wildfires,-8.039146482038312  41.067261152003276,9/15/24,19:00:00,19,-8.039146482038312, 41.067261152003276
EONET_11167,Wildfire in Bolivia 1022274,,Wildfires,-78.40282966,9/15/24,19:00:00,#VALUE!,#VALUE!,#VALUE!
EONET_11168,Wildfire in Brazil 1022275,,Wildfires,-60.31478197,9/15/24,19:00:00,#VALUE!,#VALUE!,#VALUE!
EONET_11169,Wildfire in Brazil 1022272,,Wildfires,-52.34417659,9/15/24,19:00:00,#VALUE!,#VALUE!,#VALUE!
EONET_11170,Wildfire in Brazil 1022268,,Wildfires,-75.15865329,9/15/24,19:00:00,#VALUE!,#VALUE!,#VALUE!
EONET_11171,Wildfire in Brazil 1022269,,Wildfires,-60.01267948,9/15/24,19:00:00,#VALUE!,#VALUE!,#VALUE!
EONET_11172,Wildfire in Brazil 1022270,,Wildfires,-54.60468215,9/15/24,19:00:00,#VALUE!,#VALUE!,#VALUE!
EONET_11206,Wildfire in Australia 1022299,,Wildfires,122.36627994809368  -17.208015424542385,9/15/24,19:00:00,19,122.36627994809368, -17.208015424542385
EONET_11207,Wildfire in Brazil 1022291,,Wildfires,-62.75547731,9/15/24,19:00:00,#VALUE!,#VALUE!,#VALUE!
EONET_11208,Wildfire in Mozambique 1022284,,Wildfires,38.93216796559732  -16.023981715155696,9/15/24,19:00:00,18,38.93216796559732, -16.023981715155696
EONET_11237,Wildfire in Mozambique 1022303,,Wildfires,38.53145344431918  -16.565207318647776,9/15/24,19:00:00,18,38.53145344431918, -16.565207318647776
EONET_11238,Wildfire in Angola 1022304,,Wildfires,17.72621233891542  -15.976018010784154,9/15/24,19:00:00,18,17.72621233891542, -15.976018010784154
EONET_11239,Wildfire in Brazil 1022325,,Wildfires,-59.60426437,9/15/24,19:00:00,#VALUE!,#VALUE!,#VALUE!
EONET_11240,Wildfire in Australia 1022326,,Wildfires,149.24833327174517  -25.304928190785837,9/15/24,19:00:00,19,149.24833327174517, -25.304928190785837
EONET_11241,Wildfire in Russian Federation 1022327,,Wildfires,129.24158377859737  51.19152013080802,9/15/24,19:00:00,19,129.24158377859737, 51.19152013080802
EONET_11264,Wildfire in Mozambique 1022336,,Wildfires,36.84917612461282  -12.400641342543619,9/15/24,19:00:00,18,36.84917612461282, -12.400641342543619
EONET_11109,Wildfire in Portugal 1022227,,Wildfires,-8.416357945283972  40.70064309357382,9/14/24,19:00:00,19,-8.416357945283972, 40.70064309357382
EONET_11110,Wildfire in Zimbabwe 1022206,,Wildfires,32.76004810135442  -19.9750248917823,9/14/24,19:00:00,18,32.76004810135442, -19.9750248917823
EONET_11111,Wildfire in Botswana 1022207,,Wildfires,21.833854707283862  -18.55305209702975,9/14/24,19:00:00,19,21.833854707283862, -18.55305209702975
EONET_11112,Wildfire in Bolivia 1022222,,Wildfires,-77.01829711,9/14/24,19:00:00,#VALUE!,#VALUE!,#VALUE!
EONET_11145,Wildfire in Ukraine  Russian Federation 1022230,,Wildfires,39.62468631717243  48.67565434079184,9/14/24,19:00:00,18,39.62468631717243, 48.67565434079184
EONET_11173,Wildfire in Mozambique 1022255,,Wildfires,36.92056364633671  -15.6981453807345,9/14/24,19:00:00,18,36.92056364633671, -15.6981453807345
EONET_11174,Wildfire in Tanzania 1022254,,Wildfires,34.316466216727136  -7.717119544848672,9/14/24,19:00:00,19,34.316466216727136, -7.717119544848672
EONET_11209,Wildfire in Mozambique 1022278,,Wildfires,36.56741802450088  -16.019036018040257,9/14/24,19:00:00,18,36.56741802450088, -16.019036018040257
EONET_11242,Wildfire in Mozambique 1022305,,Wildfires,39.50802333575937  -15.248630846315592,9/14/24,19:00:00,18,39.50802333575937, -15.248630846315592
EONET_11243,Wildfire in Mozambique 1022301,,Wildfires,38.95628549817255  -16.791389405929348,9/14/24,19:00:00,18,38.95628549817255, -16.791389405929348
EONET_11059,Wildfire in Brazil 1022172,,Wildfires,-63.69407471,9/13/24,19:00:00,#VALUE!,#VALUE!,#VALUE!
EONET_11060,Wildfire in Australia 1022173,,Wildfires,127.38581075652212  -18.555261023661096,9/13/24,19:00:00,19,127.38581075652212, -18.555261023661096
EONET_11079,Wildfire in Australia 1022188,,Wildfires,128.11036909306816  -17.352095306394563,9/13/24,19:00:00,19,128.11036909306816, -17.352095306394563
EONET_11080,Wildfire in Brazil 1022195,,Wildfires,-61.38475387,9/13/24,19:00:00,#VALUE!,#VALUE!,#VALUE!
EONET_11113,Wildfire in Brazil 1022223,,Wildfires,-59.2642973,9/13/24,19:00:00,#VALUE!,#VALUE!,#VALUE!
EONET_11114,Wildfire in Namibia 1022209,,Wildfires,19.802339517802217  -19.195386870040732,9/13/24,19:00:00,19,19.802339517802217, -19.195386870040732
EONET_11115,Wildfire in Zambia 1022208,,Wildfires,30.74298693105852  -9.242898058502448,9/13/24,19:00:00,18,30.74298693105852, -9.242898058502448
EONET_11116,Wildfire in Zambia 1022210,,Wildfires,23.26505512599168  -17.284139849107206,9/13/24,19:00:00,18,23.26505512599168, -17.284139849107206
EONET_11117,Wildfire in Tanzania 1022199,,Wildfires,36.10048409398839  -3.8326274739496378,9/13/24,19:00:00,18,36.10048409398839, -3.8326274739496378
EONET_11146,Wildfire in Zambia 1022236,,Wildfires,31.55477186270031  -13.010194212051594,9/13/24,19:00:00,18,31.55477186270031, -13.010194212051594
EONET_11147,Wildfire in Portugal 1022251,,Wildfires,-8.433412912443131  41.10093237932577,9/13/24,19:00:00,19,-8.433412912443131, 41.10093237932577
EONET_11148,Wildfire in Brazil 1022249,,Wildfires,-65.79914983,9/13/24,19:00:00,#VALUE!,#VALUE!,#VALUE!
EONET_11149,Wildfire in Portugal 1022235,,Wildfires,-7.897557084370321  41.55032025411793,9/13/24,19:00:00,19,-7.897557084370321, 41.55032025411793
EONET_11150,Wildfire in The Democratic Republic of Congo 1022237,,Wildfires,30.202812759128445  -7.776502793166148,9/13/24,19:00:00,19,30.202812759128445, -7.776502793166148
EONET_11175,Wildfire in Brazil 1022271,,Wildfires,-55.95885126,9/13/24,19:00:00,#VALUE!,#VALUE!,#VALUE!
EONET_11176,Wildfire in Mozambique 1022256,,Wildfires,37.987321439754666  -15.923146972705318,9/13/24,19:00:00,19,37.987321439754666, -15.923146972705318
EONET_11177,Wildfire in Mozambique 1022262,,Wildfires,35.80435050718611  -16.59565296945026,9/13/24,19:00:00,18,35.80435050718611, -16.59565296945026
EONET_11210,Wildfire in Angola 1022285,,Wildfires,16.208173184645492  -15.9690522106729,9/13/24,19:00:00,19,16.208173184645492, -15.9690522106729
EONET_11211,Wildfire in Mozambique 1022286,,Wildfires,37.158916773581645  -16.404400633438026,9/13/24,19:00:00,19,37.158916773581645, -16.404400633438026
EONET_11212,Wildfire in Mozambique 1022287,,Wildfires,38.07852830345091  -16.596436092843675,9/13/24,19:00:00,18,38.07852830345091, -16.596436092843675
EONET_11104,Manderson Wildfire  Oglala Lakota  South Dakota,7 Miles North of Manderson  1/2 mile East on Gooseneck Road (BIA33),Wildfires,-102.4622222  43.3519444,9/13/24,17:26:00,13,-102.4622222, 43.3519444
EONET_11103,La Bonte Wildfire  Converse  Wyoming,20 miles south of Douglas,Wildfires,-105.527833  42.4295,9/13/24,10:01:00,12,-105.527833, 42.4295
EONET_11021,Manderson Wildfire  Oglala Lakota  South Dakota,,Wildfires,-102.4504253  43.35482406,9/12/24,21:57:00,13,-102.4504253, 43.35482406
EONET_11028,Wildfire in Bolivia 1022139,,Wildfires,-77.9289925,9/12/24,19:00:00,#VALUE!,#VALUE!,#VALUE!
EONET_11029,Wildfire in Brazil 1022146,,Wildfires,-63.25897604,9/12/24,19:00:00,#VALUE!,#VALUE!,#VALUE!
EONET_11030,Wildfire in Brazil 1022147,,Wildfires,-58.81377681,9/12/24,19:00:00,#VALUE!,#VALUE!,#VALUE!
EONET_11061,Wildfire in Australia 1022166,,Wildfires,131.4610622404981  -15.381740424764452,9/12/24,19:00:00,18,131.4610622404981, -15.381740424764452
EONET_11062,Wildfire in Angola 1022171,,Wildfires,17.224337208643124  -8.593782835779063,9/12/24,19:00:00,19,17.224337208643124, -8.593782835779063
EONET_11063,Wildfire in Bolivia 1022165,,Wildfires,-79.23220448,9/12/24,19:00:00,#VALUE!,#VALUE!,#VALUE!
EONET_11081,Wildfire in Tanzania 1022177,,Wildfires,37.14920556017774  -8.470186285663244,9/12/24,19:00:00,18,37.14920556017774, -8.470186285663244
EONET_11082,Wildfire in Tanzania 1022178,,Wildfires,34.26053043737095  -9.281115241665749,9/12/24,19:00:00,18,34.26053043737095, -9.281115241665749
EONET_11083,Wildfire in Namibia 1022179,,Wildfires,20.191521596343826  -18.897813611577824,9/12/24,19:00:00,19,20.191521596343826, -18.897813611577824
EONET_11084,Wildfire in Australia 1022196,,Wildfires,147.46483148129883  -25.218678528060128,9/12/24,19:00:00,19,147.46483148129883, -25.218678528060128
EONET_11085,Wildfire in Russian Federation 1022197,,Wildfires,117.50913385789947  51.17965741909184,9/12/24,19:00:00,19,117.50913385789947, 51.17965741909184
EONET_11086,Wildfire in Brazil 1022189,,Wildfires,-69.98420865,9/12/24,19:00:00,#VALUE!,#VALUE!,#VALUE!
EONET_11087,Wildfire in Brazil 1022190,,Wildfires,-66.21006805,9/12/24,19:00:00,#VALUE!,#VALUE!,#VALUE!
EONET_11088,Wildfire in Brazil 1022191,,Wildfires,-63.48662243,9/12/24,19:00:00,#VALUE!,#VALUE!,#VALUE!
EONET_11089,Wildfire in Zambia 1022180,,Wildfires,31.81636920080132  -10.9072680929278,9/12/24,19:00:00,18,31.81636920080132, -10.9072680929278
EONET_11118,Wildfire in Mozambique 1022200,,Wildfires,36.494606697466175  -16.910000905822486,9/12/24,19:00:00,19,36.494606697466175, -16.910000905822486
EONET_11119,Wildfire in Mozambique 1022201,,Wildfires,36.63189652154784  -16.970304788833225,9/12/24,19:00:00,18,36.63189652154784, -16.970304788833225
EONET_11120,Wildfire in Mozambique 1022211,,Wildfires,36.504502471914016  -16.917368348511655,9/12/24,19:00:00,19,36.504502471914016, -16.917368348511655
EONET_11121,Wildfire in Angola 1022212,,Wildfires,20.45290768072899  -14.718219144692311,9/12/24,19:00:00,18,20.45290768072899, -14.718219144692311
EONET_11122,Wildfire in Brazil 1022228,,Wildfires,-57.75765225,9/12/24,19:00:00,#VALUE!,#VALUE!,#VALUE!
EONET_11123,Wildfire in Angola 1022224,,Wildfires,20.447363440384294  -14.726621042049132,9/12/24,19:00:00,19,20.447363440384294, -14.726621042049132
EONET_11151,Wildfire in Tanzania 1022238,,Wildfires,31.840879015134426  -5.823533503794463,9/12/24,19:00:00,19,31.840879015134426, -5.823533503794463
EONET_11152,Wildfire in Zambia 1022240,,Wildfires,29.735784445469967  -10.595997343751023,9/12/24,19:00:00,19,29.735784445469967, -10.595997343751023
EONET_11153,Wildfire in Brazil 1022253,,Wildfires,-73.02737064,9/12/24,19:00:00,#VALUE!,#VALUE!,#VALUE!
EONET_11154,Wildfire in The Democratic Republic of Congo 1022239,,Wildfires,30.16923829876473  -7.563892808947745,9/12/24,19:00:00,18,30.16923829876473, -7.563892808947745
EONET_11155,Wildfire in Mozambique 1022241,,Wildfires,37.33055478451029  -16.45745892615216,9/12/24,19:00:00,18,37.33055478451029, -16.45745892615216
EONET_11156,Wildfire in Mozambique 1022242,,Wildfires,37.83196778534744  -16.809225189483126,9/12/24,19:00:00,18,37.83196778534744, -16.809225189483126
EONET_11157,Wildfire in Mozambique 1022243,,Wildfires,38.66081375722017  -16.505258406934995,9/12/24,19:00:00,18,38.66081375722017, -16.505258406934995
EONET_11158,Wildfire in The Democratic Republic of Congo 1022244,,Wildfires,14.435756974792127  -5.362646906308962,9/12/24,19:00:00,19,14.435756974792127, -5.362646906308962
EONET_11178,Wildfire in Mozambique 1022263,,Wildfires,36.97331848223459  -17.27291471675322,9/12/24,19:00:00,18,36.97331848223459, -17.27291471675322
EONET_11179,Wildfire in Mozambique 1022264,,Wildfires,37.355888157536555  -11.860480180839533,9/12/24,19:00:00,19,37.355888157536555, -11.860480180839533
EONET_11180,Wildfire in Mozambique 1022265,,Wildfires,35.25878811985664  -18.355515023525513,9/12/24,19:00:00,18,35.25878811985664, -18.355515023525513
EONET_11181,Wildfire in Angola 1022266,,Wildfires,14.790753969150218  -6.94276848453463,9/12/24,19:00:00,19,14.790753969150218, -6.94276848453463
EONET_11182,Wildfire in Mozambique 1022267,,Wildfires,38.926775909317506  -15.408456884079543,9/12/24,19:00:00,19,38.926775909317506, -15.408456884079543
EONET_11183,Wildfire in Mozambique 1022257,,Wildfires,36.89968423749561  -17.396058245639605,9/12/24,19:00:00,18,36.89968423749561, -17.396058245639605
EONET_11184,Wildfire in Mozambique 1022258,,Wildfires,36.89176420168242  -16.49429260596623,9/12/24,19:00:00,18,36.89176420168242, -16.49429260596623
EONET_11025,Cedar Creek Wildfire  Sioux  North Dakota,,Wildfires,-101.2336063  46.0864627,9/12/24,18:29:00,13,-101.2336063, 46.0864627
EONET_11023,Power Dam Road Wildfire  Mellette  South Dakota,1/2 mile west of White River  SD,Wildfires,-100.7616667  43.5777778,9/12/24,15:05:00,13,-100.7616667, 43.5777778
EONET_11016,Bear Creek Wildfire  Albany  Wyoming,,Wildfires,-105.458417  41.688278,9/12/24,14:31:00,12,-105.458417, 41.688278
EONET_10903,Wildfire in Brazil 1022103,,Wildfires,-68.17019775,9/11/24,19:00:00,#VALUE!,#VALUE!,#VALUE!
EONET_10904,Wildfire in Australia 1022116,,Wildfires,127.48530621013363  -18.10840264614425,9/11/24,19:00:00,19,127.48530621013363, -18.10840264614425
EONET_10905,Wildfire in Australia 1022117,,Wildfires,138.93658737595197  -19.178479899888508,9/11/24,19:00:00,19,138.93658737595197, -19.178479899888508
EONET_10906,Wildfire in Brazil 1022118,,Wildfires,-68.63663325,9/11/24,19:00:00,#VALUE!,#VALUE!,#VALUE!
EONET_10907,Wildfire in Brazil 1022119,,Wildfires,-59.16202879,9/11/24,19:00:00,#VALUE!,#VALUE!,#VALUE!
EONET_10908,Wildfire in Brazil 1022012,,Wildfires,-69.31511968,9/11/24,19:00:00,#VALUE!,#VALUE!,#VALUE!
EONET_10909,Wildfire in Australia 1022013,,Wildfires,127.61081848851575  -18.386477088091475,9/11/24,19:00:00,19,127.61081848851575, -18.386477088091475
EONET_11031,Wildfire in Brazil 1022145,,Wildfires,-58.42472981,9/11/24,19:00:00,#VALUE!,#VALUE!,#VALUE!
EONET_11032,Wildfire in Australia 1022148,,Wildfires,131.81934952874772  -13.532798274655413,9/11/24,19:00:00,19,131.81934952874772, -13.532798274655413
EONET_11033,Wildfire in Australia 1022149,,Wildfires,130.59249479972186  -15.806535554731912,9/11/24,19:00:00,19,130.59249479972186, -15.806535554731912
EONET_11034,Wildfire in Brazil 1022150,,Wildfires,-61.63794261,9/11/24,19:00:00,#VALUE!,#VALUE!,#VALUE!
EONET_11035,Wildfire in Australia 1022151,,Wildfires,131.88839386766008  -14.12488866999124,9/11/24,19:00:00,19,131.88839386766008, -14.12488866999124
EONET_11036,Wildfire in Australia 1022140,,Wildfires,138.9009872525494  -19.096431482681947,9/11/24,19:00:00,18,138.9009872525494, -19.096431482681947
EONET_11037,Wildfire in Brazil 1022141,,Wildfires,-74.43224299,9/11/24,19:00:00,#VALUE!,#VALUE!,#VALUE!
EONET_11064,Wildfire in Tanzania 1022157,,Wildfires,34.47165014240843  -7.810573443146354,9/11/24,19:00:00,18,34.47165014240843, -7.810573443146354
EONET_11065,Wildfire in Brazil 1022167,,Wildfires,-61.87470079,9/11/24,19:00:00,#VALUE!,#VALUE!,#VALUE!
EONET_11066,Wildfire in Brazil 1022174,,Wildfires,-70.84318055,9/11/24,19:00:00,#VALUE!,#VALUE!,#VALUE!
EONET_11067,Wildfire in Brazil 1022175,,Wildfires,-63.0531444,9/11/24,19:00:00,#VALUE!,#VALUE!,#VALUE!
EONET_11068,Wildfire in Botswana 1022156,,Wildfires,21.989526755888367  -23.245878815742273,9/11/24,19:00:00,19,21.989526755888367, -23.245878815742273
EONET_11090,Wildfire in Botswana 1022181,,Wildfires,24.06419835334053  -23.78982880816295,9/11/24,19:00:00,18,24.06419835334053, -23.78982880816295
EONET_11091,Wildfire in Zambia 1022182,,Wildfires,30.407650735443937  -9.91101848645981,9/11/24,19:00:00,19,30.407650735443937, -9.91101848645981
EONET_11092,Wildfire in Australia 1022192,,Wildfires,130.51990423013538  -15.690862047367773,9/11/24,19:00:00,19,130.51990423013538, -15.690862047367773
EONET_11093,Wildfire in Brazil 1022193,,Wildfires,-54.5945719,9/11/24,19:00:00,#VALUE!,#VALUE!,#VALUE!
EONET_11094,Wildfire in Australia 1022198,,Wildfires,116.2476413996189  -32.6940082857453,9/11/24,19:00:00,18,116.2476413996189, -32.6940082857453
EONET_11124,Wildfire in Bolivia 1022229,,Wildfires,-77.10406967,9/11/24,19:00:00,#VALUE!,#VALUE!,#VALUE!
EONET_11125,Wildfire in Mozambique  Tanzania 1022213,,Wildfires,36.57870948701753  -11.771667823352724,9/11/24,19:00:00,18,36.57870948701753, -11.771667823352724
EONET_11126,Wildfire in Mozambique 1022214,,Wildfires,36.76648282649727  -17.23154136028001,9/11/24,19:00:00,18,36.76648282649727, -17.23154136028001
EONET_11127,Wildfire in Mozambique 1022215,,Wildfires,38.20684975092572  -16.687934263293208,9/11/24,19:00:00,18,38.20684975092572, -16.687934263293208
EONET_11128,Wildfire in Mozambique 1022216,,Wildfires,38.83706441011031  -16.6267143180164,9/11/24,19:00:00,18,38.83706441011031, -16.6267143180164
EONET_11129,Wildfire in Mozambique 1022203,,Wildfires,38.78007784142217  -15.330771419511771,9/11/24,19:00:00,18,38.78007784142217, -15.330771419511771
EONET_11130,Wildfire in Mozambique 1022204,,Wildfires,38.332420194386984  -15.64476935257637,9/11/24,19:00:00,19,38.332420194386984, -15.64476935257637
EONET_11131,Wildfire in Mozambique 1022217,,Wildfires,33.87932113585527  -18.880663933778163,9/11/24,19:00:00,18,33.87932113585527, -18.880663933778163
EONET_11132,Wildfire in Mozambique 1022218,,Wildfires,34.86582653747228  -18.4268081503753,9/11/24,19:00:00,18,34.86582653747228, -18.4268081503753
EONET_11133,Wildfire in Mozambique 1022202,,Wildfires,33.1592768364504  -18.90243305953086,9/11/24,19:00:00,17,33.1592768364504, -18.90243305953086
EONET_11159,Wildfire in Mozambique 1022245,,Wildfires,38.108872106282696  -16.44899921259896,9/11/24,19:00:00,19,38.108872106282696, -16.44899921259896
EONET_11160,Wildfire in Mozambique 1022246,,Wildfires,37.38216579760684  -16.20366634642521,9/11/24,19:00:00,18,37.38216579760684, -16.20366634642521
EONET_11024,Short Draw Wildfire  Campbell  Wyoming,30 miles North of Gillette WY,Wildfires,-105.61705  44.955167,9/11/24,16:53:00,11,-105.61705, 44.955167
EONET_10910,Wildfire in Brazil 1022104,,Wildfires,-68.87032564,9/10/24,19:00:00,#VALUE!,#VALUE!,#VALUE!
EONET_10911,Wildfire in Angola 1022100,,Wildfires,14.727642743486888  -15.763414438455111,9/10/24,19:00:00,19,14.727642743486888, -15.763414438455111
EONET_10912,Wildfire in Brazil 1022120,,Wildfires,-75.26048413,9/10/24,19:00:00,#VALUE!,#VALUE!,#VALUE!
EONET_10913,Wildfire in Australia 1022121,,Wildfires,135.1717817556437  -20.43362540335411,9/10/24,19:00:00,18,135.1717817556437, -20.43362540335411
EONET_10914,Wildfire in Brazil 1022105,,Wildfires,-59.67886684,9/10/24,19:00:00,#VALUE!,#VALUE!,#VALUE!
EONET_10915,Wildfire in Brazil 1022106,,Wildfires,-75.55629293,9/10/24,19:00:00,#VALUE!,#VALUE!,#VALUE!
EONET_10916,Wildfire in Brazil 1022014,,Wildfires,-59.27974191,9/10/24,19:00:00,#VALUE!,#VALUE!,#VALUE!
EONET_10917,Wildfire in Australia 1022015,,Wildfires,133.9388433410664  -15.397523260658268,9/10/24,19:00:00,18,133.9388433410664, -15.397523260658268
EONET_11038,Wildfire in The Democratic Republic of Congo 1022132,,Wildfires,29.6582032566011  -7.685631086210415,9/10/24,19:00:00,17,29.6582032566011, -7.685631086210415
EONET_11039,Wildfire in Zambia 1022127,,Wildfires,31.713518625966877  -10.726052616519848,9/10/24,19:00:00,19,31.713518625966877, -10.726052616519848
EONET_11040,Wildfire in Brazil 1022125,,Wildfires,-53.03447597,9/10/24,19:00:00,#VALUE!,#VALUE!,#VALUE!
EONET_11041,Wildfire in Brazil 1022126,,Wildfires,-59.43431613,9/10/24,19:00:00,#VALUE!,#VALUE!,#VALUE!
EONET_11069,Wildfire in Mozambique 1022158,,Wildfires,33.14774345189008  -22.951002253434996,9/10/24,19:00:00,18,33.14774345189008, -22.951002253434996
EONET_11070,Wildfire in Mozambique 1022159,,Wildfires,37.75863671254137  -12.429366037165837,9/10/24,19:00:00,18,37.75863671254137, -12.429366037165837
EONET_11071,Wildfire in Tanzania 1022160,,Wildfires,30.85421805734147  -4.855850949678232,9/10/24,19:00:00,18,30.85421805734147, -4.855850949678232
EONET_11072,Wildfire in Brazil 1022168,,Wildfires,-62.01308663,9/10/24,19:00:00,#VALUE!,#VALUE!,#VALUE!
EONET_11095,Wildfire in Brazil 1022194,,Wildfires,-71.5636851,9/10/24,19:00:00,#VALUE!,#VALUE!,#VALUE!
EONET_11096,Wildfire in Mozambique 1022176,,Wildfires,39.840653731252594  -15.760887631397692,9/10/24,19:00:00,19,39.840653731252594, -15.760887631397692
EONET_11097,Wildfire in Tanzania 1022183,,Wildfires,31.770994719042307  -5.975427025084162,9/10/24,19:00:00,19,31.770994719042307, -5.975427025084162
EONET_11098,Wildfire in Mozambique 1022184,,Wildfires,38.16928654752468  -16.174478714047645,9/10/24,19:00:00,18,38.16928654752468, -16.174478714047645
EONET_11099,Wildfire in Zambia 1022185,,Wildfires,31.667368502360386  -11.117271055367986,9/10/24,19:00:00,19,31.667368502360386, -11.117271055367986
EONET_11134,Wildfire in Mozambique 1022205,,Wildfires,39.140138439284264  -15.521424089293669,9/10/24,19:00:00,19,39.140138439284264, -15.521424089293669
EONET_11135,Wildfire in Zambia 1022219,,Wildfires,30.770387799692354  -8.801812726487526,9/10/24,19:00:00,19,30.770387799692354, -8.801812726487526
EONET_11136,Wildfire in Mozambique 1022220,,Wildfires,36.75830489577916  -16.95146698120279,9/10/24,19:00:00,18,36.75830489577916, -16.95146698120279
EONET_11137,Wildfire in Zambia 1022221,,Wildfires,31.389739808758378  -12.898182546553468,9/10/24,19:00:00,19,31.389739808758378, -12.898182546553468
EONET_11022,Point Wildfire  Maricopa  Arizona,Cave Creek 41 Rd/New River Wash,Wildfires,-112.042139  33.963917,9/10/24,18:42:00,12,-112.042139, 33.963917
EONET_11020,Siphon Wildfire  Pinal  Arizona,Siphon Draw and Flat Iron of Superstition Wilderness,Wildfires,-111.441367  33.43905,9/10/24,16:42:00,12,-111.441367, 33.43905
EONET_11026,DRY CREEK Wildfire  Gilliam  Oregon,,Wildfires,-120.015819  45.351261,9/10/24,11:51:00,12,-120.015819, 45.351261
EONET_10918,Wildfire in Angola 1022018,,Wildfires,17.611234939393924  -16.76935303320321,9/9/24,19:00:00,19,17.611234939393924, -16.76935303320321
EONET_10919,Wildfire in Bolivia 1022020,,Wildfires,-78.8637025,9/9/24,19:00:00,#VALUE!,#VALUE!,#VALUE!
EONET_10920,Wildfire in Brazil 1022016,,Wildfires,-58.41707938,9/9/24,19:00:00,#VALUE!,#VALUE!,#VALUE!
EONET_10921,Wildfire in Brazil 1022017,,Wildfires,-72.31595636,9/9/24,19:00:00,#VALUE!,#VALUE!,#VALUE!
EONET_10922,Wildfire in Australia 1022019,,Wildfires,141.86333681738066  -12.910750188705206,9/9/24,19:00:00,19,141.86333681738066, -12.910750188705206
EONET_10923,Wildfire in Australia 1022021,,Wildfires,145.39551323530242  -21.197938293623707,9/9/24,19:00:00,19,145.39551323530242, -21.197938293623707
EONET_10924,Wildfire in United States 1022022,,Wildfires,-117.51567612656906  33.66718647422531,9/9/24,19:00:00,20,-117.51567612656906, 33.66718647422531
EONET_10925,Wildfire in Brazil 1022107,,Wildfires,-77.30035973,9/9/24,19:00:00,#VALUE!,#VALUE!,#VALUE!
EONET_10926,Wildfire in Brazil 1022108,,Wildfires,-52.8239737,9/9/24,19:00:00,#VALUE!,#VALUE!,#VALUE!
EONET_10927,Wildfire in Brazil 1022122,,Wildfires,-66.02436918,9/9/24,19:00:00,#VALUE!,#VALUE!,#VALUE!
EONET_10928,Wildfire in Zambia 1022101,,Wildfires,31.748767311797256  -10.613349771681634,9/9/24,19:00:00,19,31.748767311797256, -10.613349771681634
EONET_10929,Wildfire in Australia 1022113,,Wildfires,145.46349680948697  -21.298716281084886,9/9/24,19:00:00,19,145.46349680948697, -21.298716281084886
EONET_11042,Wildfire in Zambia 1022128,,Wildfires,31.05105023773237  -9.740871036808448,9/9/24,19:00:00,18,31.05105023773237, -9.740871036808448
EONET_11043,Wildfire in Zambia 1022129,,Wildfires,29.980479242770432  -10.019512180768185,9/9/24,19:00:00,19,29.980479242770432, -10.019512180768185
EONET_11044,Wildfire in Tanzania 1022130,,Wildfires,31.785942688154908  -6.173307774655821,9/9/24,19:00:00,19,31.785942688154908, -6.173307774655821
EONET_11045,Wildfire in Zambia 1022131,,Wildfires,31.738220213861187  -10.034948865338922,9/9/24,19:00:00,19,31.738220213861187, -10.034948865338922
EONET_11046,Wildfire in Zambia 1022133,,Wildfires,31.567510376025663  -9.584774811519793,9/9/24,19:00:00,19,31.567510376025663, -9.584774811519793
EONET_11047,Wildfire in Mozambique 1022134,,Wildfires,37.509768429254024  -12.114117562382713,9/9/24,19:00:00,19,37.509768429254024, -12.114117562382713
EONET_11048,Wildfire in Brazil 1022142,,Wildfires,-68.38034344,9/9/24,19:00:00,#VALUE!,#VALUE!,#VALUE!
EONET_11049,Wildfire in Brazil 1022152,,Wildfires,-70.90695419,9/9/24,19:00:00,#VALUE!,#VALUE!,#VALUE!
EONET_11050,Wildfire in Colombia 1022153,,Wildfires,-75.38256274964401  2.8114489706090677,9/9/24,19:00:00,19,-75.38256274964401, 2.8114489706090677
EONET_11073,Wildfire in Brazil 1022170,,Wildfires,-57.51417431,9/9/24,19:00:00,#VALUE!,#VALUE!,#VALUE!
EONET_11074,Wildfire in Zambia 1022162,,Wildfires,23.161931011044786  -17.214922558497914,9/9/24,19:00:00,19,23.161931011044786, -17.214922558497914
EONET_11075,Wildfire in Brazil 1022161,,Wildfires,-56.35197633,9/9/24,19:00:00,#VALUE!,#VALUE!,#VALUE!
EONET_11076,Wildfire in Brazil 1022169,,Wildfires,-54.70934415,9/9/24,19:00:00,#VALUE!,#VALUE!,#VALUE!
EONET_11100,Wildfire in Mozambique 1022186,,Wildfires,36.665792789797706  -17.122829189416812,9/9/24,19:00:00,19,36.665792789797706, -17.122829189416812
EONET_11101,Wildfire in Tanzania 1022187,,Wildfires,35.2012148129427  -10.569536759425583,9/9/24,19:00:00,17,35.2012148129427, -10.569536759425583
EONET_10892,WEST WARM SPRINGS Wildfire  Hot Springs  Wyoming,5 miles SE of Thermopolis  WY,Wildfires,-108.11155  43.607883,9/9/24,18:41:00,11,-108.11155, 43.607883
EONET_10891,AIRPORT Wildfire  Orange  California,Trabuco Canyon,Wildfires,-117.5816667  33.6625,9/9/24,16:24:00,13,-117.5816667, 33.6625
EONET_10930,Wildfire in Angola 1022024,,Wildfires,14.286341412809493  -15.34468223055612,9/8/24,19:00:00,19,14.286341412809493, -15.34468223055612
EONET_10931,Wildfire in Brazil 1022028,,Wildfires,-68.71565849,9/8/24,19:00:00,#VALUE!,#VALUE!,#VALUE!
EONET_10932,Wildfire in Angola 1022025,,Wildfires,17.989166513464152  -16.542345956633447,9/8/24,19:00:00,19,17.989166513464152, -16.542345956633447
EONET_10933,Wildfire in Mozambique 1022026,,Wildfires,37.76508433647011  -12.600050090282926,9/8/24,19:00:00,18,37.76508433647011, -12.600050090282926
EONET_10934,Wildfire in Australia 1022114,,Wildfires,136.4407542686129  -16.084652839276654,9/8/24,19:00:00,18,136.4407542686129, -16.084652839276654
EONET_10935,Wildfire in Paraguay 1022109,,Wildfires,-78.59412315,9/8/24,19:00:00,#VALUE!,#VALUE!,#VALUE!
EONET_10936,Wildfire in Brazil 1022110,,Wildfires,-59.94840062,9/8/24,19:00:00,#VALUE!,#VALUE!,#VALUE!
EONET_10937,Wildfire in Brazil 1022111,,Wildfires,-60.35481742,9/8/24,19:00:00,#VALUE!,#VALUE!,#VALUE!
EONET_10938,Wildfire in Brazil 1022023,,Wildfires,-72.34592727,9/8/24,19:00:00,#VALUE!,#VALUE!,#VALUE!
EONET_10939,Wildfire in Australia 1022027,,Wildfires,127.6769428745573  -18.470404074411817,9/8/24,19:00:00,18,127.6769428745573, -18.470404074411817
EONET_10940,Wildfire in Brazil 1022029,,Wildfires,-53.51850971,9/8/24,19:00:00,#VALUE!,#VALUE!,#VALUE!
EONET_10941,Wildfire in Brazil 1022030,,Wildfires,-71.37140859,9/8/24,19:00:00,#VALUE!,#VALUE!,#VALUE!
EONET_10942,Wildfire in Brazil 1022031,,Wildfires,-70.09895929,9/8/24,19:00:00,#VALUE!,#VALUE!,#VALUE!
EONET_10943,Wildfire in Brazil 1022032,,Wildfires,-71.46685446,9/8/24,19:00:00,#VALUE!,#VALUE!,#VALUE!
EONET_10944,Wildfire in Brazil 1022033,,Wildfires,-68.86298755,9/8/24,19:00:00,#VALUE!,#VALUE!,#VALUE!
EONET_10945,Wildfire in Australia 1022034,,Wildfires,131.14082239246335  -15.305925224113144,9/8/24,19:00:00,19,131.14082239246335, -15.305925224113144
EONET_10946,Wildfire in Brazil 1022035,,Wildfires,-70.55468715,9/8/24,19:00:00,#VALUE!,#VALUE!,#VALUE!
EONET_10947,Wildfire in United States 1022036,,Wildfires,-117.70155770037337  34.3116001158924,9/8/24,19:00:00,20,-117.70155770037337, 34.3116001158924
EONET_10948,Wildfire in Brazil 1022037,,Wildfires,-78.18151446,9/8/24,19:00:00,#VALUE!,#VALUE!,#VALUE!
EONET_11051,Wildfire in Angola 1022135,,Wildfires,21.585429075895533  -17.712991207037234,9/8/24,19:00:00,19,21.585429075895533, -17.712991207037234
EONET_11052,Wildfire in Angola 1022136,,Wildfires,14.424437474901728  -15.345920298426073,9/8/24,19:00:00,19,14.424437474901728, -15.345920298426073
EONET_11053,Wildfire in Zambia 1022137,,Wildfires,31.72477462287501  -10.615551632160921,9/8/24,19:00:00,18,31.72477462287501, -10.615551632160921
EONET_11054,Wildfire in Brazil 1022154,,Wildfires,-63.85613453,9/8/24,19:00:00,#VALUE!,#VALUE!,#VALUE!
EONET_11055,Wildfire in Australia 1022155,,Wildfires,135.3522904690017  -15.392870467399394,9/8/24,19:00:00,18,135.3522904690017, -15.392870467399394
EONET_11056,Wildfire in Brazil 1022143,,Wildfires,-55.88102268,9/8/24,19:00:00,#VALUE!,#VALUE!,#VALUE!
EONET_11057,Wildfire in Bolivia 1022144,,Wildfires,-77.15477709,9/8/24,19:00:00,#VALUE!,#VALUE!,#VALUE!
EONET_11077,Wildfire in Mozambique 1022163,,Wildfires,34.208116670660566  -15.273429333540491,9/8/24,19:00:00,19,34.208116670660566, -15.273429333540491
EONET_11078,Wildfire in Tanzania 1022164,,Wildfires,35.34566945732852  -10.393360152868091,9/8/24,19:00:00,18,35.34566945732852, -10.393360152868091
EONET_10899,TABLE Wildfire  Owyhee  Idaho,20 miles south of Bruneau  ID,Wildfires,-115.871036  42.565682,9/8/24,12:32:00,12,-115.871036, 42.565682
EONET_10898,LITTLE LAVA Wildfire  Deschutes  Oregon,,Wildfires,-121.727467  43.895717,9/8/24,10:49:00,12,-121.727467, 43.895717
EONET_10949,Wildfire in Mozambique 1022102,,Wildfires,35.72458206243438  -13.830756690834363,9/7/24,19:00:00,18,35.72458206243438, -13.830756690834363
EONET_10950,Wildfire in Mozambique 1022038,,Wildfires,37.71701045024721  -12.311326134217706,9/7/24,19:00:00,18,37.71701045024721, -12.311326134217706
EONET_10951,Wildfire in Angola 1022044,,Wildfires,19.957627596933097  -16.329452354704454,9/7/24,19:00:00,19,19.957627596933097, -16.329452354704454
EONET_10952,Wildfire in Mozambique 1022047,,Wildfires,36.93492592048542  -15.12642805575482,9/7/24,19:00:00,18,36.93492592048542, -15.12642805575482
EONET_10953,Wildfire in Australia 1022055,,Wildfires,131.87807852972264  -14.82898788736871,9/7/24,19:00:00,19,131.87807852972264, -14.82898788736871
EONET_10954,Wildfire in Brazil 1022057,,Wildfires,-69.42189233,9/7/24,19:00:00,#VALUE!,#VALUE!,#VALUE!
EONET_10955,Wildfire in Brazil 1022060,,Wildfires,-70.63605604,9/7/24,19:00:00,#VALUE!,#VALUE!,#VALUE!
EONET_10956,Wildfire in Brazil 1022061,,Wildfires,-70.28524871,9/7/24,19:00:00,#VALUE!,#VALUE!,#VALUE!
EONET_10957,Wildfire in Brazil 1022039,,Wildfires,-67.9550214,9/7/24,19:00:00,#VALUE!,#VALUE!,#VALUE!
EONET_10958,Wildfire in Brazil 1022049,,Wildfires,-68.89711471,9/7/24,19:00:00,#VALUE!,#VALUE!,#VALUE!
EONET_10959,Wildfire in The Democratic Republic of Congo 1022040,,Wildfires,30.321462605525536  -7.959721560637487,9/7/24,19:00:00,19,30.321462605525536, -7.959721560637487
EONET_10960,Wildfire in Brazil 1022041,,Wildfires,-63.25156963,9/7/24,19:00:00,#VALUE!,#VALUE!,#VALUE!
EONET_10961,Wildfire in Australia 1022042,,Wildfires,131.23809821961711  -11.683897586222558,9/7/24,19:00:00,19,131.23809821961711, -11.683897586222558
EONET_10962,Wildfire in Brazil 1022043,,Wildfires,-56.62761286,9/7/24,19:00:00,#VALUE!,#VALUE!,#VALUE!
EONET_10963,Wildfire in Australia 1022045,,Wildfires,133.94064364237198  -14.974755967469461,9/7/24,19:00:00,19,133.94064364237198, -14.974755967469461
EONET_10964,Wildfire in Brazil 1022046,,Wildfires,-59.98133379,9/7/24,19:00:00,#VALUE!,#VALUE!,#VALUE!
EONET_10965,Wildfire in Brazil 1022048,,Wildfires,-56.22000042,9/7/24,19:00:00,#VALUE!,#VALUE!,#VALUE!
EONET_10966,Wildfire in Australia 1022050,,Wildfires,141.9223283779603  -15.202511553363763,9/7/24,19:00:00,18,141.9223283779603, -15.202511553363763
EONET_10967,Wildfire in Brazil 1022051,,Wildfires,-70.46152574,9/7/24,19:00:00,#VALUE!,#VALUE!,#VALUE!
EONET_10968,Wildfire in Namibia 1022052,,Wildfires,20.720385836737403  -18.14477003302531,9/7/24,19:00:00,19,20.720385836737403, -18.14477003302531
EONET_10969,Wildfire in Australia 1022053,,Wildfires,130.70990494755426  -17.91113696520833,9/7/24,19:00:00,19,130.70990494755426, -17.91113696520833
EONET_10970,Wildfire in Brazil 1022054,,Wildfires,-58.02373854,9/7/24,19:00:00,#VALUE!,#VALUE!,#VALUE!
EONET_10971,Wildfire in Brazil 1022056,,Wildfires,-69.4888095,9/7/24,19:00:00,#VALUE!,#VALUE!,#VALUE!
EONET_10972,Wildfire in Brazil 1022058,,Wildfires,-72.2106264,9/7/24,19:00:00,#VALUE!,#VALUE!,#VALUE!
EONET_10973,Wildfire in Brazil 1022059,,Wildfires,-58.92799745,9/7/24,19:00:00,#VALUE!,#VALUE!,#VALUE!
EONET_10974,Wildfire in Zambia 1022062,,Wildfires,30.650732309388292  -10.986859817238718,9/7/24,19:00:00,19,30.650732309388292, -10.986859817238718
EONET_10975,Wildfire in Australia 1022063,,Wildfires,131.5325028861078  -13.868351232435533,9/7/24,19:00:00,18,131.5325028861078, -13.868351232435533
EONET_10976,Wildfire in Brazil 1022064,,Wildfires,-71.34932904,9/7/24,19:00:00,#VALUE!,#VALUE!,#VALUE!
EONET_10977,Wildfire in Brazil 1022065,,Wildfires,-63.38041557,9/7/24,19:00:00,#VALUE!,#VALUE!,#VALUE!
EONET_10978,Wildfire in Brazil 1022066,,Wildfires,-69.73076501,9/7/24,19:00:00,#VALUE!,#VALUE!,#VALUE!
EONET_10979,Wildfire in Brazil 1022112,,Wildfires,-60.99193,9/7/24,19:00:00,#VALUE!,#VALUE!,#VALUE!
EONET_10980,Wildfire in Brazil 1022123,,Wildfires,-71.11765839,9/7/24,19:00:00,#VALUE!,#VALUE!,#VALUE!
EONET_10981,Wildfire in Brazil 1022124,,Wildfires,-58.97418918,9/7/24,19:00:00,#VALUE!,#VALUE!,#VALUE!
EONET_10982,Wildfire in Brazil 1022115,,Wildfires,-74.45424595,9/7/24,19:00:00,#VALUE!,#VALUE!,#VALUE!
EONET_11058,Wildfire in Mozambique 1022138,,Wildfires,38.234841937161484  -14.778240235354726,9/7/24,19:00:00,19,38.234841937161484, -14.778240235354726
EONET_10893,ROBLAR Wildfire  San Diego  California,8 MILES WEST OF FALLBROOK  CA,Wildfires,-117.351694  33.387036,9/7/24,17:56:00,12,-117.351694, 33.387036
EONET_10894,Davis Wildfire  Washoe  Nevada,The fire is 1 mile south of Reno  burning south of SR 431 and west of  I -580.,Wildfires,-119.8275  39.305,9/7/24,17:53:00,10,-119.8275, 39.305
EONET_10889,Frog Wildfire  Custer  Idaho,Little Boulder Creek off the East Fork of the Salmon River,Wildfires,-114.525667  44.082833,9/7/24,16:24:00,12,-114.525667, 44.082833
EONET_10887,Linton Creek Wildfire  Lane  Oregon,,Wildfires,-121.842633  44.144217,9/7/24,16:23:00,12,-121.842633, 44.144217
EONET_10895,Buck Creek Wildfire  Lake  Oregon,30 miles SW of Silver Lake in the Yamsi semi primitive area,Wildfires,-121.293167  42.976667,9/7/24,12:17:00,12,-121.293167, 42.976667
EONET_10888,FIRESTONE Wildfire  Deschutes  Oregon,21 miles N of Fort Rock  OR,Wildfires,-120.972091  43.637322,9/7/24,11:12:00,12,-120.972091, 43.637322
EONET_10890,FLAT TOP Wildfire  Lake  Oregon,10 Miles N of Fort Rock  OR,Wildfires,-121.102133  43.49705,9/7/24,10:53:00,12,-121.102133, 43.49705
EONET_10896,Bowman Well Wildfire  Lake  Oregon,In the town of Christmas Valley,Wildfires,-120.737117  43.295883,9/7/24,0:37:00,12,-120.737117, 43.295883
EONET_10886,SERVICE Wildfire  Wheeler  Oregon,10.2 MILES EAST OF FOSSIL  OR,Wildfires,-120.058147  44.90148,9/6/24,20:04:00,12,-120.058147, 44.90148
EONET_10983,Wildfire in Paraguay 1022067,,Wildfires,-81.27962124,9/6/24,19:00:00,#VALUE!,#VALUE!,#VALUE!
EONET_10984,Wildfire in Angola 1022068,,Wildfires,19.23786108089796  -17.598136686410562,9/6/24,19:00:00,18,19.23786108089796, -17.598136686410562
EONET_10985,Wildfire in Mozambique 1022086,,Wildfires,36.986723863065386  -12.304968808724986,9/6/24,19:00:00,19,36.986723863065386, -12.304968808724986
EONET_10986,Wildfire in Brazil 1022089,,Wildfires,-62.18417619,9/6/24,19:00:00,#VALUE!,#VALUE!,#VALUE!
EONET_10987,Wildfire in United States 1022091,,Wildfires,-120.05162641202924  44.92211140636342,9/6/24,19:00:00,20,-120.05162641202924, 44.92211140636342
EONET_10988,Wildfire in Brazil 1022069,,Wildfires,-72.04167849,9/6/24,19:00:00,#VALUE!,#VALUE!,#VALUE!
EONET_10989,Wildfire in The Democratic Republic of Congo 1022070,,Wildfires,27.390587577748693  -2.689705881458102,9/6/24,19:00:00,19,27.390587577748693, -2.689705881458102
EONET_10990,Wildfire in Brazil 1022071,,Wildfires,-58.04381451,9/6/24,19:00:00,#VALUE!,#VALUE!,#VALUE!
EONET_10991,Wildfire in United States 1022072,,Wildfires,-120.97372014335045  43.671183322868266,9/6/24,19:00:00,20,-120.97372014335045, 43.671183322868266
EONET_10992,Wildfire in Paraguay 1022073,,Wildfires,-78.70244289,9/6/24,19:00:00,#VALUE!,#VALUE!,#VALUE!
EONET_10993,Wildfire in The Democratic Republic of Congo 1022074,,Wildfires,26.599922989952358  -2.517153234922957,9/6/24,19:00:00,19,26.599922989952358, -2.517153234922957
EONET_10994,Wildfire in United States 1022075,,Wildfires,-121.65554650836286  43.88282135663567,9/6/24,19:00:00,20,-121.65554650836286, 43.88282135663567
EONET_10995,Wildfire in Paraguay 1022076,,Wildfires,-81.2281455,9/6/24,19:00:00,#VALUE!,#VALUE!,#VALUE!
EONET_10996,Wildfire in Brazil 1022077,,Wildfires,-66.67799305,9/6/24,19:00:00,#VALUE!,#VALUE!,#VALUE!
EONET_10997,Wildfire in Zambia 1022078,,Wildfires,31.02383231216854  -9.85679428002523,9/6/24,19:00:00,18,31.02383231216854, -9.85679428002523
EONET_10998,Wildfire in Mozambique 1022079,,Wildfires,36.54449911705812  -14.406060256931644,9/6/24,19:00:00,18,36.54449911705812, -14.406060256931644
EONET_10999,Wildfire in Angola 1022080,,Wildfires,17.956357487523984  -17.050713199867197,9/6/24,19:00:00,19,17.956357487523984, -17.050713199867197
EONET_11000,Wildfire in Mozambique 1022081,,Wildfires,36.65074945610868  -15.515179106934063,9/6/24,19:00:00,18,36.65074945610868, -15.515179106934063
EONET_11001,Wildfire in Paraguay 1022082,,Wildfires,-81.34554606,9/6/24,19:00:00,#VALUE!,#VALUE!,#VALUE!
EONET_11002,Wildfire in Mozambique 1022083,,Wildfires,38.3522915795767  -16.48779144226149,9/6/24,19:00:00,17,38.3522915795767, -16.48779144226149
EONET_11003,Wildfire in Zambia 1022084,,Wildfires,25.728690469110695  -16.38207661126501,9/6/24,19:00:00,19,25.728690469110695, -16.38207661126501
EONET_11004,Wildfire in Brazil 1022085,,Wildfires,-71.38386102,9/6/24,19:00:00,#VALUE!,#VALUE!,#VALUE!
EONET_11005,Wildfire in Brazil 1022087,,Wildfires,-63.37718886,9/6/24,19:00:00,#VALUE!,#VALUE!,#VALUE!
EONET_11006,Wildfire in Brazil 1022088,,Wildfires,-64.1605189,9/6/24,19:00:00,#VALUE!,#VALUE!,#VALUE!
EONET_11007,Wildfire in Brazil 1022090,,Wildfires,-62.75916697,9/6/24,19:00:00,#VALUE!,#VALUE!,#VALUE!
EONET_11008,Wildfire in Brazil 1022092,,Wildfires,-62.91795563,9/6/24,19:00:00,#VALUE!,#VALUE!,#VALUE!
EONET_11009,Wildfire in Australia 1022093,,Wildfires,137.0005581084432  -16.337207338204532,9/6/24,19:00:00,18,137.0005581084432, -16.337207338204532
EONET_11010,Wildfire in United States 1022094,,Wildfires,-121.0691725010962  43.5484572079417,9/6/24,19:00:00,19,-121.0691725010962, 43.5484572079417
EONET_11011,Wildfire in Brazil 1022095,,Wildfires,-70.43446474,9/6/24,19:00:00,#VALUE!,#VALUE!,#VALUE!
EONET_11012,Wildfire in Paraguay 1022096,,Wildfires,-79.46695542,9/6/24,19:00:00,#VALUE!,#VALUE!,#VALUE!
EONET_11013,Wildfire in Zambia 1022097,,Wildfires,31.558705290775542  -10.776236280964696,9/6/24,19:00:00,19,31.558705290775542, -10.776236280964696
EONET_11014,Wildfire in Australia 1022098,,Wildfires,131.2563170727325  -15.530577576108463,9/6/24,19:00:00,18,131.2563170727325, -15.530577576108463
EONET_11015,Wildfire in Brazil 1022099,,Wildfires,-69.88241105,9/6/24,19:00:00,#VALUE!,#VALUE!,#VALUE!
EONET_10897,South Selway Complex Wildfire  Idaho  Idaho,Selway Bitterroot Wilderness,Wildfires,-114.993138  46.028452,9/6/24,14:50:00,12,-114.993138, 46.028452
EONET_10879,DORADO Wildfire  Fresno  California,,Wildfires,-120.210499  36.13743,9/5/24,20:01:00,12,-120.210499, 36.13743
EONET_10882,BIG RIDGE FIRE Wildfire  Walker  Alabama,1567 Jent Rd  Cordova  AL.,Wildfires,-87.2011111  33.7172222,9/5/24,14:25:00,12,-87.2011111, 33.7172222
EONET_10838,Wildfire in Bolivia  Paraguay 1021999,,Wildfires,-78.33774044,9/4/24,19:00:00,#VALUE!,#VALUE!,#VALUE!
EONET_10839,Wildfire in Zambia 1021989,,Wildfires,31.265414802634794  -10.874555531543393,9/3/24,19:00:00,19,31.265414802634794, -10.874555531543393
EONET_10840,Wildfire in South Africa 1021990,,Wildfires,26.946359918473743  -31.15683984546468,9/3/24,19:00:00,19,26.946359918473743, -31.15683984546468
EONET_10841,Wildfire in Brazil 1021982,,Wildfires,-72.48212791,9/3/24,19:00:00,#VALUE!,#VALUE!,#VALUE!
EONET_10842,Wildfire in Brazil 1021983,,Wildfires,-72.01288016,9/3/24,19:00:00,#VALUE!,#VALUE!,#VALUE!
EONET_10843,Wildfire in Brazil 1022007,,Wildfires,-67.91855059,9/3/24,19:00:00,#VALUE!,#VALUE!,#VALUE!
EONET_10844,Wildfire in Paraguay 1022000,,Wildfires,-78.53288569,9/3/24,19:00:00,#VALUE!,#VALUE!,#VALUE!
EONET_10869,BOONE Wildfire  Fresno  California,Warthan Canyon,Wildfires,-120.618133  36.121148,9/3/24,15:11:00,12,-120.618133, 36.121148
EONET_10873,LAVA Wildfire  Gem  Idaho,12 miles sw Casade  ID,Wildfires,-116.254458  44.386459,9/3/24,9:40:00,12,-116.254458, 44.386459
EONET_10876,Sage Hen Wildfire  Harney  Oregon,18 miles east of Riley  Oregon.,Wildfires,-119.270133  43.572833,9/2/24,23:00:00,12,-119.270133, 43.572833
EONET_10878,SHEEP Wildfire  Elmore  Idaho,10 miles ESE of Idaho City,Wildfires,-115.604383  43.7845,9/2/24,22:42:00,12,-115.604383, 43.7845
EONET_10874,Wood 2 Wildfire  Pinal  Arizona,,Wildfires,-111.108  33.201667,9/2/24,20:49:00,9,-111.108, 33.201667
EONET_10883,Solomon Wildfire  Harney  Oregon,3 miles SE of Frenchglen  OR,Wildfires,-118.913283  42.738083,9/2/24,20:04:00,12,-118.913283, 42.738083
EONET_10792,Wildfire in United States 1021937,,Wildfires,-119.61971495465636  44.148969290530104,9/2/24,19:00:00,20,-119.61971495465636, 44.148969290530104
EONET_10793,Wildfire in Brazil 1021950,,Wildfires,-60.46475758,9/2/24,19:00:00,#VALUE!,#VALUE!,#VALUE!
EONET_10794,Wildfire in Brazil 1021951,,Wildfires,-59.51246102,9/2/24,19:00:00,#VALUE!,#VALUE!,#VALUE!
EONET_10795,Wildfire in Brazil 1021961,,Wildfires,-71.81124155,9/2/24,19:00:00,#VALUE!,#VALUE!,#VALUE!
EONET_10796,Wildfire in Australia 1021962,,Wildfires,138.66173451541636  -17.56989486192413,9/2/24,19:00:00,19,138.66173451541636, -17.56989486192413
EONET_10797,Wildfire in Australia 1021963,,Wildfires,120.44501575430682  -26.668464587689204,9/2/24,19:00:00,19,120.44501575430682, -26.668464587689204
EONET_10826,Wildfire in Angola 1021971,,Wildfires,15.069612152920296  -7.988083471097104,9/2/24,19:00:00,19,15.069612152920296, -7.988083471097104
EONET_10827,Wildfire in United States 1021980,,Wildfires,-120.58162142566165  36.16673578310175,9/2/24,19:00:00,20,-120.58162142566165, 36.16673578310175
EONET_10845,Wildfire in Brazil 1021984,,Wildfires,-61.07587414,9/2/24,19:00:00,#VALUE!,#VALUE!,#VALUE!
EONET_10846,Wildfire in Australia 1021985,,Wildfires,136.75622493921676  -16.85531612846015,9/2/24,19:00:00,19,136.75622493921676, -16.85531612846015
EONET_10847,Wildfire in Angola 1021993,,Wildfires,15.282949479267268  -8.262251218824204,9/2/24,19:00:00,19,15.282949479267268, -8.262251218824204
EONET_10848,Wildfire in Angola 1021994,,Wildfires,15.257913604278865  -8.498710635507669,9/2/24,19:00:00,19,15.257913604278865, -8.498710635507669
EONET_10849,Wildfire in Brazil 1022001,,Wildfires,-58.34019262,9/2/24,19:00:00,#VALUE!,#VALUE!,#VALUE!
EONET_10850,Wildfire in Brazil 1022002,,Wildfires,-52.47197012,9/2/24,19:00:00,#VALUE!,#VALUE!,#VALUE!
EONET_10851,Wildfire in Brazil 1022003,,Wildfires,-67.41120154,9/2/24,19:00:00,#VALUE!,#VALUE!,#VALUE!
EONET_10852,Wildfire in Brazil 1022008,,Wildfires,-61.70627379,9/2/24,19:00:00,#VALUE!,#VALUE!,#VALUE!
EONET_10853,Wildfire in Brazil 1022004,,Wildfires,-55.83582345,9/2/24,19:00:00,#VALUE!,#VALUE!,#VALUE!
EONET_10854,Wildfire in Brazil 1022009,,Wildfires,-56.84776632,9/2/24,19:00:00,#VALUE!,#VALUE!,#VALUE!
EONET_10855,Wildfire in Angola 1021991,,Wildfires,14.733269872119363  -16.30674061067192,9/2/24,19:00:00,19,14.733269872119363, -16.30674061067192
EONET_10856,Wildfire in South Africa 1021992,,Wildfires,31.058352711005323  -28.287152173211926,9/2/24,19:00:00,19,31.058352711005323, -28.287152173211926
EONET_10763,BIGFLAT Wildfire  Washington  Idaho,26 miles east of Weiser  ID,Wildfires,-116.439  44.322333,9/2/24,18:09:00,9,-116.439, 44.322333
EONET_10880,BEAR Wildfire  Sierra  California,Sierra Brooks  Loyalton,Wildfires,-120.21611  39.59744,9/2/24,17:32:00,11,-120.21611, 39.59744
EONET_10758,0778 PR Wildfire  Grant  Oregon,,Wildfires,-119.607833  44.28,9/2/24,17:20:00,12,-119.607833, 44.28
EONET_10755,Glendale Wildfire  Blaine  Idaho,,Wildfires,-114.323333  43.401,9/2/24,15:16:00,12,-114.323333, 43.401
EONET_10761,0761  RAIL RIDGE Wildfire  Grant  Oregon,,Wildfires,-119.559833  44.240833,9/2/24,15:02:00,12,-119.559833, 44.240833
EONET_10756,Chimney Wildfire  Camas  Idaho,,Wildfires,-115.0568  43.4537,9/2/24,15:01:00,10,-115.0568, 43.4537
EONET_10767,Mineral Wildfire  Washington  Idaho,21NM Northwest of Weiser  ID,Wildfires,-117.188927  44.486176,9/2/24,13:12:00,12,-117.188927, 44.486176
EONET_10759,JONES Wildfire  Malheur  Oregon,10 MILES EAST OF JUNTURA OR,Wildfires,-117.961611  43.744205,9/2/24,12:39:00,12,-117.961611, 43.744205
EONET_10768,SYRUP Wildfire  Elmore  Idaho,5 MILES NORTH MOUNTAIN HOME  ID,Wildfires,-115.672065  43.220271,9/2/24,12:28:00,12,-115.672065, 43.220271
EONET_10764,0773 OAK CANYON Wildfire  Wasco  Oregon,,Wildfires,-121.048917  45.292783,9/2/24,12:12:00,12,-121.048917, 45.292783
EONET_10766,0772 WILEY FLAT Wildfire  Crook  Oregon,,Wildfires,-120.304833  44.037217,9/2/24,12:01:00,12,-120.304833, 44.037217
EONET_10754,Wood Wildfire  Pinal  Arizona,5 Miles South of Superior AZ. In the Wood Canyon area,Wildfires,-111.126867  33.235233,9/2/24,11:11:00,12,-111.126867, 33.235233
EONET_10760,0766 SHOE FLY Wildfire  Wheeler  Oregon,,Wildfires,-120.03841  44.63049,9/2/24,10:54:00,11,-120.03841, 44.63049
EONET_10771,Wildfire in Australia 1021927,,Wildfires,130.51993257445787  -18.407064361046398,9/1/24,19:00:00,19,130.51993257445787, -18.407064361046398
EONET_10772,Wildfire in The Democratic Republic of Congo 1021916,,Wildfires,25.954300027272982  -8.167557376036036,9/1/24,19:00:00,19,25.954300027272982, -8.167557376036036
EONET_10773,Wildfire in Argentina 1021919,,Wildfires,-97.0027504,9/1/24,19:00:00,#VALUE!,#VALUE!,#VALUE!
EONET_10798,Wildfire in Zambia 1021941,,Wildfires,31.08824515014399  -11.71928859620418,9/1/24,19:00:00,18,31.08824515014399, -11.71928859620418
EONET_10799,Wildfire in Australia 1021964,,Wildfires,128.13061295553436  -15.662027675078745,9/1/24,19:00:00,19,128.13061295553436, -15.662027675078745
EONET_10800,Wildfire in Paraguay 1021952,,Wildfires,-78.70084692,9/1/24,19:00:00,#VALUE!,#VALUE!,#VALUE!
EONET_10801,Wildfire in United States 1021938,,Wildfires,-117.16387677156298  44.46259010140113,9/1/24,19:00:00,20,-117.16387677156298, 44.46259010140113
EONET_10802,Wildfire in United States 1021939,,Wildfires,-119.99476823744266  44.62607749081167,9/1/24,19:00:00,20,-119.99476823744266, 44.62607749081167
EONET_10803,Wildfire in United States 1021940,,Wildfires,-120.25084597751142  44.04725369776717,9/1/24,19:00:00,20,-120.25084597751142, 44.04725369776717
EONET_10804,Wildfire in Tanzania 1021942,,Wildfires,31.754578190712664  -5.846664867070346,9/1/24,19:00:00,19,31.754578190712664, -5.846664867070346
EONET_10828,Wildfire in Zambia 1021972,,Wildfires,30.92600747396922  -11.281846037631182,9/1/24,19:00:00,18,30.92600747396922, -11.281846037631182
EONET_10829,Wildfire in Zambia 1021974,,Wildfires,29.47541099917124  -10.771755348481985,9/1/24,19:00:00,18,29.47541099917124, -10.771755348481985
EONET_10830,Wildfire in Brazil 1021981,,Wildfires,-78.35990579,9/1/24,19:00:00,#VALUE!,#VALUE!,#VALUE!
EONET_10831,Wildfire in Angola 1021973,,Wildfires,16.853799321791794  -8.616267983138403,9/1/24,19:00:00,19,16.853799321791794, -8.616267983138403
EONET_10832,Wildfire in United States 1021978,,Wildfires,-119.56924244633011  44.2298792337444,9/1/24,19:00:00,20,-119.56924244633011, 44.2298792337444
EONET_10857,Wildfire in Angola 1021995,,Wildfires,14.189434100786562  -13.46673234395795,9/1/24,19:00:00,19,14.189434100786562, -13.46673234395795
EONET_10858,Wildfire in Australia 1021986,,Wildfires,128.22248171612932  -16.966119660375224,9/1/24,19:00:00,19,128.22248171612932, -16.966119660375224
EONET_10859,Wildfire in Tanzania 1021996,,Wildfires,31.200026016248234  -6.771037525480345,9/1/24,19:00:00,19,31.200026016248234, -6.771037525480345
EONET_10860,Wildfire in Brazil 1022011,,Wildfires,-67.12602143,9/1/24,19:00:00,#VALUE!,#VALUE!,#VALUE!
EONET_10861,Wildfire in Brazil 1022005,,Wildfires,-54.86021507,9/1/24,19:00:00,#VALUE!,#VALUE!,#VALUE!
EONET_10862,Wildfire in Brazil 1022006,,Wildfires,-72.69659604,9/1/24,19:00:00,#VALUE!,#VALUE!,#VALUE!
EONET_10765,Copperfield Wildfire  Klamath  Oregon,5 miles SE of Chiloquin Oregon,Wildfires,-121.756  42.554333,9/1/24,18:24:00,9,-121.756, 42.554333
EONET_10762,RECORD Wildfire  Riverside  California,Soboba Rd x State Street,Wildfires,-116.974801  33.823221,9/1/24,17:36:00,12,-116.974801, 33.823221
EONET_10769,Silver Spoon Wildfire  Campbell  Wyoming,37 miles N of Gillette,Wildfires,-105.76688  44.936167,9/1/24,13:31:00,11,-105.76688, 44.936167
EONET_10753,Long Gulch Wildfire  Yavapai  Arizona,8 miles SE of Cordes Lakes,Wildfires,-111.998667  34.267167,8/31/24,19:27:00,12,-111.998667, 34.267167
EONET_10770,Black Mesa 2 Wildfire  Yavapai  Arizona,6 miles NE of Black Canyon City,Wildfires,-112.1289  34.14465,8/31/24,19:27:00,10,-112.1289, 34.14465
EONET_10774,Wildfire in Brazil 1021928,,Wildfires,-67.1013368,8/31/24,19:00:00,#VALUE!,#VALUE!,#VALUE!
EONET_10775,Wildfire in Australia 1021929,,Wildfires,133.64577113232974  -14.880407293267814,8/31/24,19:00:00,19,133.64577113232974, -14.880407293267814
EONET_10776,Wildfire in Bolivia 1021930,,Wildfires,-78.58833815,8/31/24,19:00:00,#VALUE!,#VALUE!,#VALUE!
EONET_10777,Wildfire in Brazil 1021920,,Wildfires,-56.35981486,8/31/24,19:00:00,#VALUE!,#VALUE!,#VALUE!
EONET_10778,Wildfire in Brazil 1021921,,Wildfires,-67.86790886,8/31/24,19:00:00,#VALUE!,#VALUE!,#VALUE!
EONET_10805,Wildfire in Angola 1021943,,Wildfires,15.00648313622433  -7.789230605172984,8/31/24,19:00:00,18,15.00648313622433, -7.789230605172984
EONET_10806,Wildfire in Bolivia 1021953,,Wildfires,-78.75453432,8/31/24,19:00:00,#VALUE!,#VALUE!,#VALUE!
EONET_10807,Wildfire in Brazil 1021965,,Wildfires,-61.71131511,8/31/24,19:00:00,#VALUE!,#VALUE!,#VALUE!
EONET_10808,Wildfire in Australia 1021966,,Wildfires,134.1515557349691  -19.161449249155343,8/31/24,19:00:00,18,134.1515557349691, -19.161449249155343
EONET_10833,Wildfire in The Republic of North Macedonia 1021975,,Wildfires,21.64172410254609  41.28501324742258,8/31/24,19:00:00,18,21.64172410254609, 41.28501324742258
EONET_10863,Wildfire in Zambia 1021997,,Wildfires,31.638988757367652  -10.131937729317723,8/31/24,19:00:00,19,31.638988757367652, -10.131937729317723
EONET_10864,Wildfire in Brazil 1022010,,Wildfires,-59.92510998,8/31/24,19:00:00,#VALUE!,#VALUE!,#VALUE!
EONET_10757,One Way Wildfire  Mohave  Arizona,35 mile south of St. George  UT,Wildfires,-113.658033  36.591633,8/31/24,18:37:00,12,-113.658033, 36.591633
EONET_10721,Wildfire in Brazil 1021889,,Wildfires,-62.72944373,8/30/24,19:00:00,#VALUE!,#VALUE!,#VALUE!
EONET_10779,Wildfire in Canada 1021922,,Wildfires,-107.07347887636793  55.935335569740346,8/30/24,19:00:00,20,-107.07347887636793, 55.935335569740346
EONET_10780,Wildfire in Angola 1021917,,Wildfires,17.001360816529125  -16.640794252466367,8/30/24,19:00:00,19,17.001360816529125, -16.640794252466367
EONET_10781,Wildfire in Zambia 1021918,,Wildfires,29.57556902823709  -9.55507060298528,8/30/24,19:00:00,18,29.57556902823709, -9.55507060298528
EONET_10782,Wildfire in Australia 1021931,,Wildfires,130.62873291611618  -13.482668990509662,8/30/24,19:00:00,19,130.62873291611618, -13.482668990509662
EONET_10783,Wildfire in Brazil 1021932,,Wildfires,-57.35201853,8/30/24,19:00:00,#VALUE!,#VALUE!,#VALUE!
EONET_10809,Wildfire in Zambia 1021944,,Wildfires,31.042024198416456  -11.310788123853149,8/30/24,19:00:00,19,31.042024198416456, -11.310788123853149
EONET_10810,Wildfire in Zambia 1021945,,Wildfires,31.02721539428445  -11.76828144093896,8/30/24,19:00:00,18,31.02721539428445, -11.76828144093896
EONET_10811,Wildfire in Brazil 1021967,,Wildfires,-78.191139,8/30/24,19:00:00,#VALUE!,#VALUE!,#VALUE!
EONET_10812,Wildfire in Brazil 1021954,,Wildfires,-70.72700069,8/30/24,19:00:00,#VALUE!,#VALUE!,#VALUE!
EONET_10813,Wildfire in Brazil 1021955,,Wildfires,-69.86825207,8/30/24,19:00:00,#VALUE!,#VALUE!,#VALUE!
EONET_10814,Wildfire in Brazil 1021956,,Wildfires,-57.59359019,8/30/24,19:00:00,#VALUE!,#VALUE!,#VALUE!
EONET_10815,Wildfire in Australia 1021957,,Wildfires,128.12588496077018  -16.728095955399073,8/30/24,19:00:00,19,128.12588496077018, -16.728095955399073
EONET_10834,Wildfire in Brazil 1021979,,Wildfires,-61.86391174,8/30/24,19:00:00,#VALUE!,#VALUE!,#VALUE!
EONET_10865,Wildfire in Zambia 1021998,,Wildfires,31.271129470909546  -10.777067867249137,8/30/24,19:00:00,19,31.271129470909546, -10.777067867249137
EONET_10866,Wildfire in Brazil 1021987,,Wildfires,-64.46332552,8/30/24,19:00:00,#VALUE!,#VALUE!,#VALUE!
EONET_10867,Wildfire in Brazil 1021988,,Wildfires,-74.15944902,8/30/24,19:00:00,#VALUE!,#VALUE!,#VALUE!
EONET_10722,Wildfire in Bolivia 1021890,,Wildfires,-76.29247649,8/29/24,19:00:00,#VALUE!,#VALUE!,#VALUE!
EONET_10741,Wildfire in Brazil 1021913,,Wildfires,-71.78977368,8/29/24,19:00:00,#VALUE!,#VALUE!,#VALUE!
EONET_10742,Wildfire in Brazil 1021906,,Wildfires,-55.29580508,8/29/24,19:00:00,#VALUE!,#VALUE!,#VALUE!
EONET_10784,Wildfire in Brazil 1021933,,Wildfires,-63.94789841,8/29/24,19:00:00,#VALUE!,#VALUE!,#VALUE!
EONET_10785,Wildfire in Angola 1021926,,Wildfires,17.367352310119255  -8.283565739073827,8/29/24,19:00:00,19,17.367352310119255, -8.283565739073827
EONET_10786,Wildfire in Brazil 1021923,,Wildfires,-59.83149555,8/29/24,19:00:00,#VALUE!,#VALUE!,#VALUE!
EONET_10816,Wildfire in Angola 1021947,,Wildfires,17.803435101244865  -13.238812940921138,8/29/24,19:00:00,19,17.803435101244865, -13.238812940921138
EONET_10817,Wildfire in Brazil 1021958,,Wildfires,-70.65212487,8/29/24,19:00:00,#VALUE!,#VALUE!,#VALUE!
EONET_10818,Wildfire in Brazil 1021960,,Wildfires,-55.07755486,8/29/24,19:00:00,#VALUE!,#VALUE!,#VALUE!
EONET_10819,Wildfire in Brazil 1021968,,Wildfires,-72.78032343,8/29/24,19:00:00,#VALUE!,#VALUE!,#VALUE!
EONET_10820,Wildfire in Brazil 1021969,,Wildfires,-69.7428512,8/29/24,19:00:00,#VALUE!,#VALUE!,#VALUE!
EONET_10821,Wildfire in Australia 1021970,,Wildfires,132.07153947010914  -12.697284946877712,8/29/24,19:00:00,19,132.07153947010914, -12.697284946877712
EONET_10822,Wildfire in Brazil 1021959,,Wildfires,-72.10152607,8/29/24,19:00:00,#VALUE!,#VALUE!,#VALUE!
EONET_10823,Wildfire in Zambia 1021946,,Wildfires,30.312900582842886  -9.125414875333515,8/29/24,19:00:00,19,30.312900582842886, -9.125414875333515
EONET_10824,Wildfire in Zambia 1021948,,Wildfires,29.596014999145382  -9.539511280976715,8/29/24,19:00:00,19,29.596014999145382, -9.539511280976715
EONET_10835,Wildfire in Zambia 1021976,,Wildfires,30.714749062786456  -12.671351238393932,8/29/24,19:00:00,19,30.714749062786456, -12.671351238393932
EONET_10836,Wildfire in Zambia 1021977,,Wildfires,31.04084855808498  -11.102504103772295,8/29/24,19:00:00,18,31.04084855808498, -11.102504103772295
EONET_10685,DeSoto BB 7310 RX Wildfire  Perry  Mississippi,,Wildfires,-88.859583  31.05635,8/29/24,16:22:00,11,-88.859583, 31.05635
EONET_10686,DeSoto BB 7208 RX Wildfire  Perry  Mississippi,,Wildfires,-88.928  31.0565,8/29/24,16:22:00,8,-88.928, 31.0565
EONET_10660,Wildfire in Brazil 1021849,,Wildfires,-75.39311847,8/28/24,19:00:00,#VALUE!,#VALUE!,#VALUE!
EONET_10693,Wildfire in Angola 1021857,,Wildfires,14.769950366622066  -10.732013777001203,8/28/24,19:00:00,19,14.769950366622066, -10.732013777001203
EONET_10694,Wildfire in South Africa 1021859,,Wildfires,28.042633154088687  -31.124410845214904,8/28/24,19:00:00,19,28.042633154088687, -31.124410845214904
EONET_10695,Wildfire in Zambia 1021860,,Wildfires,29.25018318049874  -10.784429755501789,8/28/24,19:00:00,18,29.25018318049874, -10.784429755501789
EONET_10696,Wildfire in Brazil 1021878,,Wildfires,-74.71715442,8/28/24,19:00:00,#VALUE!,#VALUE!,#VALUE!
EONET_10697,Wildfire in South Africa 1021858,,Wildfires,28.127271447063016  -31.024434222934392,8/28/24,19:00:00,19,28.127271447063016, -31.024434222934392
EONET_10723,Wildfire in Brazil 1021899,,Wildfires,-73.81642217,8/28/24,19:00:00,#VALUE!,#VALUE!,#VALUE!
EONET_10724,Wildfire in Brazil 1021900,,Wildfires,-70.58074223,8/28/24,19:00:00,#VALUE!,#VALUE!,#VALUE!
EONET_10725,Wildfire in Bolivia  Brazil 1021891,,Wildfires,-75.83222602,8/28/24,19:00:00,#VALUE!,#VALUE!,#VALUE!
EONET_10726,Wildfire in Brazil 1021892,,Wildfires,-71.13072808,8/28/24,19:00:00,#VALUE!,#VALUE!,#VALUE!
EONET_10727,Wildfire in Brazil 1021893,,Wildfires,-67.93876157,8/28/24,19:00:00,#VALUE!,#VALUE!,#VALUE!
EONET_10743,Wildfire in Brazil 1021907,,Wildfires,-61.03838268,8/28/24,19:00:00,#VALUE!,#VALUE!,#VALUE!
EONET_10744,Wildfire in Brazil 1021908,,Wildfires,-60.05729643,8/28/24,19:00:00,#VALUE!,#VALUE!,#VALUE!
EONET_10745,Wildfire in Brazil 1021909,,Wildfires,-55.11174685,8/28/24,19:00:00,#VALUE!,#VALUE!,#VALUE!
EONET_10746,Wildfire in Brazil 1021910,,Wildfires,-61.95218098,8/28/24,19:00:00,#VALUE!,#VALUE!,#VALUE!
EONET_10747,Wildfire in Brazil 1021912,,Wildfires,-68.91100218,8/28/24,19:00:00,#VALUE!,#VALUE!,#VALUE!
EONET_10748,Wildfire in Angola 1021904,,Wildfires,17.192252199924976  -16.744211179148028,8/28/24,19:00:00,19,17.192252199924976, -16.744211179148028
EONET_10787,Wildfire in Brazil 1021924,,Wildfires,-49.74243827,8/28/24,19:00:00,#VALUE!,#VALUE!,#VALUE!
EONET_10788,Wildfire in Brazil 1021925,,Wildfires,-54.53696177,8/28/24,19:00:00,#VALUE!,#VALUE!,#VALUE!
EONET_10789,Wildfire in Brazil 1021934,,Wildfires,-63.3462634,8/28/24,19:00:00,#VALUE!,#VALUE!,#VALUE!
EONET_10790,Wildfire in Brazil 1021935,,Wildfires,-66.420924,8/28/24,19:00:00,#VALUE!,#VALUE!,#VALUE!
EONET_10791,Wildfire in Australia 1021936,,Wildfires,135.66271710302877  -13.360805862902886,8/28/24,19:00:00,19,135.66271710302877, -13.360805862902886
EONET_10825,Wildfire in Zambia 1021949,,Wildfires,31.667447663834995  -9.906176574412875,8/28/24,19:00:00,19,31.667447663834995, -9.906176574412875
EONET_10689,Goodson Wildfire  Weston  Wyoming,,Wildfires,-104.773967  43.777617,8/28/24,13:04:00,12,-104.773967, 43.777617
EONET_10690,Geier Wildfire  Weston  Wyoming,,Wildfires,-104.376313  43.903968,8/28/24,12:58:00,12,-104.376313, 43.903968
EONET_10688,Alkali Wildfire  Weston  Wyoming,,Wildfires,-104.438083  43.599883,8/28/24,12:47:00,12,-104.438083, 43.599883
EONET_10691,BAUER COULEE Wildfire  Adams  Washington,7 miles NW of Lind  WA,Wildfires,-118.6926667  47.065,8/28/24,12:26:00,13,-118.6926667, 47.065
EONET_10606,Wildfire in Australia 1021800,,Wildfires,137.9625450702486  -17.93766902400315,8/27/24,19:00:00,18,137.9625450702486, -17.93766902400315
EONET_10632,Wildfire in South Africa 1021807,,Wildfires,28.82098547751834  -28.378635060195414,8/27/24,19:00:00,18,28.82098547751834, -28.378635060195414
EONET_10633,Wildfire in Brazil 1021824,,Wildfires,-63.69809327,8/27/24,19:00:00,#VALUE!,#VALUE!,#VALUE!
EONET_10634,Wildfire in Canada 1021825,,Wildfires,-94.52427077269185  56.9872132980402,8/27/24,19:00:00,19,-94.52427077269185, 56.9872132980402
EONET_10635,Wildfire in Brazil 1021826,,Wildfires,-60.29202366,8/27/24,19:00:00,#VALUE!,#VALUE!,#VALUE!
EONET_10661,Wildfire in Brazil 1021850,,Wildfires,-62.66138122,8/27/24,19:00:00,#VALUE!,#VALUE!,#VALUE!
EONET_10662,Wildfire in Canada 1021851,,Wildfires,-107.4675873416706  55.89747434821418,8/27/24,19:00:00,19,-107.4675873416706, 55.89747434821418
EONET_10663,Wildfire in Brazil 1021852,,Wildfires,-61.04343543,8/27/24,19:00:00,#VALUE!,#VALUE!,#VALUE!
EONET_10664,Wildfire in Brazil 1021853,,Wildfires,-56.86270927,8/27/24,19:00:00,#VALUE!,#VALUE!,#VALUE!
EONET_10665,Wildfire in Brazil 1021841,,Wildfires,-70.32463705,8/27/24,19:00:00,#VALUE!,#VALUE!,#VALUE!
EONET_10698,Wildfire in Brazil 1021861,,Wildfires,-58.78323752,8/27/24,19:00:00,#VALUE!,#VALUE!,#VALUE!
EONET_10699,Wildfire in Angola 1021862,,Wildfires,18.528268309546352  -14.871363948091219,8/27/24,19:00:00,19,18.528268309546352, -14.871363948091219
EONET_10700,Wildfire in Bolivia 1021872,,Wildfires,-80.13311537,8/27/24,19:00:00,#VALUE!,#VALUE!,#VALUE!
EONET_10701,Wildfire in Brazil 1021873,,Wildfires,-78.23510109,8/27/24,19:00:00,#VALUE!,#VALUE!,#VALUE!
EONET_10702,Wildfire in Bolivia 1021879,,Wildfires,-79.4935892,8/27/24,19:00:00,#VALUE!,#VALUE!,#VALUE!
EONET_10703,Wildfire in Brazil 1021880,,Wildfires,-68.49836012,8/27/24,19:00:00,#VALUE!,#VALUE!,#VALUE!
EONET_10704,Wildfire in Brazil 1021881,,Wildfires,-56.82731667,8/27/24,19:00:00,#VALUE!,#VALUE!,#VALUE!
EONET_10705,Wildfire in Australia 1021882,,Wildfires,133.8611424302848  -18.97385735621928,8/27/24,19:00:00,18,133.8611424302848, -18.97385735621928
EONET_10706,Wildfire in Bolivia 1021877,,Wildfires,-79.05863487,8/27/24,19:00:00,#VALUE!,#VALUE!,#VALUE!
EONET_10728,Wildfire in Angola 1021885,,Wildfires,17.894617901872415  -15.460367553133628,8/27/24,19:00:00,19,17.894617901872415, -15.460367553133628
EONET_10729,Wildfire in Paraguay 1021894,,Wildfires,-78.98449941,8/27/24,19:00:00,#VALUE!,#VALUE!,#VALUE!
EONET_10730,Wildfire in Brazil 1021895,,Wildfires,-51.9117787,8/27/24,19:00:00,#VALUE!,#VALUE!,#VALUE!
EONET_10731,Wildfire in Brazil 1021896,,Wildfires,-75.59289042,8/27/24,19:00:00,#VALUE!,#VALUE!,#VALUE!
EONET_10732,Wildfire in Brazil 1021898,,Wildfires,-62.89442093,8/27/24,19:00:00,#VALUE!,#VALUE!,#VALUE!
EONET_10749,Wildfire in Brazil 1021911,,Wildfires,-56.36871258,8/27/24,19:00:00,#VALUE!,#VALUE!,#VALUE!
EONET_10750,Wildfire in Angola 1021905,,Wildfires,17.627013371311392  -17.11821662205105,8/27/24,19:00:00,19,17.627013371311392, -17.11821662205105
EONET_10751,Wildfire in Brazil 1021914,,Wildfires,-64.03187733,8/27/24,19:00:00,#VALUE!,#VALUE!,#VALUE!
EONET_10752,Wildfire in Brazil 1021915,,Wildfires,-70.44829042,8/27/24,19:00:00,#VALUE!,#VALUE!,#VALUE!
EONET_10692,BAER Dixon Wildfire  Douglas  Oregon,,Wildfires,-122.9368  42.915867,8/27/24,13:17:00,10,-122.9368, 42.915867
EONET_10607,Wildfire in South Africa 1021782,,Wildfires,29.77516664548783  -28.1300717940603,8/26/24,19:00:00,18,29.77516664548783, -28.1300717940603
EONET_10608,Wildfire in Brazil 1021791,,Wildfires,-71.93757613,8/26/24,19:00:00,#VALUE!,#VALUE!,#VALUE!
EONET_10609,Wildfire in South Africa 1021783,,Wildfires,31.228157171619333  -22.702976763180633,8/26/24,19:00:00,19,31.228157171619333, -22.702976763180633
EONET_10610,Wildfire in South Africa 1021784,,Wildfires,29.279561614162994  -27.403867797582937,8/26/24,19:00:00,19,29.279561614162994, -27.403867797582937
EONET_10636,Wildfire in Canada 1021827,,Wildfires,-94.37444382312472  57.01594283676868,8/26/24,19:00:00,19,-94.37444382312472, 57.01594283676868
EONET_10637,Wildfire in Australia 1021828,,Wildfires,135.96665078780524  -16.068181498094592,8/26/24,19:00:00,19,135.96665078780524, -16.068181498094592
EONET_10638,Wildfire in Zambia  The Democratic Republic of Congo 1021809,,Wildfires,29.420010868860693  -12.340405196111234,8/26/24,19:00:00,19,29.420010868860693, -12.340405196111234
EONET_10639,Wildfire in South Africa 1021808,,Wildfires,28.640314450822952  -28.389840474823618,8/26/24,19:00:00,19,28.640314450822952, -28.389840474823618
EONET_10640,Wildfire in Bolivia 1021822,,Wildfires,-78.90489684,8/26/24,19:00:00,#VALUE!,#VALUE!,#VALUE!
EONET_10641,Wildfire in Brazil 1021815,,Wildfires,-78.27150281,8/26/24,19:00:00,#VALUE!,#VALUE!,#VALUE!
EONET_10642,Wildfire in Brazil 1021816,,Wildfires,-62.00326248,8/26/24,19:00:00,#VALUE!,#VALUE!,#VALUE!
EONET_10666,Wildfire in Brazil 1021842,,Wildfires,-60.31685999,8/26/24,19:00:00,#VALUE!,#VALUE!,#VALUE!
EONET_10667,Wildfire in Angola 1021832,,Wildfires,20.426122570305868  -15.28663264884939,8/26/24,19:00:00,19,20.426122570305868, -15.28663264884939
EONET_10668,Wildfire in Brazil 1021854,,Wildfires,-56.70980083,8/26/24,19:00:00,#VALUE!,#VALUE!,#VALUE!
EONET_10707,Wildfire in The Democratic Republic of Congo 1021864,,Wildfires,26.084706428245767  -2.652882638054558,8/26/24,19:00:00,19,26.084706428245767, -2.652882638054558
EONET_10708,Wildfire in Bolivia 1021874,,Wildfires,-76.44806885,8/26/24,19:00:00,#VALUE!,#VALUE!,#VALUE!
EONET_10709,Wildfire in Brazil 1021875,,Wildfires,-58.30429215,8/26/24,19:00:00,#VALUE!,#VALUE!,#VALUE!
EONET_10710,Wildfire in Angola 1021863,,Wildfires,18.699796875570396  -16.39668856814427,8/26/24,19:00:00,19,18.699796875570396, -16.39668856814427
EONET_10733,Wildfire in Brazil 1021901,,Wildfires,-72.22547881,8/26/24,19:00:00,#VALUE!,#VALUE!,#VALUE!
EONET_10734,Wildfire in Bolivia 1021902,,Wildfires,-79.87363128,8/26/24,19:00:00,#VALUE!,#VALUE!,#VALUE!
EONET_10735,Wildfire in Brazil 1021903,,Wildfires,-61.72621526,8/26/24,19:00:00,#VALUE!,#VALUE!,#VALUE!
EONET_10736,Wildfire in Australia 1021897,,Wildfires,124.99849251672606  -17.183034229857384,8/26/24,19:00:00,19,124.99849251672606, -17.183034229857384
EONET_10737,Wildfire in Angola 1021886,,Wildfires,20.355006329931246  -17.337035097625495,8/26/24,19:00:00,19,20.355006329931246, -17.337035097625495
EONET_10561,Wildfire in Brazil 1021774,,Wildfires,-75.32821737,8/25/24,19:00:00,#VALUE!,#VALUE!,#VALUE!
EONET_10611,Wildfire in The Democratic Republic of Congo 1021785,,Wildfires,25.90264028049735  -7.799024428076027,8/25/24,19:00:00,18,25.90264028049735, -7.799024428076027
EONET_10612,Wildfire in The Democratic Republic of Congo 1021786,,Wildfires,24.904505314832566  -9.200327144160768,8/25/24,19:00:00,19,24.904505314832566, -9.200327144160768
EONET_10613,Wildfire in Bolivia 1021801,,Wildfires,-78.57024803,8/25/24,19:00:00,#VALUE!,#VALUE!,#VALUE!
EONET_10614,Wildfire in Australia 1021792,,Wildfires,134.05803464376638  -19.02638691429805,8/25/24,19:00:00,19,134.05803464376638, -19.02638691429805
EONET_10643,Wildfire in Brazil 1021818,,Wildfires,-66.42850621,8/25/24,19:00:00,#VALUE!,#VALUE!,#VALUE!
EONET_10644,Wildfire in Brazil 1021819,,Wildfires,-63.50500567,8/25/24,19:00:00,#VALUE!,#VALUE!,#VALUE!
EONET_10645,Wildfire in Brazil 1021820,,Wildfires,-56.98417241,8/25/24,19:00:00,#VALUE!,#VALUE!,#VALUE!
EONET_10646,Wildfire in Angola 1021823,,Wildfires,21.140851407693162  -13.158828939240331,8/25/24,19:00:00,19,21.140851407693162, -13.158828939240331
EONET_10647,Wildfire in Zambia 1021805,,Wildfires,29.312358174429356  -11.314577598974177,8/25/24,19:00:00,19,29.312358174429356, -11.314577598974177
EONET_10648,Wildfire in Canada 1021817,,Wildfires,-102.24340547040214  55.943655108371864,8/25/24,19:00:00,20,-102.24340547040214, 55.943655108371864
EONET_10649,Wildfire in Angola 1021810,,Wildfires,15.137074625255327  -15.089268117344355,8/25/24,19:00:00,19,15.137074625255327, -15.089268117344355
EONET_10650,Wildfire in Angola 1021811,,Wildfires,19.491099903624484  -15.967951176346523,8/25/24,19:00:00,19,19.491099903624484, -15.967951176346523
EONET_10651,Wildfire in Australia 1021829,,Wildfires,136.1071654821835  -16.96561850150292,8/25/24,19:00:00,18,136.1071654821835, -16.96561850150292
EONET_10669,Wildfire in Zimbabwe 1021834,,Wildfires,30.179707876119796  -16.39960180606562,8/25/24,19:00:00,19,30.179707876119796, -16.39960180606562
EONET_10670,Wildfire in Brazil 1021855,,Wildfires,-73.28768686,8/25/24,19:00:00,#VALUE!,#VALUE!,#VALUE!
EONET_10671,Wildfire in Russian Federation 1021833,,Wildfires,37.94377663833649  45.80979954638759,8/25/24,19:00:00,18,37.94377663833649, 45.80979954638759
EONET_10672,Wildfire in Bolivia 1021843,,Wildfires,-78.14636512,8/25/24,19:00:00,#VALUE!,#VALUE!,#VALUE!
EONET_10673,Wildfire in Brazil 1021844,,Wildfires,-57.12838446,8/25/24,19:00:00,#VALUE!,#VALUE!,#VALUE!
EONET_10674,Wildfire in Paraguay 1021845,,Wildfires,-79.08949723,8/25/24,19:00:00,#VALUE!,#VALUE!,#VALUE!
EONET_10675,Wildfire in Angola 1021848,,Wildfires,21.02395511218617  -15.686381865482929,8/25/24,19:00:00,18,21.02395511218617, -15.686381865482929
EONET_10711,Wildfire in Angola 1021865,,Wildfires,17.709744066578235  -16.987735159796294,8/25/24,19:00:00,19,17.709744066578235, -16.987735159796294
EONET_10712,Wildfire in Angola 1021866,,Wildfires,20.055410357344382  -13.537954093413461,8/25/24,19:00:00,19,20.055410357344382, -13.537954093413461
EONET_10713,Wildfire in Australia 1021867,,Wildfires,148.14896519921857  -25.43525546413931,8/25/24,19:00:00,19,148.14896519921857, -25.43525546413931
EONET_10714,Wildfire in Angola 1021868,,Wildfires,16.166187320654416  -16.055679779604294,8/25/24,19:00:00,19,16.166187320654416, -16.055679779604294
EONET_10715,Wildfire in Angola 1021869,,Wildfires,16.377222131730058  -16.407366493434587,8/25/24,19:00:00,19,16.377222131730058, -16.407366493434587
EONET_10716,Wildfire in Angola 1021870,,Wildfires,21.063205838276396  -17.40924482673666,8/25/24,19:00:00,19,21.063205838276396, -17.40924482673666
EONET_10717,Wildfire in Angola 1021871,,Wildfires,20.43662682232736  -15.289000992119735,8/25/24,19:00:00,18,20.43662682232736, -15.289000992119735
EONET_10718,Wildfire in Bolivia  Brazil 1021876,,Wildfires,-76.93199838,8/25/24,19:00:00,#VALUE!,#VALUE!,#VALUE!
EONET_10719,Wildfire in Australia 1021883,,Wildfires,133.2462263792005  -11.833740521513068,8/25/24,19:00:00,18,133.2462263792005, -11.833740521513068
EONET_10720,Wildfire in Bolivia 1021884,,Wildfires,-80.37733454,8/25/24,19:00:00,#VALUE!,#VALUE!,#VALUE!
EONET_10738,Wildfire in Bolivia 1021887,,Wildfires,-77.26266566,8/25/24,19:00:00,#VALUE!,#VALUE!,#VALUE!
EONET_10739,Wildfire in Angola 1021888,,Wildfires,16.380455511348288  -7.831229738803737,8/25/24,19:00:00,19,16.380455511348288, -7.831229738803737
EONET_10539,Wildfire in Brazil 1021746,,Wildfires,-68.79858866,8/24/24,19:00:00,#VALUE!,#VALUE!,#VALUE!
EONET_10540,Wildfire in Brazil 1021747,,Wildfires,-60.02873079,8/24/24,19:00:00,#VALUE!,#VALUE!,#VALUE!
EONET_10562,Wildfire in Angola 1021763,,Wildfires,20.94899746006543  -10.228953616481316,8/24/24,19:00:00,18,20.94899746006543, -10.228953616481316
EONET_10563,Wildfire in Russian Federation 1021760,,Wildfires,37.94994128602011  45.71999990633147,8/24/24,19:00:00,18,37.94994128602011, 45.71999990633147
EONET_10564,Wildfire in Brazil 1021775,,Wildfires,-63.6100603,8/24/24,19:00:00,#VALUE!,#VALUE!,#VALUE!
EONET_10565,Wildfire in Brazil 1021769,,Wildfires,-68.76344831,8/24/24,19:00:00,#VALUE!,#VALUE!,#VALUE!
EONET_10566,Wildfire in Bolivia 1021770,,Wildfires,-77.38511781,8/24/24,19:00:00,#VALUE!,#VALUE!,#VALUE!
EONET_10567,Wildfire in Bolivia 1021771,,Wildfires,-79.01521284,8/24/24,19:00:00,#VALUE!,#VALUE!,#VALUE!
EONET_10615,Wildfire in Bolivia 1021802,,Wildfires,-77.39571399,8/24/24,19:00:00,#VALUE!,#VALUE!,#VALUE!
EONET_10616,Wildfire in Brazil 1021803,,Wildfires,-58.80125906,8/24/24,19:00:00,#VALUE!,#VALUE!,#VALUE!
EONET_10617,Wildfire in Gabon 1021787,,Wildfires,13.944539172914032  -2.1258681026553234,8/24/24,19:00:00,19,13.944539172914032, -2.1258681026553234
EONET_10618,Wildfire in Bolivia 1021793,,Wildfires,-78.97058134,8/24/24,19:00:00,#VALUE!,#VALUE!,#VALUE!
EONET_10619,Wildfire in Brazil 1021794,,Wildfires,-53.0004086,8/24/24,19:00:00,#VALUE!,#VALUE!,#VALUE!
EONET_10620,Wildfire in Brazil 1021795,,Wildfires,-55.83830163,8/24/24,19:00:00,#VALUE!,#VALUE!,#VALUE!
EONET_10652,Wildfire in Brazil 1021830,,Wildfires,-70.49634249,8/24/24,19:00:00,#VALUE!,#VALUE!,#VALUE!
EONET_10653,Wildfire in The Democratic Republic of Congo 1021812,,Wildfires,25.257233222782865  -8.93243849016887,8/24/24,19:00:00,19,25.257233222782865, -8.93243849016887
EONET_10654,Wildfire in United States 1021806,,Wildfires,-115.17164101808618  44.295438996807924,8/24/24,19:00:00,20,-115.17164101808618, 44.295438996807924
EONET_10676,Wildfire in Zambia 1021837,,Wildfires,29.400860317600245  -10.932211507987535,8/24/24,19:00:00,19,29.400860317600245, -10.932211507987535
EONET_10677,Wildfire in Brazil 1021835,,Wildfires,-69.8816181,8/24/24,19:00:00,#VALUE!,#VALUE!,#VALUE!
EONET_10678,Wildfire in Australia 1021836,,Wildfires,133.61196269930406  -19.3804508498757,8/24/24,19:00:00,19,133.61196269930406, -19.3804508498757
EONET_10679,Wildfire in Bolivia 1021856,,Wildfires,-78.0196922,8/24/24,19:00:00,#VALUE!,#VALUE!,#VALUE!
EONET_10680,Wildfire in Brazil 1021846,,Wildfires,-78.46979041,8/24/24,19:00:00,#VALUE!,#VALUE!,#VALUE!
EONET_10681,Wildfire in Brazil 1021847,,Wildfires,-62.0035394,8/24/24,19:00:00,#VALUE!,#VALUE!,#VALUE!
EONET_10589,Boulter Wildfire  Tooele  Utah,13 miles SE of Vernon UT,Wildfires,-112.275462  39.994523,8/24/24,15:47:00,12,-112.275462, 39.994523
EONET_10463,Wildfire in United States 1021699,,Wildfires,-106.36354236645532  45.38328920895123,8/23/24,19:00:00,20,-106.36354236645532, 45.38328920895123
EONET_10512,Wildfire in Australia 1021734,,Wildfires,150.8099744643265  -27.969703896510985,8/23/24,19:00:00,18,150.8099744643265, -27.969703896510985
EONET_10513,Wildfire in Brazil 1021724,,Wildfires,-68.55151966,8/23/24,19:00:00,#VALUE!,#VALUE!,#VALUE!
EONET_10541,Wildfire in Brazil 1021748,,Wildfires,-59.57155768,8/23/24,19:00:00,#VALUE!,#VALUE!,#VALUE!
EONET_10542,Wildfire in Brazil 1021749,,Wildfires,-72.4827917,8/23/24,19:00:00,#VALUE!,#VALUE!,#VALUE!
EONET_10543,Wildfire in Ethiopia 1021739,,Wildfires,37.358792047399376  4.2417702414591805,8/23/24,19:00:00,19,37.358792047399376, 4.2417702414591805
EONET_10544,Wildfire in Australia 1021757,,Wildfires,126.34047170748033  -16.667961153426358,8/23/24,19:00:00,19,126.34047170748033, -16.667961153426358
EONET_10568,Wildfire in Tanzania 1021764,,Wildfires,35.243197074525625  -2.2369500604904564,8/23/24,19:00:00,19,35.243197074525625, -2.2369500604904564
EONET_10569,Wildfire in Brazil 1021772,,Wildfires,-61.30697913,8/23/24,19:00:00,#VALUE!,#VALUE!,#VALUE!
EONET_10570,Wildfire in Brazil 1021773,,Wildfires,-68.09105401,8/23/24,19:00:00,#VALUE!,#VALUE!,#VALUE!
EONET_10571,Wildfire in Brazil 1021776,,Wildfires,-56.13057709,8/23/24,19:00:00,#VALUE!,#VALUE!,#VALUE!
EONET_10572,Wildfire in Brazil 1021777,,Wildfires,-63.54671997,8/23/24,19:00:00,#VALUE!,#VALUE!,#VALUE!
EONET_10573,Wildfire in Brazil 1021778,,Wildfires,-69.47553021,8/23/24,19:00:00,#VALUE!,#VALUE!,#VALUE!
EONET_10621,Wildfire in Brazil 1021796,,Wildfires,-57.74655904,8/23/24,19:00:00,#VALUE!,#VALUE!,#VALUE!
EONET_10622,Wildfire in Brazil 1021788,,Wildfires,-62.24309848,8/23/24,19:00:00,#VALUE!,#VALUE!,#VALUE!
EONET_10623,Wildfire in Brazil 1021804,,Wildfires,-54.86471007,8/23/24,19:00:00,#VALUE!,#VALUE!,#VALUE!
EONET_10624,Wildfire in The Democratic Republic of Congo 1021789,,Wildfires,22.369408352675833  -3.18974148132697,8/23/24,19:00:00,19,22.369408352675833, -3.18974148132697
EONET_10655,Wildfire in Angola 1021813,,Wildfires,18.77389734280564  -16.838567590500098,8/23/24,19:00:00,18,18.77389734280564, -16.838567590500098
EONET_10656,Wildfire in Ecuador 1021831,,Wildfires,-83.73275488,8/23/24,19:00:00,#VALUE!,#VALUE!,#VALUE!
EONET_10657,Wildfire in Brazil 1021821,,Wildfires,-67.97401401,8/23/24,19:00:00,#VALUE!,#VALUE!,#VALUE!
EONET_10682,Wildfire in Brazil 1021838,,Wildfires,-70.07927069,8/23/24,19:00:00,#VALUE!,#VALUE!,#VALUE!
EONET_10683,Wildfire in Angola 1021839,,Wildfires,18.810491388920735  -10.323148077908378,8/23/24,19:00:00,19,18.810491388920735, -10.323148077908378
EONET_10684,Wildfire in Angola 1021840,,Wildfires,20.17584251751213  -16.476849645262085,8/23/24,19:00:00,18,20.17584251751213, -16.476849645262085
EONET_10585,Sharrott Creek Wildfire  Ravalli  Montana,St. Mary&#039;s Face  Bitterroot National Forest  Stevensville Ranger District,Wildfires,-114.18433  46.508701,8/23/24,18:02:00,11,-114.18433, 46.508701
EONET_10584,Big Hollow Wildfire  Beaverhead  Montana,13 miles west of the town of Grant,Wildfires,-113.352767  45.0139,8/23/24,17:29:00,12,-113.352767, 45.0139
EONET_10588,Cross L Complex Wildfire  Union  New Mexico,38 NM from Raton  NM,Wildfires,-103.690096  36.949423,8/23/24,10:48:00,12,-103.690096, 36.949423
EONET_10586,Duncan Wildfire  Union  New Mexico,,Wildfires,-103.7353  36.9375,8/22/24,21:48:00,10,-103.7353, 36.9375
EONET_10420,Wildfire in United States 1021654,,Wildfires,-106.32554029425816  45.12679610867509,8/22/24,19:00:00,20,-106.32554029425816, 45.12679610867509
EONET_10464,Wildfire in Brazil 1021700,,Wildfires,-70.50553217,8/22/24,19:00:00,#VALUE!,#VALUE!,#VALUE!
EONET_10465,Wildfire in Bolivia 1021701,,Wildfires,-79.52829165,8/22/24,19:00:00,#VALUE!,#VALUE!,#VALUE!
EONET_10466,Wildfire in Bolivia 1021702,,Wildfires,-78.02077175,8/22/24,19:00:00,#VALUE!,#VALUE!,#VALUE!
EONET_10467,Wildfire in Australia 1021703,,Wildfires,146.9654956965088  -24.68250635250668,8/22/24,19:00:00,18,146.9654956965088, -24.68250635250668
EONET_10468,Wildfire in Brazil 1021704,,Wildfires,-68.73298253,8/22/24,19:00:00,#VALUE!,#VALUE!,#VALUE!
EONET_10469,Wildfire in Angola 1021664,,Wildfires,20.644156093147107  -12.166429157928256,8/22/24,19:00:00,19,20.644156093147107, -12.166429157928256
EONET_10470,Wildfire in Angola 1021665,,Wildfires,13.97671094396715  -15.945295119152892,8/22/24,19:00:00,18,13.97671094396715, -15.945295119152892
EONET_10471,Wildfire in Brazil 1021682,,Wildfires,-71.5190666,8/22/24,19:00:00,#VALUE!,#VALUE!,#VALUE!
EONET_10472,Wildfire in Brazil 1021683,,Wildfires,-67.96335131,8/22/24,19:00:00,#VALUE!,#VALUE!,#VALUE!
EONET_10473,Wildfire in Brazil 1021684,,Wildfires,-71.99977736,8/22/24,19:00:00,#VALUE!,#VALUE!,#VALUE!
EONET_10474,Wildfire in Brazil 1021685,,Wildfires,-72.21132361,8/22/24,19:00:00,#VALUE!,#VALUE!,#VALUE!
EONET_10475,Wildfire in Brazil 1021686,,Wildfires,-69.24275367,8/22/24,19:00:00,#VALUE!,#VALUE!,#VALUE!
EONET_10476,Wildfire in Brazil 1021687,,Wildfires,-70.95220813,8/22/24,19:00:00,#VALUE!,#VALUE!,#VALUE!
EONET_10514,Wildfire in Brazil 1021727,,Wildfires,-69.40024725,8/22/24,19:00:00,#VALUE!,#VALUE!,#VALUE!
EONET_10515,Wildfire in Brazil 1021728,,Wildfires,-68.39939695,8/22/24,19:00:00,#VALUE!,#VALUE!,#VALUE!
EONET_10516,Wildfire in Australia 1021725,,Wildfires,131.36250747645883  -12.967749889867472,8/22/24,19:00:00,19,131.36250747645883, -12.967749889867472
EONET_10517,Wildfire in Brazil 1021726,,Wildfires,-56.29805545,8/22/24,19:00:00,#VALUE!,#VALUE!,#VALUE!
EONET_10545,Wildfire in Brazil 1021758,,Wildfires,-62.94102221,8/22/24,19:00:00,#VALUE!,#VALUE!,#VALUE!
EONET_10546,Wildfire in Angola 1021740,,Wildfires,16.18511006610515  -15.72493316265466,8/22/24,19:00:00,18,16.18511006610515, -15.72493316265466
EONET_10547,Wildfire in Brazil 1021750,,Wildfires,-71.74929707,8/22/24,19:00:00,#VALUE!,#VALUE!,#VALUE!
EONET_10548,Wildfire in Zambia 1021756,,Wildfires,29.94820562211501  -12.394560302738972,8/22/24,19:00:00,18,29.94820562211501, -12.394560302738972
EONET_10574,Wildfire in Serbia 1021761,,Wildfires,22.76107297164187  43.13913385149159,8/22/24,19:00:00,18,22.76107297164187, 43.13913385149159
EONET_10575,Wildfire in Angola 1021766,,Wildfires,18.722408345622668  -16.947072731507646,8/22/24,19:00:00,19,18.722408345622668, -16.947072731507646
EONET_10576,Wildfire in Tanzania 1021762,,Wildfires,35.238619655932155  -2.3520976327507075,8/22/24,19:00:00,19,35.238619655932155, -2.3520976327507075
EONET_10577,Wildfire in The Democratic Republic of Congo 1021765,,Wildfires,23.901944111599914  -8.650750234642093,8/22/24,19:00:00,19,23.901944111599914, -8.650750234642093
EONET_10625,Wildfire in Zambia 1021790,,Wildfires,29.315365054479205  -10.013014896660673,8/22/24,19:00:00,19,29.315365054479205, -10.013014896660673
EONET_10626,Wildfire in The Democratic Republic of Congo 1021780,,Wildfires,30.055976212026263  -8.250260715361128,8/22/24,19:00:00,19,30.055976212026263, -8.250260715361128
EONET_10627,Wildfire in Brazil 1021797,,Wildfires,-55.41675111,8/22/24,19:00:00,#VALUE!,#VALUE!,#VALUE!
EONET_10628,Wildfire in Brazil 1021798,,Wildfires,-56.18401505,8/22/24,19:00:00,#VALUE!,#VALUE!,#VALUE!
EONET_10629,Wildfire in Brazil 1021799,,Wildfires,-67.99005547,8/22/24,19:00:00,#VALUE!,#VALUE!,#VALUE!
EONET_10658,Wildfire in The Democratic Republic of Congo 1021814,,Wildfires,28.860593099881083  -5.345616354922998,8/22/24,19:00:00,19,28.860593099881083, -5.345616354922998
EONET_10592,Chalky Point Wildfire  Rosebud  Montana,20 miles NW of Lame Deer  MT.,Wildfires,-106.9085  45.721,8/22/24,17:49:00,10,-106.9085, 45.721
EONET_10597,RANGE 77 Wildfire  Nye  Nevada,NORTH 29M OF BEATTY VOR,Wildfires,-116.52825  37.24875,8/22/24,17:32:00,11,-116.52825, 37.24875
EONET_10587,Island Wildfire  Union  New Mexico,Island Mesa  north of SR 456  west of Long Canyon Road  Union County,Wildfires,-103.644364  36.948628,8/22/24,15:07:00,12,-103.644364, 36.948628
EONET_10590,Remington Wildfire  Sheridan  Wyoming,20 NE of Leiter WY  multiple counties in southeast Montana.,Wildfires,-106.07122  44.94164,8/22/24,10:49:00,11,-106.07122, 44.94164
EONET_10598,Sage Creek Wildfire  Pennington  South Dakota,Pennington County  7 miles SW of Wall  SD,Wildfires,-102.355533  43.893833,8/22/24,6:49:00,12,-102.355533, 43.893833
EONET_10591,Flat Rock Wildfire  Campbell  Wyoming,11 miles NW of Gillette  WY,Wildfires,-105.579417  44.35377,8/21/24,20:15:00,12,-105.579417, 44.35377
EONET_10596,Constitution Wildfire  Campbell  Wyoming,11 miles NE of Gillette  Wy,Wildfires,-105.486581  44.535534,8/21/24,19:47:00,12,-105.486581, 44.535534
EONET_10581,Barber Wildfire  Converse  Wyoming,35 miles East of Casper  WY,Wildfires,-105.686572  42.764619,8/21/24,19:17:00,12,-105.686572, 42.764619
EONET_10421,Wildfire in Brazil 1021655,,Wildfires,-77.48324766,8/21/24,19:00:00,#VALUE!,#VALUE!,#VALUE!
EONET_10422,Wildfire in United States 1021620,,Wildfires,-106.35384764632053  43.88414562937104,8/21/24,19:00:00,20,-106.35384764632053, 43.88414562937104
EONET_10423,Wildfire in Brazil 1021642,,Wildfires,-71.59609084,8/21/24,19:00:00,#VALUE!,#VALUE!,#VALUE!
EONET_10424,Wildfire in Brazil 1021643,,Wildfires,-69.96942709,8/21/24,19:00:00,#VALUE!,#VALUE!,#VALUE!
EONET_10425,Wildfire in United States 1021644,,Wildfires,-105.79319553703952  44.305973648141084,8/21/24,19:00:00,20,-105.79319553703952, 44.305973648141084
EONET_10477,Wildfire in United States 1021688,,Wildfires,-105.43208721288838  44.59195736584834,8/21/24,19:00:00,20,-105.43208721288838, 44.59195736584834
EONET_10478,Wildfire in Tanzania 1021666,,Wildfires,30.89192209592488  -4.576458024809652,8/21/24,19:00:00,18,30.89192209592488, -4.576458024809652
EONET_10479,Wildfire in The Democratic Republic of Congo 1021668,,Wildfires,20.108078001829256  -4.33735251824961,8/21/24,19:00:00,19,20.108078001829256, -4.33735251824961
EONET_10480,Wildfire in The Democratic Republic of Congo 1021669,,Wildfires,24.799083859243193  -9.784342849638136,8/21/24,19:00:00,19,24.799083859243193, -9.784342849638136
EONET_10481,Wildfire in Brazil 1021689,,Wildfires,-72.48046642,8/21/24,19:00:00,#VALUE!,#VALUE!,#VALUE!
EONET_10482,Wildfire in Brazil 1021690,,Wildfires,-71.17699965,8/21/24,19:00:00,#VALUE!,#VALUE!,#VALUE!
EONET_10483,Wildfire in Brazil 1021691,,Wildfires,-70.45558129,8/21/24,19:00:00,#VALUE!,#VALUE!,#VALUE!
EONET_10484,Wildfire in Australia 1021667,,Wildfires,140.27923798535494  -20.920902793631758,8/21/24,19:00:00,19,140.27923798535494, -20.920902793631758
EONET_10485,Wildfire in Brazil 1021705,,Wildfires,-59.24417601,8/21/24,19:00:00,#VALUE!,#VALUE!,#VALUE!
EONET_10486,Wildfire in Brazil 1021706,,Wildfires,-71.27237669,8/21/24,19:00:00,#VALUE!,#VALUE!,#VALUE!
EONET_10518,Wildfire in Brazil 1021729,,Wildfires,-66.27712816,8/21/24,19:00:00,#VALUE!,#VALUE!,#VALUE!
EONET_10519,Wildfire in Brazil 1021730,,Wildfires,-69.63901454,8/21/24,19:00:00,#VALUE!,#VALUE!,#VALUE!
EONET_10520,Wildfire in The Democratic Republic of Congo 1021732,,Wildfires,18.898490997284842  -3.900461154028898,8/21/24,19:00:00,19,18.898490997284842, -3.900461154028898
EONET_10521,Wildfire in Angola 1021712,,Wildfires,19.664987764918394  -16.917116971552993,8/21/24,19:00:00,19,19.664987764918394, -16.917116971552993
EONET_10549,Wildfire in Brazil 1021751,,Wildfires,-63.24652378,8/21/24,19:00:00,#VALUE!,#VALUE!,#VALUE!
EONET_10550,Wildfire in Brazil 1021752,,Wildfires,-61.90455023,8/21/24,19:00:00,#VALUE!,#VALUE!,#VALUE!
EONET_10551,Wildfire in Australia 1021753,,Wildfires,131.07881880102858  -25.049690755457497,8/21/24,19:00:00,19,131.07881880102858, -25.049690755457497
EONET_10552,Wildfire in Tanzania 1021742,,Wildfires,35.163080971270126  -2.1651984446666175,8/21/24,19:00:00,19,35.163080971270126, -2.1651984446666175
EONET_10553,Wildfire in Angola 1021741,,Wildfires,19.970547313097665  -16.578382689587336,8/21/24,19:00:00,19,19.970547313097665, -16.578382689587336
EONET_10578,Wildfire in The Democratic Republic of Congo 1021767,,Wildfires,18.877416183171018  -3.8008538124758298,8/21/24,19:00:00,19,18.877416183171018, -3.8008538124758298
EONET_10579,Wildfire in Australia 1021779,,Wildfires,131.15869726801546  -12.327285002073015,8/21/24,19:00:00,19,131.15869726801546, -12.327285002073015
EONET_10580,Wildfire in The Democratic Republic of Congo 1021768,,Wildfires,29.640662809226637  -12.863304295884742,8/21/24,19:00:00,19,29.640662809226637, -12.863304295884742
EONET_10630,Wildfire in Zambia 1021781,,Wildfires,29.004662017184717  -10.615094926147583,8/21/24,19:00:00,19,29.004662017184717, -10.615094926147583
EONET_10582,Barber Draw Wildfire  Big Horn  Montana,30 miles SW of Lame Deer  MT,Wildfires,-106.8595  45.222667,8/21/24,17:38:00,10,-106.8595, 45.222667
EONET_10583,Iron Peak Wildfire  Iron  Utah,5 miles NE from Paragonah  UT and 23 miles NE of Cedar City  UT,Wildfires,-112.67905  37.913367,8/21/24,16:28:00,11,-112.67905, 37.913367
EONET_10595,House Draw Wildfire  Johnson  Wyoming,40 Miles SW of Gillette,Wildfires,-106.520417  44.13025,8/21/24,13:34:00,12,-106.520417, 44.13025
EONET_10605,Fishtail Wildfire  Stillwater  Montana,,Wildfires,-109.508333  45.436167,8/20/24,20:56:00,12,-109.508333, 45.436167
EONET_10389,Wildfire in United States 1021615,,Wildfires,-106.48870063446306  44.20169564117975,8/20/24,19:00:00,20,-106.48870063446306, 44.20169564117975
EONET_10390,Wildfire in Angola  The Democratic Republic of Congo 1021591,,Wildfires,16.956229117060637  -6.976957443897595,8/20/24,19:00:00,19,16.956229117060637, -6.976957443897595
EONET_10426,Wildfire in Angola 1021624,,Wildfires,14.920883386800767  -15.470510517088837,8/20/24,19:00:00,19,14.920883386800767, -15.470510517088837
EONET_10427,Wildfire in Zambia 1021625,,Wildfires,31.775359181912304  -12.404883385523194,8/20/24,19:00:00,19,31.775359181912304, -12.404883385523194
EONET_10428,Wildfire in Brazil 1021645,,Wildfires,-66.20038628,8/20/24,19:00:00,#VALUE!,#VALUE!,#VALUE!
EONET_10429,Wildfire in Brazil 1021646,,Wildfires,-73.31427861,8/20/24,19:00:00,#VALUE!,#VALUE!,#VALUE!
EONET_10430,Wildfire in Brazil 1021647,,Wildfires,-69.17868061,8/20/24,19:00:00,#VALUE!,#VALUE!,#VALUE!
EONET_10431,Wildfire in Angola 1021622,,Wildfires,14.76022432566163  -15.255913653788097,8/20/24,19:00:00,18,14.76022432566163, -15.255913653788097
EONET_10432,Wildfire in Brazil 1021623,,Wildfires,-70.94207998,8/20/24,19:00:00,#VALUE!,#VALUE!,#VALUE!
EONET_10433,Wildfire in Brazil 1021656,,Wildfires,-72.20123168,8/20/24,19:00:00,#VALUE!,#VALUE!,#VALUE!
EONET_10434,Wildfire in Brazil 1021657,,Wildfires,-72.04226715,8/20/24,19:00:00,#VALUE!,#VALUE!,#VALUE!
EONET_10435,Wildfire in Brazil 1021658,,Wildfires,-71.41910882,8/20/24,19:00:00,#VALUE!,#VALUE!,#VALUE!
EONET_10436,Wildfire in Brazil 1021659,,Wildfires,-71.6087389,8/20/24,19:00:00,#VALUE!,#VALUE!,#VALUE!
EONET_10487,Wildfire in Bolivia 1021707,,Wildfires,-79.31304886,8/20/24,19:00:00,#VALUE!,#VALUE!,#VALUE!
EONET_10488,Wildfire in Brazil 1021708,,Wildfires,-64.98514632,8/20/24,19:00:00,#VALUE!,#VALUE!,#VALUE!
EONET_10489,Wildfire in Australia 1021709,,Wildfires,131.33392498646944  -12.892129362839908,8/20/24,19:00:00,19,131.33392498646944, -12.892129362839908
EONET_10490,Wildfire in Brazil 1021710,,Wildfires,-72.47176901,8/20/24,19:00:00,#VALUE!,#VALUE!,#VALUE!
EONET_10491,Wildfire in Brazil 1021698,,Wildfires,-68.08497877,8/20/24,19:00:00,#VALUE!,#VALUE!,#VALUE!
EONET_10492,Wildfire in Angola 1021670,,Wildfires,14.332492455469135  -15.621449776242946,8/20/24,19:00:00,19,14.332492455469135, -15.621449776242946
EONET_10493,Wildfire in Brazil 1021692,,Wildfires,-70.55150847,8/20/24,19:00:00,#VALUE!,#VALUE!,#VALUE!
EONET_10522,Wildfire in Brazil 1021735,,Wildfires,-67.69352468,8/20/24,19:00:00,#VALUE!,#VALUE!,#VALUE!
EONET_10523,Wildfire in Brazil 1021736,,Wildfires,-61.19665939,8/20/24,19:00:00,#VALUE!,#VALUE!,#VALUE!
EONET_10524,Wildfire in Bolivia 1021733,,Wildfires,-77.00773625,8/20/24,19:00:00,#VALUE!,#VALUE!,#VALUE!
EONET_10525,Wildfire in Angola 1021716,,Wildfires,18.863684668721312  -16.016297782596002,8/20/24,19:00:00,19,18.863684668721312, -16.016297782596002
EONET_10526,Wildfire in The Democratic Republic of Congo 1021713,,Wildfires,30.503600465476545  -8.099896592430511,8/20/24,19:00:00,19,30.503600465476545, -8.099896592430511
EONET_10527,Wildfire in Angola 1021714,,Wildfires,21.77297517079927  -10.087520422989513,8/20/24,19:00:00,18,21.77297517079927, -10.087520422989513
EONET_10528,Wildfire in Angola 1021715,,Wildfires,19.6639915535126  -9.759734204395748,8/20/24,19:00:00,17,19.6639915535126, -9.759734204395748
EONET_10529,Wildfire in Angola 1021717,,Wildfires,18.702593017102064  -10.694056469768075,8/20/24,19:00:00,19,18.702593017102064, -10.694056469768075
EONET_10530,Wildfire in Brazil 1021731,,Wildfires,-56.88110985,8/20/24,19:00:00,#VALUE!,#VALUE!,#VALUE!
EONET_10554,Wildfire in Brazil 1021759,,Wildfires,-64.69783026,8/20/24,19:00:00,#VALUE!,#VALUE!,#VALUE!
EONET_10555,Wildfire in Brazil 1021754,,Wildfires,-63.53228175,8/20/24,19:00:00,#VALUE!,#VALUE!,#VALUE!
EONET_10556,Wildfire in Bolivia 1021755,,Wildfires,-77.54040293,8/20/24,19:00:00,#VALUE!,#VALUE!,#VALUE!
EONET_10557,Wildfire in The Democratic Republic of Congo 1021743,,Wildfires,18.723993911720676  -4.19934970499745,8/20/24,19:00:00,19,18.723993911720676, -4.19934970499745
EONET_10602,STAYMAN Wildfire  Chelan  Washington,1.5 miles of Chelan  WA,Wildfires,-120.082726  47.767003,8/20/24,18:04:00,12,-120.082726, 47.767003
EONET_10352,Wildfire in The Democratic Republic of Congo 1021554,,Wildfires,25.845081512135724  -8.329870183307753,8/19/24,19:00:00,19,25.845081512135724, -8.329870183307753
EONET_10353,Wildfire in Angola 1021580,,Wildfires,14.657386544007505  -15.127764918809582,8/19/24,19:00:00,19,14.657386544007505, -15.127764918809582
EONET_10391,Wildfire in Australia 1021618,,Wildfires,142.53297824423805  -12.583121338392644,8/19/24,19:00:00,19,142.53297824423805, -12.583121338392644
EONET_10392,Wildfire in South Africa 1021616,,Wildfires,30.477957325033977  -27.73102468462881,8/19/24,19:00:00,19,30.477957325033977, -27.73102468462881
EONET_10393,Wildfire in Angola 1021592,,Wildfires,22.037275354295293  -10.061661635504246,8/19/24,19:00:00,19,22.037275354295293, -10.061661635504246
EONET_10394,Wildfire in Botswana 1021593,,Wildfires,23.414847020884352  -24.54580712808987,8/19/24,19:00:00,19,23.414847020884352, -24.54580712808987
EONET_10395,Wildfire in Bolivia 1021610,,Wildfires,-77.76891917,8/19/24,19:00:00,#VALUE!,#VALUE!,#VALUE!
EONET_10437,Wildfire in Zambia 1021626,,Wildfires,29.682512801227492  -9.70451691132265,8/19/24,19:00:00,19,29.682512801227492, -9.70451691132265
EONET_10438,Wildfire in Angola 1021628,,Wildfires,20.1326531935251  -9.204004871492128,8/19/24,19:00:00,17,20.1326531935251, -9.204004871492128
EONET_10439,Wildfire in Angola 1021629,,Wildfires,20.041163887108056  -10.610290122483022,8/19/24,19:00:00,19,20.041163887108056, -10.610290122483022
EONET_10440,Wildfire in Bolivia 1021660,,Wildfires,-79.01784945,8/19/24,19:00:00,#VALUE!,#VALUE!,#VALUE!
EONET_10441,Wildfire in Brazil 1021661,,Wildfires,-75.51184231,8/19/24,19:00:00,#VALUE!,#VALUE!,#VALUE!
EONET_10442,Wildfire in Brazil 1021627,,Wildfires,-67.60314572,8/19/24,19:00:00,#VALUE!,#VALUE!,#VALUE!
EONET_10443,Wildfire in Angola 1021630,,Wildfires,14.882897184007327  -15.564524552369756,8/19/24,19:00:00,19,14.882897184007327, -15.564524552369756
EONET_10444,Wildfire in Brazil 1021648,,Wildfires,-63.22839096,8/19/24,19:00:00,#VALUE!,#VALUE!,#VALUE!
EONET_10445,Wildfire in Brazil 1021649,,Wildfires,-73.9518737,8/19/24,19:00:00,#VALUE!,#VALUE!,#VALUE!
EONET_10446,Wildfire in Brazil 1021650,,Wildfires,-69.75755521,8/19/24,19:00:00,#VALUE!,#VALUE!,#VALUE!
EONET_10494,Wildfire in Angola 1021672,,Wildfires,18.649071134214388  -10.641506555875718,8/19/24,19:00:00,19,18.649071134214388, -10.641506555875718
EONET_10495,Wildfire in The Democratic Republic of Congo 1021673,,Wildfires,19.2750946668118  -4.037460655661818,8/19/24,19:00:00,17,19.2750946668118, -4.037460655661818
EONET_10496,Wildfire in Bolivia 1021693,,Wildfires,-79.19378873,8/19/24,19:00:00,#VALUE!,#VALUE!,#VALUE!
EONET_10497,Wildfire in Canada 1021694,,Wildfires,-78.86617447568368  50.67464544811803,8/19/24,19:00:00,19,-78.86617447568368, 50.67464544811803
EONET_10498,Wildfire in Brazil 1021697,,Wildfires,-67.37033845,8/19/24,19:00:00,#VALUE!,#VALUE!,#VALUE!
EONET_10499,Wildfire in Brazil 1021695,,Wildfires,-69.92191678,8/19/24,19:00:00,#VALUE!,#VALUE!,#VALUE!
EONET_10500,Wildfire in Namibia 1021671,,Wildfires,18.578400317294534  -18.0609421049431,8/19/24,19:00:00,19,18.578400317294534, -18.0609421049431
EONET_10501,Wildfire in The Democratic Republic of Congo 1021674,,Wildfires,17.121123469558114  -6.005563101948217,8/19/24,19:00:00,19,17.121123469558114, -6.005563101948217
EONET_10502,Wildfire in The Democratic Republic of Congo 1021675,,Wildfires,19.829640459883656  -4.196085673202985,8/19/24,19:00:00,19,19.829640459883656, -4.196085673202985
EONET_10503,Wildfire in Brazil 1021711,,Wildfires,-69.56622361,8/19/24,19:00:00,#VALUE!,#VALUE!,#VALUE!
EONET_10531,Wildfire in The Democratic Republic of Congo 1021718,,Wildfires,18.78555632279444  -4.009585428693314,8/19/24,19:00:00,18,18.78555632279444, -4.009585428693314
EONET_10532,Wildfire in Zambia 1021719,,Wildfires,30.26607218511995  -12.214016851547129,8/19/24,19:00:00,18,30.26607218511995, -12.214016851547129
EONET_10533,Wildfire in Bolivia 1021737,,Wildfires,-78.00347318,8/19/24,19:00:00,#VALUE!,#VALUE!,#VALUE!
EONET_10558,Wildfire in Zambia 1021738,,Wildfires,29.728793432770154  -10.413314868681711,8/19/24,19:00:00,19,29.728793432770154, -10.413314868681711
EONET_10559,Wildfire in The Democratic Republic of Congo 1021744,,Wildfires,24.678067717671162  -9.864169819329906,8/19/24,19:00:00,19,24.678067717671162, -9.864169819329906
EONET_10560,Wildfire in The Democratic Republic of Congo 1021745,,Wildfires,20.15059117662694  -4.364547314340713,8/19/24,19:00:00,18,20.15059117662694, -4.364547314340713
EONET_10315,Hobson Wildfire  White Pine  Nevada,,Wildfires,-115.401167  39.9185,8/18/24,19:13:00,12,-115.401167, 39.9185
EONET_10322,Wildfire in Angola 1021547,,Wildfires,17.355482116748153  -8.568953569566064,8/18/24,19:00:00,19,17.355482116748153, -8.568953569566064
EONET_10323,Wildfire in Canada 1021524,,Wildfires,-126.56174461956873  53.626137796842706,8/18/24,19:00:00,20,-126.56174461956873, 53.626137796842706
EONET_10324,Wildfire in Angola 1021526,,Wildfires,14.7708437105317  -15.009868488705429,8/18/24,19:00:00,17,14.7708437105317, -15.009868488705429
EONET_10354,Wildfire in The Democratic Republic of Congo 1021581,,Wildfires,24.67089417011879  -9.64316045797106,8/18/24,19:00:00,18,24.67089417011879, -9.64316045797106
EONET_10355,Wildfire in Angola 1021559,,Wildfires,20.59502346565309  -16.655632985462372,8/18/24,19:00:00,18,20.59502346565309, -16.655632985462372
EONET_10396,Wildfire in Zambia 1021595,,Wildfires,30.45913150785769  -9.117519965059085,8/18/24,19:00:00,18,30.45913150785769, -9.117519965059085
EONET_10397,Wildfire in The Democratic Republic of Congo 1021598,,Wildfires,21.95107220763888  -6.192132415165204,8/18/24,19:00:00,18,21.95107220763888, -6.192132415165204
EONET_10398,Wildfire in The Democratic Republic of Congo 1021600,,Wildfires,25.91990593602531  -5.141597666271899,8/18/24,19:00:00,18,25.91990593602531, -5.141597666271899
EONET_10399,Wildfire in Brazil 1021611,,Wildfires,-61.49648008,8/18/24,19:00:00,#VALUE!,#VALUE!,#VALUE!
EONET_10400,Wildfire in The Democratic Republic of Congo 1021594,,Wildfires,17.192222881034148  -6.012508980835808,8/18/24,19:00:00,19,17.192222881034148, -6.012508980835808
EONET_10401,Wildfire in Brazil 1021596,,Wildfires,-68.27813239,8/18/24,19:00:00,#VALUE!,#VALUE!,#VALUE!
EONET_10402,Wildfire in Angola 1021597,,Wildfires,16.573502698495982  -15.613476702912346,8/18/24,19:00:00,19,16.573502698495982, -15.613476702912346
EONET_10403,Wildfire in The Democratic Republic of Congo 1021599,,Wildfires,24.67159106082838  -9.481279968209146,8/18/24,19:00:00,18,24.67159106082838, -9.481279968209146
EONET_10404,Wildfire in Brazil 1021619,,Wildfires,-74.78709373,8/18/24,19:00:00,#VALUE!,#VALUE!,#VALUE!
EONET_10447,Wildfire in Angola 1021631,,Wildfires,21.299484169354685  -10.745051849943426,8/18/24,19:00:00,19,21.299484169354685, -10.745051849943426
EONET_10448,Wildfire in Zambia 1021632,,Wildfires,29.77784464694272  -9.855140912109597,8/18/24,19:00:00,18,29.77784464694272, -9.855140912109597
EONET_10449,Wildfire in Brazil 1021651,,Wildfires,-62.36740058,8/18/24,19:00:00,#VALUE!,#VALUE!,#VALUE!
EONET_10504,Wildfire in Namibia 1021676,,Wildfires,20.120853184126148  -19.024780618572063,8/18/24,19:00:00,19,20.120853184126148, -19.024780618572063
EONET_10505,Wildfire in The Democratic Republic of Congo 1021677,,Wildfires,24.461610632037544  -9.034062121040153,8/18/24,19:00:00,19,24.461610632037544, -9.034062121040153
EONET_10506,Wildfire in Namibia 1021678,,Wildfires,20.20266686979774  -19.03229833393915,8/18/24,19:00:00,18,20.20266686979774, -19.03229833393915
EONET_10507,Wildfire in Brazil 1021696,,Wildfires,-73.70290706,8/18/24,19:00:00,#VALUE!,#VALUE!,#VALUE!
EONET_10534,Wildfire in The Democratic Republic of Congo 1021720,,Wildfires,19.42889615068854  -3.4346897658349897,8/18/24,19:00:00,18,19.42889615068854, -3.4346897658349897
EONET_10535,Wildfire in Angola 1021721,,Wildfires,20.720185242022787  -11.274087349571033,8/18/24,19:00:00,19,20.720185242022787, -11.274087349571033
EONET_10536,Wildfire in Angola 1021722,,Wildfires,14.960244276921532  -11.473318792546852,8/18/24,19:00:00,19,14.960244276921532, -11.473318792546852
EONET_10537,Wildfire in The Democratic Republic of Congo 1021723,,Wildfires,19.910963202255846  -4.111202525302862,8/18/24,19:00:00,19,19.910963202255846, -4.111202525302862
EONET_10314,0675 OCHOCO Wildfire  Jefferson  Oregon,,Wildfires,-121.127004  44.502607,8/18/24,16:56:00,12,-121.127004, 44.502607
EONET_10313,0672 RV N. GILLIAM CNTY ASSIST Wildfire  Gilliam  Oregon,,Wildfires,-120.176422  45.744671,8/18/24,0:39:00,12,-120.176422, 45.744671
EONET_10321,Salt Fork Fire Wildfire  Greer  Oklahoma,9 miles west of Mangum  OK on the Salt Fork of the Red River,Wildfires,-99.6672222  34.8513889,8/17/24,19:34:00,12,-99.6672222, 34.8513889
EONET_10216,Wildfire in South Africa 1021431,,Wildfires,26.910863713178912  -29.349915008216968,8/17/24,19:00:00,19,26.910863713178912, -29.349915008216968
EONET_10217,Wildfire in Angola 1021452,,Wildfires,21.4414821013812  -8.848977456204153,8/17/24,19:00:00,17,21.4414821013812, -8.848977456204153
EONET_10218,Wildfire in Australia 1021457,,Wildfires,136.69560469798662  -16.034501116526293,8/17/24,19:00:00,19,136.69560469798662, -16.034501116526293
EONET_10325,Wildfire in South Africa 1021528,,Wildfires,31.333533614272422  -25.176506265036384,8/17/24,19:00:00,19,31.333533614272422, -25.176506265036384
EONET_10326,Wildfire in The Democratic Republic of Congo 1021527,,Wildfires,25.62418975332685  -7.799766425692636,8/17/24,19:00:00,18,25.62418975332685, -7.799766425692636
EONET_10356,Wildfire in South Africa 1021561,,Wildfires,26.831322073280894  -32.31492771815524,8/17/24,19:00:00,19,26.831322073280894, -32.31492771815524
EONET_10357,Wildfire in South Africa 1021560,,Wildfires,26.88935649957571  -31.82760517769422,8/17/24,19:00:00,18,26.88935649957571, -31.82760517769422
EONET_10358,Wildfire in Bolivia 1021576,,Wildfires,-80.77136195,8/17/24,19:00:00,#VALUE!,#VALUE!,#VALUE!
EONET_10359,Wildfire in Australia 1021577,,Wildfires,130.28405070932382  -15.628496477849184,8/17/24,19:00:00,19,130.28405070932382, -15.628496477849184
EONET_10360,Wildfire in Brazil 1021584,,Wildfires,-60.36119534,8/17/24,19:00:00,#VALUE!,#VALUE!,#VALUE!
EONET_10361,Wildfire in Russian Federation 1021585,,Wildfires,120.23787619540342  54.03368022512155,8/17/24,19:00:00,19,120.23787619540342, 54.03368022512155
EONET_10362,Wildfire in Brazil 1021586,,Wildfires,-67.73803981,8/17/24,19:00:00,#VALUE!,#VALUE!,#VALUE!
EONET_10405,Wildfire in Tanzania 1021601,,Wildfires,32.15521749682129  -7.50821421755157,8/17/24,19:00:00,18,32.15521749682129, -7.50821421755157
EONET_10406,Wildfire in Zambia 1021617,,Wildfires,26.549197662329835  -14.567319898658539,8/17/24,19:00:00,19,26.549197662329835, -14.567319898658539
EONET_10407,Wildfire in Tanzania 1021590,,Wildfires,32.15594100541187  -7.652192212490783,8/17/24,19:00:00,18,32.15594100541187, -7.652192212490783
EONET_10450,Wildfire in Zambia 1021633,,Wildfires,30.287910072534736  -9.701743369102253,8/17/24,19:00:00,19,30.287910072534736, -9.701743369102253
EONET_10451,Wildfire in The Democratic Republic of Congo 1021634,,Wildfires,25.37324285588733  -9.128296227244679,8/17/24,19:00:00,18,25.37324285588733, -9.128296227244679
EONET_10452,Wildfire in Tanzania 1021635,,Wildfires,32.13733372024313  -7.493675131742954,8/17/24,19:00:00,18,32.13733372024313, -7.493675131742954
EONET_10453,Wildfire in Brazil 1021662,,Wildfires,-71.96555299,8/17/24,19:00:00,#VALUE!,#VALUE!,#VALUE!
EONET_10454,Wildfire in Brazil 1021652,,Wildfires,-71.93903462,8/17/24,19:00:00,#VALUE!,#VALUE!,#VALUE!
EONET_10455,Wildfire in Brazil 1021653,,Wildfires,-76.82616952,8/17/24,19:00:00,#VALUE!,#VALUE!,#VALUE!
EONET_10508,Wildfire in Angola 1021663,,Wildfires,16.191620709398666  -15.528318465595987,8/17/24,19:00:00,19,16.191620709398666, -15.528318465595987
EONET_10509,Wildfire in Angola 1021679,,Wildfires,19.006718534327472  -9.196688947809351,8/17/24,19:00:00,19,19.006718534327472, -9.196688947809351
EONET_10510,Wildfire in Brazil 1021680,,Wildfires,-72.32274648,8/17/24,19:00:00,#VALUE!,#VALUE!,#VALUE!
EONET_10511,Wildfire in Angola 1021681,,Wildfires,20.596128354802946  -17.54608752792182,8/17/24,19:00:00,19,20.596128354802946, -17.54608752792182
EONET_10631,Sheveluch Volcano  Russia,,Volcanoes,161.36  56.653,8/17/24,0:00:00,7,161.36, 56.653
EONET_10317,Fish Creek Wildfire  Teton  Wyoming,Approximately 7-miles southwest of Togwotee Pass,Wildfires,-110.1454  43.67445,8/16/24,22:15:00,10,-110.1454, 43.67445
EONET_10149,Wildfire in Canada 1021391,,Wildfires,-123.67190678699345  64.9511126731221,8/16/24,19:00:00,20,-123.67190678699345, 64.9511126731221
EONET_10150,Wildfire in Canada 1021392,,Wildfires,-122.59712626346071  64.28859478580976,8/16/24,19:00:00,20,-122.59712626346071, 64.28859478580976
EONET_10183,Wildfire in Russian Federation 1021420,,Wildfires,144.07696946404022  69.02200862646443,8/16/24,19:00:00,19,144.07696946404022, 69.02200862646443
EONET_10219,Wildfire in Bolivia  Brazil 1021448,,Wildfires,-75.36052661,8/16/24,19:00:00,#VALUE!,#VALUE!,#VALUE!
EONET_10220,Wildfire in Bolivia 1021449,,Wildfires,-76.05325269,8/16/24,19:00:00,#VALUE!,#VALUE!,#VALUE!
EONET_10221,Wildfire in Russian Federation 1021450,,Wildfires,144.0386200207036  69.02587485093144,8/16/24,19:00:00,18,144.0386200207036, 69.02587485093144
EONET_10222,Wildfire in Zambia 1021432,,Wildfires,24.861388737887957  -13.007554483430836,8/16/24,19:00:00,19,24.861388737887957, -13.007554483430836
EONET_10223,Wildfire in Botswana 1021433,,Wildfires,22.46100964161343  -23.723480592500124,8/16/24,19:00:00,18,22.46100964161343, -23.723480592500124
EONET_10224,Wildfire in Botswana 1021428,,Wildfires,23.54986140218745  -23.27515866659453,8/16/24,19:00:00,18,23.54986140218745, -23.27515866659453
EONET_10327,Wildfire in Tanzania 1021529,,Wildfires,36.17121110845521  -4.345219917719843,8/16/24,19:00:00,18,36.17121110845521, -4.345219917719843
EONET_10328,Wildfire in Zambia 1021530,,Wildfires,24.73399294616355  -13.061730127149414,8/16/24,19:00:00,18,24.73399294616355, -13.061730127149414
EONET_10329,Wildfire in Angola 1021548,,Wildfires,14.76655194848175  -15.009915766725289,8/16/24,19:00:00,18,14.76655194848175, -15.009915766725289
EONET_10330,Wildfire in Russian Federation 1021549,,Wildfires,121.6788199642032  64.08137103251273,8/16/24,19:00:00,18,121.6788199642032, 64.08137103251273
EONET_10331,Wildfire in Brazil 1021550,,Wildfires,-78.61231592,8/16/24,19:00:00,#VALUE!,#VALUE!,#VALUE!
EONET_10332,Wildfire in Brazil 1021551,,Wildfires,-73.59778233,8/16/24,19:00:00,#VALUE!,#VALUE!,#VALUE!
EONET_10333,Wildfire in Australia 1021542,,Wildfires,143.10322199577638  -17.4206598043995,8/16/24,19:00:00,19,143.10322199577638, -17.4206598043995
EONET_10334,Wildfire in Russian Federation 1021543,,Wildfires,143.5931789803035  69.41162942313022,8/16/24,19:00:00,18,143.5931789803035, 69.41162942313022
EONET_10363,Wildfire in Brazil 1021587,,Wildfires,-58.11877656,8/16/24,19:00:00,#VALUE!,#VALUE!,#VALUE!
EONET_10364,Wildfire in Brazil 1021588,,Wildfires,-58.9272116,8/16/24,19:00:00,#VALUE!,#VALUE!,#VALUE!
EONET_10365,Wildfire in Angola 1021582,,Wildfires,14.13217526508073  -14.363827117269665,8/16/24,19:00:00,18,14.13217526508073, -14.363827117269665
EONET_10366,Wildfire in Angola 1021583,,Wildfires,21.051946984861384  -10.916192238847856,8/16/24,19:00:00,19,21.051946984861384, -10.916192238847856
EONET_10367,Wildfire in Australia 1021579,,Wildfires,134.1623335138918  -19.81456348343213,8/16/24,19:00:00,18,134.1623335138918, -19.81456348343213
EONET_10368,Wildfire in The Democratic Republic of Congo 1021555,,Wildfires,25.81659981647499  -7.888538629670715,8/16/24,19:00:00,18,25.81659981647499, -7.888538629670715
EONET_10369,Wildfire in Canada 1021556,,Wildfires,-122.99033780717546  62.45608552701259,8/16/24,19:00:00,20,-122.99033780717546, 62.45608552701259
EONET_10370,Wildfire in Brazil  Paraguay 1021578,,Wildfires,-78.54257038,8/16/24,19:00:00,#VALUE!,#VALUE!,#VALUE!
EONET_10371,Wildfire in The Democratic Republic of Congo 1021562,,Wildfires,24.831500782801076  -9.550384171907004,8/16/24,19:00:00,19,24.831500782801076, -9.550384171907004
EONET_10372,Wildfire in The Democratic Republic of Congo  Zambia 1021563,,Wildfires,29.51704672920795  -12.5042798535114,8/16/24,19:00:00,18,29.51704672920795, -12.5042798535114
EONET_10373,Wildfire in The Democratic Republic of Congo 1021564,,Wildfires,21.57438089627771  -6.667260367434586,8/16/24,19:00:00,18,21.57438089627771, -6.667260367434586
EONET_10374,Wildfire in The Democratic Republic of Congo 1021565,,Wildfires,24.56585659887622  -9.971522045282189,8/16/24,19:00:00,18,24.56585659887622, -9.971522045282189
EONET_10408,Wildfire in Zambia 1021602,,Wildfires,25.867415867661276  -16.213580571561575,8/16/24,19:00:00,19,25.867415867661276, -16.213580571561575
EONET_10409,Wildfire in Brazil 1021612,,Wildfires,-59.92675768,8/16/24,19:00:00,#VALUE!,#VALUE!,#VALUE!
EONET_10410,Wildfire in Brazil 1021613,,Wildfires,-74.62743475,8/16/24,19:00:00,#VALUE!,#VALUE!,#VALUE!
EONET_10411,Wildfire in Brazil 1021614,,Wildfires,-60.72887545,8/16/24,19:00:00,#VALUE!,#VALUE!,#VALUE!
EONET_10412,Wildfire in South Africa 1021603,,Wildfires,26.777772821375294  -32.46110695703945,8/16/24,19:00:00,19,26.777772821375294, -32.46110695703945
EONET_10456,Wildfire in Zambia 1021636,,Wildfires,30.748795517503485  -11.327426083891908,8/16/24,19:00:00,19,30.748795517503485, -11.327426083891908
EONET_10457,Wildfire in The Democratic Republic of Congo 1021637,,Wildfires,25.213040209098377  -9.210081757749375,8/16/24,19:00:00,19,25.213040209098377, -9.210081757749375
EONET_10458,Wildfire in The Democratic Republic of Congo 1021638,,Wildfires,28.353766566876804  -5.680019408461655,8/16/24,19:00:00,19,28.353766566876804, -5.680019408461655
EONET_10459,Wildfire in Zambia 1021639,,Wildfires,30.462489117927202  -9.113589538219076,8/16/24,19:00:00,19,30.462489117927202, -9.113589538219076
EONET_10460,Wildfire in The Democratic Republic of Congo 1021640,,Wildfires,21.461900649713396  -6.652505603621824,8/16/24,19:00:00,19,21.461900649713396, -6.652505603621824
EONET_10461,Wildfire in The Democratic Republic of Congo 1021641,,Wildfires,21.970668342793374  -6.16862536120534,8/16/24,19:00:00,19,21.970668342793374, -6.16862536120534
EONET_10462,Wildfire in Tanzania 1021621,,Wildfires,31.104324417047664  -3.7803626601547813,8/16/24,19:00:00,19,31.104324417047664, -3.7803626601547813
EONET_10316,Dirt Road Wildfire  King  Texas,The fire is 18 miles Southwest of Guthrie  TX,Wildfires,-100.5010333  33.41166667,8/16/24,16:29:00,13,-100.5010333, 33.41166667
EONET_10099,Midway Pasture Wildfire  Wilbarger  Texas,,Wildfires,-99.1963  33.95502,8/15/24,21:52:00,9,-99.1963, 33.95502
EONET_10151,Wildfire in The Democratic Republic of Congo 1021368,,Wildfires,17.04715240493347  -6.912758561988537,8/15/24,19:00:00,18,17.04715240493347, -6.912758561988537
EONET_10152,Wildfire in Australia 1021393,,Wildfires,134.4004731776261  -15.213237342173356,8/15/24,19:00:00,18,134.4004731776261, -15.213237342173356
EONET_10153,Wildfire in Bolivia 1021394,,Wildfires,-79.9933381,8/15/24,19:00:00,#VALUE!,#VALUE!,#VALUE!
EONET_10154,Wildfire in Angola 1021390,,Wildfires,14.884463557064992  -15.745869801399733,8/15/24,19:00:00,19,14.884463557064992, -15.745869801399733
EONET_10184,Wildfire in Brazil 1021416,,Wildfires,-51.44555203,8/15/24,19:00:00,#VALUE!,#VALUE!,#VALUE!
EONET_10185,Wildfire in Canada 1021399,,Wildfires,-122.59083700038923  64.23884816860199,8/15/24,19:00:00,20,-122.59083700038923, 64.23884816860199
EONET_10186,Wildfire in Brazil 1021419,,Wildfires,-77.13484777,8/15/24,19:00:00,#VALUE!,#VALUE!,#VALUE!
EONET_10187,Wildfire in Australia 1021422,,Wildfires,146.46254756769042  -19.445865520877568,8/15/24,19:00:00,19,146.46254756769042, -19.445865520877568
EONET_10188,Wildfire in Russian Federation 1021423,,Wildfires,142.23005566361198  68.9366624004366,8/15/24,19:00:00,19,142.23005566361198, 68.9366624004366
EONET_10225,Wildfire in Angola 1021436,,Wildfires,18.186797493900553  -16.417827300045683,8/15/24,19:00:00,19,18.186797493900553, -16.417827300045683
EONET_10226,Wildfire in Tanzania 1021434,,Wildfires,36.261990742175016  -4.409504130362149,8/15/24,19:00:00,19,36.261990742175016, -4.409504130362149
EONET_10227,Wildfire in Angola 1021435,,Wildfires,16.333473659407257  -16.013300944660642,8/15/24,19:00:00,19,16.333473659407257, -16.013300944660642
EONET_10228,Wildfire in Angola 1021437,,Wildfires,21.10090110866892  -11.026889897796172,8/15/24,19:00:00,18,21.10090110866892, -11.026889897796172
EONET_10229,Wildfire in Russian Federation 1021453,,Wildfires,141.985313897172  69.11479502324356,8/15/24,19:00:00,17,141.985313897172, 69.11479502324356
EONET_10230,Wildfire in Russian Federation 1021454,,Wildfires,142.76688800355555  68.76370122732463,8/15/24,19:00:00,19,142.76688800355555, 68.76370122732463
EONET_10231,Wildfire in Brazil 1021455,,Wildfires,-60.71582954,8/15/24,19:00:00,#VALUE!,#VALUE!,#VALUE!
EONET_10232,Wildfire in Canada 1021458,,Wildfires,-120.01546486850914  64.65713982859342,8/15/24,19:00:00,20,-120.01546486850914, 64.65713982859342
EONET_10233,Wildfire in Canada 1021459,,Wildfires,-120.6051273183782  63.98681824050909,8/15/24,19:00:00,19,-120.6051273183782, 63.98681824050909
EONET_10234,Wildfire in Canada 1021460,,Wildfires,-123.39090936175546  64.7139063194049,8/15/24,19:00:00,20,-123.39090936175546, 64.7139063194049
EONET_10335,Wildfire in Brazil 1021544,,Wildfires,-59.45498825,8/15/24,19:00:00,#VALUE!,#VALUE!,#VALUE!
EONET_10336,Wildfire in Russian Federation 1021545,,Wildfires,144.01822147753794  69.22920659263644,8/15/24,19:00:00,19,144.01822147753794, 69.22920659263644
EONET_10337,Wildfire in Russian Federation 1021525,,Wildfires,144.07120327644316  69.02867831452956,8/15/24,19:00:00,19,144.07120327644316, 69.02867831452956
EONET_10338,Wildfire in Angola 1021533,,Wildfires,21.423297998618075  -10.68048222308252,8/15/24,19:00:00,19,21.423297998618075, -10.68048222308252
EONET_10339,Wildfire in The Democratic Republic of Congo 1021534,,Wildfires,25.52152560863305  -7.740737743041881,8/15/24,19:00:00,18,25.52152560863305, -7.740737743041881
EONET_10340,Wildfire in Brazil 1021531,,Wildfires,-57.98007495,8/15/24,19:00:00,#VALUE!,#VALUE!,#VALUE!
EONET_10341,Wildfire in Angola 1021532,,Wildfires,18.065970502911195  -10.504983087218301,8/15/24,19:00:00,19,18.065970502911195, -10.504983087218301
EONET_10342,Wildfire in The Democratic Republic of Congo 1021535,,Wildfires,24.93645939962921  -8.256331414260751,8/15/24,19:00:00,18,24.93645939962921, -8.256331414260751
EONET_10375,Wildfire in The Democratic Republic of Congo 1021566,,Wildfires,25.378189712165963  -9.64990579642114,8/15/24,19:00:00,19,25.378189712165963, -9.64990579642114
EONET_10376,Wildfire in The Democratic Republic of Congo 1021567,,Wildfires,24.42772265920753  -9.774174917078032,8/15/24,19:00:00,18,24.42772265920753, -9.774174917078032
EONET_10377,Wildfire in The Democratic Republic of Congo 1021568,,Wildfires,25.290434739395526  -10.121315224404313,8/15/24,19:00:00,19,25.290434739395526, -10.121315224404313
EONET_10378,Wildfire in The Democratic Republic of Congo 1021572,,Wildfires,21.268229733561103  -6.589635278350551,8/15/24,19:00:00,19,21.268229733561103, -6.589635278350551
EONET_10379,Wildfire in Zambia 1021557,,Wildfires,29.447953796386937  -12.22904487258654,8/15/24,19:00:00,19,29.447953796386937, -12.22904487258654
EONET_10380,Wildfire in Angola 1021569,,Wildfires,17.191790731576013  -15.206478548849612,8/15/24,19:00:00,19,17.191790731576013, -15.206478548849612
EONET_10381,Wildfire in Angola 1021570,,Wildfires,19.45642592034801  -9.36943530369533,8/15/24,19:00:00,18,19.45642592034801, -9.36943530369533
EONET_10382,Wildfire in Angola 1021571,,Wildfires,15.878667943882531  -6.6996872068563995,8/15/24,19:00:00,19,15.878667943882531, -6.6996872068563995
EONET_10383,Wildfire in Brazil 1021589,,Wildfires,-66.0687256,8/15/24,19:00:00,#VALUE!,#VALUE!,#VALUE!
EONET_10413,Wildfire in The Democratic Republic of Congo 1021604,,Wildfires,29.657919482043514  -8.15884871761591,8/15/24,19:00:00,19,29.657919482043514, -8.15884871761591
EONET_10414,Wildfire in The Democratic Republic of Congo 1021605,,Wildfires,23.55624937150024  -7.40196073802995,8/15/24,19:00:00,18,23.55624937150024, -7.40196073802995
EONET_10415,Wildfire in Angola 1021606,,Wildfires,16.904495155515807  -16.57109860128322,8/15/24,19:00:00,19,16.904495155515807, -16.57109860128322
EONET_10416,Wildfire in Angola 1021607,,Wildfires,18.430516955142163  -11.560017374089897,8/15/24,19:00:00,19,18.430516955142163, -11.560017374089897
EONET_10417,Wildfire in The Democratic Republic of Congo 1021608,,Wildfires,21.674647093477933  -6.768012086849946,8/15/24,19:00:00,19,21.674647093477933, -6.768012086849946
EONET_10418,Wildfire in Angola 1021609,,Wildfires,17.353484112894797  -8.548102832918348,8/15/24,19:00:00,19,17.353484112894797, -8.548102832918348
EONET_10212,Iceberg B22F,,Sea and Lake Ice,-200.02,8/15/24,0:00:00,#VALUE!,#VALUE!,#VALUE!
EONET_10213,Iceberg B22G,,Sea and Lake Ice,-199.54,8/15/24,0:00:00,#VALUE!,#VALUE!,#VALUE!
EONET_10104,Bertha Hill Wildfire  Crook  Wyoming,Crook County  14 miles NW of Carlisle  WY,Wildfires,-105.0452778  44.6011111,8/14/24,19:42:00,13,-105.0452778, 44.6011111
EONET_10155,Wildfire in The Democratic Republic of Congo 1021370,,Wildfires,24.766514565101595  -9.459371727384466,8/14/24,19:00:00,19,24.766514565101595, -9.459371727384466
EONET_10156,Wildfire in Angola 1021371,,Wildfires,20.415381551965385  -17.21408376205333,8/14/24,19:00:00,19,20.415381551965385, -17.21408376205333
EONET_10157,Wildfire in Zambia 1021395,,Wildfires,29.347297830002056  -10.203019107430803,8/14/24,19:00:00,19,29.347297830002056, -10.203019107430803
EONET_10158,Wildfire in Angola 1021369,,Wildfires,16.45371058735389  -15.204589639710662,8/14/24,19:00:00,18,16.45371058735389, -15.204589639710662
EONET_10159,Wildfire in Brazil 1021384,,Wildfires,-69.35856924,8/14/24,19:00:00,#VALUE!,#VALUE!,#VALUE!
EONET_10189,Wildfire in The Democratic Republic of Congo 1021400,,Wildfires,23.061710798087102  -8.900375811948512,8/14/24,19:00:00,19,23.061710798087102, -8.900375811948512
EONET_10190,Wildfire in The Democratic Republic of Congo 1021401,,Wildfires,21.37816851896172  -3.451888362430587,8/14/24,19:00:00,18,21.37816851896172, -3.451888362430587
EONET_10235,Wildfire in Zambia 1021439,,Wildfires,30.584870297616494  -10.660066892547833,8/14/24,19:00:00,19,30.584870297616494, -10.660066892547833
EONET_10236,Wildfire in The Democratic Republic of Congo 1021440,,Wildfires,23.433258983842425  -4.926561803362454,8/14/24,19:00:00,19,23.433258983842425, -4.926561803362454
EONET_10237,Wildfire in Canada 1021456,,Wildfires,-123.90133593746089  64.9177837462588,8/14/24,19:00:00,20,-123.90133593746089, 64.9177837462588
EONET_10238,Wildfire in Australia 1021451,,Wildfires,138.33300498084375  -17.70963133471235,8/14/24,19:00:00,19,138.33300498084375, -17.70963133471235
EONET_10239,Wildfire in The Democratic Republic of Congo 1021438,,Wildfires,28.785128113361793  -12.10903998235328,8/14/24,19:00:00,19,28.785128113361793, -12.10903998235328
EONET_10240,Wildfire in Angola 1021441,,Wildfires,21.04976976342744  -10.095316585123918,8/14/24,19:00:00,18,21.04976976342744, -10.095316585123918
EONET_10241,Wildfire in Angola 1021429,,Wildfires,13.572550389565729  -16.81731908141312,8/14/24,19:00:00,19,13.572550389565729, -16.81731908141312
EONET_10343,Wildfire in Angola 1021536,,Wildfires,22.00719009391372  -10.293226943290037,8/14/24,19:00:00,18,22.00719009391372, -10.293226943290037
EONET_10344,Wildfire in Zambia 1021537,,Wildfires,29.06201007303522  -10.854451402082105,8/14/24,19:00:00,18,29.06201007303522, -10.854451402082105
EONET_10345,Wildfire in Zambia 1021538,,Wildfires,24.91097748294383  -12.794155833770668,8/14/24,19:00:00,18,24.91097748294383, -12.794155833770668
EONET_10346,Wildfire in Zambia 1021539,,Wildfires,25.762957548499344  -15.246023502126656,8/14/24,19:00:00,19,25.762957548499344, -15.246023502126656
EONET_10347,Wildfire in Angola 1021540,,Wildfires,16.363496949193795  -16.025662067679104,8/14/24,19:00:00,19,16.363496949193795, -16.025662067679104
EONET_10348,Wildfire in Brazil 1021546,,Wildfires,-77.57144024,8/14/24,19:00:00,#VALUE!,#VALUE!,#VALUE!
EONET_10349,Wildfire in Russian Federation 1021552,,Wildfires,121.75800162823742  62.85505856803162,8/14/24,19:00:00,19,121.75800162823742, 62.85505856803162
EONET_10350,Wildfire in Russian Federation 1021553,,Wildfires,119.72098331146397  62.57094217480084,8/14/24,19:00:00,19,119.72098331146397, 62.57094217480084
EONET_10384,Wildfire in Zambia 1021558,,Wildfires,30.563430740618436  -10.634284623562651,8/14/24,19:00:00,19,30.563430740618436, -10.634284623562651
EONET_10385,Wildfire in Angola 1021573,,Wildfires,16.501196238145546  -6.459655003739768,8/14/24,19:00:00,19,16.501196238145546, -6.459655003739768
EONET_10386,Wildfire in The Democratic Republic of Congo 1021574,,Wildfires,16.211059587972834  -5.5375112419527115,8/14/24,19:00:00,19,16.211059587972834, -5.5375112419527115
EONET_10387,Wildfire in Angola 1021575,,Wildfires,19.879827097988027  -9.817893018810834,8/14/24,19:00:00,19,19.879827097988027, -9.817893018810834
EONET_10101,Circle Bar Wildfire  Big Horn  Montana,32 miles S of Ashland  MT,Wildfires,-106.47125  45.161333,8/14/24,14:56:00,11,-106.47125, 45.161333
EONET_10103,Bertha Hill Wildfire  Crook  Wyoming,Crook County  14 miles NW of Carlisle  WY,Wildfires,-105.0455  44.601167,8/14/24,14:47:00,10,-105.0455, 44.601167
EONET_10061,Wildfire in South Africa 1021289,,Wildfires,29.64603693181546  -29.444975157825493,8/13/24,19:00:00,18,29.64603693181546, -29.444975157825493
EONET_10062,Wildfire in Brazil 1021318,,Wildfires,-62.37116876,8/13/24,19:00:00,#VALUE!,#VALUE!,#VALUE!
EONET_10063,Wildfire in Angola 1021290,,Wildfires,14.0429357884316  -16.330088881460952,8/13/24,19:00:00,17,14.0429357884316, -16.330088881460952
EONET_10105,Wildfire in Botswana 1021324,,Wildfires,23.844879896267443  -23.172665985749912,8/13/24,19:00:00,19,23.844879896267443, -23.172665985749912
EONET_10106,Wildfire in Angola 1021326,,Wildfires,20.151860142822915  -15.32425614054062,8/13/24,19:00:00,19,20.151860142822915, -15.32425614054062
EONET_10107,Wildfire in Bolivia  Brazil 1021358,,Wildfires,-75.18991832,8/13/24,19:00:00,#VALUE!,#VALUE!,#VALUE!
EONET_10108,Wildfire in Australia 1021359,,Wildfires,133.20903033206014  -15.940576804531611,8/13/24,19:00:00,19,133.20903033206014, -15.940576804531611
EONET_10109,Wildfire in Zambia 1021325,,Wildfires,22.444894948672886  -14.567500878355713,8/13/24,19:00:00,19,22.444894948672886, -14.567500878355713
EONET_10160,Wildfire in Mozambique  Tanzania 1021372,,Wildfires,37.09169742844707  -11.715109718023852,8/13/24,19:00:00,18,37.09169742844707, -11.715109718023852
EONET_10161,Wildfire in Botswana 1021373,,Wildfires,23.71501458705915  -23.19414206837595,8/13/24,19:00:00,18,23.71501458705915, -23.19414206837595
EONET_10162,Wildfire in Brazil 1021385,,Wildfires,-68.71037287,8/13/24,19:00:00,#VALUE!,#VALUE!,#VALUE!
EONET_10163,Wildfire in Angola 1021374,,Wildfires,21.873162171690765  -10.007720387322436,8/13/24,19:00:00,19,21.873162171690765, -10.007720387322436
EONET_10164,Wildfire in Zambia 1021375,,Wildfires,30.46562079715321  -10.725684070951852,8/13/24,19:00:00,18,30.46562079715321, -10.725684070951852
EONET_10165,Wildfire in Australia 1021396,,Wildfires,130.47331224951319  -18.362925195430233,8/13/24,19:00:00,19,130.47331224951319, -18.362925195430233
EONET_10166,Wildfire in Brazil 1021397,,Wildfires,-55.06463815,8/13/24,19:00:00,#VALUE!,#VALUE!,#VALUE!
EONET_10167,Wildfire in Mozambique 1021365,,Wildfires,37.46140702315908  -11.815238111347293,8/13/24,19:00:00,18,37.46140702315908, -11.815238111347293
EONET_10191,Wildfire in Angola 1021402,,Wildfires,21.38914171643784  -15.75290043750658,8/13/24,19:00:00,18,21.38914171643784, -15.75290043750658
EONET_10192,Wildfire in Tanzania 1021404,,Wildfires,31.758616558228088  -5.442934151064628,8/13/24,19:00:00,19,31.758616558228088, -5.442934151064628
EONET_10193,Wildfire in Zambia 1021405,,Wildfires,31.70410446520538  -12.622567684706867,8/13/24,19:00:00,18,31.70410446520538, -12.622567684706867
EONET_10194,Wildfire in Angola 1021406,,Wildfires,21.191878271609244  -16.76396528823835,8/13/24,19:00:00,19,21.191878271609244, -16.76396528823835
EONET_10195,Wildfire in Zambia 1021408,,Wildfires,30.63350337183372  -10.798355495716482,8/13/24,19:00:00,18,30.63350337183372, -10.798355495716482
EONET_10196,Wildfire in Brazil 1021424,,Wildfires,-68.58579057,8/13/24,19:00:00,#VALUE!,#VALUE!,#VALUE!
EONET_10197,Wildfire in Australia 1021425,,Wildfires,126.78245832434962  -14.67904582877073,8/13/24,19:00:00,19,126.78245832434962, -14.67904582877073
EONET_10198,Wildfire in Angola 1021403,,Wildfires,14.388234539702731  -15.49433198924666,8/13/24,19:00:00,19,14.388234539702731, -15.49433198924666
EONET_10199,Wildfire in Angola 1021407,,Wildfires,20.943320425900023  -12.97482717617488,8/13/24,19:00:00,19,20.943320425900023, -12.97482717617488
EONET_10200,Wildfire in Brazil 1021417,,Wildfires,-56.63199504,8/13/24,19:00:00,#VALUE!,#VALUE!,#VALUE!
EONET_10242,Wildfire in Brazil 1021442,,Wildfires,-54.76796743,8/13/24,19:00:00,#VALUE!,#VALUE!,#VALUE!
EONET_10243,Wildfire in Angola 1021443,,Wildfires,18.639042191977953  -9.326669994647123,8/13/24,19:00:00,19,18.639042191977953, -9.326669994647123
EONET_10244,Wildfire in Angola 1021444,,Wildfires,16.008953898226487  -15.692925304243538,8/13/24,19:00:00,19,16.008953898226487, -15.692925304243538
EONET_10245,Wildfire in Portugal 1021445,,Wildfires,-17.01828024554491  32.72837485746972,8/13/24,19:00:00,19,-17.01828024554491, 32.72837485746972
EONET_10351,Wildfire in Angola 1021541,,Wildfires,19.52635083037396  -14.700719714270162,8/13/24,19:00:00,18,19.52635083037396, -14.700719714270162
EONET_9962,Wildfire in Australia 1021229,,Wildfires,135.3743613894412  -13.254837427465988,8/12/24,19:00:00,18,135.3743613894412, -13.254837427465988
EONET_9963,Wildfire in Australia 1021230,,Wildfires,135.39184029001575  -13.112206454224406,8/12/24,19:00:00,19,135.39184029001575, -13.112206454224406
EONET_10017,Wildfire in Australia 1021262,,Wildfires,128.23764704402242  -18.393905392878846,8/12/24,19:00:00,19,128.23764704402242, -18.393905392878846
EONET_10018,Wildfire in Canada 1021275,,Wildfires,-95.16077756946282  54.80540793112522,8/12/24,19:00:00,19,-95.16077756946282, 54.80540793112522
EONET_10019,Wildfire in Australia 1021276,,Wildfires,135.3154094111344  -13.250758678149431,8/12/24,19:00:00,18,135.3154094111344, -13.250758678149431
EONET_10064,Wildfire in Angola 1021295,,Wildfires,15.072098039375973  -15.236983014414577,8/12/24,19:00:00,19,15.072098039375973, -15.236983014414577
EONET_10065,Wildfire in Australia 1021319,,Wildfires,135.60563790478747  -13.26101048684508,8/12/24,19:00:00,19,135.60563790478747, -13.26101048684508
EONET_10066,Wildfire in Australia 1021320,,Wildfires,135.18996042353652  -13.335711650604853,8/12/24,19:00:00,19,135.18996042353652, -13.335711650604853
EONET_10067,Wildfire in Angola 1021291,,Wildfires,19.654619856494186  -10.494819399649218,8/12/24,19:00:00,19,19.654619856494186, -10.494819399649218
EONET_10068,Wildfire in Namibia 1021292,,Wildfires,20.174904571951156  -18.62523718169689,8/12/24,19:00:00,19,20.174904571951156, -18.62523718169689
EONET_10069,Wildfire in Angola 1021293,,Wildfires,15.110221003754953  -15.23281620704849,8/12/24,19:00:00,19,15.110221003754953, -15.23281620704849
EONET_10070,Wildfire in Angola 1021294,,Wildfires,20.468352618464348  -16.191846421272174,8/12/24,19:00:00,19,20.468352618464348, -16.191846421272174
EONET_10110,Wildfire in Zambia 1021327,,Wildfires,24.63259923570429  -12.435581495929101,8/12/24,19:00:00,18,24.63259923570429, -12.435581495929101
EONET_10111,Wildfire in Australia 1021360,,Wildfires,135.307344271974  -13.353533683139982,8/12/24,19:00:00,17,135.307344271974, -13.353533683139982
EONET_10112,Wildfire in Bolivia 1021361,,Wildfires,-79.60156877,8/12/24,19:00:00,#VALUE!,#VALUE!,#VALUE!
EONET_10113,Wildfire in Australia 1021362,,Wildfires,135.43071677721406  -12.845111983636928,8/12/24,19:00:00,19,135.43071677721406, -12.845111983636928
EONET_10114,Wildfire in Bolivia 1021363,,Wildfires,-77.20799461,8/12/24,19:00:00,#VALUE!,#VALUE!,#VALUE!
EONET_10115,Wildfire in Australia 1021345,,Wildfires,134.84156137763745  -16.296632889568258,8/12/24,19:00:00,19,134.84156137763745, -16.296632889568258
EONET_10116,Wildfire in Bolivia 1021346,,Wildfires,-78.5666998,8/12/24,19:00:00,#VALUE!,#VALUE!,#VALUE!
EONET_10117,Wildfire in Australia 1021347,,Wildfires,135.46692008790978  -12.72499449206798,8/12/24,19:00:00,19,135.46692008790978, -12.72499449206798
EONET_10118,Wildfire in Angola 1021328,,Wildfires,14.31869308195542  -16.397769559299455,8/12/24,19:00:00,18,14.31869308195542, -16.397769559299455
EONET_10119,Wildfire in Angola 1021329,,Wildfires,21.5429817417157  -17.475410389696258,8/12/24,19:00:00,17,21.5429817417157, -17.475410389696258
EONET_10120,Wildfire in Australia 1021355,,Wildfires,135.33395286146646  -23.30302406616199,8/12/24,19:00:00,19,135.33395286146646, -23.30302406616199
EONET_10168,Wildfire in The Democratic Republic of Congo 1021376,,Wildfires,20.095079989979297  -4.3235786271537044,8/12/24,19:00:00,19,20.095079989979297, -4.3235786271537044
EONET_10169,Wildfire in Angola 1021378,,Wildfires,21.735268868931207  -17.238833341220936,8/12/24,19:00:00,19,21.735268868931207, -17.238833341220936
EONET_10170,Wildfire in Brazil 1021386,,Wildfires,-71.3345014,8/12/24,19:00:00,#VALUE!,#VALUE!,#VALUE!
EONET_10171,Wildfire in The Democratic Republic of Congo 1021377,,Wildfires,25.59916373086871  -7.85316139515467,8/12/24,19:00:00,18,25.59916373086871, -7.85316139515467
EONET_10201,Wildfire in Bolivia 1021418,,Wildfires,-80.77887975,8/12/24,19:00:00,#VALUE!,#VALUE!,#VALUE!
EONET_10202,Wildfire in Angola 1021421,,Wildfires,17.360048802987112  -11.131518200516082,8/12/24,19:00:00,19,17.360048802987112, -11.131518200516082
EONET_10203,Wildfire in Angola 1021410,,Wildfires,21.37066342625054  -14.36849779980765,8/12/24,19:00:00,18,21.37066342625054, -14.36849779980765
EONET_10204,Wildfire in Angola 1021412,,Wildfires,20.623985580019035  -10.357468745271358,8/12/24,19:00:00,19,20.623985580019035, -10.357468745271358
EONET_10205,Wildfire in Australia 1021426,,Wildfires,135.24452118065324  -13.171996041609882,8/12/24,19:00:00,19,135.24452118065324, -13.171996041609882
EONET_10206,Wildfire in Paraguay 1021427,,Wildfires,-79.91036611,8/12/24,19:00:00,#VALUE!,#VALUE!,#VALUE!
EONET_10207,Wildfire in Angola 1021409,,Wildfires,20.861257709163873  -15.699987910287335,8/12/24,19:00:00,19,20.861257709163873, -15.699987910287335
EONET_10208,Wildfire in The Democratic Republic of Congo 1021411,,Wildfires,25.48499425681025  -8.731897731934994,8/12/24,19:00:00,18,25.48499425681025, -8.731897731934994
EONET_10246,Wildfire in Russian Federation 1021430,,Wildfires,94.36328543550827  51.104473134319676,8/12/24,19:00:00,18,94.36328543550827, 51.104473134319676
EONET_10247,Wildfire in Türkiye 1021461,,Wildfires,27.1427242216998  38.51799742434841,8/12/24,19:00:00,17,27.1427242216998, 38.51799742434841
EONET_10248,Wildfire in Bolivia 1021462,,Wildfires,-80.41676714,8/12/24,19:00:00,#VALUE!,#VALUE!,#VALUE!
EONET_10249,Wildfire in Angola 1021446,,Wildfires,21.19006310787518  -13.75729678443708,8/12/24,19:00:00,18,21.19006310787518, -13.75729678443708
EONET_10250,Wildfire in Zambia 1021447,,Wildfires,30.53048856885277  -10.750882107016505,8/12/24,19:00:00,18,30.53048856885277, -10.750882107016505
EONET_10007,Gold Ranch Wildfire  Washoe  Nevada,East of Interstate 80  South of Verdi  both sides of Truckee River moving east,Wildfires,-119.99762  39.497432,8/11/24,22:03:00,11,-119.99762, 39.497432
EONET_10013,FORT GREEN RADAR (53) Wildfire  Polk  Florida,3 MILES NORTH OF FORT GREEN,Wildfires,-81.9730556  27.7069444,8/11/24,19:59:00,12,-81.9730556, 27.7069444
EONET_9964,Wildfire in Australia 1021231,,Wildfires,135.65313999337118  -12.803005526648683,8/11/24,19:00:00,19,135.65313999337118, -12.803005526648683
EONET_10020,Wildfire in Botswana 1021274,,Wildfires,23.749801767959465  -23.376112817531585,8/11/24,19:00:00,19,23.749801767959465, -23.376112817531585
EONET_10021,Wildfire in Brazil 1021277,,Wildfires,-73.60665336,8/11/24,19:00:00,#VALUE!,#VALUE!,#VALUE!
EONET_10022,Wildfire in Australia 1021278,,Wildfires,135.1559186772625  -12.834912114382247,8/11/24,19:00:00,18,135.1559186772625, -12.834912114382247
EONET_10023,Wildfire in Brazil 1021263,,Wildfires,-60.32230873,8/11/24,19:00:00,#VALUE!,#VALUE!,#VALUE!
EONET_10071,Wildfire in Brazil 1021306,,Wildfires,-62.38917865,8/11/24,19:00:00,#VALUE!,#VALUE!,#VALUE!
EONET_10072,Wildfire in Angola 1021296,,Wildfires,15.642235307632257  -16.031808929636043,8/11/24,19:00:00,19,15.642235307632257, -16.031808929636043
EONET_10073,Wildfire in Australia 1021307,,Wildfires,135.54723123295088  -12.950844305628152,8/11/24,19:00:00,19,135.54723123295088, -12.950844305628152
EONET_10074,Wildfire in Brazil 1021308,,Wildfires,-73.34161572,8/11/24,19:00:00,#VALUE!,#VALUE!,#VALUE!
EONET_10075,Wildfire in Brazil 1021321,,Wildfires,-74.73647126,8/11/24,19:00:00,#VALUE!,#VALUE!,#VALUE!
EONET_10076,Wildfire in Ukraine  Republic of Moldova 1021286,,Wildfires,30.10065662640196  46.45873961050406,8/11/24,19:00:00,18,30.10065662640196, 46.45873961050406
EONET_10121,Wildfire in South Africa 1021330,,Wildfires,27.86570174693966  -25.117287598133935,8/11/24,19:00:00,18,27.86570174693966, -25.117287598133935
EONET_10122,Wildfire in Zambia 1021333,,Wildfires,30.512351853751433  -10.86239903431287,8/11/24,19:00:00,19,30.512351853751433, -10.86239903431287
EONET_10123,Wildfire in Zambia 1021323,,Wildfires,29.869270549798706  -10.027008797911511,8/11/24,19:00:00,19,29.869270549798706, -10.027008797911511
EONET_10124,Wildfire in Angola 1021331,,Wildfires,19.713638960924637  -16.724595737196935,8/11/24,19:00:00,19,19.713638960924637, -16.724595737196935
EONET_10125,Wildfire in Angola 1021332,,Wildfires,20.90775788343066  -14.727407265432353,8/11/24,19:00:00,18,20.90775788343066, -14.727407265432353
EONET_10126,Wildfire in Angola 1021334,,Wildfires,20.06982489024305  -9.392990457153978,8/11/24,19:00:00,18,20.06982489024305, -9.392990457153978
EONET_10127,Wildfire in Brazil 1021348,,Wildfires,-68.42371491,8/11/24,19:00:00,#VALUE!,#VALUE!,#VALUE!
EONET_10128,Wildfire in Paraguay 1021349,,Wildfires,-78.93265085,8/11/24,19:00:00,#VALUE!,#VALUE!,#VALUE!
EONET_10129,Wildfire in Russian Federation 1021350,,Wildfires,116.61666117912284  52.793132925980316,8/11/24,19:00:00,19,116.61666117912284, 52.793132925980316
EONET_10130,Wildfire in Brazil 1021364,,Wildfires,-71.4508363,8/11/24,19:00:00,#VALUE!,#VALUE!,#VALUE!
EONET_10131,Wildfire in Bolivia 1021353,,Wildfires,-76.80674908,8/11/24,19:00:00,#VALUE!,#VALUE!,#VALUE!
EONET_10172,Wildfire in Angola 1021379,,Wildfires,17.74499806662416  -12.69570292400918,8/11/24,19:00:00,18,17.74499806662416, -12.69570292400918
EONET_10173,Wildfire in Zambia 1021380,,Wildfires,29.673667248799184  -9.874950813740726,8/11/24,19:00:00,19,29.673667248799184, -9.874950813740726
EONET_10174,Wildfire in Brazil 1021387,,Wildfires,-74.92693856,8/11/24,19:00:00,#VALUE!,#VALUE!,#VALUE!
EONET_10175,Wildfire in Brazil 1021388,,Wildfires,-78.57423498,8/11/24,19:00:00,#VALUE!,#VALUE!,#VALUE!
EONET_10176,Wildfire in Bolivia 1021389,,Wildfires,-76.3863168,8/11/24,19:00:00,#VALUE!,#VALUE!,#VALUE!
EONET_10177,Wildfire in Bolivia 1021398,,Wildfires,-76.68516655,8/11/24,19:00:00,#VALUE!,#VALUE!,#VALUE!
EONET_10178,Wildfire in Mozambique 1021366,,Wildfires,38.32959307168844  -13.582736298861503,8/11/24,19:00:00,18,38.32959307168844, -13.582736298861503
EONET_10179,Wildfire in Angola 1021381,,Wildfires,20.650644316771295  -10.202195597066659,8/11/24,19:00:00,19,20.650644316771295, -10.202195597066659
EONET_10209,Wildfire in Angola 1021413,,Wildfires,20.557509792281067  -10.592679586415988,8/11/24,19:00:00,19,20.557509792281067, -10.592679586415988
EONET_10210,Wildfire in Angola 1021414,,Wildfires,16.860214289020835  -10.596253838210467,8/11/24,19:00:00,19,16.860214289020835, -10.596253838210467
EONET_10211,Wildfire in The Democratic Republic of Congo 1021415,,Wildfires,17.131500260722763  -6.725148490916974,8/11/24,19:00:00,19,17.131500260722763, -6.725148490916974
EONET_10251,Wildfire in Angola 1021465,,Wildfires,20.32598755516862  -10.448115035162164,8/11/24,19:00:00,18,20.32598755516862, -10.448115035162164
EONET_10252,Wildfire in Bolivia 1021463,,Wildfires,-78.80607639,8/11/24,19:00:00,#VALUE!,#VALUE!,#VALUE!
EONET_10253,Wildfire in Bolivia 1021464,,Wildfires,-76.61211751,8/11/24,19:00:00,#VALUE!,#VALUE!,#VALUE!
EONET_10254,Wildfire in Brazil 1021466,,Wildfires,-78.0346144,8/11/24,19:00:00,#VALUE!,#VALUE!,#VALUE!
EONET_10255,Wildfire in Brazil 1021467,,Wildfires,-77.86364704,8/11/24,19:00:00,#VALUE!,#VALUE!,#VALUE!
EONET_10256,Wildfire in Brazil 1021468,,Wildfires,-55.48952723,8/11/24,19:00:00,#VALUE!,#VALUE!,#VALUE!
EONET_10257,Wildfire in The Democratic Republic of Congo 1021469,,Wildfires,17.34284783351382  -6.545690730939309,8/11/24,19:00:00,18,17.34284783351382, -6.545690730939309
EONET_10258,Wildfire in Russian Federation 1021470,,Wildfires,116.72450492610832  51.45508870302812,8/11/24,19:00:00,19,116.72450492610832, 51.45508870302812
EONET_10259,Wildfire in Bolivia 1021471,,Wildfires,-76.96564726,8/11/24,19:00:00,#VALUE!,#VALUE!,#VALUE!
EONET_10010,ROAD NINE Wildfire  Douglas  Washington,12 mi NW of Coulee City,Wildfires,-119.39  47.76,8/11/24,11:24:00,8,-119.39, 47.76
EONET_9821,Wildfire in Canada 1021187,,Wildfires,-123.00084419163979  62.38697126532642,8/10/24,19:00:00,20,-123.00084419163979, 62.38697126532642
EONET_9965,Wildfire in Bolivia 1021226,,Wildfires,-75.95225577,8/10/24,19:00:00,#VALUE!,#VALUE!,#VALUE!
EONET_9966,Wildfire in Bolivia 1021219,,Wildfires,-76.30383731,8/10/24,19:00:00,#VALUE!,#VALUE!,#VALUE!
EONET_9967,Wildfire in Bolivia 1021220,,Wildfires,-77.70609421,8/10/24,19:00:00,#VALUE!,#VALUE!,#VALUE!
EONET_9968,Wildfire in Brazil 1021232,,Wildfires,-71.65502937,8/10/24,19:00:00,#VALUE!,#VALUE!,#VALUE!
EONET_9969,Wildfire in Australia 1021233,,Wildfires,136.13295342180731  -15.836121344573447,8/10/24,19:00:00,19,136.13295342180731, -15.836121344573447
EONET_9970,Wildfire in Canada 1021234,,Wildfires,-96.24970715146085  57.3472941819545,8/10/24,19:00:00,19,-96.24970715146085, 57.3472941819545
EONET_10024,Wildfire in Namibia 1021249,,Wildfires,19.547099610784922  -19.318924346078045,8/10/24,19:00:00,19,19.547099610784922, -19.318924346078045
EONET_10025,Wildfire in Angola 1021250,,Wildfires,20.872731269287986  -12.886570734952631,8/10/24,19:00:00,19,20.872731269287986, -12.886570734952631
EONET_10026,Wildfire in Angola 1021248,,Wildfires,13.511188374998001  -16.094444217408792,8/10/24,19:00:00,19,13.511188374998001, -16.094444217408792
EONET_10027,Wildfire in Canada 1021242,,Wildfires,-109.3370927714659  61.214700757558234,8/10/24,19:00:00,19,-109.3370927714659, 61.214700757558234
EONET_10028,Wildfire in Bolivia 1021268,,Wildfires,-77.2121563,8/10/24,19:00:00,#VALUE!,#VALUE!,#VALUE!
EONET_10029,Wildfire in Bolivia 1021273,,Wildfires,-77.2106901,8/10/24,19:00:00,#VALUE!,#VALUE!,#VALUE!
EONET_10030,Wildfire in Bolivia 1021264,,Wildfires,-78.19366075,8/10/24,19:00:00,#VALUE!,#VALUE!,#VALUE!
EONET_10031,Wildfire in Bolivia 1021265,,Wildfires,-75.43620575,8/10/24,19:00:00,#VALUE!,#VALUE!,#VALUE!
EONET_10032,Wildfire in Brazil 1021266,,Wildfires,-69.99376731,8/10/24,19:00:00,#VALUE!,#VALUE!,#VALUE!
EONET_10033,Wildfire in Brazil 1021267,,Wildfires,-59.48610329,8/10/24,19:00:00,#VALUE!,#VALUE!,#VALUE!
EONET_10034,Wildfire in Brazil 1021279,,Wildfires,-69.99669893,8/10/24,19:00:00,#VALUE!,#VALUE!,#VALUE!
EONET_10035,Wildfire in Bolivia 1021280,,Wildfires,-76.1667899,8/10/24,19:00:00,#VALUE!,#VALUE!,#VALUE!
EONET_10077,Wildfire in Angola 1021316,,Wildfires,22.588538002350266  -17.658758576450552,8/10/24,19:00:00,19,22.588538002350266, -17.658758576450552
EONET_10078,Wildfire in Brazil 1021309,,Wildfires,-67.79994693,8/10/24,19:00:00,#VALUE!,#VALUE!,#VALUE!
EONET_10079,Wildfire in Brazil 1021310,,Wildfires,-67.93639015,8/10/24,19:00:00,#VALUE!,#VALUE!,#VALUE!
EONET_10080,Wildfire in Angola 1021297,,Wildfires,20.360219602274146  -15.192378240591731,8/10/24,19:00:00,19,20.360219602274146, -15.192378240591731
EONET_10132,Wildfire in Angola 1021356,,Wildfires,19.95415908123773  -14.396132995716822,8/10/24,19:00:00,18,19.95415908123773, -14.396132995716822
EONET_10133,Wildfire in Angola 1021357,,Wildfires,21.263787437492393  -14.192894526373669,8/10/24,19:00:00,19,21.263787437492393, -14.192894526373669
EONET_10134,Wildfire in Brazil 1021354,,Wildfires,-73.53022905,8/10/24,19:00:00,#VALUE!,#VALUE!,#VALUE!
EONET_10135,Wildfire in Brazil 1021351,,Wildfires,-77.88858307,8/10/24,19:00:00,#VALUE!,#VALUE!,#VALUE!
EONET_10136,Wildfire in Brazil 1021352,,Wildfires,-78.25287511,8/10/24,19:00:00,#VALUE!,#VALUE!,#VALUE!
EONET_10137,Wildfire in Angola 1021335,,Wildfires,21.737372739204933  -17.81831820946934,8/10/24,19:00:00,19,21.737372739204933, -17.81831820946934
EONET_10138,Wildfire in Angola 1021336,,Wildfires,21.10010818348781  -15.4478618612443,8/10/24,19:00:00,18,21.10010818348781, -15.4478618612443
EONET_10180,Wildfire in Zambia 1021382,,Wildfires,29.61045655436394  -9.698409480218523,8/10/24,19:00:00,18,29.61045655436394, -9.698409480218523
EONET_10181,Wildfire in The Democratic Republic of Congo 1021383,,Wildfires,24.68835445131486  -9.191569824946132,8/10/24,19:00:00,18,24.68835445131486, -9.191569824946132
EONET_10182,Wildfire in Angola 1021367,,Wildfires,21.554465748069237  -14.488360979994056,8/10/24,19:00:00,19,21.554465748069237, -14.488360979994056
EONET_10260,Wildfire in Russian Federation 1021472,,Wildfires,135.1335111707776  69.2727853904676,8/10/24,19:00:00,18,135.1335111707776, 69.2727853904676
EONET_10261,Wildfire in Angola 1021476,,Wildfires,16.469433968681084  -16.914381777453723,8/10/24,19:00:00,19,16.469433968681084, -16.914381777453723
EONET_10262,Wildfire in Brazil 1021477,,Wildfires,-70.48111771,8/10/24,19:00:00,#VALUE!,#VALUE!,#VALUE!
EONET_10263,Wildfire in Bolivia 1021478,,Wildfires,-75.65110874,8/10/24,19:00:00,#VALUE!,#VALUE!,#VALUE!
EONET_10264,Wildfire in Bolivia 1021479,,Wildfires,-76.0823259,8/10/24,19:00:00,#VALUE!,#VALUE!,#VALUE!
EONET_10265,Wildfire in Canada 1021480,,Wildfires,-102.59187512240806  55.51784008165352,8/10/24,19:00:00,20,-102.59187512240806, 55.51784008165352
EONET_10266,Wildfire in Russian Federation 1021481,,Wildfires,132.98995756601957  68.41891677587935,8/10/24,19:00:00,19,132.98995756601957, 68.41891677587935
EONET_10267,Wildfire in Angola 1021483,,Wildfires,17.098213156993193  -14.402123481908673,8/10/24,19:00:00,19,17.098213156993193, -14.402123481908673
EONET_10268,Wildfire in Bolivia 1021484,,Wildfires,-78.05026352,8/10/24,19:00:00,#VALUE!,#VALUE!,#VALUE!
EONET_10269,Wildfire in Angola 1021485,,Wildfires,16.924071313525854  -13.043803073759408,8/10/24,19:00:00,19,16.924071313525854, -13.043803073759408
EONET_10270,Wildfire in Bolivia 1021486,,Wildfires,-76.89927712,8/10/24,19:00:00,#VALUE!,#VALUE!,#VALUE!
EONET_10271,Wildfire in Brazil 1021487,,Wildfires,-77.90445799,8/10/24,19:00:00,#VALUE!,#VALUE!,#VALUE!
EONET_10272,Wildfire in Angola 1021473,,Wildfires,19.964759052868892  -14.101016586860917,8/10/24,19:00:00,19,19.964759052868892, -14.101016586860917
EONET_10273,Wildfire in Angola 1021475,,Wildfires,20.412123209843315  -17.03493532988933,8/10/24,19:00:00,19,20.412123209843315, -17.03493532988933
EONET_10274,Wildfire in Australia 1021474,,Wildfires,126.64166286187687  -18.435282717686185,8/10/24,19:00:00,19,126.64166286187687, -18.435282717686185
EONET_10275,Wildfire in Angola 1021482,,Wildfires,16.798488114924844  -10.48570507724433,8/10/24,19:00:00,19,16.798488114924844, -10.48570507724433
EONET_10014,Dixon Wildfire  Douglas  Oregon,,Wildfires,-122.9368  42.91586667,8/10/24,18:20:00,10,-122.9368, 42.91586667
EONET_10006,Dixon Wildfire  Douglas  Oregon,Fire is approximately 1 Mile East of Tiller  OR,Wildfires,-122.9368  42.915867,8/10/24,17:52:00,10,-122.9368, 42.915867
EONET_10015,HOLYLAND (13) Wildfire  Palm Beach  Florida,PALM BEACH,Wildfires,-80.7269444  26.4033333,8/9/24,20:20:00,12,-80.7269444, 26.4033333
EONET_9776,Wildfire in Bolivia 1021048,,Wildfires,-75.44734422,8/9/24,19:00:00,#VALUE!,#VALUE!,#VALUE!
EONET_9777,Wildfire in Australia 1021049,,Wildfires,136.52377610489143  -12.263686204013801,8/9/24,19:00:00,19,136.52377610489143, -12.263686204013801
EONET_9822,Wildfire in Brazil 1021074,,Wildfires,-62.61749885,8/9/24,19:00:00,#VALUE!,#VALUE!,#VALUE!
EONET_9823,Wildfire in United States 1021075,,Wildfires,-119.71450087432683  42.54313056440227,8/9/24,19:00:00,20,-119.71450087432683, 42.54313056440227
EONET_9824,Wildfire in Canada 1021188,,Wildfires,-110.43719024808371  61.89678762770843,8/9/24,19:00:00,20,-110.43719024808371, 61.89678762770843
EONET_9825,Wildfire in Australia 1021189,,Wildfires,136.42820353683808  -13.140504819033815,8/9/24,19:00:00,19,136.42820353683808, -13.140504819033815
EONET_9826,Wildfire in Australia 1021190,,Wildfires,136.5048920390548  -12.246731117178166,8/9/24,19:00:00,18,136.5048920390548, -12.246731117178166
EONET_9827,Wildfire in Angola 1021059,,Wildfires,18.743761226570133  -15.681039152683274,8/9/24,19:00:00,19,18.743761226570133, -15.681039152683274
EONET_9828,Wildfire in Zimbabwe 1021055,,Wildfires,29.595445184098356  -19.73197522870363,8/9/24,19:00:00,19,29.595445184098356, -19.73197522870363
EONET_9971,Wildfire in Mozambique 1021198,,Wildfires,33.37212583694813  -18.26017126018422,8/9/24,19:00:00,18,33.37212583694813, -18.26017126018422
EONET_9972,Wildfire in Bolivia 1021205,,Wildfires,-75.17877462,8/9/24,19:00:00,#VALUE!,#VALUE!,#VALUE!
EONET_9973,Wildfire in Canada 1021235,,Wildfires,-97.1415075741185  56.15207974572096,8/9/24,19:00:00,18,-97.1415075741185, 56.15207974572096
EONET_9974,Wildfire in Angola 1021203,,Wildfires,21.283424452609488  -13.921815348734858,8/9/24,19:00:00,19,21.283424452609488, -13.921815348734858
EONET_9975,Wildfire in South Africa 1021204,,Wildfires,29.724751594037514  -27.804892077576717,8/9/24,19:00:00,19,29.724751594037514, -27.804892077576717
EONET_9976,Wildfire in Zambia 1021206,,Wildfires,29.077168005606588  -10.03365607159178,8/9/24,19:00:00,19,29.077168005606588, -10.03365607159178
EONET_9977,Wildfire in Zambia 1021207,,Wildfires,28.95292516534612  -11.905234868343705,8/9/24,19:00:00,18,28.95292516534612, -11.905234868343705
EONET_9978,Wildfire in Australia 1021221,,Wildfires,128.5462380506904  -18.746508995659173,8/9/24,19:00:00,18,128.5462380506904, -18.746508995659173
EONET_9979,Wildfire in Brazil 1021222,,Wildfires,-69.92820001,8/9/24,19:00:00,#VALUE!,#VALUE!,#VALUE!
EONET_9980,Wildfire in Brazil  Bolivia 1021227,,Wildfires,-75.53740022,8/9/24,19:00:00,#VALUE!,#VALUE!,#VALUE!
EONET_10036,Wildfire in Zambia 1021251,,Wildfires,31.9090860420408  -10.068989624458244,8/9/24,19:00:00,17,31.9090860420408, -10.068989624458244
EONET_10037,Wildfire in Zambia 1021252,,Wildfires,30.724400192871155  -11.889758892637506,8/9/24,19:00:00,19,30.724400192871155, -11.889758892637506
EONET_10038,Wildfire in The Democratic Republic of Congo 1021253,,Wildfires,24.984462848425842  -9.230201567934092,8/9/24,19:00:00,19,24.984462848425842, -9.230201567934092
EONET_10039,Wildfire in Brazil 1021281,,Wildfires,-66.2414295,8/9/24,19:00:00,#VALUE!,#VALUE!,#VALUE!
EONET_10040,Wildfire in Brazil 1021269,,Wildfires,-62.55639134,8/9/24,19:00:00,#VALUE!,#VALUE!,#VALUE!
EONET_10041,Wildfire in Australia 1021243,,Wildfires,138.48983729647998  -17.845918483604034,8/9/24,19:00:00,19,138.48983729647998, -17.845918483604034
EONET_10042,Wildfire in Canada 1021244,,Wildfires,-109.92223045987649  61.035437732927896,8/9/24,19:00:00,20,-109.92223045987649, 61.035437732927896
EONET_10043,Wildfire in Canada 1021245,,Wildfires,-110.27862023838108  59.333487446603925,8/9/24,19:00:00,20,-110.27862023838108, 59.333487446603925
EONET_10081,Wildfire in Zambia 1021298,,Wildfires,26.71037193666046  -14.403290534269294,8/9/24,19:00:00,18,26.71037193666046, -14.403290534269294
EONET_10082,Wildfire in Angola 1021301,,Wildfires,15.329146729842268  -16.160043292675116,8/9/24,19:00:00,19,15.329146729842268, -16.160043292675116
EONET_10083,Wildfire in Australia 1021311,,Wildfires,124.50974286521271  -16.856128264671213,8/9/24,19:00:00,19,124.50974286521271, -16.856128264671213
EONET_10084,Wildfire in Brazil 1021312,,Wildfires,-63.01998556,8/9/24,19:00:00,#VALUE!,#VALUE!,#VALUE!
EONET_10085,Wildfire in Bolivia 1021313,,Wildfires,-76.91913165,8/9/24,19:00:00,#VALUE!,#VALUE!,#VALUE!
EONET_10086,Wildfire in Bolivia 1021314,,Wildfires,-78.20856743,8/9/24,19:00:00,#VALUE!,#VALUE!,#VALUE!
EONET_10087,Wildfire in Brazil 1021315,,Wildfires,-77.8586846,8/9/24,19:00:00,#VALUE!,#VALUE!,#VALUE!
EONET_10088,Wildfire in Angola 1021322,,Wildfires,18.944327645444158  -17.395734267835696,8/9/24,19:00:00,19,18.944327645444158, -17.395734267835696
EONET_10089,Wildfire in Angola 1021317,,Wildfires,21.700857646709252  -16.84153437314085,8/9/24,19:00:00,19,21.700857646709252, -16.84153437314085
EONET_10090,Wildfire in Mozambique 1021287,,Wildfires,33.473466874195495  -17.814982997982742,8/9/24,19:00:00,19,33.473466874195495, -17.814982997982742
EONET_10091,Wildfire in Mozambique 1021299,,Wildfires,38.26486161236238  -15.388496234683437,8/9/24,19:00:00,18,38.26486161236238, -15.388496234683437
EONET_10092,Wildfire in The Democratic Republic of Congo 1021300,,Wildfires,25.957419811987258  -7.8908781271200095,8/9/24,19:00:00,19,25.957419811987258, -7.8908781271200095
EONET_10139,Wildfire in Tanzania 1021337,,Wildfires,32.0633647260093  -5.966741251246056,8/9/24,19:00:00,17,32.0633647260093, -5.966741251246056
EONET_10140,Wildfire in Angola 1021338,,Wildfires,20.66461182979226  -10.718403126625459,8/9/24,19:00:00,18,20.66461182979226, -10.718403126625459
EONET_10141,Wildfire in Angola 1021339,,Wildfires,17.742517104643238  -12.123175198936774,8/9/24,19:00:00,19,17.742517104643238, -12.123175198936774
EONET_10142,Wildfire in Zambia 1021340,,Wildfires,29.928740184399402  -12.929787591280993,8/9/24,19:00:00,19,29.928740184399402, -12.929787591280993
EONET_10143,Wildfire in Zambia 1021341,,Wildfires,29.514743371706103  -11.115138372735371,8/9/24,19:00:00,19,29.514743371706103, -11.115138372735371
EONET_10144,Wildfire in Angola 1021342,,Wildfires,16.297662173598987  -14.992980161130307,8/9/24,19:00:00,19,16.297662173598987, -14.992980161130307
EONET_10145,Wildfire in Zambia 1021343,,Wildfires,28.862106615676492  -11.085598185879608,8/9/24,19:00:00,19,28.862106615676492, -11.085598185879608
EONET_10146,Wildfire in Zambia 1021344,,Wildfires,25.861946387522558  -16.124347262813174,8/9/24,19:00:00,19,25.861946387522558, -16.124347262813174
EONET_10276,Wildfire in Canada 1021489,,Wildfires,-125.79210887208359  53.31431666053767,8/9/24,19:00:00,20,-125.79210887208359, 53.31431666053767
EONET_10277,Wildfire in Angola 1021491,,Wildfires,18.71941241729047  -14.111207381303286,8/9/24,19:00:00,18,18.71941241729047, -14.111207381303286
EONET_10278,Wildfire in Mozambique 1021495,,Wildfires,36.29694028899707  -14.416631569689095,8/9/24,19:00:00,18,36.29694028899707, -14.416631569689095
EONET_10279,Wildfire in Angola 1021498,,Wildfires,20.84211910337522  -15.705454965163472,8/9/24,19:00:00,18,20.84211910337522, -15.705454965163472
EONET_10280,Wildfire in Zambia 1021500,,Wildfires,29.343714874529336  -10.187609912360323,8/9/24,19:00:00,19,29.343714874529336, -10.187609912360323
EONET_10281,Wildfire in The Democratic Republic of Congo 1021504,,Wildfires,17.276711406054744  -6.649861606958802,8/9/24,19:00:00,19,17.276711406054744, -6.649861606958802
EONET_10282,Wildfire in Bolivia 1021494,,Wildfires,-78.42773018,8/9/24,19:00:00,#VALUE!,#VALUE!,#VALUE!
EONET_10283,Wildfire in The Democratic Republic of Congo 1021503,,Wildfires,17.531058669493557  -5.715335092456242,8/9/24,19:00:00,19,17.531058669493557, -5.715335092456242
EONET_10284,Wildfire in Angola  Namibia 1021492,,Wildfires,22.93018176237189  -17.6797610384837,8/9/24,19:00:00,18,22.93018176237189, -17.6797610384837
EONET_10285,Wildfire in Bolivia 1021488,,Wildfires,-78.57329361,8/9/24,19:00:00,#VALUE!,#VALUE!,#VALUE!
EONET_10286,Wildfire in Peru 1021490,,Wildfires,-80.93960008,8/9/24,19:00:00,#VALUE!,#VALUE!,#VALUE!
EONET_10287,Wildfire in Angola 1021493,,Wildfires,18.14851601575095  -14.72671092546764,8/9/24,19:00:00,18,18.14851601575095, -14.72671092546764
EONET_10288,Wildfire in Brazil 1021496,,Wildfires,-55.60661306,8/9/24,19:00:00,#VALUE!,#VALUE!,#VALUE!
EONET_10289,Wildfire in Bolivia 1021497,,Wildfires,-75.92578074,8/9/24,19:00:00,#VALUE!,#VALUE!,#VALUE!
EONET_10290,Wildfire in The Democratic Republic of Congo 1021499,,Wildfires,17.14656624419915  -6.389306514181402,8/9/24,19:00:00,18,17.14656624419915, -6.389306514181402
EONET_10291,Wildfire in The Democratic Republic of Congo 1021501,,Wildfires,16.82043019190173  -6.443550408790158,8/9/24,19:00:00,18,16.82043019190173, -6.443550408790158
EONET_10292,Wildfire in Brazil 1021502,,Wildfires,-53.72859281,8/9/24,19:00:00,#VALUE!,#VALUE!,#VALUE!
EONET_10012,Dove Creek Wildfire  Box Elder  Utah,10 miles south of Dove Creek,Wildfires,-113.461593  41.67925,8/9/24,17:57:00,12,-113.461593, 41.67925
EONET_10008,Boise Wildfire  Humboldt  California,Le Perron Flat 4 miles SE of the town of Orleans. In Boise Creek drainage.,Wildfires,-123.51795  41.251467,8/9/24,12:07:00,11,-123.51795, 41.251467
EONET_10011,Ruby Wildfire  Whatcom  Washington,9 miles east of Newhalem  WA,Wildfires,-121.04844  48.67895,8/9/24,11:21:00,11,-121.04844, 48.67895
EONET_9739,Floyd Jefferson Rd. Wildfire  Floyd  Georgia,15 miles southwest of Rome  GA,Wildfires,-85.4072222  34.1394444,8/8/24,19:33:00,12,-85.4072222, 34.1394444
EONET_9738,Hanger Wildfire  Shackelford  Texas,About 4.5 miles east of Albany  Tx.,Wildfires,-99.22028333  32.75296667,8/8/24,19:31:00,13,-99.22028333, 32.75296667
EONET_9681,Wildfire in Australia 1020968,,Wildfires,137.69697609195632  -16.418139832958996,8/8/24,19:00:00,19,137.69697609195632, -16.418139832958996
EONET_9740,Wildfire in Angola 1020981,,Wildfires,21.353949628729186  -12.971253502386832,8/8/24,19:00:00,19,21.353949628729186, -12.971253502386832
EONET_9741,Wildfire in Angola 1020980,,Wildfires,18.98992379479127  -9.835956615312345,8/8/24,19:00:00,18,18.98992379479127, -9.835956615312345
EONET_9778,Wildfire in Angola 1021021,,Wildfires,21.019039800024853  -9.957288109713872,8/8/24,19:00:00,19,21.019039800024853, -9.957288109713872
EONET_9779,Wildfire in Australia 1021043,,Wildfires,132.00090587852605  -14.10862587496676,8/8/24,19:00:00,19,132.00090587852605, -14.10862587496676
EONET_9780,Wildfire in Angola 1021022,,Wildfires,17.410596715065914  -11.831645710590054,8/8/24,19:00:00,19,17.410596715065914, -11.831645710590054
EONET_9829,Wildfire in Angola 1021060,,Wildfires,19.292491836802824  -8.142904282245416,8/8/24,19:00:00,19,19.292491836802824, -8.142904282245416
EONET_9830,Wildfire in South Africa 1021061,,Wildfires,30.36445309377834  -25.00594809561931,8/8/24,19:00:00,18,30.36445309377834, -25.00594809561931
EONET_9831,Wildfire in Canada 1021191,,Wildfires,-100.68773812723657  55.64345624878132,8/8/24,19:00:00,20,-100.68773812723657, 55.64345624878132
EONET_9832,Wildfire in Australia 1021192,,Wildfires,135.58710393677094  -12.62446145479287,8/8/24,19:00:00,19,135.58710393677094, -12.62446145479287
EONET_9833,Wildfire in Brazil 1021076,,Wildfires,-60.50227909,8/8/24,19:00:00,#VALUE!,#VALUE!,#VALUE!
EONET_9834,Wildfire in The Republic of North Macedonia 1021056,,Wildfires,21.603703840136347  41.00581652200888,8/8/24,19:00:00,19,21.603703840136347, 41.00581652200888
EONET_9981,Wildfire in The Democratic Republic of Congo 1021228,,Wildfires,26.33613612308704  -7.0391550465283945,8/8/24,19:00:00,18,26.33613612308704, -7.0391550465283945
EONET_9982,Wildfire in Canada 1021223,,Wildfires,-99.27474590829209  57.899871476026384,8/8/24,19:00:00,19,-99.27474590829209, 57.899871476026384
EONET_9983,Wildfire in Brazil 1021224,,Wildfires,-68.12321161,8/8/24,19:00:00,#VALUE!,#VALUE!,#VALUE!
EONET_9984,Wildfire in Canada 1021199,,Wildfires,-118.22984602421347  59.827895392772355,8/8/24,19:00:00,20,-118.22984602421347, 59.827895392772355
EONET_9985,Wildfire in Zambia 1021209,,Wildfires,29.46955824970895  -11.491865611050624,8/8/24,19:00:00,18,29.46955824970895, -11.491865611050624
EONET_9986,Wildfire in Mozambique 1021210,,Wildfires,38.33149466386529  -16.32313465920242,8/8/24,19:00:00,18,38.33149466386529, -16.32313465920242
EONET_9987,Wildfire in Canada 1021236,,Wildfires,-110.07845117168677  59.356195016805444,8/8/24,19:00:00,20,-110.07845117168677, 59.356195016805444
EONET_9988,Wildfire in Australia 1021237,,Wildfires,135.58183207375475  -12.622069511858543,8/8/24,19:00:00,19,135.58183207375475, -12.622069511858543
EONET_9989,Wildfire in Canada 1021238,,Wildfires,-115.1034105533651  58.85878297384063,8/8/24,19:00:00,19,-115.1034105533651, 58.85878297384063
EONET_9990,Wildfire in Russian Federation 1021239,,Wildfires,116.77103458735908  53.26637108670587,8/8/24,19:00:00,19,116.77103458735908, 53.26637108670587
EONET_9991,Wildfire in Angola 1021208,,Wildfires,16.982449997403368  -10.490766093705354,8/8/24,19:00:00,19,16.982449997403368, -10.490766093705354
EONET_9992,Wildfire in Canada 1021200,,Wildfires,-120.08133142614156  62.573446357410354,8/8/24,19:00:00,20,-120.08133142614156, 62.573446357410354
EONET_10044,Wildfire in Canada 1021270,,Wildfires,-110.6771671475658  57.55306977904631,8/8/24,19:00:00,19,-110.6771671475658, 57.55306977904631
EONET_10045,Wildfire in Brazil 1021271,,Wildfires,-67.09237887,8/8/24,19:00:00,#VALUE!,#VALUE!,#VALUE!
EONET_10046,Wildfire in Canada 1021272,,Wildfires,-110.13927869213315  57.191430740182426,8/8/24,19:00:00,20,-110.13927869213315, 57.191430740182426
EONET_10047,Wildfire in Canada 1021282,,Wildfires,-102.96807424334273  56.63654658919154,8/8/24,19:00:00,20,-102.96807424334273, 56.63654658919154
EONET_10048,Wildfire in United States 1021283,,Wildfires,-123.47654562365803  41.24981448743224,8/8/24,19:00:00,20,-123.47654562365803, 41.24981448743224
EONET_10049,Wildfire in Australia 1021284,,Wildfires,124.51349310735415  -16.775445481296778,8/8/24,19:00:00,19,124.51349310735415, -16.775445481296778
EONET_10050,Wildfire in Brazil 1021285,,Wildfires,-63.47570702,8/8/24,19:00:00,#VALUE!,#VALUE!,#VALUE!
EONET_10051,Wildfire in Angola 1021254,,Wildfires,20.034239933444457  -14.4007523586004,8/8/24,19:00:00,19,20.034239933444457, -14.4007523586004
EONET_10052,Wildfire in Angola 1021255,,Wildfires,19.56404997876438  -17.687878030874682,8/8/24,19:00:00,18,19.56404997876438, -17.687878030874682
EONET_10053,Wildfire in Angola 1021256,,Wildfires,21.349182710081237  -16.08775106700888,8/8/24,19:00:00,19,21.349182710081237, -16.08775106700888
EONET_10054,Wildfire in Angola 1021257,,Wildfires,18.77651833355667  -10.792968833703478,8/8/24,19:00:00,18,18.77651833355667, -10.792968833703478
EONET_10093,Wildfire in Angola 1021302,,Wildfires,20.892638207653178  -15.528754936675302,8/8/24,19:00:00,19,20.892638207653178, -15.528754936675302
EONET_10094,Wildfire in Angola 1021303,,Wildfires,16.576938468146945  -15.755812079351251,8/8/24,19:00:00,19,16.576938468146945, -15.755812079351251
EONET_10095,Wildfire in Angola 1021304,,Wildfires,15.520410678735699  -14.829761667652338,8/8/24,19:00:00,19,15.520410678735699, -14.829761667652338
EONET_10096,Wildfire in Angola 1021305,,Wildfires,15.903745795672132  -15.59139398929099,8/8/24,19:00:00,19,15.903745795672132, -15.59139398929099
EONET_10097,Wildfire in Mozambique 1021288,,Wildfires,33.389788505490245  -18.25798874415814,8/8/24,19:00:00,19,33.389788505490245, -18.25798874415814
EONET_10293,Wildfire in The Democratic Republic of Congo 1021505,,Wildfires,17.284976798157384  -6.406787790844369,8/8/24,19:00:00,19,17.284976798157384, -6.406787790844369
EONET_10294,Wildfire in Angola 1021506,,Wildfires,15.650402753015419  -15.873039809908933,8/8/24,19:00:00,19,15.650402753015419, -15.873039809908933
EONET_10295,Wildfire in Brazil 1021517,,Wildfires,-72.38278044,8/8/24,19:00:00,#VALUE!,#VALUE!,#VALUE!
EONET_10296,Wildfire in Angola 1021519,,Wildfires,20.816215209319758  -12.636606295168809,8/8/24,19:00:00,19,20.816215209319758, -12.636606295168809
EONET_10297,Wildfire in Russian Federation 1021520,,Wildfires,115.74486777801184  54.51840149444509,8/8/24,19:00:00,19,115.74486777801184, 54.51840149444509
EONET_10298,Wildfire in Angola 1021522,,Wildfires,15.535917794186519  -15.298363392977132,8/8/24,19:00:00,19,15.535917794186519, -15.298363392977132
EONET_10299,Wildfire in Angola 1021523,,Wildfires,19.986680978986005  -10.114352665716664,8/8/24,19:00:00,19,19.986680978986005, -10.114352665716664
EONET_10300,Wildfire in The Democratic Republic of Congo 1021512,,Wildfires,29.715926912264187  -12.438929270884241,8/8/24,19:00:00,19,29.715926912264187, -12.438929270884241
EONET_10301,Wildfire in The Democratic Republic of Congo 1021518,,Wildfires,19.358530013420353  -3.991693888244473,8/8/24,19:00:00,19,19.358530013420353, -3.991693888244473
EONET_10302,Wildfire in Angola 1021507,,Wildfires,20.75058038143281  -11.412803720634788,8/8/24,19:00:00,18,20.75058038143281, -11.412803720634788
EONET_10303,Wildfire in Angola 1021509,,Wildfires,20.032474395742298  -16.211636771459492,8/8/24,19:00:00,19,20.032474395742298, -16.211636771459492
EONET_10304,Wildfire in Zambia 1021508,,Wildfires,23.540287259492096  -13.345148152742379,8/8/24,19:00:00,19,23.540287259492096, -13.345148152742379
EONET_10305,Wildfire in Angola 1021510,,Wildfires,18.240625409462588  -16.190093833798805,8/8/24,19:00:00,19,18.240625409462588, -16.190093833798805
EONET_10306,Wildfire in Angola 1021511,,Wildfires,18.213592108231115  -10.571240896191608,8/8/24,19:00:00,19,18.213592108231115, -10.571240896191608
EONET_10307,Wildfire in Angola 1021513,,Wildfires,20.7418085551293  -16.692567541422964,8/8/24,19:00:00,17,20.7418085551293, -16.692567541422964
EONET_10308,Wildfire in Angola 1021514,,Wildfires,18.11853061005632  -11.749385986048079,8/8/24,19:00:00,18,18.11853061005632, -11.749385986048079
EONET_10309,Wildfire in Mozambique 1021515,,Wildfires,38.86234298722486  -13.38843588478171,8/8/24,19:00:00,18,38.86234298722486, -13.38843588478171
EONET_10310,Wildfire in Mozambique 1021516,,Wildfires,33.1435432629932  -18.55764446677315,8/8/24,19:00:00,17,33.1435432629932, -18.55764446677315
EONET_10311,Wildfire in The Democratic Republic of Congo 1021521,,Wildfires,27.613096044294263  -9.628217467834395,8/8/24,19:00:00,19,27.613096044294263, -9.628217467834395
EONET_10009,MIDDLE FORK COMPLEX Wildfire  Boise  Idaho,9 miles east of Garden Valley  ID,Wildfires,-115.797332  44.171802,8/8/24,18:30:00,12,-115.797332, 44.171802
EONET_9737,Coppermine Wildfire  Archer  Texas,about 5 miles north west of Archer City  Tx,Wildfires,-98.7064  33.647,8/8/24,18:22:00,9,-98.7064, 33.647
EONET_9742,Wildfire in Angola 1020982,,Wildfires,17.419449168661618  -11.665331754826065,8/7/24,19:00:00,19,17.419449168661618, -11.665331754826065
EONET_9743,Wildfire in South Africa 1021003,,Wildfires,29.51443662288572  -29.239963157341748,8/7/24,19:00:00,18,29.51443662288572, -29.239963157341748
EONET_9744,Wildfire in Canada 1020975,,Wildfires,-123.2968752128533  62.87852059481824,8/7/24,19:00:00,19,-123.2968752128533, 62.87852059481824
EONET_9781,Wildfire in Angola 1021024,,Wildfires,19.23555621047728  -8.475433080179185,8/7/24,19:00:00,18,19.23555621047728, -8.475433080179185
EONET_9782,Wildfire in Angola 1021025,,Wildfires,20.90392062390743  -17.363753888994847,8/7/24,19:00:00,18,20.90392062390743, -17.363753888994847
EONET_9783,Wildfire in Angola 1021023,,Wildfires,18.152190739753024  -9.911428853610364,8/7/24,19:00:00,19,18.152190739753024, -9.911428853610364
EONET_9784,Wildfire in Namibia 1021047,,Wildfires,20.035111361729093  -18.706748469601155,8/7/24,19:00:00,19,20.035111361729093, -18.706748469601155
EONET_9835,Wildfire in Mozambique 1021062,,Wildfires,33.705260775047996  -19.442969826418086,8/7/24,19:00:00,19,33.705260775047996, -19.442969826418086
EONET_9836,Wildfire in The Democratic Republic of Congo 1021063,,Wildfires,25.23573387858201  -8.990588120565578,8/7/24,19:00:00,18,25.23573387858201, -8.990588120565578
EONET_9837,Wildfire in Angola 1021065,,Wildfires,14.610142160807799  -12.692599141439683,8/7/24,19:00:00,19,14.610142160807799, -12.692599141439683
EONET_9838,Wildfire in Angola 1021066,,Wildfires,22.15144022515705  -10.471142968304374,8/7/24,19:00:00,18,22.15144022515705, -10.471142968304374
EONET_9839,Wildfire in Canada 1021193,,Wildfires,-116.91694415567842  60.18158843824632,8/7/24,19:00:00,20,-116.91694415567842, 60.18158843824632
EONET_9840,Wildfire in Australia 1021194,,Wildfires,135.3718115339192  -13.46722963780016,8/7/24,19:00:00,18,135.3718115339192, -13.46722963780016
EONET_9841,Wildfire in Russian Federation 1021195,,Wildfires,126.76878145661209  61.94978786042528,8/7/24,19:00:00,19,126.76878145661209, 61.94978786042528
EONET_9842,Wildfire in Angola 1021064,,Wildfires,21.53782518827715  -10.90420654521484,8/7/24,19:00:00,18,21.53782518827715, -10.90420654521484
EONET_9843,Wildfire in Angola 1021067,,Wildfires,18.874733270243762  -10.85528829764348,8/7/24,19:00:00,19,18.874733270243762, -10.85528829764348
EONET_9844,Wildfire in Botswana 1021068,,Wildfires,22.32623187367586  -24.512725700860255,8/7/24,19:00:00,18,22.32623187367586, -24.512725700860255
EONET_9993,Wildfire in Russian Federation 1021225,,Wildfires,118.25168691739755  59.45891244245843,8/7/24,19:00:00,19,118.25168691739755, 59.45891244245843
EONET_9994,Wildfire in South Africa 1021213,,Wildfires,25.59540103336138  -33.296252336944924,8/7/24,19:00:00,18,25.59540103336138, -33.296252336944924
EONET_9995,Wildfire in Canada 1021240,,Wildfires,-107.09413218669187  55.80950223411383,8/7/24,19:00:00,20,-107.09413218669187, 55.80950223411383
EONET_9996,Wildfire in Canada 1021241,,Wildfires,-126.08761868914458  61.45324957108706,8/7/24,19:00:00,20,-126.08761868914458, 61.45324957108706
EONET_9997,Wildfire in Angola 1021211,,Wildfires,20.158806578146418  -16.96994576586077,8/7/24,19:00:00,19,20.158806578146418, -16.96994576586077
EONET_9998,Wildfire in The Democratic Republic of Congo 1021212,,Wildfires,27.011708557313263  -7.518301143442441,8/7/24,19:00:00,19,27.011708557313263, -7.518301143442441
EONET_10055,Wildfire in Namibia 1021246,,Wildfires,20.43275748460005  -18.765410706923674,8/7/24,19:00:00,18,20.43275748460005, -18.765410706923674
EONET_10056,Wildfire in Mozambique 1021247,,Wildfires,37.170330501725815  -16.9931508148158,8/7/24,19:00:00,19,37.170330501725815, -16.9931508148158
EONET_10057,Wildfire in The Democratic Republic of Congo 1021258,,Wildfires,25.787787359555377  -6.582370562895632,8/7/24,19:00:00,19,25.787787359555377, -6.582370562895632
EONET_10058,Wildfire in Zambia  The Democratic Republic of Congo 1021259,,Wildfires,29.329459202597715  -12.373388810325025,8/7/24,19:00:00,19,29.329459202597715, -12.373388810325025
EONET_10059,Wildfire in Angola 1021260,,Wildfires,21.25317223833346  -13.422952986999823,8/7/24,19:00:00,18,21.25317223833346, -13.422952986999823
EONET_10060,Wildfire in Angola 1021261,,Wildfires,21.050974258556682  -13.683420769019428,8/7/24,19:00:00,19,21.050974258556682, -13.683420769019428
EONET_9736,BIG GULCH Wildfire  Moffat  Colorado,12 miles W of Craig  CO,Wildfires,-107.779833  40.515167,8/7/24,18:40:00,12,-107.779833, 40.515167
EONET_9735,Paint Crossing Wildfire  Throckmorton  Texas,about 24 miles north of Albany  Tx.,Wildfires,-99.3484047  33.06912509,8/7/24,18:05:00,12,-99.3484047, 33.06912509
EONET_9733,County Line - Garfield Wildfire  Garfield  Montana,,Wildfires,-107.409668  46.883546,8/7/24,11:26:00,12,-107.409668, 46.883546
EONET_9732,CROZIER Wildfire  El Dorado  California,Community of Mosquito,Wildfires,-120.697385  38.828893,8/7/24,1:58:00,12,-120.697385, 38.828893
EONET_9731,Element Wildfire  Mohave  Arizona,12 miles north of Kingman  west of Stockton Hill Road,Wildfires,-114.09145  35.457633,8/6/24,23:17:00,11,-114.09145, 35.457633
EONET_9540,Wildfire in Tanzania 1020800,,Wildfires,34.837992701020966  -3.119016695862314,8/6/24,19:00:00,19,34.837992701020966, -3.119016695862314
EONET_9541,Wildfire in United States 1020801,,Wildfires,-116.39962506823476  44.18281217637123,8/6/24,19:00:00,20,-116.39962506823476, 44.18281217637123
EONET_9542,Wildfire in United States 1020794,,Wildfires,-116.43130702581267  44.155382987421355,8/6/24,19:00:00,20,-116.43130702581267, 44.155382987421355
EONET_9543,Wildfire in The Democratic Republic of Congo 1020844,,Wildfires,25.696567669232344  -7.88079376547864,8/6/24,19:00:00,19,25.696567669232344, -7.88079376547864
EONET_9682,Wildfire in Brazil 1020965,,Wildfires,-66.05713162,8/6/24,19:00:00,#VALUE!,#VALUE!,#VALUE!
EONET_9683,Wildfire in The Democratic Republic of Congo 1020954,,Wildfires,25.74915627699163  -8.192809590044861,8/6/24,19:00:00,18,25.74915627699163, -8.192809590044861
EONET_9684,Wildfire in Angola 1020953,,Wildfires,19.834502970737685  -10.50317903672992,8/6/24,19:00:00,19,19.834502970737685, -10.50317903672992
EONET_9745,Wildfire in Mozambique 1020983,,Wildfires,37.513853267615524  -11.99844675863612,8/6/24,19:00:00,19,37.513853267615524, -11.99844675863612
EONET_9746,Wildfire in The Democratic Republic of Congo 1020986,,Wildfires,25.18131611988074  -8.27949543572431,8/6/24,19:00:00,18,25.18131611988074, -8.27949543572431
EONET_9747,Wildfire in Canada 1020976,,Wildfires,-122.10801845481106  62.47203600916757,8/6/24,19:00:00,20,-122.10801845481106, 62.47203600916757
EONET_9748,Wildfire in Australia 1021001,,Wildfires,126.72550069172483  -14.436998005381406,8/6/24,19:00:00,19,126.72550069172483, -14.436998005381406
EONET_9749,Wildfire in Brazil 1021005,,Wildfires,-62.31900094,8/6/24,19:00:00,#VALUE!,#VALUE!,#VALUE!
EONET_9750,Wildfire in Australia 1021006,,Wildfires,132.84381489594074  -12.733180973963483,8/6/24,19:00:00,19,132.84381489594074, -12.733180973963483
EONET_9751,Wildfire in South Africa 1020984,,Wildfires,29.42041000353042  -29.58136828546114,8/6/24,19:00:00,18,29.42041000353042, -29.58136828546114
EONET_9752,Wildfire in Angola 1020985,,Wildfires,16.22458648830003  -10.433247097741907,8/6/24,19:00:00,18,16.22458648830003, -10.433247097741907
EONET_9753,Wildfire in Angola 1020987,,Wildfires,21.38314647871326  -10.608908567755241,8/6/24,19:00:00,18,21.38314647871326, -10.608908567755241
EONET_9785,Wildfire in The Democratic Republic of Congo 1021027,,Wildfires,24.897044862742792  -8.427195996581297,8/6/24,19:00:00,19,24.897044862742792, -8.427195996581297
EONET_9786,Wildfire in The Democratic Republic of Congo 1021028,,Wildfires,26.155631971243047  -8.189774254468674,8/6/24,19:00:00,19,26.155631971243047, -8.189774254468674
EONET_9787,Wildfire in Brazil 1021044,,Wildfires,-73.73370979,8/6/24,19:00:00,#VALUE!,#VALUE!,#VALUE!
EONET_9788,Wildfire in Australia 1021045,,Wildfires,126.79677158161532  -14.535952519980283,8/6/24,19:00:00,19,126.79677158161532, -14.535952519980283
EONET_9789,Wildfire in Canada 1021011,,Wildfires,-118.41377313076252  63.27346943590529,8/6/24,19:00:00,20,-118.41377313076252, 63.27346943590529
EONET_9790,Wildfire in Australia 1021050,,Wildfires,133.9361094799308  -13.728372861342946,8/6/24,19:00:00,18,133.9361094799308, -13.728372861342946
EONET_9791,Wildfire in Brazil 1021051,,Wildfires,-75.23651639,8/6/24,19:00:00,#VALUE!,#VALUE!,#VALUE!
EONET_9792,Wildfire in Canada 1021026,,Wildfires,-119.6423213411406  59.29226888153289,8/6/24,19:00:00,19,-119.6423213411406, 59.29226888153289
EONET_9793,Wildfire in Angola 1021029,,Wildfires,15.630633609487575  -11.290326420115331,8/6/24,19:00:00,19,15.630633609487575, -11.290326420115331
EONET_9794,Wildfire in Canada 1021013,,Wildfires,-126.34563952884278  61.10774965533363,8/6/24,19:00:00,20,-126.34563952884278, 61.10774965533363
EONET_9795,Wildfire in Tanzania 1021014,,Wildfires,33.99494387729953  -7.265953751730867,8/6/24,19:00:00,18,33.99494387729953, -7.265953751730867
EONET_9845,Wildfire in Angola 1021070,,Wildfires,16.918764364065847  -10.188544068398587,8/6/24,19:00:00,19,16.918764364065847, -10.188544068398587
EONET_9846,Wildfire in Angola 1021079,,Wildfires,18.973651635679218  -10.939733541589888,8/6/24,19:00:00,19,18.973651635679218, -10.939733541589888
EONET_9847,Wildfire in Angola 1021069,,Wildfires,18.345874985920496  -11.4135226702082,8/6/24,19:00:00,19,18.345874985920496, -11.4135226702082
EONET_9848,Wildfire in Angola 1021071,,Wildfires,18.0646856267071  -11.8923022999911,8/6/24,19:00:00,17,18.0646856267071, -11.8923022999911
EONET_9849,Wildfire in Papua New Guinea 1021077,,Wildfires,144.00993506202278  -4.262890241531774,8/6/24,19:00:00,19,144.00993506202278, -4.262890241531774
EONET_9999,Wildfire in Angola 1021214,,Wildfires,20.34111421325151  -15.100261603251317,8/6/24,19:00:00,18,20.34111421325151, -15.100261603251317
EONET_10000,Wildfire in Angola 1021215,,Wildfires,18.993001445418138  -9.441178609331619,8/6/24,19:00:00,19,18.993001445418138, -9.441178609331619
EONET_10001,Wildfire in The Democratic Republic of Congo 1021216,,Wildfires,29.59480812273303  -12.67607074968209,8/6/24,19:00:00,18,29.59480812273303, -12.67607074968209
EONET_10002,Wildfire in The Democratic Republic of Congo 1021217,,Wildfires,28.572579050370212  -12.098372689800525,8/6/24,19:00:00,19,28.572579050370212, -12.098372689800525
EONET_10003,Wildfire in Angola 1021218,,Wildfires,15.775437724261751  -14.322092920580259,8/6/24,19:00:00,19,15.775437724261751, -14.322092920580259
EONET_10004,Wildfire in Canada 1021201,,Wildfires,-121.03705560021936  59.54751316911739,8/6/24,19:00:00,20,-121.03705560021936, 59.54751316911739
EONET_10005,Wildfire in Canada 1021202,,Wildfires,-121.83771106118938  59.88085888772943,8/6/24,19:00:00,20,-121.83771106118938, 59.88085888772943
EONET_9730,Dry Fork Wildfire  Rich  Utah,Dry Fork Creek  W of Randolph,Wildfires,-111.370667  41.5955,8/6/24,15:53:00,12,-111.370667, 41.5955
EONET_9729,Sheep Wildfire  Gila  Arizona,25 miles northeast of Cave Creek  AZ in the Mazatzal Wilderness,Wildfires,-111.671667  34.225,8/6/24,15:23:00,12,-111.671667, 34.225
EONET_9728,NELLIE Wildfire  Boise  Idaho,12 MILES ENE OF GARDEN VALLEY  ID,Wildfires,-115.713217  44.15905,8/6/24,13:45:00,12,-115.713217, 44.15905
EONET_9727,ANDERSON Wildfire  Boise  Idaho,8 MILES WNW LOWMAN  ID,Wildfires,-115.774671  44.131321,8/6/24,10:26:00,12,-115.774671, 44.131321
EONET_9726,FLAT Wildfire  Boise  Idaho,8 MILES SE OF GAR,Wildfires,-115.82  43.988667,8/6/24,1:43:00,8,-115.82, 43.988667
EONET_9724,SNAG Wildfire  Valley  Idaho,9.5 miles East of Cascade  Idaho,Wildfires,-115.840167  44.548367,8/6/24,0:13:00,12,-115.840167, 44.548367
EONET_9725,BULLDOG Wildfire  Boise  Idaho,8 MILES NORTH  OF GARDEN VALLEY  ID,Wildfires,-115.90005  44.212367,8/6/24,0:13:00,11,-115.90005, 44.212367
EONET_9723,DOLLAR Wildfire  Valley  Idaho,18 MILES NE OF CASCADE  ID,Wildfires,-115.810944  44.717278,8/5/24,23:40:00,12,-115.810944, 44.717278
EONET_9722,PADDOCK Wildfire  Washington  Idaho,30 MILES SW OF CASCADE  ID,Wildfires,-116.511238  44.15945,8/5/24,23:02:00,12,-116.511238, 44.15945
EONET_9721,WILLIAMS MINE Wildfire  Skamania  Washington,3.5 miles NNW of Trout Lake WA,Wildfires,-121.601617  46.175117,8/5/24,20:42:00,12,-121.601617, 46.175117
EONET_9720,Warner Peak Wildfire  Lake  Oregon,3 miles East of Plush  on the Hart Mountain Antelope Refuge,Wildfires,-119.8052  42.427783,8/5/24,20:19:00,10,-119.8052, 42.427783
EONET_9491,Wildfire in Brazil 1020757,,Wildfires,-59.69354956,8/5/24,19:00:00,#VALUE!,#VALUE!,#VALUE!
EONET_9492,Wildfire in Bolivia 1020758,,Wildfires,-76.26306571,8/5/24,19:00:00,#VALUE!,#VALUE!,#VALUE!
EONET_9493,Wildfire in United States 1020773,,Wildfires,-116.513182784887  44.104766767478445,8/5/24,19:00:00,18,-116.513182784887, 44.104766767478445
EONET_9494,Wildfire in Canada 1020774,,Wildfires,-124.1771407550616  64.87778515209298,8/5/24,19:00:00,19,-124.1771407550616, 64.87778515209298
EONET_9544,Wildfire in United States 1020830,,Wildfires,-119.74800423002429  42.40364600817043,8/5/24,19:00:00,20,-119.74800423002429, 42.40364600817043
EONET_9545,Wildfire in Bolivia 1020821,,Wildfires,-75.97069103,8/5/24,19:00:00,#VALUE!,#VALUE!,#VALUE!
EONET_9546,Wildfire in Brazil 1020820,,Wildfires,-73.47450787,8/5/24,19:00:00,#VALUE!,#VALUE!,#VALUE!
EONET_9547,Wildfire in United States 1020829,,Wildfires,-121.56357449502698  46.118277963299256,8/5/24,19:00:00,20,-121.56357449502698, 46.118277963299256
EONET_9548,Wildfire in Paraguay  Bolivia 1020845,,Wildfires,-78.01962053,8/5/24,19:00:00,#VALUE!,#VALUE!,#VALUE!
EONET_9685,Wildfire in Mozambique 1020955,,Wildfires,38.35483628375631  -13.459877033028674,8/5/24,19:00:00,18,38.35483628375631, -13.459877033028674
EONET_9686,Wildfire in Brazil 1020956,,Wildfires,-69.61167677,8/5/24,19:00:00,#VALUE!,#VALUE!,#VALUE!
EONET_9687,Wildfire in Angola 1020957,,Wildfires,19.024946824154743  -9.981767045924173,8/5/24,19:00:00,19,19.024946824154743, -9.981767045924173
EONET_9688,Wildfire in The Democratic Republic of Congo 1020958,,Wildfires,25.70830354722136  -7.860002379800991,8/5/24,19:00:00,18,25.70830354722136, -7.860002379800991
EONET_9689,Wildfire in Canada 1020947,,Wildfires,-115.70505035197459  64.32804146673736,8/5/24,19:00:00,20,-115.70505035197459, 64.32804146673736
EONET_9690,Wildfire in United States 1020948,,Wildfires,-115.80707788624568  44.571535194561314,8/5/24,19:00:00,20,-115.80707788624568, 44.571535194561314
EONET_9691,Wildfire in Australia 1020966,,Wildfires,132.6935192333349  -14.278170776295799,8/5/24,19:00:00,18,132.6935192333349, -14.278170776295799
EONET_9692,Wildfire in Brazil 1020969,,Wildfires,-67.8229669,8/5/24,19:00:00,#VALUE!,#VALUE!,#VALUE!
EONET_9693,Wildfire in Australia 1020970,,Wildfires,122.53514376395196  -17.055318478888736,8/5/24,19:00:00,19,122.53514376395196, -17.055318478888736
EONET_9694,Wildfire in Australia 1020971,,Wildfires,124.74919631519711  -16.775670564374472,8/5/24,19:00:00,19,124.74919631519711, -16.775670564374472
EONET_9695,Wildfire in Australia 1020972,,Wildfires,134.36027907167613  -13.954398265333337,8/5/24,19:00:00,19,134.36027907167613, -13.954398265333337
EONET_9754,Wildfire in The Democratic Republic of Congo 1020988,,Wildfires,22.00877043022423  -9.412195924589948,8/5/24,19:00:00,18,22.00877043022423, -9.412195924589948
EONET_9755,Wildfire in The Democratic Republic of Congo 1020990,,Wildfires,25.427409059021148  -8.274872648127918,8/5/24,19:00:00,19,25.427409059021148, -8.274872648127918
EONET_9756,Wildfire in Angola 1020989,,Wildfires,16.87199919822617  -15.98305944183996,8/5/24,19:00:00,18,16.87199919822617, -15.98305944183996
EONET_9757,Wildfire in Angola 1020991,,Wildfires,18.972326490807447  -9.702607553516687,8/5/24,19:00:00,19,18.972326490807447, -9.702607553516687
EONET_9758,Wildfire in Angola 1020992,,Wildfires,19.73620233609393  -9.54086563961783,8/5/24,19:00:00,18,19.73620233609393, -9.54086563961783
EONET_9759,Wildfire in Canada 1021007,,Wildfires,-117.87085801494891  60.42678768847011,8/5/24,19:00:00,20,-117.87085801494891, 60.42678768847011
EONET_9760,Wildfire in Canada 1021002,,Wildfires,-119.00772223617547  59.629163868293595,8/5/24,19:00:00,20,-119.00772223617547, 59.629163868293595
EONET_9796,Wildfire in Canada 1021015,,Wildfires,-115.8456456544358  64.34665976914006,8/5/24,19:00:00,19,-115.8456456544358, 64.34665976914006
EONET_9797,Wildfire in Canada 1021016,,Wildfires,-119.90653881917123  60.605419194758966,8/5/24,19:00:00,20,-119.90653881917123, 60.605419194758966
EONET_9798,Wildfire in Angola 1021030,,Wildfires,15.800083969463865  -15.303118232876187,8/5/24,19:00:00,19,15.800083969463865, -15.303118232876187
EONET_9799,Wildfire in Angola 1021031,,Wildfires,18.97752945994985  -9.115927948868416,8/5/24,19:00:00,18,18.97752945994985, -9.115927948868416
EONET_9800,Wildfire in Angola 1021032,,Wildfires,19.251788689006048  -10.639485206665215,8/5/24,19:00:00,19,19.251788689006048, -10.639485206665215
EONET_9801,Wildfire in Tanzania 1021033,,Wildfires,30.014078023504094  -6.210527048264687,8/5/24,19:00:00,19,30.014078023504094, -6.210527048264687
EONET_9802,Wildfire in Angola 1021034,,Wildfires,18.972707764416214  -8.660606965648476,8/5/24,19:00:00,19,18.972707764416214, -8.660606965648476
EONET_9803,Wildfire in Australia 1021052,,Wildfires,131.81217711473005  -13.98647286982621,8/5/24,19:00:00,19,131.81217711473005, -13.98647286982621
EONET_9804,Wildfire in Australia 1021053,,Wildfires,132.4877493216857  -13.158857110592407,8/5/24,19:00:00,18,132.4877493216857, -13.158857110592407
EONET_9805,Wildfire in Canada 1021054,,Wildfires,-108.44006808056268  61.720327986080044,8/5/24,19:00:00,20,-108.44006808056268, 61.720327986080044
EONET_9806,Wildfire in Canada 1021012,,Wildfires,-120.23599644816619  60.63705838031166,8/5/24,19:00:00,20,-120.23599644816619, 60.63705838031166
EONET_9807,Wildfire in Australia 1021046,,Wildfires,128.05259722550417  -17.54733883499211,8/5/24,19:00:00,19,128.05259722550417, -17.54733883499211
EONET_9808,Wildfire in Canada 1021017,,Wildfires,-120.40166423581685  60.620498985637894,8/5/24,19:00:00,20,-120.40166423581685, 60.620498985637894
EONET_9809,Wildfire in Canada 1021018,,Wildfires,-120.77511521557295  64.0674983651149,8/5/24,19:00:00,20,-120.77511521557295, 64.0674983651149
EONET_9810,Wildfire in Canada 1021019,,Wildfires,-124.79246762671677  65.38220507540997,8/5/24,19:00:00,20,-124.79246762671677, 65.38220507540997
EONET_9850,Wildfire in Angola 1021072,,Wildfires,18.998678840590514  -10.213453883843691,8/5/24,19:00:00,19,18.998678840590514, -10.213453883843691
EONET_9851,Wildfire in Angola 1021073,,Wildfires,15.602596322375495  -11.930867832489376,8/5/24,19:00:00,19,15.602596322375495, -11.930867832489376
EONET_9852,Wildfire in Tanzania 1021057,,Wildfires,33.96804903556129  -7.267894346223201,8/5/24,19:00:00,18,33.96804903556129, -7.267894346223201
EONET_9853,Wildfire in Mozambique 1021058,,Wildfires,37.81623182225278  -16.51086343547693,8/5/24,19:00:00,18,37.81623182225278, -16.51086343547693
EONET_9717,SOLDIER CREEK Wildfire  Malheur  Oregon,16 MILES SW OF JORDAN VALLEY  OR,Wildfires,-117.177217  42.75945,8/5/24,18:26:00,12,-117.177217, 42.75945
EONET_9713,Porcupine Wildfire  Harney  Oregon,Porcupine Reservoir,Wildfires,-118.45525  43.315033,8/5/24,15:03:00,11,-118.45525, 43.315033
EONET_9712,Stewart Wildfire  Powder River  Montana,27 miles SE of Ashland  MT,Wildfires,-106.0297  45.2409,8/5/24,14:44:00,10,-106.0297, 45.2409
EONET_9710,Town Gulch Wildfire  Baker  Oregon,Eagle Creek Rd Area  24 Miles East of Baker City OR  4 Miles N of Richland  OR,Wildfires,-117.254967  44.8775,8/5/24,13:24:00,12,-117.254967, 44.8775
EONET_9709,0596 RV BENNETT Wildfire  Wasco  Oregon,3 miles NE of Antelope Oregon,Wildfires,-120.656555  44.947334,8/5/24,0:05:00,12,-120.656555, 44.947334
EONET_9490,BELLA Wildfire  Kern  California,INYO KERN CA  AREA 44,Wildfires,-117.978333  35.64805,8/4/24,20:39:00,12,-117.978333, 35.64805
EONET_9443,Wildfire in Angola 1020699,,Wildfires,19.772609892480837  -9.352624124449655,8/4/24,19:00:00,19,19.772609892480837, -9.352624124449655
EONET_9549,Wildfire in Zambia 1020847,,Wildfires,30.69600167215756  -11.817766945442989,8/4/24,19:00:00,18,30.69600167215756, -11.817766945442989
EONET_9550,Wildfire in Angola 1020849,,Wildfires,21.75692408363964  -9.778791453640407,8/4/24,19:00:00,18,21.75692408363964, -9.778791453640407
EONET_9551,Wildfire in Zambia 1020846,,Wildfires,29.267042658578145  -9.680433085189513,8/4/24,19:00:00,19,29.267042658578145, -9.680433085189513
EONET_9552,Wildfire in Russian Federation 1020848,,Wildfires,111.7138261719256  65.01680514396004,8/4/24,19:00:00,18,111.7138261719256, 65.01680514396004
EONET_9553,Wildfire in Canada 1020850,,Wildfires,-120.69483956202639  64.77384350077484,8/4/24,19:00:00,20,-120.69483956202639, 64.77384350077484
EONET_9554,Wildfire in Bolivia 1020851,,Wildfires,-78.59042323,8/4/24,19:00:00,#VALUE!,#VALUE!,#VALUE!
EONET_9555,Wildfire in United States 1020795,,Wildfires,-117.20115108622176  44.85486741423762,8/4/24,19:00:00,20,-117.20115108622176, 44.85486741423762
EONET_9556,Wildfire in Canada 1020802,,Wildfires,-123.56573306318104  64.61426511657186,8/4/24,19:00:00,20,-123.56573306318104, 64.61426511657186
EONET_9696,Wildfire in Brazil 1020973,,Wildfires,-65.63090488,8/4/24,19:00:00,#VALUE!,#VALUE!,#VALUE!
EONET_9697,Wildfire in Zambia 1020960,,Wildfires,26.528127303397333  -14.389113044808957,8/4/24,19:00:00,19,26.528127303397333, -14.389113044808957
EONET_9698,Wildfire in Angola 1020961,,Wildfires,18.488270585993703  -9.514836713115448,8/4/24,19:00:00,19,18.488270585993703, -9.514836713115448
EONET_9699,Wildfire in The Democratic Republic of Congo 1020959,,Wildfires,25.455178322350836  -9.027972151377876,8/4/24,19:00:00,19,25.455178322350836, -9.027972151377876
EONET_9761,Wildfire in Zambia 1020977,,Wildfires,31.78819806416031  -12.73457032948339,8/4/24,19:00:00,18,31.78819806416031, -12.73457032948339
EONET_9762,Wildfire in Canada 1021008,,Wildfires,-125.00461580471541  65.27763147874036,8/4/24,19:00:00,20,-125.00461580471541, 65.27763147874036
EONET_9763,Wildfire in Brazil 1021009,,Wildfires,-75.20230588,8/4/24,19:00:00,#VALUE!,#VALUE!,#VALUE!
EONET_9764,Wildfire in Brazil 1021010,,Wildfires,-62.90604503,8/4/24,19:00:00,#VALUE!,#VALUE!,#VALUE!
EONET_9765,Wildfire in Angola 1021004,,Wildfires,19.06415731966212  -10.720004237543892,8/4/24,19:00:00,18,19.06415731966212, -10.720004237543892
EONET_9766,Wildfire in Zambia 1020993,,Wildfires,26.507091237795102  -14.1158251140945,8/4/24,19:00:00,19,26.507091237795102, -14.1158251140945
EONET_9767,Wildfire in Angola 1020994,,Wildfires,16.4418328234585  -10.689321487780031,8/4/24,19:00:00,17,16.4418328234585, -10.689321487780031
EONET_9768,Wildfire in Angola 1020995,,Wildfires,22.030838742790756  -10.147951722139059,8/4/24,19:00:00,19,22.030838742790756, -10.147951722139059
EONET_9769,Wildfire in Angola 1020996,,Wildfires,18.69138715437269  -8.025236069347994,8/4/24,19:00:00,18,18.69138715437269, -8.025236069347994
EONET_9770,Wildfire in Angola 1020997,,Wildfires,18.907603905869728  -10.169825808703111,8/4/24,19:00:00,19,18.907603905869728, -10.169825808703111
EONET_9771,Wildfire in Angola 1020999,,Wildfires,16.89342035564635  -12.874484792810703,8/4/24,19:00:00,18,16.89342035564635, -12.874484792810703
EONET_9772,Wildfire in The Democratic Republic of Congo 1020998,,Wildfires,18.87155885279979  -7.9298953992576875,8/4/24,19:00:00,18,18.87155885279979, -7.9298953992576875
EONET_9811,Wildfire in Canada 1021020,,Wildfires,-117.3354277296681  60.422235664266836,8/4/24,19:00:00,19,-117.3354277296681, 60.422235664266836
EONET_9812,Wildfire in Angola 1021035,,Wildfires,15.51840137565827  -15.1405487250781,8/4/24,19:00:00,18,15.51840137565827, -15.1405487250781
EONET_9813,Wildfire in Angola 1021036,,Wildfires,16.458213195288046  -10.831274793133332,8/4/24,19:00:00,19,16.458213195288046, -10.831274793133332
EONET_9814,Wildfire in Canada 1021037,,Wildfires,-125.0429213757997  65.56013865761805,8/4/24,19:00:00,19,-125.0429213757997, 65.56013865761805
EONET_9815,Wildfire in Zambia 1021038,,Wildfires,24.195521128620673  -13.35616890374431,8/4/24,19:00:00,19,24.195521128620673, -13.35616890374431
EONET_9816,Wildfire in The Democratic Republic of Congo 1021039,,Wildfires,24.474655276921695  -8.680722613807973,8/4/24,19:00:00,19,24.474655276921695, -8.680722613807973
EONET_9817,Wildfire in Zambia 1021040,,Wildfires,24.139828536014964  -14.379034784578272,8/4/24,19:00:00,19,24.139828536014964, -14.379034784578272
EONET_9818,Wildfire in Angola 1021041,,Wildfires,19.234996813245086  -9.779666298450838,8/4/24,19:00:00,19,19.234996813245086, -9.779666298450838
EONET_9819,Wildfire in Angola 1021042,,Wildfires,18.89972243591416  -8.87300699236297,8/4/24,19:00:00,18,18.89972243591416, -8.87300699236297
EONET_9854,Wildfire in Canada 1021082,,Wildfires,-118.7236497998273  64.89154622835333,8/4/24,19:00:00,19,-118.7236497998273, 64.89154622835333
EONET_9855,Wildfire in Angola 1021083,,Wildfires,19.042156178521534  -10.15194515130268,8/4/24,19:00:00,19,19.042156178521534, -10.15194515130268
EONET_9856,Wildfire in Angola 1021085,,Wildfires,18.092108796367  -10.583121295725292,8/4/24,19:00:00,16,18.092108796367, -10.583121295725292
EONET_9857,Wildfire in Angola 1021086,,Wildfires,18.8639807110071  -10.96369842012516,8/4/24,19:00:00,17,18.8639807110071, -10.96369842012516
EONET_9858,Wildfire in Angola 1021088,,Wildfires,17.96743345446735  -12.016776168704471,8/4/24,19:00:00,18,17.96743345446735, -12.016776168704471
EONET_9859,Wildfire in Angola 1021080,,Wildfires,17.92693578449188  -11.10705809539809,8/4/24,19:00:00,18,17.92693578449188, -11.10705809539809
EONET_9860,Wildfire in Zambia 1021081,,Wildfires,29.38872012575618  -11.608715994608719,8/4/24,19:00:00,18,29.38872012575618, -11.608715994608719
EONET_9861,Wildfire in Brazil 1021084,,Wildfires,-58.32988936,8/4/24,19:00:00,#VALUE!,#VALUE!,#VALUE!
EONET_9862,Wildfire in Zambia 1021087,,Wildfires,24.27752605279076  -14.271985623896812,8/4/24,19:00:00,18,24.27752605279076, -14.271985623896812
EONET_9489,Hopkin Wildfire  Carter  Montana,,Wildfires,-104.776944  45.344722,8/4/24,5:44:00,12,-104.776944, 45.344722
EONET_9488,Deer Creek Wildfire  Johnson  Wyoming,24 miles NW of Gillette,Wildfires,-106.040317  44.53965,8/3/24,20:33:00,12,-106.040317, 44.53965
EONET_9444,Wildfire in Brazil 1020733,,Wildfires,-77.79739802,8/3/24,19:00:00,#VALUE!,#VALUE!,#VALUE!
EONET_9445,Wildfire in Australia 1020719,,Wildfires,139.428796591869  -21.589417437328365,8/3/24,19:00:00,17,139.428796591869, -21.589417437328365
EONET_9446,Wildfire in Brazil 1020720,,Wildfires,-55.92893856,8/3/24,19:00:00,#VALUE!,#VALUE!,#VALUE!
EONET_9495,Wildfire in Canada 1020770,,Wildfires,-122.1311555103031  63.88849521359556,8/3/24,19:00:00,19,-122.1311555103031, 63.88849521359556
EONET_9496,Wildfire in Paraguay 1020775,,Wildfires,-78.58082463,8/3/24,19:00:00,#VALUE!,#VALUE!,#VALUE!
EONET_9557,Wildfire in Angola 1020853,,Wildfires,18.566386394147774  -9.88469368215734,8/3/24,19:00:00,19,18.566386394147774, -9.88469368215734
EONET_9558,Wildfire in Angola 1020854,,Wildfires,20.980663471300435  -16.5952967683264,8/3/24,19:00:00,19,20.980663471300435, -16.5952967683264
EONET_9559,Wildfire in Bolivia  Brazil 1020856,,Wildfires,-77.59384683,8/3/24,19:00:00,#VALUE!,#VALUE!,#VALUE!
EONET_9560,Wildfire in Canada 1020796,,Wildfires,-122.3786750707699  63.91081379888196,8/3/24,19:00:00,19,-122.3786750707699, 63.91081379888196
EONET_9561,Wildfire in Canada 1020852,,Wildfires,-121.89404736374411  63.84939673958774,8/3/24,19:00:00,20,-121.89404736374411, 63.84939673958774
EONET_9562,Wildfire in Zambia 1020855,,Wildfires,29.43273511289527  -10.030935100732732,8/3/24,19:00:00,18,29.43273511289527, -10.030935100732732
EONET_9563,Wildfire in Canada 1020822,,Wildfires,-120.32851000026014  64.53814144175459,8/3/24,19:00:00,20,-120.32851000026014, 64.53814144175459
EONET_9564,Wildfire in Brazil 1020823,,Wildfires,-71.29703289,8/3/24,19:00:00,#VALUE!,#VALUE!,#VALUE!
EONET_9565,Wildfire in Brazil 1020824,,Wildfires,-74.17343019,8/3/24,19:00:00,#VALUE!,#VALUE!,#VALUE!
EONET_9566,Wildfire in Canada 1020825,,Wildfires,-78.8656634890938  50.61309016479366,8/3/24,19:00:00,18,-78.8656634890938, 50.61309016479366
EONET_9700,Wildfire in Canada 1020974,,Wildfires,-117.83818568920499  60.82965219565045,8/3/24,19:00:00,20,-117.83818568920499, 60.82965219565045
EONET_9701,Wildfire in Brazil 1020967,,Wildfires,-60.22793765,8/3/24,19:00:00,#VALUE!,#VALUE!,#VALUE!
EONET_9702,Wildfire in Angola 1020962,,Wildfires,20.865198847253282  -14.849551428304315,8/3/24,19:00:00,19,20.865198847253282, -14.849551428304315
EONET_9703,Wildfire in The Democratic Republic of Congo 1020963,,Wildfires,22.67713208515084  -10.939782249456778,8/3/24,19:00:00,18,22.67713208515084, -10.939782249456778
EONET_9704,Wildfire in United States 1020949,,Wildfires,-141.16252732802874  63.31159847359163,8/3/24,19:00:00,20,-141.16252732802874, 63.31159847359163
EONET_9773,Wildfire in Angola 1021000,,Wildfires,19.194138702327713  -9.511779783653134,8/3/24,19:00:00,19,19.194138702327713, -9.511779783653134
EONET_9774,Wildfire in Canada 1020978,,Wildfires,-119.21443935452335  65.07060868396894,8/3/24,19:00:00,20,-119.21443935452335, 65.07060868396894
EONET_9775,Wildfire in Canada 1020979,,Wildfires,-120.13849999145809  64.68108655336769,8/3/24,19:00:00,20,-120.13849999145809, 64.68108655336769
EONET_9863,Wildfire in Brazil 1021090,,Wildfires,-68.36345631,8/3/24,19:00:00,#VALUE!,#VALUE!,#VALUE!
EONET_9864,Wildfire in Angola 1021089,,Wildfires,15.891794654185219  -13.69933405962279,8/3/24,19:00:00,19,15.891794654185219, -13.69933405962279
EONET_9865,Wildfire in Zambia 1021091,,Wildfires,24.484841920593126  -12.497534287533338,8/3/24,19:00:00,19,24.484841920593126, -12.497534287533338
EONET_9866,Wildfire in Angola 1021092,,Wildfires,21.146798428283642  -10.034442741164979,8/3/24,19:00:00,19,21.146798428283642, -10.034442741164979
EONET_9867,Wildfire in Canada 1021093,,Wildfires,-109.48389148496126  61.21881145945796,8/3/24,19:00:00,20,-109.48389148496126, 61.21881145945796
EONET_9868,Wildfire in Brazil 1021094,,Wildfires,-63.86678782,8/3/24,19:00:00,#VALUE!,#VALUE!,#VALUE!
EONET_9869,Wildfire in Zambia 1021095,,Wildfires,31.170180361394962  -13.532363514984855,8/3/24,19:00:00,19,31.170180361394962, -13.532363514984855
EONET_9870,Wildfire in Angola 1021096,,Wildfires,16.797162468870887  -10.924257417361456,8/3/24,19:00:00,19,16.797162468870887, -10.924257417361456
EONET_9871,Wildfire in Brazil 1021097,,Wildfires,-56.34674173,8/3/24,19:00:00,#VALUE!,#VALUE!,#VALUE!
EONET_9872,Wildfire in Angola 1021100,,Wildfires,16.7137092839786  -11.019606396279134,8/3/24,19:00:00,17,16.7137092839786, -11.019606396279134
EONET_9873,Wildfire in Brazil 1021102,,Wildfires,-71.1221656,8/3/24,19:00:00,#VALUE!,#VALUE!,#VALUE!
EONET_9874,Wildfire in Zambia 1021103,,Wildfires,23.962897861580043  -14.640482032033134,8/3/24,19:00:00,19,23.962897861580043, -14.640482032033134
EONET_9875,Wildfire in Angola 1021098,,Wildfires,18.971039461323844  -10.447504758963127,8/3/24,19:00:00,19,18.971039461323844, -10.447504758963127
EONET_9876,Wildfire in Angola 1021099,,Wildfires,18.486583430388176  -9.267535306832958,8/3/24,19:00:00,19,18.486583430388176, -9.267535306832958
EONET_9877,Wildfire in Canada 1021101,,Wildfires,-110.78408389013337  61.171857166355785,8/3/24,19:00:00,20,-110.78408389013337, 61.171857166355785
EONET_9487,Skeleton Wildfire  Yavapai  Arizona,Agua Fria National Monument,Wildfires,-112.078335  34.180743,8/3/24,18:09:00,12,-112.078335, 34.180743
EONET_9486,Gardner Wildfire  Blaine  Idaho,9 miles west northwest of Carey  ID,Wildfires,-114.124883  43.349417,8/3/24,15:31:00,12,-114.124883, 43.349417
EONET_9418,Wildfire in Brazil 1020684,,Wildfires,-71.81402346,8/2/24,19:00:00,#VALUE!,#VALUE!,#VALUE!
EONET_9419,Wildfire in Bolivia 1020685,,Wildfires,-77.68245971,8/2/24,19:00:00,#VALUE!,#VALUE!,#VALUE!
EONET_9447,Wildfire in Bolivia 1020721,,Wildfires,-78.39784772,8/2/24,19:00:00,#VALUE!,#VALUE!,#VALUE!
EONET_9448,Wildfire in Australia 1020722,,Wildfires,134.79103288955295  -20.271386073711117,8/2/24,19:00:00,19,134.79103288955295, -20.271386073711117
EONET_9497,Wildfire in Bolivia 1020738,,Wildfires,-76.59048275,8/2/24,19:00:00,#VALUE!,#VALUE!,#VALUE!
EONET_9498,Wildfire in Brazil 1020759,,Wildfires,-71.8970335,8/2/24,19:00:00,#VALUE!,#VALUE!,#VALUE!
EONET_9499,Wildfire in Brazil 1020760,,Wildfires,-76.57483348,8/2/24,19:00:00,#VALUE!,#VALUE!,#VALUE!
EONET_9567,Wildfire in Brazil 1020826,,Wildfires,-52.64545395,8/2/24,19:00:00,#VALUE!,#VALUE!,#VALUE!
EONET_9568,Wildfire in Zambia 1020857,,Wildfires,29.54391521558027  -9.910834723162086,8/2/24,19:00:00,18,29.54391521558027, -9.910834723162086
EONET_9569,Wildfire in Australia 1020858,,Wildfires,126.68429969788555  -14.17767137371842,8/2/24,19:00:00,19,126.68429969788555, -14.17767137371842
EONET_9570,Wildfire in Angola 1020859,,Wildfires,21.156618017553768  -17.55862792328518,8/2/24,19:00:00,19,21.156618017553768, -17.55862792328518
EONET_9571,Wildfire in Angola 1020803,,Wildfires,15.443108788759494  -15.423677757184038,8/2/24,19:00:00,19,15.443108788759494, -15.423677757184038
EONET_9705,Wildfire in The Democratic Republic of Congo 1020964,,Wildfires,23.287549915252594  -7.700945880478358,8/2/24,19:00:00,19,23.287549915252594, -7.700945880478358
EONET_9878,Wildfire in Brazil 1021108,,Wildfires,-73.3379234,8/2/24,19:00:00,#VALUE!,#VALUE!,#VALUE!
EONET_9879,Wildfire in Russian Federation 1021110,,Wildfires,124.07873299198728  62.56510428016925,8/2/24,19:00:00,19,124.07873299198728, 62.56510428016925
EONET_9880,Wildfire in Canada 1021112,,Wildfires,-123.24238691054586  62.34770062083837,8/2/24,19:00:00,20,-123.24238691054586, 62.34770062083837
EONET_9881,Wildfire in Brazil 1021113,,Wildfires,-66.69687449,8/2/24,19:00:00,#VALUE!,#VALUE!,#VALUE!
EONET_9882,Wildfire in Zambia 1021104,,Wildfires,29.576460727966236  -9.42830499409278,8/2/24,19:00:00,19,29.576460727966236, -9.42830499409278
EONET_9883,Wildfire in Brazil 1021106,,Wildfires,-71.09745612,8/2/24,19:00:00,#VALUE!,#VALUE!,#VALUE!
EONET_9884,Wildfire in Angola 1021107,,Wildfires,16.820679983086215  -11.125907500831989,8/2/24,19:00:00,19,16.820679983086215, -11.125907500831989
EONET_9885,Wildfire in Angola 1021109,,Wildfires,21.574112609695174  -14.91673295780997,8/2/24,19:00:00,19,21.574112609695174, -14.91673295780997
EONET_9886,Wildfire in Zambia 1021111,,Wildfires,26.534967169905485  -14.112164959145465,8/2/24,19:00:00,19,26.534967169905485, -14.112164959145465
EONET_9887,Wildfire in Russian Federation 1021105,,Wildfires,119.81657317633528  62.61993881759391,8/2/24,19:00:00,19,119.81657317633528, 62.61993881759391
EONET_9484,Wildcat Creek Wildfire  Campbell  Wyoming,22 Miles SE of Wright  Wyoming near  Rochelle Hills,Wildfires,-105.109283  43.54125,8/2/24,8:28:00,12,-105.109283, 43.54125
EONET_9679,Suwanosejima Volcano  Japan,,Volcanoes,129.714  29.638,8/2/24,0:00:00,8,129.714, 29.638
EONET_9379,Wildfire in The Democratic Republic of Congo 1020640,,Wildfires,24.403255546082974  -7.20246379502701,8/1/24,19:00:00,19,24.403255546082974, -7.20246379502701
EONET_9380,Wildfire in Paraguay 1020662,,Wildfires,-79.73263565,8/1/24,19:00:00,#VALUE!,#VALUE!,#VALUE!
EONET_9381,Wildfire in Brazil 1020663,,Wildfires,-75.37800402,8/1/24,19:00:00,#VALUE!,#VALUE!,#VALUE!
EONET_9382,Wildfire in Brazil 1020664,,Wildfires,-77.54869329,8/1/24,19:00:00,#VALUE!,#VALUE!,#VALUE!
EONET_9420,Wildfire in United States 1020694,,Wildfires,-105.09386300287392  43.54899826406204,8/1/24,19:00:00,20,-105.09386300287392, 43.54899826406204
EONET_9421,Wildfire in Paraguay 1020686,,Wildfires,-79.36328373,8/1/24,19:00:00,#VALUE!,#VALUE!,#VALUE!
EONET_9422,Wildfire in Bolivia 1020687,,Wildfires,-77.14102398,8/1/24,19:00:00,#VALUE!,#VALUE!,#VALUE!
EONET_9449,Wildfire in Argentina 1020723,,Wildfires,-96.44415101,8/1/24,19:00:00,#VALUE!,#VALUE!,#VALUE!
EONET_9450,Wildfire in Brazil 1020724,,Wildfires,-62.93670952,8/1/24,19:00:00,#VALUE!,#VALUE!,#VALUE!
EONET_9500,Wildfire in Russian Federation 1020761,,Wildfires,143.76768863328715  69.16740346794366,8/1/24,19:00:00,19,143.76768863328715, 69.16740346794366
EONET_9501,Wildfire in Russian Federation 1020776,,Wildfires,119.59242461521785  62.56863533662821,8/1/24,19:00:00,19,119.59242461521785, 62.56863533662821
EONET_9502,Wildfire in Russian Federation 1020777,,Wildfires,121.71269453319425  62.78704224290542,8/1/24,19:00:00,19,121.71269453319425, 62.78704224290542
EONET_9503,Wildfire in The Democratic Republic of Congo 1020740,,Wildfires,27.895764373667458  -3.505330443603028,8/1/24,19:00:00,19,27.895764373667458, -3.505330443603028
EONET_9572,Wildfire in Angola 1020805,,Wildfires,16.75680923997757  -9.877769513661672,8/1/24,19:00:00,18,16.75680923997757, -9.877769513661672
EONET_9573,Wildfire in Angola 1020860,,Wildfires,19.48851298987223  -10.617435562972442,8/1/24,19:00:00,18,19.48851298987223, -10.617435562972442
EONET_9574,Wildfire in Russian Federation 1020861,,Wildfires,116.48278821754727  63.14698021486893,8/1/24,19:00:00,19,116.48278821754727, 63.14698021486893
EONET_9575,Wildfire in Angola 1020864,,Wildfires,16.701119725354975  -7.230902254623538,8/1/24,19:00:00,19,16.701119725354975, -7.230902254623538
EONET_9576,Wildfire in Brazil 1020866,,Wildfires,-60.15397234,8/1/24,19:00:00,#VALUE!,#VALUE!,#VALUE!
EONET_9577,Wildfire in Canada 1020867,,Wildfires,-120.55931770386428  64.58994491210714,8/1/24,19:00:00,20,-120.55931770386428, 64.58994491210714
EONET_9578,Wildfire in Zambia 1020869,,Wildfires,30.120256916947174  -12.682368529726304,8/1/24,19:00:00,19,30.120256916947174, -12.682368529726304
EONET_9579,Wildfire in Russian Federation 1020827,,Wildfires,119.3739291731317  62.43935477435402,8/1/24,19:00:00,18,119.3739291731317, 62.43935477435402
EONET_9580,Wildfire in The Democratic Republic of Congo 1020804,,Wildfires,25.189709965379844  -9.734253130709032,8/1/24,19:00:00,19,25.189709965379844, -9.734253130709032
EONET_9581,Wildfire in Angola 1020862,,Wildfires,17.325091111469348  -15.822986426060083,8/1/24,19:00:00,19,17.325091111469348, -15.822986426060083
EONET_9582,Wildfire in The Democratic Republic of Congo 1020863,,Wildfires,17.675103372033796  -6.921977552931593,8/1/24,19:00:00,19,17.675103372033796, -6.921977552931593
EONET_9583,Wildfire in Mozambique 1020865,,Wildfires,38.364291627414616  -14.600518943992748,8/1/24,19:00:00,19,38.364291627414616, -14.600518943992748
EONET_9584,Wildfire in Angola 1020868,,Wildfires,21.206799300320657  -17.4703138929551,8/1/24,19:00:00,19,21.206799300320657, -17.4703138929551
EONET_9585,Wildfire in Brazil 1020871,,Wildfires,-77.77857025,8/1/24,19:00:00,#VALUE!,#VALUE!,#VALUE!
EONET_9586,Wildfire in Mozambique 1020797,,Wildfires,38.303883508876424  -13.499783226584317,8/1/24,19:00:00,19,38.303883508876424, -13.499783226584317
EONET_9587,Wildfire in Mozambique 1020798,,Wildfires,38.36599312993543  -11.450025802992132,8/1/24,19:00:00,18,38.36599312993543, -11.450025802992132
EONET_9588,Wildfire in The Democratic Republic of Congo 1020870,,Wildfires,26.403484455568297  -7.254522604012822,8/1/24,19:00:00,19,26.403484455568297, -7.254522604012822
EONET_9888,Wildfire in Tanzania 1021116,,Wildfires,36.152613000828275  -4.504958376606487,8/1/24,19:00:00,19,36.152613000828275, -4.504958376606487
EONET_9889,Wildfire in Australia 1021118,,Wildfires,133.07461466018972  -12.192635041947426,8/1/24,19:00:00,19,133.07461466018972, -12.192635041947426
EONET_9890,Wildfire in Russian Federation 1021120,,Wildfires,119.79463179230639  62.72472692014396,8/1/24,19:00:00,19,119.79463179230639, 62.72472692014396
EONET_9891,Wildfire in Angola 1021115,,Wildfires,23.31090492884276  -11.352359102905288,8/1/24,19:00:00,18,23.31090492884276, -11.352359102905288
EONET_9892,Wildfire in The Democratic Republic of Congo 1021117,,Wildfires,25.345252244963728  -9.5243482487211,8/1/24,19:00:00,19,25.345252244963728, -9.5243482487211
EONET_9893,Wildfire in Angola 1021121,,Wildfires,19.214922024211045  -9.425980783473106,8/1/24,19:00:00,19,19.214922024211045, -9.425980783473106
EONET_9894,Wildfire in Tanzania 1021122,,Wildfires,32.523740415540125  -7.314600248453332,8/1/24,19:00:00,19,32.523740415540125, -7.314600248453332
EONET_9895,Wildfire in Zambia 1021125,,Wildfires,29.505971495235773  -9.97849189519156,8/1/24,19:00:00,19,29.505971495235773, -9.97849189519156
EONET_9896,Wildfire in Angola 1021126,,Wildfires,19.082323093113654  -9.597505811950054,8/1/24,19:00:00,19,19.082323093113654, -9.597505811950054
EONET_9897,Wildfire in Brazil 1021114,,Wildfires,-74.42821914,8/1/24,19:00:00,#VALUE!,#VALUE!,#VALUE!
EONET_9898,Wildfire in Angola 1021119,,Wildfires,15.701417278230355  -14.34171276042183,8/1/24,19:00:00,19,15.701417278230355, -14.34171276042183
EONET_9899,Wildfire in Brazil 1021123,,Wildfires,-66.38482697,8/1/24,19:00:00,#VALUE!,#VALUE!,#VALUE!
EONET_9900,Wildfire in Angola 1021124,,Wildfires,19.26034431010163  -10.450274598213245,8/1/24,19:00:00,18,19.26034431010163, -10.450274598213245
EONET_9483,Leeds Creek Wildfire  Sublette  Wyoming,18 miles SW of Dubos  WY,Wildfires,-109.7807  43.2718,8/1/24,17:55:00,10,-109.7807, 43.2718
EONET_9482,Bucktail Wildfire  Montrose  Colorado,5nm Northeast of Nucla  CO,Wildfires,-108.455333  38.306667,8/1/24,14:54:00,12,-108.455333, 38.306667
EONET_9202,Rock Creek Wildfire  Dundy  Nebraska,,Wildfires,-101.767224  40.111771,8/1/24,10:44:00,12,-101.767224, 40.111771
EONET_9207,West AER Motor Wildfire  Cottle  Texas,about 8 miles NW of Paducah  TX,Wildfires,-100.358348  34.11452,7/31/24,20:35:00,12,-100.358348, 34.11452
EONET_9228,Wildfire in Paraguay 1020590,,Wildfires,-78.79160986,7/31/24,19:00:00,#VALUE!,#VALUE!,#VALUE!
EONET_9342,Wildfire in Paraguay 1020618,,Wildfires,-81.3610627,7/31/24,19:00:00,#VALUE!,#VALUE!,#VALUE!
EONET_9343,Wildfire in Bolivia 1020619,,Wildfires,-77.53443313,7/31/24,19:00:00,#VALUE!,#VALUE!,#VALUE!
EONET_9344,Wildfire in Canada 1020630,,Wildfires,-126.15148665691531  53.59906617782351,7/31/24,19:00:00,20,-126.15148665691531, 53.59906617782351
EONET_9383,Wildfire in Bolivia 1020665,,Wildfires,-79.62334992,7/31/24,19:00:00,#VALUE!,#VALUE!,#VALUE!
EONET_9384,Wildfire in Brazil 1020670,,Wildfires,-72.92728178,7/31/24,19:00:00,#VALUE!,#VALUE!,#VALUE!
EONET_9423,Wildfire in Russian Federation 1020688,,Wildfires,117.71031016362882  65.21068943021237,7/31/24,19:00:00,19,117.71031016362882, 65.21068943021237
EONET_9424,Wildfire in Russian Federation 1020695,,Wildfires,133.74769801091006  68.40562744278867,7/31/24,19:00:00,19,133.74769801091006, 68.40562744278867
EONET_9425,Wildfire in Russian Federation 1020693,,Wildfires,121.55071072123246  63.35787199492384,7/31/24,19:00:00,19,121.55071072123246, 63.35787199492384
EONET_9451,Wildfire in Bolivia 1020725,,Wildfires,-77.60152923,7/31/24,19:00:00,#VALUE!,#VALUE!,#VALUE!
EONET_9452,Wildfire in Brazil 1020726,,Wildfires,-59.43097983,7/31/24,19:00:00,#VALUE!,#VALUE!,#VALUE!
EONET_9453,Wildfire in Russian Federation 1020727,,Wildfires,135.36416398394397  69.36456513102222,7/31/24,19:00:00,19,135.36416398394397, 69.36456513102222
EONET_9504,Wildfire in Angola 1020741,,Wildfires,20.01444935254953  -9.788976767631983,7/31/24,19:00:00,18,20.01444935254953, -9.788976767631983
EONET_9505,Wildfire in Canada 1020739,,Wildfires,-120.55590835069522  49.04894764506547,7/31/24,19:00:00,20,-120.55590835069522, 49.04894764506547
EONET_9506,Wildfire in Brazil 1020778,,Wildfires,-58.29727771,7/31/24,19:00:00,#VALUE!,#VALUE!,#VALUE!
EONET_9507,Wildfire in Canada 1020779,,Wildfires,-125.94886694311334  53.353374801326744,7/31/24,19:00:00,20,-125.94886694311334, 53.353374801326744
EONET_9589,Wildfire in The Democratic Republic of Congo 1020872,,Wildfires,19.24316189679374  -4.175852432799081,7/31/24,19:00:00,18,19.24316189679374, -4.175852432799081
EONET_9590,Wildfire in Zambia 1020873,,Wildfires,29.807605520784477  -9.355675855508917,7/31/24,19:00:00,19,29.807605520784477, -9.355675855508917
EONET_9591,Wildfire in Zambia 1020874,,Wildfires,29.44520425876936  -11.810168449915322,7/31/24,19:00:00,18,29.44520425876936, -11.810168449915322
EONET_9592,Wildfire in Zambia 1020878,,Wildfires,29.900862564791904  -9.417934822744053,7/31/24,19:00:00,19,29.900862564791904, -9.417934822744053
EONET_9593,Wildfire in Zambia 1020879,,Wildfires,29.21479502373248  -10.563416797011284,7/31/24,19:00:00,18,29.21479502373248, -10.563416797011284
EONET_9594,Wildfire in Brazil 1020875,,Wildfires,-74.89932185,7/31/24,19:00:00,#VALUE!,#VALUE!,#VALUE!
EONET_9595,Wildfire in Zambia 1020876,,Wildfires,29.022553681997948  -11.695763593613016,7/31/24,19:00:00,19,29.022553681997948, -11.695763593613016
EONET_9596,Wildfire in Tanzania 1020877,,Wildfires,31.092264676081154  -6.874354917368627,7/31/24,19:00:00,19,31.092264676081154, -6.874354917368627
EONET_9597,Wildfire in Angola 1020806,,Wildfires,15.869595652213029  -13.947803747172388,7/31/24,19:00:00,19,15.869595652213029, -13.947803747172388
EONET_9901,Wildfire in Angola 1021128,,Wildfires,18.952072005975424  -9.341434316740493,7/31/24,19:00:00,19,18.952072005975424, -9.341434316740493
EONET_9902,Wildfire in Mozambique 1021130,,Wildfires,38.508396937152035  -13.54531789368891,7/31/24,19:00:00,19,38.508396937152035, -13.54531789368891
EONET_9903,Wildfire in Tanzania 1021131,,Wildfires,34.361662173364444  -8.251874893529209,7/31/24,19:00:00,19,34.361662173364444, -8.251874893529209
EONET_9904,Wildfire in The Democratic Republic of Congo 1021134,,Wildfires,27.024025026790664  -3.7454008908539387,7/31/24,19:00:00,19,27.024025026790664, -3.7454008908539387
EONET_9905,Wildfire in The Democratic Republic of Congo 1021137,,Wildfires,19.36987093051776  -4.533992625818876,7/31/24,19:00:00,18,19.36987093051776, -4.533992625818876
EONET_9906,Wildfire in Angola 1021138,,Wildfires,16.66794918157926  -14.516725289908024,7/31/24,19:00:00,18,16.66794918157926, -14.516725289908024
EONET_9907,Wildfire in The Democratic Republic of Congo 1021127,,Wildfires,27.075155515310968  -3.673599069071754,7/31/24,19:00:00,19,27.075155515310968, -3.673599069071754
EONET_9908,Wildfire in Zambia 1021139,,Wildfires,29.172642196705226  -9.875137525999627,7/31/24,19:00:00,19,29.172642196705226, -9.875137525999627
EONET_9909,Wildfire in Canada 1021129,,Wildfires,-103.37457094196144  56.08729530169906,7/31/24,19:00:00,20,-103.37457094196144, 56.08729530169906
EONET_9910,Wildfire in Angola 1021132,,Wildfires,18.566821114743234  -10.624272327525,7/31/24,19:00:00,19,18.566821114743234, -10.624272327525
EONET_9911,Wildfire in Brazil 1021133,,Wildfires,-59.63105158,7/31/24,19:00:00,#VALUE!,#VALUE!,#VALUE!
EONET_9912,Wildfire in Canada 1021135,,Wildfires,-104.66248120168656  56.22511254625024,7/31/24,19:00:00,20,-104.66248120168656, 56.22511254625024
EONET_9913,Wildfire in Canada 1021136,,Wildfires,-107.4200493865517  56.636960045822924,7/31/24,19:00:00,19,-107.4200493865517, 56.636960045822924
EONET_9199,Nelson Draw Wildfire  Rosebud  Montana,,Wildfires,-106.556484  45.326322,7/31/24,13:45:00,12,-106.556484, 45.326322
EONET_9208,Cold Springs Wildfire  Converse  Wyoming,20 miles SW of Douglas  WY,Wildfires,-105.64034  42.60495,7/30/24,23:32:00,11,-105.64034, 42.60495
EONET_9147,Wildfire in Australia 1020419,,Wildfires,134.80970818209812  -14.471020129339376,7/30/24,19:00:00,19,134.80970818209812, -14.471020129339376
EONET_9229,Wildfire in Australia 1020591,,Wildfires,135.14461457248544  -14.252050951793866,7/30/24,19:00:00,19,135.14461457248544, -14.252050951793866
EONET_9230,Wildfire in Paraguay 1020592,,Wildfires,-79.51240429,7/30/24,19:00:00,#VALUE!,#VALUE!,#VALUE!
EONET_9231,Wildfire in Australia 1020534,,Wildfires,134.9833714741634  -20.246557346958355,7/30/24,19:00:00,18,134.9833714741634, -20.246557346958355
EONET_9232,Wildfire in Brazil 1020581,,Wildfires,-54.15023104,7/30/24,19:00:00,#VALUE!,#VALUE!,#VALUE!
EONET_9345,Wildfire in The Democratic Republic of Congo 1020603,,Wildfires,23.135866758899546  -8.831066335977836,7/30/24,19:00:00,19,23.135866758899546, -8.831066335977836
EONET_9346,Wildfire in Namibia 1020604,,Wildfires,21.98851705167855  -18.10506927480847,7/30/24,19:00:00,18,21.98851705167855, -18.10506927480847
EONET_9347,Wildfire in Bolivia 1020627,,Wildfires,-77.9530426,7/30/24,19:00:00,#VALUE!,#VALUE!,#VALUE!
EONET_9348,Wildfire in Bolivia 1020631,,Wildfires,-77.54748531,7/30/24,19:00:00,#VALUE!,#VALUE!,#VALUE!
EONET_9349,Wildfire in Canada 1020632,,Wildfires,-102.61393805330759  56.17873203380704,7/30/24,19:00:00,20,-102.61393805330759, 56.17873203380704
EONET_9350,Wildfire in Argentina 1020620,,Wildfires,-92.36696325,7/30/24,19:00:00,#VALUE!,#VALUE!,#VALUE!
EONET_9385,Wildfire in Mozambique 1020641,,Wildfires,39.009406888891355  -13.88105774010148,7/30/24,19:00:00,19,39.009406888891355, -13.88105774010148
EONET_9386,Wildfire in The Democratic Republic of Congo 1020669,,Wildfires,25.610635209396502  -6.219175642146553,7/30/24,19:00:00,19,25.610635209396502, -6.219175642146553
EONET_9426,Wildfire in Russian Federation 1020676,,Wildfires,124.23864025992049  63.57380579847822,7/30/24,19:00:00,19,124.23864025992049, 63.57380579847822
EONET_9454,Wildfire in Canada 1020734,,Wildfires,-104.64982817315462  55.92584420978178,7/30/24,19:00:00,20,-104.64982817315462, 55.92584420978178
EONET_9508,Wildfire in The Democratic Republic of Congo 1020742,,Wildfires,19.683093257032294  -4.329112144317677,7/30/24,19:00:00,19,19.683093257032294, -4.329112144317677
EONET_9509,Wildfire in Russian Federation 1020762,,Wildfires,117.50497008024377  60.5645700351705,7/30/24,19:00:00,19,117.50497008024377, 60.5645700351705
EONET_9510,Wildfire in Bolivia 1020763,,Wildfires,-77.53306753,7/30/24,19:00:00,#VALUE!,#VALUE!,#VALUE!
EONET_9511,Wildfire in Brazil 1020764,,Wildfires,-72.31067298,7/30/24,19:00:00,#VALUE!,#VALUE!,#VALUE!
EONET_9512,Wildfire in Brazil 1020765,,Wildfires,-73.95560966,7/30/24,19:00:00,#VALUE!,#VALUE!,#VALUE!
EONET_9598,Wildfire in The Democratic Republic of Congo 1020884,,Wildfires,21.895328006514305  -9.236079954649412,7/30/24,19:00:00,19,21.895328006514305, -9.236079954649412
EONET_9599,Wildfire in Zambia 1020880,,Wildfires,28.683820758776015  -11.459498708087741,7/30/24,19:00:00,19,28.683820758776015, -11.459498708087741
EONET_9600,Wildfire in Mozambique 1020881,,Wildfires,39.125668713892345  -14.120397259971949,7/30/24,19:00:00,19,39.125668713892345, -14.120397259971949
EONET_9601,Wildfire in Mozambique 1020885,,Wildfires,38.80519739364289  -14.28656482552358,7/30/24,19:00:00,18,38.80519739364289, -14.28656482552358
EONET_9602,Wildfire in The Democratic Republic of Congo 1020886,,Wildfires,24.9072105410728  -6.619645881394686,7/30/24,19:00:00,17,24.9072105410728, -6.619645881394686
EONET_9603,Wildfire in Angola 1020887,,Wildfires,21.13842255939672  -9.907437383862407,7/30/24,19:00:00,18,21.13842255939672, -9.907437383862407
EONET_9604,Wildfire in The Democratic Republic of Congo 1020807,,Wildfires,20.99838433813203  -6.396704605894818,7/30/24,19:00:00,18,20.99838433813203, -6.396704605894818
EONET_9605,Wildfire in The Democratic Republic of Congo 1020799,,Wildfires,28.139270866191442  -12.314188231483294,7/30/24,19:00:00,19,28.139270866191442, -12.314188231483294
EONET_9606,Wildfire in Russian Federation 1020831,,Wildfires,107.93916189848814  62.09066893216914,7/30/24,19:00:00,19,107.93916189848814, 62.09066893216914
EONET_9607,Wildfire in Zambia 1020882,,Wildfires,28.98157509496287  -11.801314794568892,7/30/24,19:00:00,18,28.98157509496287, -11.801314794568892
EONET_9608,Wildfire in Angola 1020883,,Wildfires,20.975299522536808  -17.132097731710456,7/30/24,19:00:00,19,20.975299522536808, -17.132097731710456
EONET_9609,Wildfire in Zambia 1020888,,Wildfires,29.52814975615064  -10.373196919486665,7/30/24,19:00:00,18,29.52814975615064, -10.373196919486665
EONET_9706,Wildfire in Canada 1020950,,Wildfires,-118.18516405883948  60.7277149526081,7/30/24,19:00:00,20,-118.18516405883948, 60.7277149526081
EONET_9914,Wildfire in Angola 1021140,,Wildfires,20.754010867306828  -16.594018327899924,7/30/24,19:00:00,19,20.754010867306828, -16.594018327899924
EONET_9915,Wildfire in Canada 1021144,,Wildfires,-104.45537225365817  56.58592122459201,7/30/24,19:00:00,20,-104.45537225365817, 56.58592122459201
EONET_9916,Wildfire in Canada 1021146,,Wildfires,-105.36226057326733  55.742828226097046,7/30/24,19:00:00,20,-105.36226057326733, 55.742828226097046
EONET_9917,Wildfire in Angola 1021148,,Wildfires,18.889406758008388  -10.401713232511995,7/30/24,19:00:00,19,18.889406758008388, -10.401713232511995
EONET_9918,Wildfire in Angola 1021153,,Wildfires,16.42237179218169  -10.67595824882352,7/30/24,19:00:00,18,16.42237179218169, -10.67595824882352
EONET_9919,Wildfire in Canada 1021156,,Wildfires,-118.07966757849614  60.83265812578328,7/30/24,19:00:00,20,-118.07966757849614, 60.83265812578328
EONET_9920,Wildfire in Angola 1021154,,Wildfires,19.07418842765812  -8.8308281534011,7/30/24,19:00:00,18,19.07418842765812, -8.8308281534011
EONET_9921,Wildfire in The Democratic Republic of Congo 1021141,,Wildfires,24.47973387270126  -7.420736222770297,7/30/24,19:00:00,18,24.47973387270126, -7.420736222770297
EONET_9922,Wildfire in Angola 1021143,,Wildfires,16.356924559997378  -10.581991985931378,7/30/24,19:00:00,19,16.356924559997378, -10.581991985931378
EONET_9923,Wildfire in Angola 1021147,,Wildfires,17.51462148506522  -10.832426845445818,7/30/24,19:00:00,18,17.51462148506522, -10.832426845445818
EONET_9924,Wildfire in Zambia 1021149,,Wildfires,30.35821347493799  -12.69459167205164,7/30/24,19:00:00,18,30.35821347493799, -12.69459167205164
EONET_9925,Wildfire in Tanzania 1021150,,Wildfires,33.96998356781342  -6.9848330754222285,7/30/24,19:00:00,18,33.96998356781342, -6.9848330754222285
EONET_9926,Wildfire in Angola 1021151,,Wildfires,15.69610009635409  -14.023895422538155,7/30/24,19:00:00,18,15.69610009635409, -14.023895422538155
EONET_9927,Wildfire in Angola 1021152,,Wildfires,16.702063972380575  -10.2629603797048,7/30/24,19:00:00,19,16.702063972380575, -10.2629603797048
EONET_9928,Wildfire in Angola 1021155,,Wildfires,19.416885721530534  -9.979179628464939,7/30/24,19:00:00,19,19.416885721530534, -9.979179628464939
EONET_9929,Wildfire in The Democratic Republic of Congo 1021142,,Wildfires,27.633726207673288  -10.41261033790366,7/30/24,19:00:00,19,27.633726207673288, -10.41261033790366
EONET_9930,Wildfire in Russian Federation 1021145,,Wildfires,107.63186144291974  63.485280962246534,7/30/24,19:00:00,19,107.63186144291974, 63.485280962246534
EONET_9218,Pleasant Valley Wildfire  Platte  Wyoming,1/2 mile east of Guernsey  WY,Wildfires,-104.725262  42.30821,7/30/24,17:29:00,12,-104.725262, 42.30821
EONET_9200,Stone Mtn Wildfire  Boulder  Colorado,1 mile North of Lyons  CO,Wildfires,-105.25445  40.225,7/30/24,16:00:00,11,-105.25445, 40.225
EONET_9209,PEDRO Wildfire  Mariposa  California,Lake Don Pedro,Wildfires,-120.295328  37.701128,7/30/24,15:48:00,12,-120.295328, 37.701128
EONET_9221,Limpert 1 - Harding Wildfire  Harding  South Dakota,,Wildfires,-103.27766  45.375349,7/30/24,14:45:00,11,-103.27766, 45.375349
EONET_9148,Wildfire in Bolivia 1020468,,Wildfires,-80.51755487,7/29/24,19:00:00,#VALUE!,#VALUE!,#VALUE!
EONET_9233,Wildfire in Brazil 1020471,,Wildfires,-70.50782359,7/29/24,19:00:00,#VALUE!,#VALUE!,#VALUE!
EONET_9234,Wildfire in Bolivia 1020582,,Wildfires,-77.92323424,7/29/24,19:00:00,#VALUE!,#VALUE!,#VALUE!
EONET_9235,Wildfire in Brazil 1020593,,Wildfires,-75.63573174,7/29/24,19:00:00,#VALUE!,#VALUE!,#VALUE!
EONET_9236,Wildfire in Australia 1020594,,Wildfires,134.98853166566062  -20.24111594729338,7/29/24,19:00:00,19,134.98853166566062, -20.24111594729338
EONET_9237,Wildfire in Zambia 1020470,,Wildfires,29.088518551702396  -10.360699745492035,7/29/24,19:00:00,19,29.088518551702396, -10.360699745492035
EONET_9351,Wildfire in Australia 1020621,,Wildfires,132.06633363721917  -13.87967446546499,7/29/24,19:00:00,19,132.06633363721917, -13.87967446546499
EONET_9352,Wildfire in The Democratic Republic of Congo 1020605,,Wildfires,17.144011685698374  -7.073964351349926,7/29/24,19:00:00,19,17.144011685698374, -7.073964351349926
EONET_9353,Wildfire in Angola 1020606,,Wildfires,21.079731873110315  -10.313587094838988,7/29/24,19:00:00,19,21.079731873110315, -10.313587094838988
EONET_9354,Wildfire in Bolivia 1020622,,Wildfires,-78.65394112,7/29/24,19:00:00,#VALUE!,#VALUE!,#VALUE!
EONET_9427,Wildfire in Australia 1020677,,Wildfires,142.0020537986336  -15.232915218803129,7/29/24,19:00:00,18,142.0020537986336, -15.232915218803129
EONET_9455,Wildfire in The Democratic Republic of Congo 1020700,,Wildfires,18.110411553230243  -7.45464070255079,7/29/24,19:00:00,19,18.110411553230243, -7.45464070255079
EONET_9513,Wildfire in Zimbabwe 1020744,,Wildfires,32.75284106410255  -18.371796521584038,7/29/24,19:00:00,18,32.75284106410255, -18.371796521584038
EONET_9514,Wildfire in Brazil 1020771,,Wildfires,-62.79645436,7/29/24,19:00:00,#VALUE!,#VALUE!,#VALUE!
EONET_9515,Wildfire in The Democratic Republic of Congo 1020743,,Wildfires,22.64326791585351  -5.577512915072182,7/29/24,19:00:00,18,22.64326791585351, -5.577512915072182
EONET_9516,Wildfire in The Democratic Republic of Congo 1020745,,Wildfires,18.47437694272747  -4.306057044434208,7/29/24,19:00:00,18,18.47437694272747, -4.306057044434208
EONET_9610,Wildfire in Australia 1020889,,Wildfires,142.49357382688908  -15.084445740343934,7/29/24,19:00:00,19,142.49357382688908, -15.084445740343934
EONET_9611,Wildfire in Namibia 1020891,,Wildfires,20.58168416210135  -18.6864189144325,7/29/24,19:00:00,18,20.58168416210135, -18.6864189144325
EONET_9612,Wildfire in Russian Federation 1020832,,Wildfires,106.88816539988399  63.58982170333802,7/29/24,19:00:00,19,106.88816539988399, 63.58982170333802
EONET_9613,Wildfire in Mozambique 1020808,,Wildfires,38.29421132229138  -13.479995330793255,7/29/24,19:00:00,18,38.29421132229138, -13.479995330793255
EONET_9614,Wildfire in Zambia 1020890,,Wildfires,29.137146155465633  -10.268466257835609,7/29/24,19:00:00,19,29.137146155465633, -10.268466257835609
EONET_9615,Wildfire in Zambia 1020892,,Wildfires,29.10527620297883  -10.774699713602276,7/29/24,19:00:00,18,29.10527620297883, -10.774699713602276
EONET_9616,Wildfire in Zambia 1020893,,Wildfires,28.77435866768841  -10.644044966612672,7/29/24,19:00:00,18,28.77435866768841, -10.644044966612672
EONET_9707,Wildfire in United States 1020951,,Wildfires,-115.4768806458861  38.91006602023477,7/29/24,19:00:00,19,-115.4768806458861, 38.91006602023477
EONET_9931,Wildfire in Brazil 1021159,,Wildfires,-62.42667764,7/29/24,19:00:00,#VALUE!,#VALUE!,#VALUE!
EONET_9932,Wildfire in The Democratic Republic of Congo 1021160,,Wildfires,23.072085180853264  -7.632243536369693,7/29/24,19:00:00,19,23.072085180853264, -7.632243536369693
EONET_9933,Wildfire in The Democratic Republic of Congo 1021161,,Wildfires,19.067528444365006  -3.9660663747526463,7/29/24,19:00:00,19,19.067528444365006, -3.9660663747526463
EONET_9934,Wildfire in Namibia 1021162,,Wildfires,23.018605163453874  -17.965815063746735,7/29/24,19:00:00,19,23.018605163453874, -17.965815063746735
EONET_9935,Wildfire in The Democratic Republic of Congo 1021163,,Wildfires,19.155622969563115  -3.9806221382560705,7/29/24,19:00:00,19,19.155622969563115, -3.9806221382560705
EONET_9936,Wildfire in The Democratic Republic of Congo 1021164,,Wildfires,18.398220983207644  -5.25210913691761,7/29/24,19:00:00,19,18.398220983207644, -5.25210913691761
EONET_9937,Wildfire in The Democratic Republic of Congo 1021165,,Wildfires,20.67514244480744  -5.77321737915906,7/29/24,19:00:00,18,20.67514244480744, -5.77321737915906
EONET_9938,Wildfire in The Democratic Republic of Congo 1021166,,Wildfires,21.50365850999731  -5.536670245761795,7/29/24,19:00:00,18,21.50365850999731, -5.536670245761795
EONET_9939,Wildfire in Angola 1021168,,Wildfires,17.7427820455842  -10.936037729984431,7/29/24,19:00:00,17,17.7427820455842, -10.936037729984431
EONET_9940,Wildfire in The Democratic Republic of Congo 1021169,,Wildfires,17.993275504451873  -5.016996909594721,7/29/24,19:00:00,19,17.993275504451873, -5.016996909594721
EONET_9941,Wildfire in The Democratic Republic of Congo 1021158,,Wildfires,18.38108157556862  -5.522439877864069,7/29/24,19:00:00,18,18.38108157556862, -5.522439877864069
EONET_9942,Wildfire in Angola 1021167,,Wildfires,16.984978406157154  -10.070924516724752,7/29/24,19:00:00,19,16.984978406157154, -10.070924516724752
EONET_9943,Wildfire in Canada 1021157,,Wildfires,-104.16055142118395  55.78521811572436,7/29/24,19:00:00,20,-104.16055142118395, 55.78521811572436
EONET_9944,Wildfire in Brazil 1021170,,Wildfires,-61.90618404,7/29/24,19:00:00,#VALUE!,#VALUE!,#VALUE!
EONET_9211,LOWER GRANITE Wildfire  Garfield  Washington,Northeast of Pomeroy,Wildfires,-117.54588  46.567746,7/29/24,17:24:00,11,-117.54588, 46.567746
EONET_9206,NIXON Wildfire  Riverside  California,Community of Aguanga Unincorporated area of Riverside County,Wildfires,-116.779785  33.484957,7/29/24,15:31:00,12,-116.779785, 33.484957
EONET_9212,Alexander Mountain Wildfire  Larimer  Colorado,7 miles west of Loveland  CO,Wildfires,-105.2487  40.428533,7/29/24,13:39:00,10,-105.2487, 40.428533
EONET_9115,BAER DURKEE Wildfire  Baker  Oregon,,Wildfires,-117.477149  44.547644,7/28/24,21:14:00,12,-117.477149, 44.547644
EONET_9238,Wildfire in Angola 1020473,,Wildfires,20.11577644898472  -9.11933853024955,7/28/24,19:00:00,18,20.11577644898472, -9.11933853024955
EONET_9239,Wildfire in Australia 1020472,,Wildfires,125.90523789463512  -14.944721112915499,7/28/24,19:00:00,19,125.90523789463512, -14.944721112915499
EONET_9240,Wildfire in The Republic of North Macedonia 1020474,,Wildfires,21.998917114699417  41.9596084771214,7/28/24,19:00:00,19,21.998917114699417, 41.9596084771214
EONET_9241,Wildfire in The Democratic Republic of Congo 1020535,,Wildfires,18.952406728068084  -7.668309341533271,7/28/24,19:00:00,19,18.952406728068084, -7.668309341533271
EONET_9242,Wildfire in Angola 1020536,,Wildfires,19.440199904452  -8.759207504795729,7/28/24,19:00:00,16,19.440199904452, -8.759207504795729
EONET_9243,Wildfire in Canada 1020595,,Wildfires,-116.0487067029154  52.20110166595079,7/28/24,19:00:00,19,-116.0487067029154, 52.20110166595079
EONET_9244,Wildfire in United States 1020596,,Wildfires,-105.27811652140721  40.445595716397456,7/28/24,19:00:00,20,-105.27811652140721, 40.445595716397456
EONET_9245,Wildfire in Namibia 1020588,,Wildfires,21.83770722937296  -18.018154287065343,7/28/24,19:00:00,18,21.83770722937296, -18.018154287065343
EONET_9355,Wildfire in Zambia 1020607,,Wildfires,28.992801141547133  -9.554381828077826,7/28/24,19:00:00,19,28.992801141547133, -9.554381828077826
EONET_9356,Wildfire in The Democratic Republic of Congo 1020608,,Wildfires,22.538692817284495  -9.809560556360902,7/28/24,19:00:00,19,22.538692817284495, -9.809560556360902
EONET_9357,Wildfire in The Democratic Republic of Congo 1020609,,Wildfires,22.80009904907536  -10.074556043944854,7/28/24,19:00:00,18,22.80009904907536, -10.074556043944854
EONET_9387,Wildfire in Zambia 1020642,,Wildfires,24.434607372758297  -14.209623128766767,7/28/24,19:00:00,19,24.434607372758297, -14.209623128766767
EONET_9388,Wildfire in The Democratic Republic of Congo 1020644,,Wildfires,18.32486532148557  -7.463047567953317,7/28/24,19:00:00,18,18.32486532148557, -7.463047567953317
EONET_9389,Wildfire in Zambia 1020645,,Wildfires,29.028921396184195  -12.282998971878216,7/28/24,19:00:00,19,29.028921396184195, -12.282998971878216
EONET_9390,Wildfire in Brazil 1020666,,Wildfires,-63.5731255,7/28/24,19:00:00,#VALUE!,#VALUE!,#VALUE!
EONET_9391,Wildfire in Tanzania 1020643,,Wildfires,34.27997013371802  -6.964546937428083,7/28/24,19:00:00,18,34.27997013371802, -6.964546937428083
EONET_9392,Wildfire in Bolivia 1020671,,Wildfires,-78.79407669,7/28/24,19:00:00,#VALUE!,#VALUE!,#VALUE!
EONET_9428,Wildfire in The Democratic Republic of Congo 1020678,,Wildfires,19.583935209566537  -6.130470653526782,7/28/24,19:00:00,19,19.583935209566537, -6.130470653526782
EONET_9429,Wildfire in Russian Federation 1020696,,Wildfires,110.03307373856258  63.252736252514346,7/28/24,19:00:00,19,110.03307373856258, 63.252736252514346
EONET_9456,Wildfire in The Democratic Republic of Congo 1020701,,Wildfires,22.752950173185525  -3.903578826703432,7/28/24,19:00:00,19,22.752950173185525, -3.903578826703432
EONET_9457,Wildfire in The Democratic Republic of Congo 1020702,,Wildfires,19.500086540189553  -4.341808266588831,7/28/24,19:00:00,19,19.500086540189553, -4.341808266588831
EONET_9458,Wildfire in The Democratic Republic of Congo 1020703,,Wildfires,18.235952350374973  -7.595094157467239,7/28/24,19:00:00,19,18.235952350374973, -7.595094157467239
EONET_9517,Wildfire in The Democratic Republic of Congo 1020746,,Wildfires,18.974042772729486  -4.19362813124088,7/28/24,19:00:00,19,18.974042772729486, -4.19362813124088
EONET_9518,Wildfire in Brazil 1020766,,Wildfires,-62.82392244,7/28/24,19:00:00,#VALUE!,#VALUE!,#VALUE!
EONET_9617,Wildfire in The Democratic Republic of Congo 1020895,,Wildfires,22.489161241941364  -9.468039742363478,7/28/24,19:00:00,19,22.489161241941364, -9.468039742363478
EONET_9618,Wildfire in Zambia 1020899,,Wildfires,29.60686858573873  -10.24099662214428,7/28/24,19:00:00,18,29.60686858573873, -10.24099662214428
EONET_9619,Wildfire in The Democratic Republic of Congo 1020900,,Wildfires,26.845048166165462  -7.3351928042610375,7/28/24,19:00:00,19,26.845048166165462, -7.3351928042610375
EONET_9620,Wildfire in Zambia 1020898,,Wildfires,28.808868962258266  -11.31388225427191,7/28/24,19:00:00,19,28.808868962258266, -11.31388225427191
EONET_9621,Wildfire in The Democratic Republic of Congo 1020902,,Wildfires,17.729768235929917  -7.048436693110779,7/28/24,19:00:00,19,17.729768235929917, -7.048436693110779
EONET_9622,Wildfire in The Democratic Republic of Congo 1020809,,Wildfires,27.371067254808064  -3.6245658522761413,7/28/24,19:00:00,19,27.371067254808064, -3.6245658522761413
EONET_9623,Wildfire in Australia 1020896,,Wildfires,132.10953764688247  -12.588714809573613,7/28/24,19:00:00,19,132.10953764688247, -12.588714809573613
EONET_9624,Wildfire in The Democratic Republic of Congo  Angola 1020897,,Wildfires,16.651181792490817  -5.965037564131025,7/28/24,19:00:00,19,16.651181792490817, -5.965037564131025
EONET_9625,Wildfire in Australia 1020903,,Wildfires,130.5652833974398  -13.876593344588443,7/28/24,19:00:00,18,130.5652833974398, -13.876593344588443
EONET_9626,Wildfire in Brazil 1020828,,Wildfires,-69.06322589,7/28/24,19:00:00,#VALUE!,#VALUE!,#VALUE!
EONET_9708,Wildfire in Canada 1020952,,Wildfires,-120.78770085475254  59.52825550727082,7/28/24,19:00:00,20,-120.78770085475254, 59.52825550727082
EONET_9945,Wildfire in Brazil 1021181,,Wildfires,-63.5165892,7/28/24,19:00:00,#VALUE!,#VALUE!,#VALUE!
EONET_9946,Wildfire in The Democratic Republic of Congo 1021180,,Wildfires,22.062214050005498  -6.614301397822239,7/28/24,19:00:00,19,22.062214050005498, -6.614301397822239
EONET_9947,Wildfire in The Democratic Republic of Congo 1021172,,Wildfires,21.3416448107644  -4.945896231616165,7/28/24,19:00:00,17,21.3416448107644, -4.945896231616165
EONET_9948,Wildfire in The Democratic Republic of Congo 1021173,,Wildfires,20.052396267824186  -5.327335694428482,7/28/24,19:00:00,19,20.052396267824186, -5.327335694428482
EONET_9949,Wildfire in Brazil 1021174,,Wildfires,-64.68494714,7/28/24,19:00:00,#VALUE!,#VALUE!,#VALUE!
EONET_9950,Wildfire in Brazil 1021175,,Wildfires,-70.10259511,7/28/24,19:00:00,#VALUE!,#VALUE!,#VALUE!
EONET_9951,Wildfire in Canada 1021176,,Wildfires,-123.23852287034049  59.502777961626876,7/28/24,19:00:00,20,-123.23852287034049, 59.502777961626876
EONET_9952,Wildfire in The Democratic Republic of Congo 1021177,,Wildfires,18.96499768586349  -4.9878041717608825,7/28/24,19:00:00,18,18.96499768586349, -4.9878041717608825
EONET_9953,Wildfire in Angola 1021178,,Wildfires,15.971581115979303  -13.726619815106737,7/28/24,19:00:00,19,15.971581115979303, -13.726619815106737
EONET_9954,Wildfire in Canada 1021179,,Wildfires,-122.36213189426084  59.15281414662525,7/28/24,19:00:00,20,-122.36213189426084, 59.15281414662525
EONET_9955,Wildfire in Angola 1021182,,Wildfires,15.878641864180286  -14.02958995107352,7/28/24,19:00:00,19,15.878641864180286, -14.02958995107352
EONET_9956,Wildfire in The Democratic Republic of Congo 1021171,,Wildfires,25.376636790296526  -8.9588422730504,7/28/24,19:00:00,19,25.376636790296526, -8.9588422730504
EONET_9210,Poison Creek Wildfire  Grant  Oregon,10 miles Southeast of Seneca.,Wildfires,-118.847188  44.011552,7/28/24,18:53:00,12,-118.847188, 44.011552
EONET_9131,C-41 (22) Wildfire  Highlands  Florida,SYLVAN SHORES,Wildfires,-81.2016667  27.2608333,7/28/24,15:16:00,12,-81.2016667, 27.2608333
EONET_9133,Winding Waters Complex Wildfire  Wallowa  Oregon,Big Canyon  Water Canyon  Smith Mountain  Charlie Brown Road  Shamrock drainage,Wildfires,-117.3905556  45.2094444,7/27/24,23:28:00,13,-117.3905556, 45.2094444
EONET_9214,Brushy Wildfire  Graham  Arizona,9 miles North East of San Carlos AZ,Wildfires,-110.318194  33.380472,7/27/24,20:38:00,12,-110.318194, 33.380472
EONET_9126,Diamond Wildfire  Sweet Grass  Montana,8 Miles West of Reed Point,Wildfires,-109.6768  45.74555,7/27/24,20:35:00,10,-109.6768, 45.74555
EONET_9143,Wildfire in Bolivia 1020416,,Wildfires,-78.4232724,7/27/24,19:00:00,#VALUE!,#VALUE!,#VALUE!
EONET_9149,Wildfire in Australia 1020465,,Wildfires,143.6659341828705  -15.883420764933007,7/27/24,19:00:00,18,143.6659341828705, -15.883420764933007
EONET_9150,Wildfire in Brazil 1020420,,Wildfires,-69.79977992,7/27/24,19:00:00,#VALUE!,#VALUE!,#VALUE!
EONET_9151,Wildfire in Australia 1020421,,Wildfires,134.0792209473285  -20.041446307129807,7/27/24,19:00:00,18,134.0792209473285, -20.041446307129807
EONET_9246,Wildfire in South Africa 1020475,,Wildfires,28.24649172266146  -26.495179488446905,7/27/24,19:00:00,18,28.24649172266146, -26.495179488446905
EONET_9247,Wildfire in The Democratic Republic of Congo  Zambia 1020478,,Wildfires,28.400767939140035  -11.320593318918938,7/27/24,19:00:00,19,28.400767939140035, -11.320593318918938
EONET_9248,Wildfire in Brazil 1020597,,Wildfires,-77.45693728,7/27/24,19:00:00,#VALUE!,#VALUE!,#VALUE!
EONET_9249,Wildfire in Australia 1020598,,Wildfires,128.28568535306914  -16.695027175302386,7/27/24,19:00:00,19,128.28568535306914, -16.695027175302386
EONET_9250,Wildfire in Brazil 1020583,,Wildfires,-56.40162564,7/27/24,19:00:00,#VALUE!,#VALUE!,#VALUE!
EONET_9251,Wildfire in Zambia 1020477,,Wildfires,27.110347936245944  -15.536217936427654,7/27/24,19:00:00,19,27.110347936245944, -15.536217936427654
EONET_9252,Wildfire in Brazil 1020481,,Wildfires,-74.58380593,7/27/24,19:00:00,#VALUE!,#VALUE!,#VALUE!
EONET_9253,Wildfire in Mozambique 1020537,,Wildfires,37.39927702252663  -14.783885673128799,7/27/24,19:00:00,18,37.39927702252663, -14.783885673128799
EONET_9254,Wildfire in The Democratic Republic of Congo 1020538,,Wildfires,26.983846994760945  -7.566410536738588,7/27/24,19:00:00,19,26.983846994760945, -7.566410536738588
EONET_9255,Wildfire in Botswana 1020539,,Wildfires,22.720077274570038  -18.179327232754297,7/27/24,19:00:00,19,22.720077274570038, -18.179327232754297
EONET_9256,Wildfire in Malawi 1020476,,Wildfires,33.94066359828099  -10.662742891742967,7/27/24,19:00:00,18,33.94066359828099, -10.662742891742967
EONET_9257,Wildfire in Mozambique 1020479,,Wildfires,37.50015670762655  -12.6754865012101,7/27/24,19:00:00,18,37.50015670762655, -12.6754865012101
EONET_9258,Wildfire in Tanzania 1020480,,Wildfires,29.982171653486787  -6.091024999566007,7/27/24,19:00:00,19,29.982171653486787, -6.091024999566007
EONET_9358,Wildfire in Mozambique 1020602,,Wildfires,38.291031984497465  -14.620969370020223,7/27/24,19:00:00,19,38.291031984497465, -14.620969370020223
EONET_9393,Wildfire in Angola 1020646,,Wildfires,18.850362055725874  -16.478843409277808,7/27/24,19:00:00,19,18.850362055725874, -16.478843409277808
EONET_9394,Wildfire in Zambia 1020647,,Wildfires,30.39606055592581  -12.26057127340072,7/27/24,19:00:00,18,30.39606055592581, -12.26057127340072
EONET_9430,Wildfire in Brazil 1020689,,Wildfires,-65.59221093,7/27/24,19:00:00,#VALUE!,#VALUE!,#VALUE!
EONET_9431,Wildfire in Brazil 1020697,,Wildfires,-59.3245037,7/27/24,19:00:00,#VALUE!,#VALUE!,#VALUE!
EONET_9432,Wildfire in Australia 1020679,,Wildfires,133.87562255388931  -13.587673512498464,7/27/24,19:00:00,19,133.87562255388931, -13.587673512498464
EONET_9433,Wildfire in Zambia 1020675,,Wildfires,29.9886607759109  -8.758449244246345,7/27/24,19:00:00,17,29.9886607759109, -8.758449244246345
EONET_9459,Wildfire in The Democratic Republic of Congo  Zambia 1020704,,Wildfires,28.532211298689198  -12.572091976499408,7/27/24,19:00:00,19,28.532211298689198, -12.572091976499408
EONET_9460,Wildfire in Brazil 1020728,,Wildfires,-63.85855746,7/27/24,19:00:00,#VALUE!,#VALUE!,#VALUE!
EONET_9461,Wildfire in Brazil 1020732,,Wildfires,-62.06970362,7/27/24,19:00:00,#VALUE!,#VALUE!,#VALUE!
EONET_9627,Wildfire in Russian Federation 1020904,,Wildfires,108.5926102755441  63.404940363366414,7/27/24,19:00:00,18,108.5926102755441, 63.404940363366414
EONET_9628,Wildfire in Russian Federation 1020905,,Wildfires,108.68035363464574  63.53444707411249,7/27/24,19:00:00,19,108.68035363464574, 63.53444707411249
EONET_9629,Wildfire in Brazil 1020906,,Wildfires,-66.00943379,7/27/24,19:00:00,#VALUE!,#VALUE!,#VALUE!
EONET_9630,Wildfire in Australia 1020907,,Wildfires,136.93777722885056  -16.321204151723204,7/27/24,19:00:00,19,136.93777722885056, -16.321204151723204
EONET_9631,Wildfire in The Democratic Republic of Congo 1020909,,Wildfires,18.000425646365517  -7.347438641398743,7/27/24,19:00:00,19,18.000425646365517, -7.347438641398743
EONET_9632,Wildfire in Angola 1020911,,Wildfires,22.337887858951696  -17.467436895457027,7/27/24,19:00:00,19,22.337887858951696, -17.467436895457027
EONET_9633,Wildfire in Angola 1020810,,Wildfires,16.19291082412506  -6.1975126403730805,7/27/24,19:00:00,18,16.19291082412506, -6.1975126403730805
EONET_9634,Wildfire in Zambia 1020908,,Wildfires,29.334148679554435  -11.439211721432523,7/27/24,19:00:00,19,29.334148679554435, -11.439211721432523
EONET_9957,Wildfire in The Democratic Republic of Congo 1021183,,Wildfires,21.925922969338583  -5.289321932980483,7/27/24,19:00:00,19,21.925922969338583, -5.289321932980483
EONET_9958,Wildfire in The Democratic Republic of Congo 1021184,,Wildfires,19.2113892081432  -4.0383780087127,7/27/24,19:00:00,17,19.2113892081432, -4.0383780087127
EONET_9959,Wildfire in Mozambique 1021186,,Wildfires,38.711605777395114  -14.240874878618575,7/27/24,19:00:00,19,38.711605777395114, -14.240874878618575
EONET_9960,Wildfire in Brazil 1021185,,Wildfires,-74.90790531,7/27/24,19:00:00,#VALUE!,#VALUE!,#VALUE!
EONET_9109,Winding Waters Complex Wildfire  Wallowa  Oregon,23 miles east of Union  OR.,Wildfires,-117.600113  45.66383,7/27/24,11:57:00,12,-117.600113, 45.66383
EONET_9216,Bluff Creek Complex Wildfire  Shoshone  Idaho,25 miles E of Avery  ID between East and West Fork Bluff Creek,Wildfires,-115.782938  47.131229,7/27/24,10:28:00,12,-115.782938, 47.131229
EONET_9114,Summit Wildfire  Graham  Arizona,11 miles Northeast of San Carlos  AZ,Wildfires,-110.260556  33.433139,7/26/24,22:13:00,12,-110.260556, 33.433139
EONET_9128,Third Canyon Wildfire  Iron  Utah,20 miles SW of Minersville  UT,Wildfires,-113.222472  38.062889,7/26/24,20:45:00,12,-113.222472, 38.062889
EONET_9082,Wildfire in Bolivia  Brazil  Paraguay 1020395,,Wildfires,-77.9602953,7/26/24,19:00:00,#VALUE!,#VALUE!,#VALUE!
EONET_9088,Wildfire in Brazil 1020404,,Wildfires,-66.06532162,7/26/24,19:00:00,#VALUE!,#VALUE!,#VALUE!
EONET_9139,Wildfire in Brazil 1020414,,Wildfires,-65.49175935,7/26/24,19:00:00,#VALUE!,#VALUE!,#VALUE!
EONET_9152,Wildfire in Brazil 1020423,,Wildfires,-65.44658351,7/26/24,19:00:00,#VALUE!,#VALUE!,#VALUE!
EONET_9153,Wildfire in Angola 1020424,,Wildfires,18.3115237066397  -16.723991505784955,7/26/24,19:00:00,17,18.3115237066397, -16.723991505784955
EONET_9154,Wildfire in Bolivia 1020428,,Wildfires,-78.41654003,7/26/24,19:00:00,#VALUE!,#VALUE!,#VALUE!
EONET_9155,Wildfire in Brazil 1020467,,Wildfires,-55.63089043,7/26/24,19:00:00,#VALUE!,#VALUE!,#VALUE!
EONET_9156,Wildfire in Angola 1020422,,Wildfires,21.35724271180776  -17.162735927961947,7/26/24,19:00:00,18,21.35724271180776, -17.162735927961947
EONET_9157,Wildfire in Mozambique 1020426,,Wildfires,37.858454708959286  -14.570565556637854,7/26/24,19:00:00,19,37.858454708959286, -14.570565556637854
EONET_9158,Wildfire in South Africa 1020427,,Wildfires,28.57682550345513  -24.263664048107493,7/26/24,19:00:00,18,28.57682550345513, -24.263664048107493
EONET_9159,Wildfire in Angola 1020425,,Wildfires,14.954931879512003  -15.376107023290428,7/26/24,19:00:00,19,14.954931879512003, -15.376107023290428
EONET_9259,Wildfire in United States 1020486,,Wildfires,-111.54765674323441  33.77531118126295,7/26/24,19:00:00,20,-111.54765674323441, 33.77531118126295
EONET_9260,Wildfire in Angola 1020541,,Wildfires,20.8557052620561  -10.004869815847751,7/26/24,19:00:00,17,20.8557052620561, -10.004869815847751
EONET_9261,Wildfire in The Democratic Republic of Congo 1020482,,Wildfires,16.14278329979427  -3.899472009289764,7/26/24,19:00:00,18,16.14278329979427, -3.899472009289764
EONET_9262,Wildfire in Botswana 1020484,,Wildfires,22.86251651170118  -18.15078887065949,7/26/24,19:00:00,18,22.86251651170118, -18.15078887065949
EONET_9263,Wildfire in Tanzania 1020485,,Wildfires,33.838503643871185  -6.958575225360857,7/26/24,19:00:00,19,33.838503643871185, -6.958575225360857
EONET_9264,Wildfire in Zambia 1020487,,Wildfires,28.804207371878483  -10.099438732982682,7/26/24,19:00:00,19,28.804207371878483, -10.099438732982682
EONET_9265,Wildfire in Zambia 1020488,,Wildfires,29.266146503378433  -9.857655668190038,7/26/24,19:00:00,19,29.266146503378433, -9.857655668190038
EONET_9266,Wildfire in The Democratic Republic of Congo 1020540,,Wildfires,24.910790755930805  -8.337574246721621,7/26/24,19:00:00,19,24.910790755930805, -8.337574246721621
EONET_9267,Wildfire in Mozambique 1020542,,Wildfires,39.356609993403865  -13.692912776756064,7/26/24,19:00:00,19,39.356609993403865, -13.692912776756064
EONET_9268,Wildfire in Bolivia 1020483,,Wildfires,-79.21107127,7/26/24,19:00:00,#VALUE!,#VALUE!,#VALUE!
EONET_9269,Wildfire in Brazil 1020489,,Wildfires,-77.69461906,7/26/24,19:00:00,#VALUE!,#VALUE!,#VALUE!
EONET_9270,Wildfire in Australia 1020584,,Wildfires,144.44580329486286  -16.30028426281509,7/26/24,19:00:00,19,144.44580329486286, -16.30028426281509
EONET_9271,Wildfire in Brazil 1020599,,Wildfires,-57.05476593,7/26/24,19:00:00,#VALUE!,#VALUE!,#VALUE!
EONET_9359,Wildfire in The Democratic Republic of Congo 1020610,,Wildfires,19.923043739587442  -5.830883844014188,7/26/24,19:00:00,19,19.923043739587442, -5.830883844014188
EONET_9360,Wildfire in Brazil 1020623,,Wildfires,-75.617602,7/26/24,19:00:00,#VALUE!,#VALUE!,#VALUE!
EONET_9361,Wildfire in Brazil 1020624,,Wildfires,-77.52731343,7/26/24,19:00:00,#VALUE!,#VALUE!,#VALUE!
EONET_9362,Wildfire in Australia 1020633,,Wildfires,132.67848554482146  -13.135538245020696,7/26/24,19:00:00,19,132.67848554482146, -13.135538245020696
EONET_9363,Wildfire in Brazil 1020634,,Wildfires,-58.4646361,7/26/24,19:00:00,#VALUE!,#VALUE!,#VALUE!
EONET_9395,Wildfire in Brazil 1020668,,Wildfires,-76.88708245,7/26/24,19:00:00,#VALUE!,#VALUE!,#VALUE!
EONET_9396,Wildfire in The Democratic Republic of Congo 1020648,,Wildfires,21.143823235289812  -5.883327164726004,7/26/24,19:00:00,19,21.143823235289812, -5.883327164726004
EONET_9397,Wildfire in The Democratic Republic of Congo 1020649,,Wildfires,22.10947807898917  -5.304232337105059,7/26/24,19:00:00,18,22.10947807898917, -5.304232337105059
EONET_9398,Wildfire in Brazil 1020650,,Wildfires,-77.52984947,7/26/24,19:00:00,#VALUE!,#VALUE!,#VALUE!
EONET_9399,Wildfire in Brazil 1020667,,Wildfires,-54.42752799,7/26/24,19:00:00,#VALUE!,#VALUE!,#VALUE!
EONET_9434,Wildfire in Brazil 1020690,,Wildfires,-62.43179207,7/26/24,19:00:00,#VALUE!,#VALUE!,#VALUE!
EONET_9435,Wildfire in The Democratic Republic of Congo 1020680,,Wildfires,21.23607589402177  -5.703201229057342,7/26/24,19:00:00,18,21.23607589402177, -5.703201229057342
EONET_9462,Wildfire in The Democratic Republic of Congo 1020705,,Wildfires,18.622716055075767  -5.139023170849547,7/26/24,19:00:00,19,18.622716055075767, -5.139023170849547
EONET_9463,Wildfire in The Democratic Republic of Congo 1020706,,Wildfires,20.952719674486456  -5.558894708978121,7/26/24,19:00:00,19,20.952719674486456, -5.558894708978121
EONET_9464,Wildfire in The Democratic Republic of Congo 1020707,,Wildfires,19.129581787573688  -4.9218275630138235,7/26/24,19:00:00,19,19.129581787573688, -4.9218275630138235
EONET_9465,Wildfire in The Democratic Republic of Congo 1020708,,Wildfires,20.736779562340075  -4.4229018571943355,7/26/24,19:00:00,19,20.736779562340075, -4.4229018571943355
EONET_9466,Wildfire in The Democratic Republic of Congo 1020709,,Wildfires,21.278010110182393  -5.001555723281892,7/26/24,19:00:00,19,21.278010110182393, -5.001555723281892
EONET_9467,Wildfire in Brazil 1020729,,Wildfires,-59.52896874,7/26/24,19:00:00,#VALUE!,#VALUE!,#VALUE!
EONET_9519,Wildfire in The Democratic Republic of Congo 1020747,,Wildfires,21.539109297249126  -5.932543148877013,7/26/24,19:00:00,19,21.539109297249126, -5.932543148877013
EONET_9520,Wildfire in The Democratic Republic of Congo 1020748,,Wildfires,19.85391303059512  -4.7632010349992635,7/26/24,19:00:00,18,19.85391303059512, -4.7632010349992635
EONET_9521,Wildfire in Bolivia 1020767,,Wildfires,-77.54604165,7/26/24,19:00:00,#VALUE!,#VALUE!,#VALUE!
EONET_9635,Wildfire in Zambia 1020914,,Wildfires,28.807364055414034  -11.453054339259447,7/26/24,19:00:00,19,28.807364055414034, -11.453054339259447
EONET_9636,Wildfire in The Democratic Republic of Congo  Zambia 1020918,,Wildfires,28.369923386272976  -11.423680040868657,7/26/24,19:00:00,19,28.369923386272976, -11.423680040868657
EONET_9637,Wildfire in Angola 1020917,,Wildfires,21.868146679416025  -17.683530795398024,7/26/24,19:00:00,19,21.868146679416025, -17.683530795398024
EONET_9638,Wildfire in The Democratic Republic of Congo 1020811,,Wildfires,22.495971372129077  -4.875418561049499,7/26/24,19:00:00,19,22.495971372129077, -4.875418561049499
EONET_9639,Wildfire in The Democratic Republic of Congo 1020812,,Wildfires,21.193107405183945  -4.65064316348341,7/26/24,19:00:00,19,21.193107405183945, -4.65064316348341
EONET_9640,Wildfire in The Democratic Republic of Congo 1020813,,Wildfires,20.071226476546464  -5.4694917480779255,7/26/24,19:00:00,19,20.071226476546464, -5.4694917480779255
EONET_9641,Wildfire in The Democratic Republic of Congo 1020814,,Wildfires,21.26064429447147  -4.9685123261762545,7/26/24,19:00:00,18,21.26064429447147, -4.9685123261762545
EONET_9642,Wildfire in The Democratic Republic of Congo 1020913,,Wildfires,18.87111866135318  -4.475662337106918,7/26/24,19:00:00,18,18.87111866135318, -4.475662337106918
EONET_9643,Wildfire in The Democratic Republic of Congo 1020920,,Wildfires,18.955888667290896  -4.464419926753112,7/26/24,19:00:00,19,18.955888667290896, -4.464419926753112
EONET_9644,Wildfire in The Democratic Republic of Congo 1020921,,Wildfires,18.31373524699757  -5.636579680385676,7/26/24,19:00:00,18,18.31373524699757, -5.636579680385676
EONET_9645,Wildfire in The Democratic Republic of Congo 1020922,,Wildfires,22.05999751295158  -6.066782929036178,7/26/24,19:00:00,18,22.05999751295158, -6.066782929036178
EONET_9646,Wildfire in Brazil 1020923,,Wildfires,-77.46956642,7/26/24,19:00:00,#VALUE!,#VALUE!,#VALUE!
EONET_9647,Wildfire in Brazil 1020912,,Wildfires,-69.91720265,7/26/24,19:00:00,#VALUE!,#VALUE!,#VALUE!
EONET_9648,Wildfire in The Democratic Republic of Congo 1020919,,Wildfires,17.971717377070576  -4.744724088396171,7/26/24,19:00:00,19,17.971717377070576, -4.744724088396171
EONET_9105,CREEK Wildfire  Alameda  California,6 MILES SOUTH-EAST OF SUNOL,Wildfires,-121.82845  37.5145,7/26/24,18:57:00,11,-121.82845, 37.5145
EONET_9132,Sand Stone Wildfire  Maricopa  Arizona,14 miles NE of Fountain Hills AZ 14 miles NE of Fountain Hills AZ,Wildfires,-111.594967  33.75945,7/26/24,15:25:00,12,-111.594967, 33.75945
EONET_9201,Grouse Wildfire  Beaverhead  Montana,10 miles SW of Wise River  MT,Wildfires,-113.111167  45.690333,7/26/24,15:00:00,12,-113.111167, 45.690333
EONET_9116,WYE Wildfire  Idaho  Idaho,Selway Bitteroot Wilderness,Wildfires,-114.826202  46.205573,7/25/24,23:18:00,12,-114.826202, 46.205573
EONET_9123,Rock Creek Wildfire  Idaho  Idaho,Joseph Plains  one mile to the east of Salmon River,Wildfires,-116.724604  45.898635,7/25/24,22:05:00,12,-116.724604, 45.898635
EONET_9102,Cliff Mountain Wildfire  Adams  Idaho,25 miles E Joseph  OR 25 miles E Joseph  OR,Wildfires,-116.6813  45.258417,7/25/24,20:36:00,10,-116.6813, 45.258417
EONET_9144,Wildfire in Brazil 1020417,,Wildfires,-66.53853101,7/25/24,19:00:00,#VALUE!,#VALUE!,#VALUE!
EONET_9160,Wildfire in Zambia 1020429,,Wildfires,23.95952884543711  -13.232211190081799,7/25/24,19:00:00,18,23.95952884543711, -13.232211190081799
EONET_9161,Wildfire in Angola 1020432,,Wildfires,19.289673485637525  -17.207834317603087,7/25/24,19:00:00,19,19.289673485637525, -17.207834317603087
EONET_9162,Wildfire in Bolivia  Brazil 1020466,,Wildfires,-76.28428127,7/25/24,19:00:00,#VALUE!,#VALUE!,#VALUE!
EONET_9163,Wildfire in United States 1020430,,Wildfires,-116.77489492685909  45.048498580657565,7/25/24,19:00:00,20,-116.77489492685909, 45.048498580657565
EONET_9164,Wildfire in Australia 1020431,,Wildfires,122.66815103847095  -18.63285374681312,7/25/24,19:00:00,19,122.66815103847095, -18.63285374681312
EONET_9272,Wildfire in Brazil 1020494,,Wildfires,-65.4675469,7/25/24,19:00:00,#VALUE!,#VALUE!,#VALUE!
EONET_9273,Wildfire in Australia 1020544,,Wildfires,122.86319066150492  -18.560402298644778,7/25/24,19:00:00,19,122.86319066150492, -18.560402298644778
EONET_9274,Wildfire in Mozambique 1020545,,Wildfires,38.72543901187369  -12.987641608030113,7/25/24,19:00:00,18,38.72543901187369, -12.987641608030113
EONET_9275,Wildfire in Mozambique 1020492,,Wildfires,38.86901899861545  -14.19089217029891,7/25/24,19:00:00,18,38.86901899861545, -14.19089217029891
EONET_9276,Wildfire in Mozambique 1020493,,Wildfires,37.935719093228926  -14.739272633132103,7/25/24,19:00:00,19,37.935719093228926, -14.739272633132103
EONET_9277,Wildfire in South Africa 1020490,,Wildfires,28.81906513363734  -30.452021386977524,7/25/24,19:00:00,18,28.81906513363734, -30.452021386977524
EONET_9278,Wildfire in Angola 1020547,,Wildfires,16.6392043752213  -10.120070068176474,7/25/24,19:00:00,17,16.6392043752213, -10.120070068176474
EONET_9279,Wildfire in Australia 1020546,,Wildfires,122.72587128066952  -18.469469234776884,7/25/24,19:00:00,19,122.72587128066952, -18.469469234776884
EONET_9280,Wildfire in Zambia 1020491,,Wildfires,30.29998837331911  -14.436779326443501,7/25/24,19:00:00,18,30.29998837331911, -14.436779326443501
EONET_9364,Wildfire in Brazil 1020635,,Wildfires,-66.75564066,7/25/24,19:00:00,#VALUE!,#VALUE!,#VALUE!
EONET_9365,Wildfire in Bolivia 1020625,,Wildfires,-79.05360963,7/25/24,19:00:00,#VALUE!,#VALUE!,#VALUE!
EONET_9366,Wildfire in The Democratic Republic of Congo 1020611,,Wildfires,18.873496589557345  -4.677901658200485,7/25/24,19:00:00,19,18.873496589557345, -4.677901658200485
EONET_9367,Wildfire in The Democratic Republic of Congo 1020612,,Wildfires,19.276486119373605  -4.748215503473854,7/25/24,19:00:00,19,19.276486119373605, -4.748215503473854
EONET_9400,Wildfire in The Democratic Republic of Congo 1020651,,Wildfires,21.82505247066929  -6.049037504838702,7/25/24,19:00:00,18,21.82505247066929, -6.049037504838702
EONET_9401,Wildfire in The Democratic Republic of Congo 1020652,,Wildfires,21.158078338787806  -5.459182467355275,7/25/24,19:00:00,19,21.158078338787806, -5.459182467355275
EONET_9402,Wildfire in The Democratic Republic of Congo 1020653,,Wildfires,19.64585513304896  -5.167340925626055,7/25/24,19:00:00,18,19.64585513304896, -5.167340925626055
EONET_9403,Wildfire in The Democratic Republic of Congo 1020654,,Wildfires,21.933733770613753  -6.112381722507681,7/25/24,19:00:00,19,21.933733770613753, -6.112381722507681
EONET_9404,Wildfire in The Democratic Republic of Congo 1020655,,Wildfires,27.692412710193228  -3.5502746288132627,7/25/24,19:00:00,19,27.692412710193228, -3.5502746288132627
EONET_9468,Wildfire in Bolivia 1020735,,Wildfires,-77.97978044,7/25/24,19:00:00,#VALUE!,#VALUE!,#VALUE!
EONET_9469,Wildfire in The Democratic Republic of Congo 1020710,,Wildfires,20.849038319300192  -6.18249244556359,7/25/24,19:00:00,19,20.849038319300192, -6.18249244556359
EONET_9470,Wildfire in The Democratic Republic of Congo 1020711,,Wildfires,18.770466905445335  -4.63382976971371,7/25/24,19:00:00,19,18.770466905445335, -4.63382976971371
EONET_9471,Wildfire in Mozambique 1020712,,Wildfires,37.315618089191396  -14.51314920968792,7/25/24,19:00:00,19,37.315618089191396, -14.51314920968792
EONET_9472,Wildfire in The Democratic Republic of Congo 1020713,,Wildfires,18.51051463878359  -5.423186006891143,7/25/24,19:00:00,18,18.51051463878359, -5.423186006891143
EONET_9522,Wildfire in The Democratic Republic of Congo 1020749,,Wildfires,19.69298348932342  -6.036618310374772,7/25/24,19:00:00,18,19.69298348932342, -6.036618310374772
EONET_9649,Wildfire in Mozambique 1020925,,Wildfires,39.34131868813508  -16.24358855557007,7/25/24,19:00:00,18,39.34131868813508, -16.24358855557007
EONET_9650,Wildfire in The Democratic Republic of Congo 1020926,,Wildfires,19.74280698443837  -4.525007605224149,7/25/24,19:00:00,18,19.74280698443837, -4.525007605224149
EONET_9651,Wildfire in Zambia 1020930,,Wildfires,29.07300783288243  -15.768094000211219,7/25/24,19:00:00,18,29.07300783288243, -15.768094000211219
EONET_9652,Wildfire in The Democratic Republic of Congo 1020931,,Wildfires,19.105659600588787  -3.8358257001547154,7/25/24,19:00:00,19,19.105659600588787, -3.8358257001547154
EONET_9653,Wildfire in The Democratic Republic of Congo 1020932,,Wildfires,18.36638571550579  -5.385842481986295,7/25/24,19:00:00,18,18.36638571550579, -5.385842481986295
EONET_9654,Wildfire in Mozambique 1020935,,Wildfires,37.8830591903802  -14.614970151739742,7/25/24,19:00:00,17,37.8830591903802, -14.614970151739742
EONET_9655,Wildfire in The Democratic Republic of Congo 1020815,,Wildfires,27.881059300961255  -3.3175323033989916,7/25/24,19:00:00,19,27.881059300961255, -3.3175323033989916
EONET_9656,Wildfire in Angola 1020928,,Wildfires,20.97525125844591  -16.936379039925388,7/25/24,19:00:00,18,20.97525125844591, -16.936379039925388
EONET_9657,Wildfire in The Democratic Republic of Congo 1020933,,Wildfires,17.937760862332933  -5.209022865998725,7/25/24,19:00:00,19,17.937760862332933, -5.209022865998725
EONET_9658,Wildfire in Zambia 1020934,,Wildfires,29.358184771227606  -11.775700580814412,7/25/24,19:00:00,19,29.358184771227606, -11.775700580814412
EONET_9137,River NPT Wildfire  Nez Perce  Idaho,,Wildfires,-116.740833  46.492167,7/25/24,17:55:00,12,-116.740833, 46.492167
EONET_9136,Gilbert Ranch Wildfire  Blaine  Montana,,Wildfires,-108.612778  48.3975,7/25/24,17:34:00,12,-108.612778, 48.3975
EONET_9018,2533- Team 8 Wildfire  Harney  Oregon,,Wildfires,-119.44245  43.9092,7/25/24,14:13:00,11,-119.44245, 43.9092
EONET_9129,Sand- Team 8 Wildfire  Grant  Oregon,,Wildfires,-119.286715  44.039918,7/25/24,14:12:00,12,-119.286715, 44.039918
EONET_9037,Ritter Wildfire  Harney  Oregon,Stinking water access Road north East of Crane  OR,Wildfires,-118.4971667  43.5858333,7/25/24,2:19:00,13,-118.4971667, 43.5858333
EONET_9104,Limepoint Wildfire  Adams  Idaho,8 miles NE of Oxbow Dam,Wildfires,-116.751  45.0755,7/25/24,0:15:00,9,-116.751, 45.0755
EONET_9127,Thunder Wildfire  Lemhi  Idaho,12 miles south  south west of Salmon  ID,Wildfires,-114.010167  45.03505,7/24/24,23:38:00,12,-114.010167, 45.03505
EONET_9033,HOLE IN THE GROUND Wildfire  Malheur  Oregon,24 MILES WEST OF JORDAN VALLEY OR,Wildfires,-117.609275  43.197097,7/24/24,23:37:00,12,-117.609275, 43.197097
EONET_9213,BOULDER Wildfire  Valley  Idaho,9 MILES SW OF CASCADE  ID.,Wildfires,-116.112  44.37775,7/24/24,22:27:00,9,-116.112, 44.37775
EONET_9106,Wolf Creek Wildfire  Adams  Idaho,11 NM Northwest of the City of Cascade  ID.,Wildfires,-116.210333  44.602833,7/24/24,21:49:00,12,-116.210333, 44.602833
EONET_9120,Gwen Wildfire  Nez Perce  Idaho,Northeast of Lapwai  Idaho by 5 miles,Wildfires,-116.75343  46.53264,7/24/24,21:48:00,11,-116.75343, 46.53264
EONET_9125,Adessa Wildfire  Pinal  Arizona,Cottonwood Drainage Cottonwood Drainage,Wildfires,-111.182167  33.401,7/24/24,21:47:00,12,-111.182167, 33.401
EONET_9062,Wildfire in United States 1020374,,Wildfires,-121.80783449839355  39.935796054498894,7/24/24,19:00:00,20,-121.80783449839355, 39.935796054498894
EONET_9083,Wildfire in United States 1020394,,Wildfires,-118.56289658898567  35.498160013395896,7/24/24,19:00:00,20,-118.56289658898567, 35.498160013395896
EONET_9145,Wildfire in Bolivia 1020418,,Wildfires,-75.6650437,7/24/24,19:00:00,#VALUE!,#VALUE!,#VALUE!
EONET_9165,Wildfire in Tanzania 1020433,,Wildfires,34.670446855205526  -7.309841565182368,7/24/24,19:00:00,19,34.670446855205526, -7.309841565182368
EONET_9166,Wildfire in Tanzania 1020434,,Wildfires,34.478432973241205  -7.488778999509711,7/24/24,19:00:00,19,34.478432973241205, -7.488778999509711
EONET_9167,Wildfire in The Democratic Republic of Congo 1020437,,Wildfires,21.46306533484876  -6.314299595983114,7/24/24,19:00:00,18,21.46306533484876, -6.314299595983114
EONET_9168,Wildfire in Russian Federation 1020435,,Wildfires,116.77077797171684  55.31949936393091,7/24/24,19:00:00,19,116.77077797171684, 55.31949936393091
EONET_9169,Wildfire in Mozambique 1020436,,Wildfires,34.061094967380456  -15.551351662712518,7/24/24,19:00:00,19,34.061094967380456, -15.551351662712518
EONET_9281,Wildfire in Zambia 1020495,,Wildfires,30.831740261694602  -13.737219483452535,7/24/24,19:00:00,19,30.831740261694602, -13.737219483452535
EONET_9282,Wildfire in Australia 1020551,,Wildfires,121.87241671383  -21.491821700233874,7/24/24,19:00:00,16,121.87241671383, -21.491821700233874
EONET_9283,Wildfire in Zambia 1020553,,Wildfires,30.997229173559905  -9.006537500574595,7/24/24,19:00:00,19,30.997229173559905, -9.006537500574595
EONET_9284,Wildfire in Zimbabwe 1020496,,Wildfires,27.993853169984078  -19.407635003706353,7/24/24,19:00:00,19,27.993853169984078, -19.407635003706353
EONET_9285,Wildfire in Bolivia 1020548,,Wildfires,-78.0736088,7/24/24,19:00:00,#VALUE!,#VALUE!,#VALUE!
EONET_9286,Wildfire in Mozambique 1020498,,Wildfires,38.66047469231436  -14.306256964394507,7/24/24,19:00:00,18,38.66047469231436, -14.306256964394507
EONET_9287,Wildfire in Zambia 1020550,,Wildfires,26.604485386899306  -12.895954256584497,7/24/24,19:00:00,19,26.604485386899306, -12.895954256584497
EONET_9288,Wildfire in Angola 1020552,,Wildfires,19.620322688702018  -10.094914854802658,7/24/24,19:00:00,19,19.620322688702018, -10.094914854802658
EONET_9289,Wildfire in Canada 1020497,,Wildfires,-115.67954985950647  50.55502530091625,7/24/24,19:00:00,20,-115.67954985950647, 50.55502530091625
EONET_9290,Wildfire in Bolivia 1020600,,Wildfires,-78.92398621,7/24/24,19:00:00,#VALUE!,#VALUE!,#VALUE!
EONET_9368,Wildfire in Zambia 1020613,,Wildfires,28.974248033877753  -9.418292320762209,7/24/24,19:00:00,19,28.974248033877753, -9.418292320762209
EONET_9405,Wildfire in The Democratic Republic of Congo 1020656,,Wildfires,21.773620193549178  -5.774805134075796,7/24/24,19:00:00,19,21.773620193549178, -5.774805134075796
EONET_9436,Wildfire in Bolivia 1020691,,Wildfires,-78.2932484,7/24/24,19:00:00,#VALUE!,#VALUE!,#VALUE!
EONET_9473,Wildfire in The Democratic Republic of Congo 1020714,,Wildfires,21.158268964470153  -6.22520306852142,7/24/24,19:00:00,19,21.158268964470153, -6.22520306852142
EONET_9474,Wildfire in The Democratic Republic of Congo 1020715,,Wildfires,19.868920117169626  -5.414338290291701,7/24/24,19:00:00,19,19.868920117169626, -5.414338290291701
EONET_9475,Wildfire in The Democratic Republic of Congo 1020716,,Wildfires,18.588186922263322  -4.0501967422088265,7/24/24,19:00:00,19,18.588186922263322, -4.0501967422088265
EONET_9476,Wildfire in Brazil 1020730,,Wildfires,-65.80877267,7/24/24,19:00:00,#VALUE!,#VALUE!,#VALUE!
EONET_9523,Wildfire in The Democratic Republic of Congo 1020750,,Wildfires,21.657560795589305  -6.673808648166776,7/24/24,19:00:00,19,21.657560795589305, -6.673808648166776
EONET_9524,Wildfire in The Democratic Republic of Congo 1020751,,Wildfires,21.39805809028983  -4.727853662568414,7/24/24,19:00:00,18,21.39805809028983, -4.727853662568414
EONET_9659,Wildfire in The Democratic Republic of Congo 1020841,,Wildfires,18.589958850769147  -4.316438851111742,7/24/24,19:00:00,19,18.589958850769147, -4.316438851111742
EONET_9660,Wildfire in The Democratic Republic of Congo 1020816,,Wildfires,21.443914056760917  -3.431103506959314,7/24/24,19:00:00,19,21.443914056760917, -3.431103506959314
EONET_9661,Wildfire in The Democratic Republic of Congo 1020817,,Wildfires,24.380796415403793  -5.9820566799695625,7/24/24,19:00:00,19,24.380796415403793, -5.9820566799695625
EONET_9662,Wildfire in The Democratic Republic of Congo 1020836,,Wildfires,19.77951356699937  -5.889158713319747,7/24/24,19:00:00,18,19.77951356699937, -5.889158713319747
EONET_9663,Wildfire in The Democratic Republic of Congo 1020838,,Wildfires,18.39338097926817  -4.11402098302114,7/24/24,19:00:00,18,18.39338097926817, -4.11402098302114
EONET_9664,Wildfire in The Democratic Republic of Congo 1020839,,Wildfires,19.24345249964744  -4.270387052440566,7/24/24,19:00:00,18,19.24345249964744, -4.270387052440566
EONET_9665,Wildfire in Zambia 1020840,,Wildfires,29.65351747917437  -10.114437717874145,7/24/24,19:00:00,18,29.65351747917437, -10.114437717874145
EONET_9666,Wildfire in Brazil 1020842,,Wildfires,-77.6866998,7/24/24,19:00:00,#VALUE!,#VALUE!,#VALUE!
EONET_9667,Wildfire in Zambia 1020843,,Wildfires,29.14724425571535  -11.7106288297172,7/24/24,19:00:00,18,29.14724425571535, -11.7106288297172
EONET_9121,Badger Wildfire  Sheridan  Wyoming,15 nm Northeast of Sheridan  WY,Wildfires,-106.765095  44.963644,7/24/24,18:08:00,12,-106.765095, 44.963644
EONET_9035,PARK Wildfire  Butte  California,UPPER BIDWELL PARK,Wildfires,-121.802601  39.818579,7/24/24,17:53:00,12,-121.802601, 39.818579
EONET_9107,BOREL Wildfire  Kern  California,3 miles SW of Lake Isabella,Wildfires,-118.6837  35.515133,7/24/24,16:16:00,10,-118.6837, 35.515133
EONET_9019,GROVE 2 Wildfire  San Diego  California,Chihuahua Valley  Sunshine Summit,Wildfires,-116.741601  33.409448,7/24/24,16:13:00,12,-116.741601, 33.409448
EONET_9020,Stockade Canyon Wildfire  Washoe  Nevada,19 miles NW of Gerlach  NV,Wildfires,-119.738017  40.77735,7/24/24,15:51:00,12,-119.738017, 40.77735
EONET_9049,Quartz Wildfire  Lane  Oregon,Approximately 10 miles SSE of Dorena  Oregon,Wildfires,-122.757367  43.557383,7/24/24,13:38:00,12,-122.757367, 43.557383
EONET_9032,RITTER Wildfire  Harney  Oregon,Stinking water Mountain North East of Crane  OR,Wildfires,-118.49725  43.58575,7/24/24,1:47:00,11,-118.49725, 43.58575
EONET_10147,Bezymianny Volcano  Russia,,Volcanoes,160.595  55.972,7/24/24,0:00:00,8,160.595, 55.972
EONET_9034,Apache Wildfire  Ventura  California,Located near the intersection of Hwy 33 and Apache Canyon Road SE Cuyama,Wildfires,-119.409  34.7557,7/23/24,21:34:00,9,-119.409, 34.7557
EONET_9048,0523 CAMP CREEK Wildfire  Crook  Oregon,10 Miles West SouthWest of Paulina Oregon,Wildfires,-120.16455  44.007775,7/23/24,20:50:00,11,-120.16455, 44.007775
EONET_9023,RETREAT Wildfire  Yakima  Washington,14 miles WSE of Naches,Wildfires,-120.991717  46.670833,7/23/24,19:35:00,12,-120.991717, 46.670833
EONET_9071,Wildfire in United States 1020383,,Wildfires,-120.95688852061008  46.677680875737884,7/23/24,19:00:00,20,-120.95688852061008, 46.677680875737884
EONET_9084,Wildfire in Russian Federation 1020399,,Wildfires,110.88763789953822  54.54838000439377,7/23/24,19:00:00,19,110.88763789953822, 54.54838000439377
EONET_9170,Wildfire in Namibia 1020438,,Wildfires,20.28095312436619  -18.51611423846146,7/23/24,19:00:00,18,20.28095312436619, -18.51611423846146
EONET_9171,Wildfire in Tanzania 1020439,,Wildfires,34.293714054632005  -7.556063784027777,7/23/24,19:00:00,19,34.293714054632005, -7.556063784027777
EONET_9172,Wildfire in Zambia 1020441,,Wildfires,30.28491367569415  -9.337183117522146,7/23/24,19:00:00,18,30.28491367569415, -9.337183117522146
EONET_9173,Wildfire in Zambia 1020442,,Wildfires,29.359052563259723  -10.40400472886516,7/23/24,19:00:00,19,29.359052563259723, -10.40400472886516
EONET_9174,Wildfire in Zambia 1020443,,Wildfires,29.192711552731158  -10.40197016410954,7/23/24,19:00:00,19,29.192711552731158, -10.40197016410954
EONET_9175,Wildfire in Brazil 1020440,,Wildfires,-71.38534109,7/23/24,19:00:00,#VALUE!,#VALUE!,#VALUE!
EONET_9291,Wildfire in Russian Federation 1020503,,Wildfires,116.21883478666504  55.07170926608336,7/23/24,19:00:00,19,116.21883478666504, 55.07170926608336
EONET_9292,Wildfire in Angola 1020505,,Wildfires,18.660291468253124  -14.016218900577288,7/23/24,19:00:00,19,18.660291468253124, -14.016218900577288
EONET_9293,Wildfire in Russian Federation 1020501,,Wildfires,117.19565208567087  53.99986853123165,7/23/24,19:00:00,19,117.19565208567087, 53.99986853123165
EONET_9294,Wildfire in The Democratic Republic of Congo 1020554,,Wildfires,21.84081598407625  -9.421150387532697,7/23/24,19:00:00,18,21.84081598407625, -9.421150387532697
EONET_9295,Wildfire in The Democratic Republic of Congo 1020558,,Wildfires,19.000667315678193  -5.045085320943413,7/23/24,19:00:00,19,19.000667315678193, -5.045085320943413
EONET_9296,Wildfire in Bolivia 1020589,,Wildfires,-75.73823891,7/23/24,19:00:00,#VALUE!,#VALUE!,#VALUE!
EONET_9297,Wildfire in Russian Federation 1020502,,Wildfires,136.29193967563953  68.67508555722917,7/23/24,19:00:00,19,136.29193967563953, 68.67508555722917
EONET_9298,Wildfire in The Democratic Republic of Congo 1020556,,Wildfires,19.509718818509295  -4.695443267080353,7/23/24,19:00:00,19,19.509718818509295, -4.695443267080353
EONET_9299,Wildfire in The Democratic Republic of Congo 1020557,,Wildfires,18.971121490205462  -4.710839423123596,7/23/24,19:00:00,19,18.971121490205462, -4.710839423123596
EONET_9300,Wildfire in The Democratic Republic of Congo 1020559,,Wildfires,18.642554513979935  -5.334417113836517,7/23/24,19:00:00,19,18.642554513979935, -5.334417113836517
EONET_9301,Wildfire in Zambia 1020500,,Wildfires,31.016398942196066  -12.05745332566661,7/23/24,19:00:00,19,31.016398942196066, -12.05745332566661
EONET_9302,Wildfire in Zimbabwe  Zambia 1020504,,Wildfires,28.91792012366746  -16.446017294682044,7/23/24,19:00:00,18,28.91792012366746, -16.446017294682044
EONET_9303,Wildfire in Zambia 1020506,,Wildfires,29.541778782941254  -15.477973683171749,7/23/24,19:00:00,19,29.541778782941254, -15.477973683171749
EONET_9304,Wildfire in Zambia 1020507,,Wildfires,32.498605513361674  -12.655257380747265,7/23/24,19:00:00,19,32.498605513361674, -12.655257380747265
EONET_9305,Wildfire in Angola 1020508,,Wildfires,16.136135022774535  -16.13193695934558,7/23/24,19:00:00,19,16.136135022774535, -16.13193695934558
EONET_9369,Wildfire in The Democratic Republic of Congo 1020614,,Wildfires,21.12253066218451  -6.351547878767621,7/23/24,19:00:00,18,21.12253066218451, -6.351547878767621
EONET_9370,Wildfire in Bolivia 1020628,,Wildfires,-78.25849195,7/23/24,19:00:00,#VALUE!,#VALUE!,#VALUE!
EONET_9371,Wildfire in Bolivia 1020636,,Wildfires,-77.53553559,7/23/24,19:00:00,#VALUE!,#VALUE!,#VALUE!
EONET_9406,Wildfire in Bolivia 1020672,,Wildfires,-79.77420946,7/23/24,19:00:00,#VALUE!,#VALUE!,#VALUE!
EONET_9477,Wildfire in The Democratic Republic of Congo 1020717,,Wildfires,21.326432425008097  -5.511537595570692,7/23/24,19:00:00,19,21.326432425008097, -5.511537595570692
EONET_9525,Wildfire in The Democratic Republic of Congo 1020753,,Wildfires,26.74105596185152  -11.353269834269446,7/23/24,19:00:00,18,26.74105596185152, -11.353269834269446
EONET_9526,Wildfire in Congo 1020752,,Wildfires,16.01441929696712  -3.02275094574413,7/23/24,19:00:00,18,16.01441929696712, -3.02275094574413
EONET_9527,Wildfire in The Democratic Republic of Congo 1020754,,Wildfires,21.52573248862895  -4.565505402372924,7/23/24,19:00:00,18,21.52573248862895, -4.565505402372924
EONET_9668,Wildfire in Zambia 1020936,,Wildfires,30.240840717458074  -10.841474967260591,7/23/24,19:00:00,19,30.240840717458074, -10.841474967260591
EONET_9669,Wildfire in The Democratic Republic of Congo 1020818,,Wildfires,21.64036956829242  -4.558364743834139,7/23/24,19:00:00,18,21.64036956829242, -4.558364743834139
EONET_9670,Wildfire in Angola 1020939,,Wildfires,19.406935660608703  -8.943873155739713,7/23/24,19:00:00,19,19.406935660608703, -8.943873155739713
EONET_9671,Wildfire in The Democratic Republic of Congo 1020941,,Wildfires,22.73644499534241  -5.6078989849537395,7/23/24,19:00:00,18,22.73644499534241, -5.6078989849537395
EONET_9672,Wildfire in The Democratic Republic of Congo 1020942,,Wildfires,19.573351276731746  -4.584100495945347,7/23/24,19:00:00,19,19.573351276731746, -4.584100495945347
EONET_9673,Wildfire in The Democratic Republic of Congo 1020938,,Wildfires,26.87915292485295  -5.165325921120428,7/23/24,19:00:00,18,26.87915292485295, -5.165325921120428
EONET_9674,Wildfire in The Democratic Republic of Congo 1020940,,Wildfires,19.70465592609943  -5.200145165208662,7/23/24,19:00:00,18,19.70465592609943, -5.200145165208662
EONET_9046,BADLAND COMPLEX Wildfire  Baker  Oregon,Branch 1 -  3 Miles NE of Durkee  OR - Branch 2 - 4 Miles SE &amp;amp;amp; SW of Richland OR,Wildfires,-117.29803  44.667076,7/23/24,11:08:00,11,-117.29803, 44.667076
EONET_9043,POWDER Wildfire  Baker  Oregon,Sw of Richland OR,Wildfires,-117.2648  44.75375,7/23/24,11:06:00,10,-117.2648, 44.75375
EONET_9044,COYOTE Wildfire  Baker  Oregon,SE of Richland OR,Wildfires,-117.092099  44.725451,7/23/24,10:21:00,12,-117.092099, 44.725451
EONET_9058,OCF CPT 43 004 Salt Springs Rx 0723 Wildfire  Marion  Florida,,Wildfires,-81.79  29.32,7/23/24,7:42:00,7,-81.79, 29.32
EONET_9052,BLACK CANYON Wildfire  Yakima  Washington,10 miles NNW of Naches,Wildfires,-120.875358  46.861662,7/22/24,22:34:00,12,-120.875358, 46.861662
EONET_9054,GOLD COMPLEX Wildfire  Plumas  California,Delleker   CA,Wildfires,-120.5414  39.828942,7/22/24,22:09:00,10,-120.5414, 39.828942
EONET_9045,THOMPSON Wildfire  Baker  Oregon,5 MILES E OF DURKEE  OREGON,Wildfires,-117.40077  44.6209,7/22/24,20:12:00,11,-117.40077, 44.6209
EONET_9017,MICROWAVE TOWER Wildfire  Hood River  Oregon,5 miles WSW of Mosier  OR,Wildfires,-121.457306  45.681167,7/22/24,19:17:00,12,-121.457306, 45.681167
EONET_8942,Wildfire in Australia 1020331,,Wildfires,135.18364561300623  -14.07393629955891,7/22/24,19:00:00,19,135.18364561300623, -14.07393629955891
EONET_8975,Wildfire in Canada 1020354,,Wildfires,-117.89694899861702  52.719100068314994,7/22/24,19:00:00,20,-117.89694899861702, 52.719100068314994
EONET_8976,Wildfire in United States 1020336,,Wildfires,-117.36318546548468  44.6124110907274,7/22/24,19:00:00,20,-117.36318546548468, 44.6124110907274
EONET_9063,Wildfire in Brazil 1020375,,Wildfires,-75.97362967,7/22/24,19:00:00,#VALUE!,#VALUE!,#VALUE!
EONET_9064,Wildfire in Brazil 1020379,,Wildfires,-74.91296074,7/22/24,19:00:00,#VALUE!,#VALUE!,#VALUE!
EONET_9072,Wildfire in United States 1020384,,Wildfires,-118.80295596695757  43.72742217418531,7/22/24,19:00:00,20,-118.80295596695757, 43.72742217418531
EONET_9073,Wildfire in Russian Federation 1020388,,Wildfires,122.95557488884083  57.25390758748553,7/22/24,19:00:00,19,122.95557488884083, 57.25390758748553
EONET_9085,Wildfire in United States 1020398,,Wildfires,-119.9879014713279  44.36331450965329,7/22/24,19:00:00,19,-119.9879014713279, 44.36331450965329
EONET_9089,Wildfire in Brazil 1020405,,Wildfires,-67.3555126,7/22/24,19:00:00,#VALUE!,#VALUE!,#VALUE!
EONET_9176,Wildfire in Brazil 1020448,,Wildfires,-75.73776154,7/22/24,19:00:00,#VALUE!,#VALUE!,#VALUE!
EONET_9177,Wildfire in Russian Federation 1020444,,Wildfires,115.85663782324863  54.434045029577376,7/22/24,19:00:00,19,115.85663782324863, 54.434045029577376
EONET_9178,Wildfire in Zambia 1020445,,Wildfires,29.3089552727574  -11.5926351509974,7/22/24,19:00:00,17,29.3089552727574, -11.5926351509974
EONET_9179,Wildfire in Mozambique 1020447,,Wildfires,37.70705049064232  -14.751790308848616,7/22/24,19:00:00,18,37.70705049064232, -14.751790308848616
EONET_9180,Wildfire in Zambia 1020449,,Wildfires,25.569876959347923  -15.85554608966027,7/22/24,19:00:00,19,25.569876959347923, -15.85554608966027
EONET_9181,Wildfire in United States 1020446,,Wildfires,-119.3205928743315  44.63196950305049,7/22/24,19:00:00,19,-119.3205928743315, 44.63196950305049
EONET_9306,Wildfire in The Democratic Republic of Congo 1020512,,Wildfires,21.460202922831336  -6.312127063504686,7/22/24,19:00:00,19,21.460202922831336, -6.312127063504686
EONET_9307,Wildfire in The Democratic Republic of Congo 1020510,,Wildfires,18.579369357951542  -5.379761401326871,7/22/24,19:00:00,19,18.579369357951542, -5.379761401326871
EONET_9308,Wildfire in Canada 1020511,,Wildfires,-116.17151132832649  64.49144148683881,7/22/24,19:00:00,20,-116.17151132832649, 64.49144148683881
EONET_9309,Wildfire in Bolivia 1020587,,Wildfires,-77.74623266,7/22/24,19:00:00,#VALUE!,#VALUE!,#VALUE!
EONET_9310,Wildfire in The Democratic Republic of Congo 1020561,,Wildfires,21.32701183850112  -6.264994328304675,7/22/24,19:00:00,18,21.32701183850112, -6.264994328304675
EONET_9311,Wildfire in Brazil 1020585,,Wildfires,-67.54910246,7/22/24,19:00:00,#VALUE!,#VALUE!,#VALUE!
EONET_9372,Wildfire in The Democratic Republic of Congo 1020615,,Wildfires,22.72511049152626  -4.9921064630613206,7/22/24,19:00:00,18,22.72511049152626, -4.9921064630613206
EONET_9373,Wildfire in The Democratic Republic of Congo 1020616,,Wildfires,21.66267959411624  -6.082318743974825,7/22/24,19:00:00,18,21.66267959411624, -6.082318743974825
EONET_9374,Wildfire in Russian Federation 1020637,,Wildfires,115.83035799418141  54.59138951021414,7/22/24,19:00:00,19,115.83035799418141, 54.59138951021414
EONET_9375,Wildfire in Bolivia 1020626,,Wildfires,-79.08859188,7/22/24,19:00:00,#VALUE!,#VALUE!,#VALUE!
EONET_9407,Wildfire in Angola 1020657,,Wildfires,16.00109933394245  -11.200645541405386,7/22/24,19:00:00,18,16.00109933394245, -11.200645541405386
EONET_9408,Wildfire in The Democratic Republic of Congo 1020658,,Wildfires,19.942767694480438  -5.279639109866995,7/22/24,19:00:00,19,19.942767694480438, -5.279639109866995
EONET_9437,Wildfire in The Democratic Republic of Congo 1020681,,Wildfires,18.36863914014536  -4.306895854030705,7/22/24,19:00:00,18,18.36863914014536, -4.306895854030705
EONET_9438,Wildfire in Bolivia 1020692,,Wildfires,-76.01633063,7/22/24,19:00:00,#VALUE!,#VALUE!,#VALUE!
EONET_9439,Wildfire in The Democratic Republic of Congo 1020682,,Wildfires,19.097059585481237  -4.835725124004285,7/22/24,19:00:00,19,19.097059585481237, -4.835725124004285
EONET_9478,Wildfire in The Democratic Republic of Congo 1020731,,Wildfires,21.008098212733337  -6.100264847793813,7/22/24,19:00:00,19,21.008098212733337, -6.100264847793813
EONET_9479,Wildfire in The Democratic Republic of Congo 1020736,,Wildfires,19.27598975684762  -4.577535200128537,7/22/24,19:00:00,18,19.27598975684762, -4.577535200128537
EONET_9528,Wildfire in Bolivia 1020768,,Wildfires,-77.77015143,7/22/24,19:00:00,#VALUE!,#VALUE!,#VALUE!
EONET_9529,Wildfire in Bolivia 1020769,,Wildfires,-76.9408572,7/22/24,19:00:00,#VALUE!,#VALUE!,#VALUE!
EONET_9530,Wildfire in Bolivia 1020772,,Wildfires,-79.0867373,7/22/24,19:00:00,#VALUE!,#VALUE!,#VALUE!
EONET_9531,Wildfire in The Democratic Republic of Congo 1020755,,Wildfires,18.596679053399118  -4.991031792227024,7/22/24,19:00:00,19,18.596679053399118, -4.991031792227024
EONET_9675,Wildfire in The Democratic Republic of Congo 1020943,,Wildfires,19.886702955327998  -5.323591466807047,7/22/24,19:00:00,19,19.886702955327998, -5.323591466807047
EONET_9676,Wildfire in The Democratic Republic of Congo 1020944,,Wildfires,19.723291141162065  -4.832137363133083,7/22/24,19:00:00,19,19.723291141162065, -4.832137363133083
EONET_9677,Wildfire in The Democratic Republic of Congo 1020819,,Wildfires,22.464305072157764  -3.5024279790221406,7/22/24,19:00:00,19,22.464305072157764, -3.5024279790221406
EONET_9021,BIG HORN Wildfire  Klickitat  Washington,7 miles SE of Bickleton Washington  and 7 miles N of Roosevelt  WA.,Wildfires,-120.239  45.90395,7/22/24,17:53:00,9,-120.239, 45.90395
EONET_9051,MILL Wildfire  Plumas  California,,Wildfires,-120.522799  39.740583,7/22/24,17:40:00,12,-120.522799, 39.740583
EONET_9016,Sinnott Wildfire  Southeast Fairbanks  Alaska,4 miles northwest of Eagle  Alaska,Wildfires,-141.292  64.843833,7/22/24,16:57:00,9,-141.292, 64.843833
EONET_9031,Telephone Wildfire  Harney  Oregon,16 miles NE of Burns  OR,Wildfires,-118.8617  43.757717,7/22/24,16:39:00,10,-118.8617, 43.757717
EONET_9050,0502 PR DURGAN Wildfire  Crook  Oregon,8 miles NE of Paulina  OR,Wildfires,-119.868867  44.207283,7/22/24,16:38:00,12,-119.868867, 44.207283
EONET_9055,Windy Mesa Wildfire  Mohave  Arizona,Neale Mesa 8 miles east of Wikieup  AZ,Wildfires,-113.463667  34.694333,7/22/24,16:10:00,12,-113.463667, 34.694333
EONET_9036,CRAZY CREEK Wildfire  Crook  Oregon,16 N. of Paulina  OR,Wildfires,-120.030697  44.357962,7/22/24,16:08:00,12,-120.030697, 44.357962
EONET_9041,Coffee Pot Wildfire  Lane  Oregon,10 miles Southeast of Oakridge  OR,Wildfires,-122.419667  43.615117,7/21/24,20:12:00,12,-122.419667, 43.615117
EONET_8875,COURTROCK Wildfire  Grant  Oregon,7.1 Miles S of Monument  Oregon,Wildfires,-119.398688  44.717345,7/21/24,19:15:00,12,-119.398688, 44.717345
EONET_8977,Wildfire in Angola 1020342,,Wildfires,19.39080713068103  -10.726767870487905,7/21/24,19:00:00,18,19.39080713068103, -10.726767870487905
EONET_9002,Wildfire in Russian Federation 1020371,,Wildfires,116.11001937832864  53.83362942338417,7/21/24,19:00:00,19,116.11001937832864, 53.83362942338417
EONET_9074,Wildfire in Russian Federation 1020393,,Wildfires,116.60736492633411  54.4569045302785,7/21/24,19:00:00,19,116.60736492633411, 54.4569045302785
EONET_9075,Wildfire in Russian Federation 1020389,,Wildfires,116.13087145982603  53.7835848113134,7/21/24,19:00:00,19,116.13087145982603, 53.7835848113134
EONET_9090,Wildfire in Russian Federation 1020409,,Wildfires,118.77169882477293  54.05510694459441,7/21/24,19:00:00,19,118.77169882477293, 54.05510694459441
EONET_9091,Wildfire in Brazil 1020400,,Wildfires,-75.13544525,7/21/24,19:00:00,#VALUE!,#VALUE!,#VALUE!
EONET_9140,Wildfire in Brazil 1020415,,Wildfires,-66.18220198,7/21/24,19:00:00,#VALUE!,#VALUE!,#VALUE!
EONET_9182,Wildfire in Russian Federation 1020451,,Wildfires,117.4364644037397  53.312834970927,7/21/24,19:00:00,18,117.4364644037397, 53.312834970927
EONET_9183,Wildfire in The Democratic Republic of Congo 1020450,,Wildfires,21.661653842024574  -6.225781851335324,7/21/24,19:00:00,19,21.661653842024574, -6.225781851335324
EONET_9312,Wildfire in Tanzania 1020514,,Wildfires,37.82151335641269  -7.622666370794741,7/21/24,19:00:00,18,37.82151335641269, -7.622666370794741
EONET_9313,Wildfire in Angola 1020515,,Wildfires,17.91840381589936  -16.237482641154248,7/21/24,19:00:00,18,17.91840381589936, -16.237482641154248
EONET_9314,Wildfire in Russian Federation 1020513,,Wildfires,134.18624570331903  68.4848213593746,7/21/24,19:00:00,19,134.18624570331903, 68.4848213593746
EONET_9315,Wildfire in The Democratic Republic of Congo 1020516,,Wildfires,21.712816042548216  -5.895746846090797,7/21/24,19:00:00,19,21.712816042548216, -5.895746846090797
EONET_9409,Wildfire in The Democratic Republic of Congo 1020660,,Wildfires,22.718808476175134  -4.99774352514393,7/21/24,19:00:00,19,22.718808476175134, -4.99774352514393
EONET_9410,Wildfire in The Democratic Republic of Congo 1020659,,Wildfires,18.68516499706688  -5.059663918875063,7/21/24,19:00:00,18,18.68516499706688, -5.059663918875063
EONET_9411,Wildfire in Brazil 1020673,,Wildfires,-59.4114861,7/21/24,19:00:00,#VALUE!,#VALUE!,#VALUE!
EONET_9440,Wildfire in The Democratic Republic of Congo 1020683,,Wildfires,21.89966918236664  -6.257589853648259,7/21/24,19:00:00,18,21.89966918236664, -6.257589853648259
EONET_9441,Wildfire in Brazil 1020698,,Wildfires,-59.43719577,7/21/24,19:00:00,#VALUE!,#VALUE!,#VALUE!
EONET_9480,Wildfire in The Democratic Republic of Congo 1020718,,Wildfires,21.91373077604421  -5.057579269338254,7/21/24,19:00:00,18,21.91373077604421, -5.057579269338254
EONET_9481,Wildfire in The Democratic Republic of Congo 1020737,,Wildfires,21.58092195595726  -6.713306315645832,7/21/24,19:00:00,18,21.58092195595726, -6.713306315645832
EONET_9532,Wildfire in The Democratic Republic of Congo 1020756,,Wildfires,19.064960612937956  -5.062305279688521,7/21/24,19:00:00,19,19.064960612937956, -5.062305279688521
EONET_8872,HAWARDEN Wildfire  Riverside  California,Mary Street X Hawarden Street   Community of Riverside City,Wildfires,-117.380055  33.925663,7/21/24,17:21:00,12,-117.380055, 33.925663
EONET_9100,No Man Wildfire  Lane  Oregon,,Wildfires,-122.732023  43.459138,7/21/24,17:12:00,12,-122.732023, 43.459138
EONET_8896,Presto Trail Wildfire  Bingham  Idaho,10 miles SE of Firth  ID.,Wildfires,-112.091532  43.262644,7/21/24,16:54:00,12,-112.091532, 43.262644
EONET_8882,Rock Wildfire  Gila  Arizona,Warm Springs 20 miles Northeast of San Carlos,Wildfires,-110.270333  33.449417,7/21/24,15:28:00,12,-110.270333, 33.449417
EONET_9059,Allen Trap Wildfire  Gila  Arizona,25 miles Northeast of San Carlos,Wildfires,-110.203333  33.467083,7/21/24,13:48:00,12,-110.203333, 33.467083
EONET_9061,DAVIN ROAD Wildfire  Franklin  Washington,,Wildfires,-118.315995  46.628423,7/21/24,12:43:00,12,-118.315995, 46.628423
EONET_9118,Potter Wildfire  Douglas  Oregon,,Wildfires,-122.305899  43.36178,7/20/24,23:16:00,12,-122.305899, 43.36178
EONET_8851,Wildfire in Australia 1020273,,Wildfires,142.89211615107652  -12.6088971524413,7/20/24,19:00:00,19,142.89211615107652, -12.6088971524413
EONET_8943,Wildfire in Canada 1020303,,Wildfires,-121.38851899824196  53.008299544049066,7/20/24,19:00:00,20,-121.38851899824196, 53.008299544049066
EONET_8944,Wildfire in Canada 1020304,,Wildfires,-120.42362850274303  52.21118547084039,7/20/24,19:00:00,20,-120.42362850274303, 52.21118547084039
EONET_8945,Wildfire in Australia 1020332,,Wildfires,130.83301658047276  -12.9890331061919,7/20/24,19:00:00,19,130.83301658047276, -12.9890331061919
EONET_9003,Wildfire in Russian Federation 1020372,,Wildfires,115.52060849505861  53.85122492362315,7/20/24,19:00:00,19,115.52060849505861, 53.85122492362315
EONET_9004,Wildfire in Russian Federation 1020365,,Wildfires,118.06342757249973  59.46693753519946,7/20/24,19:00:00,19,118.06342757249973, 59.46693753519946
EONET_9076,Wildfire in Russian Federation 1020385,,Wildfires,135.56162780137504  69.32380100218404,7/20/24,19:00:00,19,135.56162780137504, 69.32380100218404
EONET_9077,Wildfire in Zambia 1020386,,Wildfires,28.60219381829768  -10.857780434311927,7/20/24,19:00:00,18,28.60219381829768, -10.857780434311927
EONET_9092,Wildfire in Russian Federation 1020406,,Wildfires,126.81208751230982  61.89663456309055,7/20/24,19:00:00,19,126.81208751230982, 61.89663456309055
EONET_9093,Wildfire in Russian Federation 1020401,,Wildfires,116.70723241268932  53.33726315294482,7/20/24,19:00:00,19,116.70723241268932, 53.33726315294482
EONET_9184,Wildfire in Russian Federation 1020452,,Wildfires,115.67100148004609  53.43112322030572,7/20/24,19:00:00,19,115.67100148004609, 53.43112322030572
EONET_9185,Wildfire in Russian Federation 1020453,,Wildfires,116.5072705930831  53.28360617156987,7/20/24,19:00:00,18,116.5072705930831, 53.28360617156987
EONET_9186,Wildfire in Angola 1020454,,Wildfires,16.258033082499516  -16.083286908418646,7/20/24,19:00:00,19,16.258033082499516, -16.083286908418646
EONET_9316,Wildfire in Angola 1020568,,Wildfires,16.810848880785777  -17.16629155720328,7/20/24,19:00:00,19,16.810848880785777, -17.16629155720328
EONET_9317,Wildfire in Brazil 1020567,,Wildfires,-77.83401516,7/20/24,19:00:00,#VALUE!,#VALUE!,#VALUE!
EONET_9318,Wildfire in Angola 1020564,,Wildfires,15.641365364166726  -15.25051535236975,7/20/24,19:00:00,19,15.641365364166726, -15.25051535236975
EONET_9319,Wildfire in Tanzania 1020517,,Wildfires,34.70059138876921  -7.211230596096985,7/20/24,19:00:00,18,34.70059138876921, -7.211230596096985
EONET_9376,Wildfire in The Democratic Republic of Congo 1020617,,Wildfires,27.723118848392573  -11.948124395624342,7/20/24,19:00:00,19,27.723118848392573, -11.948124395624342
EONET_9377,Wildfire in Brazil 1020629,,Wildfires,-75.31245792,7/20/24,19:00:00,#VALUE!,#VALUE!,#VALUE!
EONET_9412,Wildfire in The Democratic Republic of Congo 1020661,,Wildfires,21.029842076548178  -6.1950216549430985,7/20/24,19:00:00,19,21.029842076548178, -6.1950216549430985
EONET_9533,Wildfire in Bolivia 1020780,,Wildfires,-78.10830655,7/20/24,19:00:00,#VALUE!,#VALUE!,#VALUE!
EONET_9534,Wildfire in Brazil 1020781,,Wildfires,-64.02763569,7/20/24,19:00:00,#VALUE!,#VALUE!,#VALUE!
EONET_9119,WHISKY CREEK Wildfire  Hood River  Oregon,East fork of Herman Creek  6 miles SE of Cascade Locks OR,Wildfires,-121.797121  45.64002,7/20/24,17:16:00,12,-121.797121, 45.64002
EONET_8904,Otter Creek/Bass Lake RX Wildfire  Benzie  Michigan,,Wildfires,-86.0737  44.735,7/20/24,11:51:00,9,-86.0737, 44.735
EONET_9220,CLEARWATER Wildfire  Park  Wyoming,30 MILES WEST OF CODY,Wildfires,-109.6733  44.447517,7/19/24,19:55:00,10,-109.6733, 44.447517
EONET_8920,Wildfire in Russian Federation 1020294,,Wildfires,124.28270445419352  62.589254737290766,7/19/24,19:00:00,19,124.28270445419352, 62.589254737290766
EONET_8921,Wildfire in Australia 1020295,,Wildfires,128.78548067688985  -15.365727546488937,7/19/24,19:00:00,19,128.78548067688985, -15.365727546488937
EONET_8922,Wildfire in Australia 1020296,,Wildfires,127.39585394756958  -18.407444138818782,7/19/24,19:00:00,19,127.39585394756958, -18.407444138818782
EONET_8923,Wildfire in Bolivia 1020297,,Wildfires,-77.84983125,7/19/24,19:00:00,#VALUE!,#VALUE!,#VALUE!
EONET_8946,Wildfire in Canada 1020318,,Wildfires,-125.22384616829524  53.126810880400235,7/19/24,19:00:00,20,-125.22384616829524, 53.126810880400235
EONET_8947,Wildfire in Russian Federation 1020319,,Wildfires,120.63252260317051  60.946501896826135,7/19/24,19:00:00,19,120.63252260317051, 60.946501896826135
EONET_8948,Wildfire in Canada 1020305,,Wildfires,-125.98752017569352  53.396070419520676,7/19/24,19:00:00,20,-125.98752017569352, 53.396070419520676
EONET_8949,Wildfire in Canada 1020306,,Wildfires,-126.28313489337296  53.62881534741154,7/19/24,19:00:00,20,-126.28313489337296, 53.62881534741154
EONET_8978,Wildfire in Bolivia 1020347,,Wildfires,-75.86512089,7/19/24,19:00:00,#VALUE!,#VALUE!,#VALUE!
EONET_8979,Wildfire in Russian Federation 1020343,,Wildfires,121.89283607687385  62.71437140376081,7/19/24,19:00:00,19,121.89283607687385, 62.71437140376081
EONET_8980,Wildfire in Russian Federation 1020355,,Wildfires,120.01791717275175  62.70816497302331,7/19/24,19:00:00,19,120.01791717275175, 62.70816497302331
EONET_8981,Wildfire in Australia 1020357,,Wildfires,130.11235197420353  -14.6070121809924,7/19/24,19:00:00,19,130.11235197420353, -14.6070121809924
EONET_8982,Wildfire in Russian Federation 1020358,,Wildfires,133.6894672762129  68.48711714933135,7/19/24,19:00:00,18,133.6894672762129, 68.48711714933135
EONET_9005,Wildfire in Canada 1020366,,Wildfires,-99.94507775753391  55.76809878969373,7/19/24,19:00:00,19,-99.94507775753391, 55.76809878969373
EONET_9006,Wildfire in Russian Federation 1020367,,Wildfires,118.77145140942176  60.170405584601035,7/19/24,19:00:00,19,118.77145140942176, 60.170405584601035
EONET_9007,Wildfire in Russian Federation 1020370,,Wildfires,116.86593632685722  53.44017326808019,7/19/24,19:00:00,19,116.86593632685722, 53.44017326808019
EONET_9065,Wildfire in Russian Federation 1020376,,Wildfires,118.90821242328303  59.98853822831265,7/19/24,19:00:00,19,118.90821242328303, 59.98853822831265
EONET_9078,Wildfire in Brazil 1020390,,Wildfires,-66.23304027,7/19/24,19:00:00,#VALUE!,#VALUE!,#VALUE!
EONET_9079,Wildfire in Russian Federation 1020391,,Wildfires,121.99338821239897  61.02824355434679,7/19/24,19:00:00,19,121.99338821239897, 61.02824355434679
EONET_9086,Wildfire in Canada 1020397,,Wildfires,-125.11179265280538  65.4513132123103,7/19/24,19:00:00,20,-125.11179265280538, 65.4513132123103
EONET_9087,Wildfire in Russian Federation 1020396,,Wildfires,121.0869868744943  60.836602456760694,7/19/24,19:00:00,18,121.0869868744943, 60.836602456760694
EONET_9094,Wildfire in Angola 1020402,,Wildfires,18.680508148026675  -9.622233782142752,7/19/24,19:00:00,19,18.680508148026675, -9.622233782142752
EONET_9141,Wildfire in The Democratic Republic of Congo 1020412,,Wildfires,24.150712798309616  -4.7933198129398,7/19/24,19:00:00,19,24.150712798309616, -4.7933198129398
EONET_9187,Wildfire in Russian Federation 1020455,,Wildfires,135.0776447819887  69.37135335008946,7/19/24,19:00:00,18,135.0776447819887, 69.37135335008946
EONET_9188,Wildfire in Canada 1020456,,Wildfires,-94.31618384032545  54.2842766734502,7/19/24,19:00:00,19,-94.31618384032545, 54.2842766734502
EONET_9189,Wildfire in Bolivia 1020469,,Wildfires,-80.52127966,7/19/24,19:00:00,#VALUE!,#VALUE!,#VALUE!
EONET_9320,Wildfire in The Democratic Republic of Congo 1020569,,Wildfires,21.94027324121697  -5.156791368723252,7/19/24,19:00:00,18,21.94027324121697, -5.156791368723252
EONET_9321,Wildfire in Mozambique 1020574,,Wildfires,38.669296802260234  -13.177046035450415,7/19/24,19:00:00,19,38.669296802260234, -13.177046035450415
EONET_9322,Wildfire in The Democratic Republic of Congo 1020520,,Wildfires,19.35982967624709  -4.666363437363119,7/19/24,19:00:00,18,19.35982967624709, -4.666363437363119
EONET_9323,Wildfire in Russian Federation 1020586,,Wildfires,120.58152161177743  61.260167562955544,7/19/24,19:00:00,19,120.58152161177743, 61.260167562955544
EONET_9324,Wildfire in Canada 1020601,,Wildfires,-100.83151822808969  55.68170228875277,7/19/24,19:00:00,20,-100.83151822808969, 55.68170228875277
EONET_9325,Wildfire in Mozambique 1020570,,Wildfires,37.719796041757355  -14.61030588038845,7/19/24,19:00:00,19,37.719796041757355, -14.61030588038845
EONET_9326,Wildfire in Angola 1020572,,Wildfires,16.290937359048225  -10.620460464315707,7/19/24,19:00:00,19,16.290937359048225, -10.620460464315707
EONET_9327,Wildfire in The Democratic Republic of Congo 1020521,,Wildfires,22.778478518018723  -4.020456314720096,7/19/24,19:00:00,19,22.778478518018723, -4.020456314720096
EONET_9378,Wildfire in Bolivia 1020638,,Wildfires,-76.8801653,7/19/24,19:00:00,#VALUE!,#VALUE!,#VALUE!
EONET_9413,Wildfire in Bolivia 1020674,,Wildfires,-79.07409231,7/19/24,19:00:00,#VALUE!,#VALUE!,#VALUE!
EONET_9535,Wildfire in Russian Federation 1020782,,Wildfires,134.723326696972  68.31760805762133,7/19/24,19:00:00,17,134.723326696972, 68.31760805762133
EONET_9536,Wildfire in The Democratic Republic of Congo 1020783,,Wildfires,21.888758884599618  -5.080920898603866,7/19/24,19:00:00,19,21.888758884599618, -5.080920898603866
EONET_8898,Bridge Creek Wildfire  Ferry  Washington,North of Bridge Creek  East of Elbow River,Wildfires,-118.682899  48.254856,7/19/24,17:59:00,12,-118.682899, 48.254856
EONET_9039,Homestead Complex Wildfire  Lane  Oregon,Thirty miles Northeast of Glide Oregon,Wildfires,-122.614043  43.463055,7/19/24,16:56:00,12,-122.614043, 43.463055
EONET_9042,Clark 900 Wildfire  Lane  Oregon,37 miles northeast of Roseburg  OR,Wildfires,-122.7617142  43.57076504,7/19/24,16:22:00,13,-122.7617142, 43.57076504
EONET_8910,Kekaha Fire Wildfire  Kauai  Hawaii,,Wildfires,-159.7066  21.9932,7/19/24,16:17:00,10,-159.7066, 21.9932
EONET_9113,Mineral Wildfire  Lane  Oregon,Approximately 7 miles southeast of Dorena  Oregon,Wildfires,-122.732656  43.590411,7/19/24,13:37:00,12,-122.732656, 43.590411
EONET_8887,Diamond Complex Wildfire  Douglas  Oregon,18 miles SW of Chemult  OR.,Wildfires,-122.284568  43.261812,7/19/24,11:45:00,12,-122.284568, 43.261812
EONET_8885,Pine Bench Wildfire  Douglas  Oregon,,Wildfires,-122.528034  43.307073,7/18/24,23:43:00,12,-122.528034, 43.307073
EONET_8879,Monkey Creek Wildfire  Morrow  Oregon,13 miles SW Ukiah  OR,Wildfires,-119.193451  45.017663,7/18/24,19:30:00,12,-119.193451, 45.017663
EONET_8821,Wildfire in The Democratic Republic of Congo 1020241,,Wildfires,26.762189969751322  -6.019036523061417,7/18/24,19:00:00,19,26.762189969751322, -6.019036523061417
EONET_8822,Wildfire in Australia 1020252,,Wildfires,142.1391861872288  -12.949931316595071,7/18/24,19:00:00,18,142.1391861872288, -12.949931316595071
EONET_8852,Wildfire in Australia 1020274,,Wildfires,142.56023930905414  -13.017535491052804,7/18/24,19:00:00,19,142.56023930905414, -13.017535491052804
EONET_8853,Wildfire in Canada 1020263,,Wildfires,-110.24621082609636  59.22685063211545,7/18/24,19:00:00,20,-110.24621082609636, 59.22685063211545
EONET_8924,Wildfire in Canada 1020282,,Wildfires,-115.79542244462142  57.315636839126036,7/18/24,19:00:00,20,-115.79542244462142, 57.315636839126036
EONET_8925,Wildfire in Angola 1020283,,Wildfires,22.182870032836764  -10.30003666142696,7/18/24,19:00:00,19,22.182870032836764, -10.30003666142696
EONET_8926,Wildfire in United States 1020281,,Wildfires,-119.22437793200537  44.969233706889,7/18/24,19:00:00,20,-119.22437793200537, 44.969233706889
EONET_8927,Wildfire in Russian Federation 1020298,,Wildfires,122.90264174477946  63.209746014067555,7/18/24,19:00:00,19,122.90264174477946, 63.209746014067555
EONET_8928,Wildfire in Russian Federation 1020299,,Wildfires,133.9434422025092  66.87072699373824,7/18/24,19:00:00,18,133.9434422025092, 66.87072699373824
EONET_8929,Wildfire in Australia 1020287,,Wildfires,144.575069865639  -15.864924659314111,7/18/24,19:00:00,17,144.575069865639, -15.864924659314111
EONET_8950,Wildfire in Russian Federation 1020320,,Wildfires,146.13152883144352  68.44142284063776,7/18/24,19:00:00,19,146.13152883144352, 68.44142284063776
EONET_8951,Wildfire in Russian Federation 1020321,,Wildfires,116.41745630287133  53.08609727504358,7/18/24,19:00:00,19,116.41745630287133, 53.08609727504358
EONET_8983,Wildfire in Australia 1020359,,Wildfires,144.35485954122478  -15.750480431438088,7/18/24,19:00:00,19,144.35485954122478, -15.750480431438088
EONET_8984,Wildfire in Australia 1020360,,Wildfires,144.55018778601618  -15.848593929384695,7/18/24,19:00:00,19,144.55018778601618, -15.848593929384695
EONET_8985,Wildfire in Bolivia 1020348,,Wildfires,-77.64867715,7/18/24,19:00:00,#VALUE!,#VALUE!,#VALUE!
EONET_8986,Wildfire in United States 1020337,,Wildfires,-118.76731450132844  47.980733060461176,7/18/24,19:00:00,20,-118.76731450132844, 47.980733060461176
EONET_9008,Wildfire in Canada 1020363,,Wildfires,-115.74742085134973  57.32828363567954,7/18/24,19:00:00,20,-115.74742085134973, 57.32828363567954
EONET_9066,Wildfire in The Democratic Republic of Congo 1020377,,Wildfires,22.862231247580045  -5.27493849984807,7/18/24,19:00:00,19,22.862231247580045, -5.27493849984807
EONET_9067,Wildfire in Australia 1020378,,Wildfires,127.96921888937295  -17.6407927022509,7/18/24,19:00:00,19,127.96921888937295, -17.6407927022509
EONET_9080,Wildfire in Russian Federation 1020387,,Wildfires,108.21826499747534  57.4332732760772,7/18/24,19:00:00,19,108.21826499747534, 57.4332732760772
EONET_9095,Wildfire in Bolivia 1020403,,Wildfires,-79.53888492,7/18/24,19:00:00,#VALUE!,#VALUE!,#VALUE!
EONET_9142,Wildfire in Brazil 1020413,,Wildfires,-74.68424733,7/18/24,19:00:00,#VALUE!,#VALUE!,#VALUE!
EONET_9190,Wildfire in Brazil 1020457,,Wildfires,-74.63448988,7/18/24,19:00:00,#VALUE!,#VALUE!,#VALUE!
EONET_9191,Wildfire in The Democratic Republic of Congo 1020458,,Wildfires,21.54183546111677  -5.115760195679467,7/18/24,19:00:00,18,21.54183546111677, -5.115760195679467
EONET_9192,Wildfire in The Democratic Republic of Congo 1020459,,Wildfires,21.762506431032932  -6.193865373475022,7/18/24,19:00:00,19,21.762506431032932, -6.193865373475022
EONET_9193,Wildfire in The Democratic Republic of Congo 1020460,,Wildfires,21.614871896934435  -6.50669088471639,7/18/24,19:00:00,19,21.614871896934435, -6.50669088471639
EONET_9328,Wildfire in Namibia 1020528,,Wildfires,20.390277352281792  -18.52839817107687,7/18/24,19:00:00,19,20.390277352281792, -18.52839817107687
EONET_9329,Wildfire in The Democratic Republic of Congo 1020524,,Wildfires,21.224505669145294  -6.062830813711843,7/18/24,19:00:00,19,21.224505669145294, -6.062830813711843
EONET_9330,Wildfire in The Democratic Republic of Congo 1020577,,Wildfires,20.75567462734516  -6.036184157016015,7/18/24,19:00:00,18,20.75567462734516, -6.036184157016015
EONET_9331,Wildfire in The Democratic Republic of Congo 1020522,,Wildfires,22.9372385884752  -6.016868533425331,7/18/24,19:00:00,17,22.9372385884752, -6.016868533425331
EONET_9332,Wildfire in The Democratic Republic of Congo 1020523,,Wildfires,22.99920956428668  -6.122566591689288,7/18/24,19:00:00,18,22.99920956428668, -6.122566591689288
EONET_9333,Wildfire in Zambia 1020526,,Wildfires,28.588913289676142  -11.4877424893342,7/18/24,19:00:00,19,28.588913289676142, -11.4877424893342
EONET_9334,Wildfire in The Democratic Republic of Congo 1020527,,Wildfires,21.35087631054891  -6.089836268088156,7/18/24,19:00:00,18,21.35087631054891, -6.089836268088156
EONET_9335,Wildfire in The Democratic Republic of Congo 1020529,,Wildfires,21.18763189348562  -6.1621662171339615,7/18/24,19:00:00,18,21.18763189348562, -6.1621662171339615
EONET_9336,Wildfire in The Democratic Republic of Congo 1020575,,Wildfires,24.183103585585084  -4.730811229296121,7/18/24,19:00:00,19,24.183103585585084, -4.730811229296121
EONET_9414,Wildfire in Canada 1020639,,Wildfires,-117.37032131255603  49.87692643364537,7/18/24,19:00:00,20,-117.37032131255603, 49.87692643364537
EONET_9537,Wildfire in Brazil 1020784,,Wildfires,-74.28664533,7/18/24,19:00:00,#VALUE!,#VALUE!,#VALUE!
EONET_8883,Miners Wildfire  Snohomish  Washington,1000 feet below Miner&#039;s Ridge Lookout in Glacier Peak Wilderness,Wildfires,-121.026784  48.186276,7/18/24,18:31:00,12,-121.026784, 48.186276
EONET_9101,Adam Mountain Wildfire  Lane  Oregon,Approximately 10 miles southeast of Dorena  Oregon Approximately 10 miles southeast of Dorena  Oregon,Wildfires,-122.727517  43.61765,7/18/24,15:35:00,12,-122.727517, 43.61765
EONET_9205,Horse Heaven Wildfire  Lane  Oregon,,Wildfires,-122.598269  43.5349,7/18/24,15:03:00,12,-122.598269, 43.5349
EONET_9122,Tanques Wildfire  Rio Arriba  New Mexico,Approximately 27 nautical miles north of Cuba  NM Approximately 27 nautical miles north of Cuba  NM,Wildfires,-106.936867  36.406883,7/18/24,14:07:00,12,-106.936867, 36.406883
EONET_8907,OCF CPT 60 Hopkins Rx 0718 Wildfire  Marion  Florida,,Wildfires,-81.7072  29.276333,7/18/24,7:40:00,9,-81.7072, 29.276333
EONET_8894,Swawilla I Wildfire  Ferry  Washington,North of Columbia River  East of Swawilla Basin Road  West of Hwy 21,Wildfires,-118.778334  47.945833,7/18/24,1:08:00,12,-118.778334, 47.945833
EONET_8881,Battle Mountain Complex Wildfire  Umatilla  Oregon,West of Ukiah  OR,Wildfires,-119.043789  45.177161,7/18/24,1:00:00,12,-119.043789, 45.177161
EONET_9112,EASY Wildfire  Skagit  Washington,North Cascades Hwy 20 Corridor  17 miles west of Mazama  WA,Wildfires,-120.790217  48.597033,7/18/24,0:24:00,12,-120.790217, 48.597033
EONET_8888,Chalk MF Wildfire  Lane  Oregon,North of Oakridge on the North Fork of the Middle Fork of the Willamette River,Wildfires,-122.431  43.887333,7/17/24,21:47:00,9,-122.431, 43.887333
EONET_8912,ROBERSON DR (22) Wildfire  Glades  Florida,APPROXIMATELY 2.38 MILES FROM THE BRIGHTON RESERVATION,Wildfires,-81.0066667  27.0227778,7/17/24,21:33:00,12,-81.0066667, 27.0227778
EONET_8880,Snake Wildfire  Umatilla  Oregon,6 miles SW Ukiah  OR,Wildfires,-119.010917  45.055783,7/17/24,21:18:00,12,-119.010917, 45.055783
EONET_8889,Pyramid SRZ Wildfire  Linn  Oregon,East of the Middle Santiam Wilderness,Wildfires,-122.159556  44.4915,7/17/24,21:14:00,12,-122.159556, 44.4915
EONET_8780,Jack Canyon Mutual Aid Wildfire  Umatilla  Oregon,,Wildfires,-118.925467  45.452117,7/17/24,20:29:00,12,-118.925467, 45.452117
EONET_9027,Lemolo Wildfire  Douglas  Oregon,,Wildfires,-122.176655  43.321441,7/17/24,19:47:00,12,-122.176655, 43.321441
EONET_8878,Boneyard Wildfire  Grant  Oregon,10.4 Miles north of Monument  Oregon,Wildfires,-119.479383  44.964117,7/17/24,19:14:00,12,-119.479383, 44.964117
EONET_8776,NF Owens Wildfire  Umatilla  Oregon,6 miles NW Ukiah  OR,Wildfires,-118.977717  45.190083,7/17/24,19:04:00,12,-118.977717, 45.190083
EONET_8797,Wildfire in Australia 1020211,,Wildfires,135.87152598957013  -12.391804195536993,7/17/24,19:00:00,19,135.87152598957013, -12.391804195536993
EONET_8823,Wildfire in Canada 1020242,,Wildfires,-118.88116138903725  56.73518022270598,7/17/24,19:00:00,20,-118.88116138903725, 56.73518022270598
EONET_8824,Wildfire in Australia 1020253,,Wildfires,132.7097830946617  -12.513923347851028,7/17/24,19:00:00,18,132.7097830946617, -12.513923347851028
EONET_8825,Wildfire in Australia 1020254,,Wildfires,142.3680731771127  -11.93160423968267,7/17/24,19:00:00,18,142.3680731771127, -11.93160423968267
EONET_8826,Wildfire in United States 1020249,,Wildfires,-117.51072349216727  44.51377563560339,7/17/24,19:00:00,20,-117.51072349216727, 44.51377563560339
EONET_8854,Wildfire in United States 1020264,,Wildfires,-119.44766842238954  44.939029437875554,7/17/24,19:00:00,20,-119.44766842238954, 44.939029437875554
EONET_8855,Wildfire in Australia 1020275,,Wildfires,135.42422249954006  -15.240357906061858,7/17/24,19:00:00,19,135.42422249954006, -15.240357906061858
EONET_8856,Wildfire in Australia 1020276,,Wildfires,142.37569570903457  -13.010642928339438,7/17/24,19:00:00,19,142.37569570903457, -13.010642928339438
EONET_8857,Wildfire in Australia 1020277,,Wildfires,142.51785049507458  -12.436222315016463,7/17/24,19:00:00,19,142.51785049507458, -12.436222315016463
EONET_8930,Wildfire in United States 1020284,,Wildfires,-119.02181224971021  45.014960031395745,7/17/24,19:00:00,20,-119.02181224971021, 45.014960031395745
EONET_8931,Wildfire in Brazil 1020288,,Wildfires,-76.48932334,7/17/24,19:00:00,#VALUE!,#VALUE!,#VALUE!
EONET_8932,Wildfire in Brazil 1020289,,Wildfires,-71.60109686,7/17/24,19:00:00,#VALUE!,#VALUE!,#VALUE!
EONET_8933,Wildfire in Canada 1020290,,Wildfires,-110.23442561571628  59.231356067191385,7/17/24,19:00:00,20,-110.23442561571628, 59.231356067191385
EONET_8952,Wildfire in Namibia 1020313,,Wildfires,20.796865676755807  -18.404989928153782,7/17/24,19:00:00,19,20.796865676755807, -18.404989928153782
EONET_8953,Wildfire in Russian Federation 1020322,,Wildfires,114.83093364126002  53.79108280989337,7/17/24,19:00:00,19,114.83093364126002, 53.79108280989337
EONET_8954,Wildfire in Brazil 1020323,,Wildfires,-74.99147113,7/17/24,19:00:00,#VALUE!,#VALUE!,#VALUE!
EONET_8955,Wildfire in Russian Federation 1020330,,Wildfires,145.37670432341068  67.81814167249811,7/17/24,19:00:00,19,145.37670432341068, 67.81814167249811
EONET_8956,Wildfire in Australia 1020333,,Wildfires,131.1040117009866  -13.490715912772933,7/17/24,19:00:00,18,131.1040117009866, -13.490715912772933
EONET_8957,Wildfire in Brazil 1020334,,Wildfires,-59.31123973,7/17/24,19:00:00,#VALUE!,#VALUE!,#VALUE!
EONET_8958,Wildfire in Brazil 1020335,,Wildfires,-55.6192748,7/17/24,19:00:00,#VALUE!,#VALUE!,#VALUE!
EONET_8987,Wildfire in Canada 1020349,,Wildfires,-97.21265772044427  56.20038275943255,7/17/24,19:00:00,19,-97.21265772044427, 56.20038275943255
EONET_9009,Wildfire in Brazil 1020368,,Wildfires,-74.82987682,7/17/24,19:00:00,#VALUE!,#VALUE!,#VALUE!
EONET_9096,Wildfire in Bolivia 1020407,,Wildfires,-77.33480977,7/17/24,19:00:00,#VALUE!,#VALUE!,#VALUE!
EONET_9097,Wildfire in Bolivia 1020410,,Wildfires,-76.53138623,7/17/24,19:00:00,#VALUE!,#VALUE!,#VALUE!
EONET_9194,Wildfire in United States 1020462,,Wildfires,-122.7442428410188  43.572421175774714,7/17/24,19:00:00,19,-122.7442428410188, 43.572421175774714
EONET_9195,Wildfire in The Democratic Republic of Congo 1020463,,Wildfires,19.185555304935015  -4.514440478213921,7/17/24,19:00:00,19,19.185555304935015, -4.514440478213921
EONET_9196,Wildfire in Brazil 1020461,,Wildfires,-76.54662244,7/17/24,19:00:00,#VALUE!,#VALUE!,#VALUE!
EONET_9337,Wildfire in Bolivia 1020531,,Wildfires,-77.62650819,7/17/24,19:00:00,#VALUE!,#VALUE!,#VALUE!
EONET_9338,Wildfire in The Democratic Republic of Congo 1020530,,Wildfires,19.120526219438762  -5.420225851979078,7/17/24,19:00:00,19,19.120526219438762, -5.420225851979078
EONET_9538,Wildfire in United States 1020785,,Wildfires,-122.74532121017828  43.59114990493286,7/17/24,19:00:00,20,-122.74532121017828, 43.59114990493286
EONET_8876,Lane 1 Wildfire  Lane  Oregon,Approximately 15 miles SE of Springfield  OR,Wildfires,-122.7917132  43.6504488,7/17/24,18:21:00,13,-122.7917132, 43.6504488
EONET_9028,Middle Fork Wildfire  Klamath  Oregon,Crater Lake National Park Middle Fork area,Wildfires,-122.232367  43.026833,7/17/24,18:10:00,12,-122.232367, 43.026833
EONET_9014,Jack Saddle Wildfire  Douglas  Oregon,Approximately 10 miles SSE of Dorena  Oregon,Wildfires,-122.748833  43.5395,7/17/24,17:01:00,12,-122.748833, 43.5395
EONET_8900,Ore MR Wildfire  Lane  Oregon,7 Miles NE of Blue River  OR,Wildfires,-122.247917  44.2383,7/17/24,12:55:00,12,-122.247917, 44.2383
EONET_8775,DURKEE Wildfire  Baker  Oregon,1 Mile West of Durkee  OR,Wildfires,-117.477149  44.547644,7/17/24,12:49:00,12,-117.477149, 44.547644
EONET_8886,Trail Wildfire  Douglas  Oregon,Diamond Lake Diamond Lake,Wildfires,-122.126074  43.148289,7/17/24,10:44:00,12,-122.126074, 43.148289
EONET_8779,BAER Silver King Wildfire  Piute  Utah,,Wildfires,-112.373889  38.483611,7/17/24,10:22:00,12,-112.373889, 38.483611
EONET_8790,Whip-poor-will Wildfire  Burlington  New Jersey,Warren Grove Air to Ground Gunnery Range,Wildfires,-74.39522  39.709625,7/17/24,8:36:00,10,-74.39522, 39.709625
EONET_8798,Wildfire in Canada 1020212,,Wildfires,-112.74046861717176  57.168191272377186,7/16/24,19:00:00,20,-112.74046861717176, 57.168191272377186
EONET_8799,Wildfire in Zambia 1020213,,Wildfires,25.987702672159728  -14.205312795827856,7/16/24,19:00:00,19,25.987702672159728, -14.205312795827856
EONET_8827,Wildfire in Canada 1020243,,Wildfires,-121.46897917513412  58.335609574090185,7/16/24,19:00:00,20,-121.46897917513412, 58.335609574090185
EONET_8828,Wildfire in Canada 1020232,,Wildfires,-114.10166926492812  55.5696349318209,7/16/24,19:00:00,20,-114.10166926492812, 55.5696349318209
EONET_8829,Wildfire in Canada 1020233,,Wildfires,-111.20198480000543  55.11279287298475,7/16/24,19:00:00,20,-111.20198480000543, 55.11279287298475
EONET_8830,Wildfire in Canada 1020234,,Wildfires,-113.8996765308788  57.07817278085955,7/16/24,19:00:00,19,-113.8996765308788, 57.07817278085955
EONET_8831,Wildfire in Canada 1020235,,Wildfires,-107.23151472097041  55.3315250256963,7/16/24,19:00:00,20,-107.23151472097041, 55.3315250256963
EONET_8832,Wildfire in Australia 1020255,,Wildfires,142.62858021256548  -11.601012123653712,7/16/24,19:00:00,19,142.62858021256548, -11.601012123653712
EONET_8858,Wildfire in The Democratic Republic of Congo 1020260,,Wildfires,16.741312332726455  -3.881838780782189,7/16/24,19:00:00,19,16.741312332726455, -3.881838780782189
EONET_8859,Wildfire in Brazil 1020278,,Wildfires,-60.51224352,7/16/24,19:00:00,#VALUE!,#VALUE!,#VALUE!
EONET_8860,Wildfire in Congo 1020265,,Wildfires,15.240771456689075  -3.202467363306425,7/16/24,19:00:00,19,15.240771456689075, -3.202467363306425
EONET_8861,Wildfire in Canada 1020266,,Wildfires,-114.19181541406324  58.73988929857201,7/16/24,19:00:00,20,-114.19181541406324, 58.73988929857201
EONET_8934,Wildfire in Russian Federation 1020300,,Wildfires,119.39284554869886  62.597612234248885,7/16/24,19:00:00,19,119.39284554869886, 62.597612234248885
EONET_8959,Wildfire in Tanzania 1020314,,Wildfires,34.40814097757018  -7.43975035215342,7/16/24,19:00:00,18,34.40814097757018, -7.43975035215342
EONET_8960,Wildfire in Canada 1020315,,Wildfires,-120.37467769009488  64.6348919217712,7/16/24,19:00:00,20,-120.37467769009488, 64.6348919217712
EONET_8961,Wildfire in Canada 1020307,,Wildfires,-118.18524004868023  63.19615926416024,7/16/24,19:00:00,20,-118.18524004868023, 63.19615926416024
EONET_8988,Wildfire in The Democratic Republic of Congo 1020356,,Wildfires,27.071793602806906  -8.868323660153862,7/16/24,19:00:00,19,27.071793602806906, -8.868323660153862
EONET_8989,Wildfire in Angola 1020344,,Wildfires,18.755678644897838  -16.658109184404047,7/16/24,19:00:00,19,18.755678644897838, -16.658109184404047
EONET_8990,Wildfire in Canada 1020350,,Wildfires,-107.87412366964357  56.594690321525604,7/16/24,19:00:00,20,-107.87412366964357, 56.594690321525604
EONET_8991,Wildfire in The Democratic Republic of Congo 1020345,,Wildfires,21.883338677272516  -6.450573502397258,7/16/24,19:00:00,19,21.883338677272516, -6.450573502397258
EONET_9010,Wildfire in Canada 1020364,,Wildfires,-115.44377878054999  49.90809225844661,7/16/24,19:00:00,20,-115.44377878054999, 49.90809225844661
EONET_9068,Wildfire in Russian Federation 1020380,,Wildfires,117.75987045604617  60.74659325077286,7/16/24,19:00:00,19,117.75987045604617, 60.74659325077286
EONET_9339,Wildfire in Zambia 1020533,,Wildfires,24.039736069707992  -14.45903974831676,7/16/24,19:00:00,19,24.039736069707992, -14.45903974831676
EONET_9340,Wildfire in Bolivia 1020580,,Wildfires,-78.55100024,7/16/24,19:00:00,#VALUE!,#VALUE!,#VALUE!
EONET_9341,Wildfire in Russian Federation 1020532,,Wildfires,111.8991459596288  58.76595344761209,7/16/24,19:00:00,18,111.8991459596288, 58.76595344761209
EONET_8778,Cougar Creek Wildfire  Asotin  Washington,1 mile west of Hwy 129 and Grand Ronde river intersection,Wildfires,-117.317745  46.038979,7/15/24,22:10:00,12,-117.317745, 46.038979
EONET_8773,Hill Wildfire  Humboldt  California,Fire is established in the Mosquito and Buck Creek Drainages along 5N04 Road,Wildfires,-123.6425  40.7655,7/15/24,21:00:00,10,-123.6425, 40.7655
EONET_8892,LONG Wildfire  Tulare  California,Northeast of Kernville,Wildfires,-118.175333  35.83,7/15/24,20:02:00,12,-118.175333, 35.83
EONET_8777,Texas Wildfire  Latah  Idaho,2 miles East of Kendrick,Wildfires,-116.5925  46.6337,7/15/24,19:29:00,10,-116.5925, 46.6337
EONET_8800,Wildfire in Canada 1020214,,Wildfires,-123.3657296838813  59.470262148611695,7/15/24,19:00:00,19,-123.3657296838813, 59.470262148611695
EONET_8801,Wildfire in Canada 1020208,,Wildfires,-119.84440861191212  60.5401497003653,7/15/24,19:00:00,20,-119.84440861191212, 60.5401497003653
EONET_8802,Wildfire in Australia 1020224,,Wildfires,143.91813969930294  -15.849288250089263,7/15/24,19:00:00,19,143.91813969930294, -15.849288250089263
EONET_8833,Wildfire in Canada 1020244,,Wildfires,-121.61208535159034  59.004808777085714,7/15/24,19:00:00,20,-121.61208535159034, 59.004808777085714
EONET_8834,Wildfire in Canada 1020236,,Wildfires,-121.77903467851907  58.859013897157915,7/15/24,19:00:00,20,-121.77903467851907, 58.859013897157915
EONET_8862,Wildfire in Russian Federation 1020261,,Wildfires,121.71627155411782  63.27684545648328,7/15/24,19:00:00,19,121.71627155411782, 63.27684545648328
EONET_8863,Wildfire in Canada 1020267,,Wildfires,-111.01034566442006  61.14100735635262,7/15/24,19:00:00,20,-111.01034566442006, 61.14100735635262
EONET_8935,Wildfire in Australia 1020301,,Wildfires,129.73039897774316  -14.198519148404763,7/15/24,19:00:00,19,129.73039897774316, -14.198519148404763
EONET_8936,Wildfire in Australia 1020291,,Wildfires,125.25851248139816  -16.19381790232636,7/15/24,19:00:00,19,125.25851248139816, -16.19381790232636
EONET_8962,Wildfire in Canada 1020308,,Wildfires,-108.64211502700952  61.7080992483562,7/15/24,19:00:00,20,-108.64211502700952, 61.7080992483562
EONET_8963,Wildfire in Canada 1020309,,Wildfires,-107.46703536640129  56.47195990093738,7/15/24,19:00:00,20,-107.46703536640129, 56.47195990093738
EONET_8964,Wildfire in Canada 1020310,,Wildfires,-110.7454964105377  61.059635734552344,7/15/24,19:00:00,19,-110.7454964105377, 61.059635734552344
EONET_8965,Wildfire in Brazil 1020324,,Wildfires,-62.30777015,7/15/24,19:00:00,#VALUE!,#VALUE!,#VALUE!
EONET_8966,Wildfire in Australia 1020325,,Wildfires,125.54960824997497  -16.07684220438959,7/15/24,19:00:00,19,125.54960824997497, -16.07684220438959
EONET_8967,Wildfire in Angola 1020316,,Wildfires,17.71846008702517  -11.06217978024403,7/15/24,19:00:00,18,17.71846008702517, -11.06217978024403
EONET_8992,Wildfire in Canada 1020338,,Wildfires,-107.16985502555013  55.668113628408456,7/15/24,19:00:00,20,-107.16985502555013, 55.668113628408456
EONET_8993,Wildfire in United States 1020339,,Wildfires,-117.38540298510198  46.06482870787646,7/15/24,19:00:00,20,-117.38540298510198, 46.06482870787646
EONET_8994,Wildfire in Brazil 1020351,,Wildfires,-62.97367925,7/15/24,19:00:00,#VALUE!,#VALUE!,#VALUE!
EONET_8995,Wildfire in Russian Federation 1020352,,Wildfires,114.59283600383789  53.80017554594418,7/15/24,19:00:00,19,114.59283600383789, 53.80017554594418
EONET_9069,Wildfire in Russian Federation 1020381,,Wildfires,115.27132939856924  54.13723487754439,7/15/24,19:00:00,19,115.27132939856924, 54.13723487754439
EONET_9081,Wildfire in Canada 1020392,,Wildfires,-102.39934626415275  55.8807334210989,7/15/24,19:00:00,20,-102.39934626415275, 55.8807334210989
EONET_9098,Wildfire in Bolivia 1020408,,Wildfires,-77.62935008,7/15/24,19:00:00,#VALUE!,#VALUE!,#VALUE!
EONET_9197,Wildfire in Canada 1020464,,Wildfires,-114.83317272535112  64.01711947036681,7/15/24,19:00:00,20,-114.83317272535112, 64.01711947036681
EONET_8792,WALLACE WALKER Wildfire  Franklin  Washington,,Wildfires,-119.59267  46.796,7/15/24,18:11:00,11,-119.59267, 46.796
EONET_8728,#1 Apex /AZ STATE Wildfire  Coconino  Arizona,,Wildfires,-112.316  35.953,7/15/24,2:05:00,9,-112.316, 35.953
EONET_8774,Miller Peak Wildfire  Missoula  Montana,7 miles Southeast of Missoula  MT.,Wildfires,-113.866333  46.732667,7/14/24,19:15:00,12,-113.866333, 46.732667
EONET_8803,Wildfire in United States 1020215,,Wildfires,-119.78345168571495  45.030646713988816,7/14/24,19:00:00,20,-119.78345168571495, 45.030646713988816
EONET_8804,Wildfire in Canada 1020216,,Wildfires,-117.07101421396496  60.118626682799885,7/14/24,19:00:00,20,-117.07101421396496, 60.118626682799885
EONET_8835,Wildfire in Canada 1020237,,Wildfires,-122.45443687406554  59.228197322073406,7/14/24,19:00:00,20,-122.45443687406554, 59.228197322073406
EONET_8836,Wildfire in Canada 1020245,,Wildfires,-119.25452163639387  59.64302321327168,7/14/24,19:00:00,20,-119.25452163639387, 59.64302321327168
EONET_8837,Wildfire in The Democratic Republic of Congo 1020247,,Wildfires,26.851185864796705  -8.840037538545575,7/14/24,19:00:00,19,26.851185864796705, -8.840037538545575
EONET_8838,Wildfire in Canada 1020238,,Wildfires,-110.07767010458168  61.5674924962732,7/14/24,19:00:00,20,-110.07767010458168, 61.5674924962732
EONET_8839,Wildfire in Angola 1020246,,Wildfires,20.325309073227853  -8.093034943578907,7/14/24,19:00:00,19,20.325309073227853, -8.093034943578907
EONET_8864,Wildfire in Canada 1020262,,Wildfires,-107.57412819766641  56.296199698429156,7/14/24,19:00:00,20,-107.57412819766641, 56.296199698429156
EONET_8865,Wildfire in Australia 1020270,,Wildfires,143.97364716300834  -15.671134726062373,7/14/24,19:00:00,19,143.97364716300834, -15.671134726062373
EONET_8866,Wildfire in Australia 1020271,,Wildfires,125.66903322746539  -16.123577745881477,7/14/24,19:00:00,19,125.66903322746539, -16.123577745881477
EONET_8867,Wildfire in Australia 1020279,,Wildfires,125.02013458311367  -16.138010734384018,7/14/24,19:00:00,19,125.02013458311367, -16.138010734384018
EONET_8868,Wildfire in Brazil 1020280,,Wildfires,-74.8879107,7/14/24,19:00:00,#VALUE!,#VALUE!,#VALUE!
EONET_8937,Wildfire in Zambia 1020286,,Wildfires,25.443642200454622  -15.882144066678494,7/14/24,19:00:00,19,25.443642200454622, -15.882144066678494
EONET_8938,Wildfire in Canada 1020285,,Wildfires,-125.12522790719545  65.33796637923817,7/14/24,19:00:00,20,-125.12522790719545, 65.33796637923817
EONET_8968,Wildfire in Canada 1020311,,Wildfires,-106.21216762349626  57.33264993228416,7/14/24,19:00:00,20,-106.21216762349626, 57.33264993228416
EONET_8969,Wildfire in Bolivia 1020326,,Wildfires,-79.62854966,7/14/24,19:00:00,#VALUE!,#VALUE!,#VALUE!
EONET_8970,Wildfire in Bolivia 1020327,,Wildfires,-78.09697912,7/14/24,19:00:00,#VALUE!,#VALUE!,#VALUE!
EONET_8996,Wildfire in Angola 1020346,,Wildfires,19.188054275596112  -17.404075279954895,7/14/24,19:00:00,19,19.188054275596112, -17.404075279954895
EONET_9011,Wildfire in Russian Federation 1020373,,Wildfires,114.38047053150908  53.63265124836148,7/14/24,19:00:00,19,114.38047053150908, 53.63265124836148
EONET_8731,Prairie Wildfire  Rosebud  Montana,22 miles S of Lame Deer  MT,Wildfires,-106.695601  45.286573,7/14/24,18:37:00,12,-106.695601, 45.286573
EONET_8752,Wallace Draw Wildfire  Converse  Wyoming,,Wildfires,-105.842312  43.238409,7/14/24,11:53:00,12,-105.842312, 43.238409
EONET_8729,0404 RV LONE ROCK Wildfire  Gilliam  Oregon,!0 Miles SE on Condon  OR,Wildfires,-119.9615  45.172083,7/13/24,20:28:00,10,-119.9615, 45.172083
EONET_8805,Wildfire in Canada 1020217,,Wildfires,-113.80821294470172  57.47843831965155,7/13/24,19:00:00,20,-113.80821294470172, 57.47843831965155
EONET_8806,Wildfire in Canada 1020218,,Wildfires,-120.1674722624292  60.562706441520255,7/13/24,19:00:00,19,-120.1674722624292, 60.562706441520255
EONET_8807,Wildfire in Canada 1020209,,Wildfires,-120.78847494542883  58.46435957411563,7/13/24,19:00:00,20,-120.78847494542883, 58.46435957411563
EONET_8808,Wildfire in Bolivia 1020225,,Wildfires,-77.98387017,7/13/24,19:00:00,#VALUE!,#VALUE!,#VALUE!
EONET_8809,Wildfire in Bolivia 1020226,,Wildfires,-79.14241538,7/13/24,19:00:00,#VALUE!,#VALUE!,#VALUE!
EONET_8810,Wildfire in Canada 1020230,,Wildfires,-121.39595576317744  50.531146053964555,7/13/24,19:00:00,20,-121.39595576317744, 50.531146053964555
EONET_8840,Wildfire in Angola  The Democratic Republic of Congo 1020248,,Wildfires,22.13090846248217  -9.943983809291893,7/13/24,19:00:00,18,22.13090846248217, -9.943983809291893
EONET_8841,Wildfire in Russian Federation 1020256,,Wildfires,120.72431721254132  63.24279313074647,7/13/24,19:00:00,19,120.72431721254132, 63.24279313074647
EONET_8971,Wildfire in Australia 1020312,,Wildfires,136.92185769810118  -16.55105826767309,7/13/24,19:00:00,19,136.92185769810118, -16.55105826767309
EONET_8997,Wildfire in Brazil 1020353,,Wildfires,-72.12169966,7/13/24,19:00:00,#VALUE!,#VALUE!,#VALUE!
EONET_8998,Wildfire in Canada 1020340,,Wildfires,-108.7639096534287  56.660942690710655,7/13/24,19:00:00,19,-108.7639096534287, 56.660942690710655
EONET_9012,Wildfire in Canada 1020369,,Wildfires,-102.57257100582872  55.612053504174455,7/13/24,19:00:00,20,-102.57257100582872, 55.612053504174455
EONET_9099,Wildfire in Brazil 1020411,,Wildfires,-75.20835701,7/13/24,19:00:00,#VALUE!,#VALUE!,#VALUE!
EONET_9539,Wildfire in Canada 1020787,,Wildfires,-114.59428830900744  63.981286087766485,7/13/24,19:00:00,20,-114.59428830900744, 63.981286087766485
EONET_8911,RANCHO Wildfire  Kern  California,Southeast of Arvin,Wildfires,-118.7525  35.0591667,7/13/24,17:35:00,10,-118.7525, 35.0591667
EONET_8732,Speirs Wildfire  Daggett  Utah,30 miles north of Vernal 30 miles north of Vernal,Wildfires,-109.436694  40.877667,7/13/24,15:29:00,12,-109.436694, 40.877667
EONET_8739,Four Mile Wildfire  Big Horn  Montana,36 miles SW of Ashland  MT,Wildfires,-106.82431  45.24083,7/13/24,15:12:00,11,-106.82431, 45.24083
EONET_8771,TROUT Wildfire  Tulare  California,DOME LAND WILDERNESS,Wildfires,-118.317533  35.99505,7/13/24,14:48:00,12,-118.317533, 35.99505
EONET_8909,WHITE Wildfire  Kern  California,11 Miles South of Tehachapi,Wildfires,-118.515  34.9616667,7/13/24,14:15:00,9,-118.515, 34.9616667
EONET_8726,HURRICANE Wildfire  San Luis Obispo  California,CARRIZO PLAIN NATIONAL MONUMENT,Wildfires,-119.695667  35.199333,7/13/24,11:26:00,12,-119.695667, 35.199333
EONET_8746,Line Creek Wildfire  Powder River  Montana,39 miles SW of Broadus  MT,Wildfires,-105.925713  45.007626,7/12/24,23:05:00,12,-105.925713, 45.007626
EONET_8722,Black Wildfire  Maricopa  Arizona,South of Lake Roosevelt on the edge to the Superstition Wilderness,Wildfires,-111.138333  33.606167,7/12/24,22:11:00,12,-111.138333, 33.606167
EONET_8760,Wildfire in Bulgaria 1020197,,Wildfires,26.354503597740813  41.90506722262116,7/12/24,19:00:00,19,26.354503597740813, 41.90506722262116
EONET_8763,Wildfire in Brazil 1020205,,Wildfires,-62.85740846,7/12/24,19:00:00,#VALUE!,#VALUE!,#VALUE!
EONET_8764,Wildfire in Canada 1020206,,Wildfires,-123.38480723703822  62.5320018130011,7/12/24,19:00:00,20,-123.38480723703822, 62.5320018130011
EONET_8765,Wildfire in Canada 1020207,,Wildfires,-108.42362450792261  56.197404575105715,7/12/24,19:00:00,20,-108.42362450792261, 56.197404575105715
EONET_8811,Wildfire in United States 1020219,,Wildfires,-118.27805028760244  35.982314741758465,7/12/24,19:00:00,20,-118.27805028760244, 35.982314741758465
EONET_8842,Wildfire in Australia 1020257,,Wildfires,143.92088422101557  -15.859356565178544,7/12/24,19:00:00,19,143.92088422101557, -15.859356565178544
EONET_8869,Wildfire in Brazil 1020272,,Wildfires,-75.01172718,7/12/24,19:00:00,#VALUE!,#VALUE!,#VALUE!
EONET_8972,Wildfire in Bolivia 1020328,,Wildfires,-78.05724218,7/12/24,19:00:00,#VALUE!,#VALUE!,#VALUE!
EONET_8999,Wildfire in Canada 1020341,,Wildfires,-107.52140374000727  56.496675340148514,7/12/24,19:00:00,20,-107.52140374000727, 56.496675340148514
EONET_9000,Wildfire in Brazil 1020361,,Wildfires,-62.62067458,7/12/24,19:00:00,#VALUE!,#VALUE!,#VALUE!
EONET_9070,Wildfire in Canada 1020382,,Wildfires,-107.08334853990507  55.74190404170078,7/12/24,19:00:00,20,-107.08334853990507, 55.74190404170078
EONET_8750,McGhee Wildfire  Rosebud  Montana,26 miles SSW of Ashland  MT,Wildfires,-106.534383  45.26895,7/12/24,17:29:00,12,-106.534383, 45.26895
EONET_8901,Mestenas Canyon Wildfire  Rio Arriba  New Mexico,2 miles north of NM Hwy 64  mp 110. Appx. 50 miles east of Bloomfield  NM. 2 miles north of NM Hwy 64  mp 110. Appx. 50 miles east of Bloomfield  NM. 2 miles north of NM Hwy 64  mp 110. Appx. 50 miles east of Bloomfield  NM.,Wildfires,-107.2602  36.758033,7/12/24,16:02:00,10,-107.2602, 36.758033
EONET_8737,Deadman Wildfire  Rosebud  Montana,32 SW of Ashland  MT,Wildfires,-106.622683  45.2202,7/12/24,10:07:00,12,-106.622683, 45.2202
EONET_8735,FREEMAN Wildfire  Pinal  Arizona,14 miles Northwest of Oracle,Wildfires,-110.933117  32.83725,7/11/24,22:18:00,12,-110.933117, 32.83725
EONET_8724,BROWN Wildfire  Pima  Arizona,20 MILE NORTH OF SASABE AZ,Wildfires,-111.468717  31.7694,7/11/24,19:36:00,12,-111.468717, 31.7694
EONET_8709,Wildfire in United States 1020181,,Wildfires,-117.64232423551373  44.214524976447414,7/11/24,19:00:00,20,-117.64232423551373, 44.214524976447414
EONET_8757,Wildfire in Canada 1020193,,Wildfires,-119.1256172361415  64.9355213252926,7/11/24,19:00:00,19,-119.1256172361415, 64.9355213252926
EONET_8812,Wildfire in Canada 1020221,,Wildfires,-122.15832621956027  63.65335616788579,7/11/24,19:00:00,20,-122.15832621956027, 63.65335616788579
EONET_8813,Wildfire in Canada 1020220,,Wildfires,-120.07562641281658  62.41235815785775,7/11/24,19:00:00,20,-120.07562641281658, 62.41235815785775
EONET_8843,Wildfire in Russian Federation 1020258,,Wildfires,120.22033176399353  64.33265816115741,7/11/24,19:00:00,19,120.22033176399353, 64.33265816115741
EONET_8844,Wildfire in Canada 1020239,,Wildfires,-114.92794606356799  57.434620663165134,7/11/24,19:00:00,20,-114.92794606356799, 57.434620663165134
EONET_8939,Wildfire in Angola 1020292,,Wildfires,18.802635979316456  -9.091825522061463,7/11/24,19:00:00,19,18.802635979316456, -9.091825522061463
EONET_8973,Wildfire in Bolivia 1020329,,Wildfires,-76.65374257,7/11/24,19:00:00,#VALUE!,#VALUE!,#VALUE!
EONET_9001,Wildfire in Russian Federation 1020362,,Wildfires,120.80793118888764  64.21734469736465,7/11/24,19:00:00,19,120.80793118888764, 64.21734469736465
EONET_8723,Bench Lake Wildfire  Custer  Idaho,8 miles south of Stanley  ID,Wildfires,-114.961383  44.1152,7/11/24,14:33:00,12,-114.961383, 44.1152
EONET_8648,COW VALLEY Wildfire  Malheur  Oregon,,Wildfires,-117.75875  44.35675,7/11/24,10:37:00,11,-117.75875, 44.35675
EONET_8650,BONITA ROAD Wildfire  Malheur  Oregon,,Wildfires,-117.846133  44.216,7/11/24,10:03:00,12,-117.846133, 44.216
EONET_8733,Watch Wildfire  Gila  Arizona,30 Miles E of Globe  AZ,Wildfires,-110.448167  33.349,7/11/24,2:33:00,12,-110.448167, 33.349
EONET_8770,Buckhorn Wildfire  Graham  Arizona,Northeast of Point of Pines Camp Ground,Wildfires,-109.540258  33.546389,7/10/24,21:37:00,12,-109.540258, 33.546389
EONET_8646,0381 RV JUNIPER Wildfire  Jefferson  Oregon,2 miles SE of Culver  OR,Wildfires,-121.197417  44.471117,7/10/24,19:18:00,12,-121.197417, 44.471117
EONET_8766,Wildfire in Canada 1020203,,Wildfires,-110.8091390062288  57.01696648670417,7/10/24,19:00:00,19,-110.8091390062288, 57.01696648670417
EONET_8814,Wildfire in Bolivia 1020227,,Wildfires,-76.62359928,7/10/24,19:00:00,#VALUE!,#VALUE!,#VALUE!
EONET_8815,Wildfire in Bolivia 1020228,,Wildfires,-75.78635934,7/10/24,19:00:00,#VALUE!,#VALUE!,#VALUE!
EONET_8940,Wildfire in Brazil 1020302,,Wildfires,-68.82795585,7/10/24,19:00:00,#VALUE!,#VALUE!,#VALUE!
EONET_8730,Falls Wildfire  Harney  Oregon,20 miles NW,Wildfires,-119.426758  43.852961,7/10/24,12:22:00,12,-119.426758, 43.852961
EONET_8605,Wildfire in Canada 1020155,,Wildfires,-114.73321629571095  59.25013139570377,7/9/24,19:00:00,20,-114.73321629571095, 59.25013139570377
EONET_8606,Wildfire in Canada 1020156,,Wildfires,-119.94903658820522  60.72780464085684,7/9/24,19:00:00,20,-119.94903658820522, 60.72780464085684
EONET_8607,Wildfire in Canada 1020157,,Wildfires,-114.35791622063068  59.03889771917481,7/9/24,19:00:00,20,-114.35791622063068, 59.03889771917481
EONET_8608,Wildfire in Canada 1020158,,Wildfires,-114.52803122914129  58.957022522428154,7/9/24,19:00:00,20,-114.52803122914129, 58.957022522428154
EONET_8609,Wildfire in Canada 1020159,,Wildfires,-110.53121824427423  57.69229511761814,7/9/24,19:00:00,20,-110.53121824427423, 57.69229511761814
EONET_8610,Wildfire in Canada 1020160,,Wildfires,-118.24236514183465  59.909666226691115,7/9/24,19:00:00,20,-118.24236514183465, 59.909666226691115
EONET_8635,Wildfire in Canada 1020163,,Wildfires,-121.10755908405062  59.880815691363786,7/9/24,19:00:00,20,-121.10755908405062, 59.880815691363786
EONET_8710,Wildfire in Angola 1020182,,Wildfires,20.01639623558029  -8.135873091974625,7/9/24,19:00:00,18,20.01639623558029, -8.135873091974625
EONET_8717,Wildfire in Bolivia 1020189,,Wildfires,-75.87968748,7/9/24,19:00:00,#VALUE!,#VALUE!,#VALUE!
EONET_8720,Wildfire in United States 1020192,,Wildfires,-119.38233259305161  43.84931747374143,7/9/24,19:00:00,20,-119.38233259305161, 43.84931747374143
EONET_8758,Wildfire in Russian Federation 1020194,,Wildfires,140.34932763206982  70.36769816821884,7/9/24,19:00:00,19,140.34932763206982, 70.36769816821884
EONET_8761,Wildfire in The Republic of North Macedonia 1020198,,Wildfires,22.178071778928423  41.56492124487283,7/9/24,19:00:00,19,22.178071778928423, 41.56492124487283
EONET_8767,Wildfire in Canada 1020204,,Wildfires,-110.43036233640647  57.29634162916021,7/9/24,19:00:00,20,-110.43036233640647, 57.29634162916021
EONET_8768,Wildfire in Canada 1020200,,Wildfires,-118.92490891314067  59.56157302561505,7/9/24,19:00:00,20,-118.92490891314067, 59.56157302561505
EONET_8816,Wildfire in Canada 1020222,,Wildfires,-110.46748664574618  57.27573245124405,7/9/24,19:00:00,20,-110.46748664574618, 57.27573245124405
EONET_8870,Wildfire in Angola 1020268,,Wildfires,17.71869746522666  -11.171675806429828,7/9/24,19:00:00,18,17.71869746522666, -11.171675806429828
EONET_8974,Wildfire in Russian Federation 1020317,,Wildfires,120.09775795254146  63.348277013332776,7/9/24,19:00:00,19,120.09775795254146, 63.348277013332776
EONET_8659,LARCH CREEK Wildfire  Wasco  Oregon,Friend  Or. Rural community,Wildfires,-121.244667  45.364333,7/9/24,16:54:00,12,-121.244667, 45.364333
EONET_8681,2024 DOD Hardwood Range RX Wildfire  Juneau  Wisconsin,,Wildfires,-90.073439  44.242744,7/9/24,8:42:00,11,-90.073439, 44.242744
EONET_8655,COW 2 Wildfire  Tulare  California,TULE INDIAN RESERVATION  COW MOUNTIAN ROAD,Wildfires,-118.801528  36.026333,7/9/24,7:12:00,12,-118.801528, 36.026333
EONET_8636,Wildfire in Angola 1020164,,Wildfires,20.040227396563584  -8.402797359789211,7/8/24,19:00:00,19,20.040227396563584, -8.402797359789211
EONET_8699,Wildfire in Albania 1020161,,Wildfires,20.15511155528637  39.96422835666898,7/8/24,19:00:00,18,20.15511155528637, 39.96422835666898
EONET_8845,Wildfire in Canada 1020250,,Wildfires,-106.86747846294456  55.15831321399974,7/8/24,19:00:00,20,-106.86747846294456, 55.15831321399974
EONET_8871,Wildfire in Angola 1020269,,Wildfires,19.55565605158338  -17.443246548292514,7/8/24,19:00:00,18,19.55565605158338, -17.443246548292514
EONET_8941,Wildfire in Australia 1020293,,Wildfires,132.35945627820686  -11.35789665975119,7/8/24,19:00:00,19,132.35945627820686, -11.35789665975119
EONET_8665,Pius Wildfire  Coconino  Arizona,20 miles NE of Payson AZ,Wildfires,-110.96427  34.519512,7/8/24,16:40:00,11,-110.96427, 34.519512
EONET_8661,Upper Pine Wildfire  Harney  Oregon,Upper Pine  6 miles east of King Mountain,Wildfires,-118.745667  43.807167,7/8/24,16:17:00,12,-118.745667, 43.807167
EONET_8660,Salt Creek Rd MM 4 037 Wildfire  Jackson  Oregon,5 miles SSW of Butte Falls,Wildfires,-122.603  42.47755,7/7/24,19:30:00,9,-122.603, 42.47755
EONET_8637,Wildfire in Australia 1020165,,Wildfires,132.0712902700375  -13.318416557573823,7/7/24,19:00:00,18,132.0712902700375, -13.318416557573823
EONET_8700,Wildfire in Russian Federation 1020173,,Wildfires,133.436620425346  68.50595772140349,7/7/24,19:00:00,17,133.436620425346, 68.50595772140349
EONET_8711,Wildfire in Russian Federation 1020183,,Wildfires,128.6665423030992  53.664182767563176,7/7/24,19:00:00,18,128.6665423030992, 53.664182767563176
EONET_8762,Wildfire in Russian Federation 1020199,,Wildfires,134.39845793076623  68.53268518823295,7/7/24,19:00:00,19,134.39845793076623, 68.53268518823295
EONET_8817,Wildfire in Russian Federation 1020231,,Wildfires,121.26470088827426  63.11486862757105,7/7/24,19:00:00,19,121.26470088827426, 63.11486862757105
EONET_8846,Wildfire in Russian Federation 1020251,,Wildfires,134.09256885985812  66.87289836998059,7/7/24,19:00:00,19,134.09256885985812, 66.87289836998059
EONET_8847,Wildfire in Canada 1020240,,Wildfires,-112.95185936181134  58.234729049220064,7/7/24,19:00:00,20,-112.95185936181134, 58.234729049220064
EONET_8649,VISTA Wildfire  San Bernardino  California,Lytle Creek Canyon southside  above the community of Lytle Creek.,Wildfires,-117.590867  34.301917,7/7/24,13:05:00,12,-117.590867, 34.301917
EONET_8611,Wildfire in Australia 1020132,,Wildfires,123.72588877036492  -17.213401564753962,7/6/24,19:00:00,19,123.72588877036492, -17.213401564753962
EONET_8612,Wildfire in Russian Federation 1020153,,Wildfires,142.84393183949092  69.0242374938927,7/6/24,19:00:00,19,142.84393183949092, 69.0242374938927
EONET_8613,Wildfire in Russian Federation 1020133,,Wildfires,118.10483183015249  54.63589274811547,7/6/24,19:00:00,19,118.10483183015249, 54.63589274811547
EONET_8614,Wildfire in Russian Federation 1020134,,Wildfires,142.99443551913313  68.9854050570269,7/6/24,19:00:00,19,142.99443551913313, 68.9854050570269
EONET_8638,Wildfire in Russian Federation 1020166,,Wildfires,143.23699622905858  69.15569768835806,7/6/24,19:00:00,19,143.23699622905858, 69.15569768835806
EONET_8639,Wildfire in Russian Federation 1020167,,Wildfires,140.57975533256183  70.19155103145559,7/6/24,19:00:00,19,140.57975533256183, 70.19155103145559
EONET_8701,Wildfire in Canada 1020174,,Wildfires,-114.96356730342255  58.995232424644705,7/6/24,19:00:00,20,-114.96356730342255, 58.995232424644705
EONET_8712,Wildfire in Russian Federation 1020184,,Wildfires,130.74001231701223  51.98420855981097,7/6/24,19:00:00,19,130.74001231701223, 51.98420855981097
EONET_8759,Wildfire in Russian Federation 1020195,,Wildfires,141.76190413458121  70.06740750825142,7/6/24,19:00:00,19,141.76190413458121, 70.06740750825142
EONET_8818,Wildfire in Brazil 1020229,,Wildfires,-71.13844821,7/6/24,19:00:00,#VALUE!,#VALUE!,#VALUE!
EONET_8848,Wildfire in Australia 1020259,,Wildfires,132.60806943334876  -12.226765598190857,7/6/24,19:00:00,19,132.60806943334876, -12.226765598190857
EONET_8672,Tea Time Hill Wildfire  Burlington  New Jersey,Wharton State Forest  S of NJ Rt. 532  approx. (4) four miles W of  NJ Rt 563,Wildfires,-74.62619  39.78726,7/6/24,7:57:00,10,-74.62619, 39.78726
EONET_8515,Wildfire in United States 1020089,,Wildfires,-120.07555482806406  34.78629581505955,7/5/24,19:00:00,20,-120.07555482806406, 34.78629581505955
EONET_8526,Wildfire in United States 1020100,,Wildfires,-112.34141932512088  38.44922286238271,7/5/24,19:00:00,20,-112.34141932512088, 38.44922286238271
EONET_8589,Wildfire in Brazil 1020116,,Wildfires,-74.42658447,7/5/24,19:00:00,#VALUE!,#VALUE!,#VALUE!
EONET_8590,Wildfire in Russian Federation 1020117,,Wildfires,127.31002131306559  55.290107638831145,7/5/24,19:00:00,19,127.31002131306559, 55.290107638831145
EONET_8615,Wildfire in South Africa 1020135,,Wildfires,30.91203719558406  -24.804582488911027,7/5/24,19:00:00,18,30.91203719558406, -24.804582488911027
EONET_8616,Wildfire in Russian Federation 1020138,,Wildfires,126.25678151002867  55.410123620395574,7/5/24,19:00:00,19,126.25678151002867, 55.410123620395574
EONET_8617,Wildfire in Russian Federation 1020136,,Wildfires,121.34365716773202  58.917858149380635,7/5/24,19:00:00,19,121.34365716773202, 58.917858149380635
EONET_8618,Wildfire in Russian Federation 1020137,,Wildfires,124.37546424240433  62.6534493743477,7/5/24,19:00:00,19,124.37546424240433, 62.6534493743477
EONET_8619,Wildfire in Russian Federation 1020139,,Wildfires,116.26141136629525  56.406962081129066,7/5/24,19:00:00,19,116.26141136629525, 56.406962081129066
EONET_8620,Wildfire in Canada 1020162,,Wildfires,-110.65680395219728  57.43772960229241,7/5/24,19:00:00,20,-110.65680395219728, 57.43772960229241
EONET_8640,Wildfire in South Africa 1020168,,Wildfires,30.580176986390097  -25.647625337329117,7/5/24,19:00:00,19,30.580176986390097, -25.647625337329117
EONET_8641,Wildfire in Russian Federation 1020169,,Wildfires,123.65952119541583  57.23717046015457,7/5/24,19:00:00,19,123.65952119541583, 57.23717046015457
EONET_8654,Lake Wildfire  Santa Barbara  California,North East of the City of Los Olivos,Wildfires,-120.052  34.786833,7/5/24,19:00:00,9,-120.052, 34.786833
EONET_8702,Wildfire in Canada 1020176,,Wildfires,-114.72980486580438  59.23351832179179,7/5/24,19:00:00,20,-114.72980486580438, 59.23351832179179
EONET_8703,Wildfire in Russian Federation 1020175,,Wildfires,121.53944581715722  56.86327964581063,7/5/24,19:00:00,19,121.53944581715722, 56.86327964581063
EONET_8819,Wildfire in Canada 1020210,,Wildfires,-121.24692845494998  59.05192074160826,7/5/24,19:00:00,20,-121.24692845494998, 59.05192074160826
EONET_8652,Silver King Wildfire  Piute  Utah,3 Miles West of Marysvale  Utah,Wildfires,-112.373889  38.483611,7/5/24,16:20:00,12,-112.373889, 38.483611
EONET_8688,West Marsh Wildfire  Volusia  Florida,West Marsh  South of Tick Island,Wildfires,-81.450555  29.066164,7/5/24,10:05:00,11,-81.450555, 29.066164
EONET_8516,Wildfire in Angola 1020090,,Wildfires,19.626730840539693  -7.728505188636456,7/4/24,19:00:00,19,19.626730840539693, -7.728505188636456
EONET_8527,Wildfire in Russian Federation 1020101,,Wildfires,125.95171674087335  55.676786368539354,7/4/24,19:00:00,19,125.95171674087335, 55.676786368539354
EONET_8591,Wildfire in Canada 1020118,,Wildfires,-118.46498031241899  59.753822274666504,7/4/24,19:00:00,20,-118.46498031241899, 59.753822274666504
EONET_8621,Wildfire in Russian Federation 1020140,,Wildfires,129.70064371510355  51.698120207764006,7/4/24,19:00:00,19,129.70064371510355, 51.698120207764006
EONET_8622,Wildfire in Canada 1020141,,Wildfires,-121.26085248589523  58.58312656378959,7/4/24,19:00:00,20,-121.26085248589523, 58.58312656378959
EONET_8623,Wildfire in Australia 1020142,,Wildfires,123.63704098287424  -17.103027177115678,7/4/24,19:00:00,19,123.63704098287424, -17.103027177115678
EONET_8704,Wildfire in Russian Federation 1020177,,Wildfires,121.82676309532545  56.8737410147312,7/4/24,19:00:00,19,121.82676309532545, 56.8737410147312
EONET_8713,Wildfire in Russian Federation 1020185,,Wildfires,111.49730436788296  62.547282022580355,7/4/24,19:00:00,19,111.49730436788296, 62.547282022580355
EONET_8718,Wildfire in Russian Federation 1020190,,Wildfires,130.87710583361007  58.966671200852396,7/4/24,19:00:00,19,130.87710583361007, 58.966671200852396
EONET_8820,Wildfire in Canada 1020223,,Wildfires,-114.85823561610735  57.69454562218578,7/4/24,19:00:00,20,-114.85823561610735, 57.69454562218578
EONET_8690,ROAD 11 Wildfire  Douglas  Washington,8.5 miles SW of Mansfield  WA  West of Hwy 172  North of Road 11 Northwest,Wildfires,-119.813493  47.772037,7/4/24,17:17:00,12,-119.813493, 47.772037
EONET_8671,JOE BARKER ROAD Wildfire  Walla Walla  Washington,Fire is 8 miles south east of Lower Monumental Dam and 3 miles S of Lyons Ferry.,Wildfires,-118.27071  46.56885,7/3/24,20:22:00,11,-118.27071, 46.56885
EONET_8517,Wildfire in Canada 1020093,,Wildfires,-121.0037411194706  58.515325565147464,7/3/24,19:00:00,19,-121.0037411194706, 58.515325565147464
EONET_8518,Wildfire in The Democratic Republic of Congo 1020091,,Wildfires,18.110947980356336  -7.630604369758335,7/3/24,19:00:00,19,18.110947980356336, -7.630604369758335
EONET_8519,Wildfire in Angola 1020092,,Wildfires,17.070869085465944  -8.563878583358886,7/3/24,19:00:00,19,17.070869085465944, -8.563878583358886
EONET_8592,Wildfire in Russian Federation 1020119,,Wildfires,129.48165678280114  56.309243806939776,7/3/24,19:00:00,19,129.48165678280114, 56.309243806939776
EONET_8593,Wildfire in Russian Federation 1020120,,Wildfires,123.17908529814872  61.99135944279007,7/3/24,19:00:00,19,123.17908529814872, 61.99135944279007
EONET_8624,Wildfire in Namibia 1020144,,Wildfires,19.81906201631966  -18.24719403721657,7/3/24,19:00:00,18,19.81906201631966, -18.24719403721657
EONET_8625,Wildfire in United States 1020143,,Wildfires,-123.03434875247548  41.49077279598385,7/3/24,19:00:00,20,-123.03434875247548, 41.49077279598385
EONET_8626,Wildfire in Russian Federation 1020154,,Wildfires,122.1267507379162  60.358593696402295,7/3/24,19:00:00,18,122.1267507379162, 60.358593696402295
EONET_8642,Wildfire in Canada 1020170,,Wildfires,-121.2377216530445  59.260575568891575,7/3/24,19:00:00,19,-121.2377216530445, 59.260575568891575
EONET_8705,Wildfire in Russian Federation 1020178,,Wildfires,126.73806396915094  58.4093719792648,7/3/24,19:00:00,19,126.73806396915094, 58.4093719792648
EONET_8714,Wildfire in Russian Federation 1020186,,Wildfires,113.98910043020288  55.97187241674943,7/3/24,19:00:00,19,113.98910043020288, 55.97187241674943
EONET_8480,Billy Creek Wildfire  Nez Perce  Idaho,14.71 Miles SSE of Asotin  WA,Wildfires,-116.948  46.122194,7/3/24,18:50:00,9,-116.948, 46.122194
EONET_8916,ORCHARD Wildfire  Kern  California,Southeast of Tehachapi,Wildfires,-118.405  35.1166667,7/3/24,17:44:00,9,-118.405, 35.1166667
EONET_8656,SHELLY Wildfire  Siskiyou  California,West of Etna  Ca,Wildfires,-123.06275  41.46505,7/3/24,16:44:00,11,-123.06275, 41.46505
EONET_8917,OLIVE Wildfire  Kern  California,West of Lost Hills CA,Wildfires,-119.8583333  35.6216667,7/3/24,15:59:00,13,-119.8583333, 35.6216667
EONET_8914,Cedardale Fire Wildfire  Woodward  Oklahoma,6.5 miles NW of Chester  OK,Wildfires,-98.9880556  36.2930556,7/2/24,19:51:00,12,-98.9880556, 36.2930556
EONET_8491,Wildfire in Australia 1020065,,Wildfires,142.18881641214952  -15.333950309887495,7/2/24,19:00:00,19,142.18881641214952, -15.333950309887495
EONET_8505,Wildfire in Angola 1020079,,Wildfires,20.076854960047324  -9.012637429241277,7/2/24,19:00:00,19,20.076854960047324, -9.012637429241277
EONET_8520,Wildfire in Australia 1020094,,Wildfires,132.15857802425126  -12.293839249512299,7/2/24,19:00:00,19,132.15857802425126, -12.293839249512299
EONET_8594,Wildfire in Russian Federation 1020121,,Wildfires,118.26208206090854  53.60052016245206,7/2/24,19:00:00,19,118.26208206090854, 53.60052016245206
EONET_8715,Wildfire in Russian Federation 1020187,,Wildfires,106.4567391959553  61.69960616460341,7/2/24,19:00:00,18,106.4567391959553, 61.69960616460341
EONET_8657,Ridge Wildfire  Catron  New Mexico,24  miles south of Reserve NM 19  miles east of Glenwood NM,Wildfires,-108.550967  33.40515,7/2/24,13:51:00,12,-108.550967, 33.40515
EONET_8687,Hawk Wildfire  Yukon-Koyukuk  Alaska,,Wildfires,-157.128833  66.067167,7/1/24,19:52:00,12,-157.128833, 66.067167
EONET_8437,Wildfire in Russian Federation 1020029,,Wildfires,116.86568262735176  55.108957685910916,7/1/24,19:00:00,19,116.86568262735176, 55.108957685910916
EONET_8457,Wildfire in Angola 1020048,,Wildfires,19.599941468146824  -8.14305954497777,7/1/24,19:00:00,19,19.599941468146824, -8.14305954497777
EONET_8492,Wildfire in Russian Federation 1020066,,Wildfires,118.36620612292113  54.26789945027716,7/1/24,19:00:00,19,118.36620612292113, 54.26789945027716
EONET_8506,Wildfire in Russian Federation 1020080,,Wildfires,119.04063423698395  60.07958715570167,7/1/24,19:00:00,19,119.04063423698395, 60.07958715570167
EONET_8521,Wildfire in The Democratic Republic of Congo 1020095,,Wildfires,22.236107585694665  -8.393720207551825,7/1/24,19:00:00,19,22.236107585694665, -8.393720207551825
EONET_8528,Wildfire in Russian Federation 1020102,,Wildfires,130.71796370388014  52.075038887207135,7/1/24,19:00:00,19,130.71796370388014, 52.075038887207135
EONET_8529,Wildfire in Zambia 1020103,,Wildfires,24.519142581996054  -14.125616516974649,7/1/24,19:00:00,19,24.519142581996054, -14.125616516974649
EONET_8595,Wildfire in Russian Federation 1020122,,Wildfires,129.114948548542  55.534846144008156,7/1/24,19:00:00,17,129.114948548542, 55.534846144008156
EONET_8596,Wildfire in Russian Federation 1020123,,Wildfires,120.30655850944159  61.376073772029,7/1/24,19:00:00,19,120.30655850944159, 61.376073772029
EONET_8627,Wildfire in Canada 1020145,,Wildfires,-114.98801252623241  59.112360839743516,7/1/24,19:00:00,20,-114.98801252623241, 59.112360839743516
EONET_8706,Wildfire in Zambia 1020179,,Wildfires,27.25412652121741  -12.990016681968592,7/1/24,19:00:00,18,27.25412652121741, -12.990016681968592
EONET_8707,Wildfire in Russian Federation 1020180,,Wildfires,117.42905526027302  59.70630390966216,7/1/24,19:00:00,19,117.42905526027302, 59.70630390966216
EONET_8769,Wildfire in Canada 1020202,,Wildfires,-119.79184205498657  59.14726196909645,7/1/24,19:00:00,20,-119.79184205498657, 59.14726196909645
EONET_8477,MCCAIN 4 Wildfire  San Diego  California,McCain Valley / Boulevard CA,Wildfires,-116.260045  32.668151,7/1/24,18:54:00,12,-116.260045, 32.668151
EONET_8686,South Cattle RX Wildfire  Yavapai  Arizona,,Wildfires,-112.033339  34.394897,7/1/24,9:27:00,12,-112.033339, 34.394897
EONET_8458,Wildfire in Russian Federation 1020049,,Wildfires,117.05954489112673  54.95046935423183,6/30/24,19:00:00,19,117.05954489112673, 54.95046935423183
EONET_8493,Wildfire in Canada 1020067,,Wildfires,-114.65354435332851  58.806013231754164,6/30/24,19:00:00,20,-114.65354435332851, 58.806013231754164
EONET_8494,Wildfire in Bolivia 1020068,,Wildfires,-78.31395135,6/30/24,19:00:00,#VALUE!,#VALUE!,#VALUE!
EONET_8507,Wildfire in Brazil 1020081,,Wildfires,-76.8156072,6/30/24,19:00:00,#VALUE!,#VALUE!,#VALUE!
EONET_8522,Wildfire in Russian Federation 1020096,,Wildfires,118.23713097014561  58.27994823823306,6/30/24,19:00:00,19,118.23713097014561, 58.27994823823306
EONET_8523,Wildfire in Russian Federation 1020097,,Wildfires,116.22319521431857  53.76999588555629,6/30/24,19:00:00,19,116.22319521431857, 53.76999588555629
EONET_8530,Wildfire in Russian Federation 1020104,,Wildfires,132.87039915050664  59.90837016244601,6/30/24,19:00:00,19,132.87039915050664, 59.90837016244601
EONET_8531,Wildfire in Russian Federation 1020105,,Wildfires,120.77871433466977  61.08630846384652,6/30/24,19:00:00,19,120.77871433466977, 61.08630846384652
EONET_8532,Wildfire in Russian Federation 1020106,,Wildfires,121.3898493562875  57.192602282124696,6/30/24,19:00:00,18,121.3898493562875, 57.192602282124696
EONET_8597,Wildfire in Russian Federation 1020124,,Wildfires,131.610679893813  59.08240660661877,6/30/24,19:00:00,17,131.610679893813, 59.08240660661877
EONET_8628,Wildfire in Russian Federation 1020147,,Wildfires,116.01923263038833  53.74514907509303,6/30/24,19:00:00,19,116.01923263038833, 53.74514907509303
EONET_8629,Wildfire in Russian Federation 1020146,,Wildfires,121.16297705022619  59.400939654322606,6/30/24,19:00:00,19,121.16297705022619, 59.400939654322606
EONET_8716,Wildfire in Russian Federation 1020188,,Wildfires,131.14723797367904  59.25900118796104,6/30/24,19:00:00,19,131.14723797367904, 59.25900118796104
EONET_8719,Wildfire in Russian Federation 1020191,,Wildfires,131.37222245864604  59.29337358880448,6/30/24,19:00:00,19,131.37222245864604, 59.29337358880448
EONET_9678,Wildfire in Bolivia  Brazil 1020946,,Wildfires,-76.01800257,6/30/24,19:00:00,#VALUE!,#VALUE!,#VALUE!
EONET_8753,Melozitna Wildfire  Yukon-Koyukuk  Alaska,,Wildfires,-154.154167  65.583883,6/30/24,18:33:00,12,-154.154167, 65.583883
EONET_8484,National Wildfire  Yukon-Koyukuk  Alaska,,Wildfires,-147.55945  65.941667,6/30/24,17:54:00,11,-147.55945, 65.941667
EONET_8919,HOOKER PRARIE Wildfire  Polk  Florida,Bradley Junction  Polk,Wildfires,-81.9402778  27.82,6/30/24,17:46:00,12,-81.9402778, 27.82
EONET_8438,Wildfire in Russian Federation 1020031,,Wildfires,130.44795197929963  52.98288277643283,6/29/24,19:00:00,19,130.44795197929963, 52.98288277643283
EONET_8439,Wildfire in Russian Federation 1020032,,Wildfires,129.1235033672676  54.1669786709728,6/29/24,19:00:00,18,129.1235033672676, 54.1669786709728
EONET_8495,Wildfire in The Democratic Republic of Congo 1020069,,Wildfires,18.638243065851565  -6.861532618138704,6/29/24,19:00:00,19,18.638243065851565, -6.861532618138704
EONET_8496,Wildfire in Russian Federation 1020070,,Wildfires,117.13411405626101  54.60639496728378,6/29/24,19:00:00,19,117.13411405626101, 54.60639496728378
EONET_8533,Wildfire in Russian Federation 1020107,,Wildfires,129.48298787414578  57.480146846690225,6/29/24,19:00:00,19,129.48298787414578, 57.480146846690225
EONET_8630,Wildfire in Russian Federation 1020148,,Wildfires,116.47918390840631  53.101274789811534,6/29/24,19:00:00,19,116.47918390840631, 53.101274789811534
EONET_8631,Wildfire in Russian Federation 1020149,,Wildfires,126.68846836721403  54.47538641796441,6/29/24,19:00:00,19,126.68846836721403, 54.47538641796441
EONET_8483,Salmon Wildfire  Yukon-Koyukuk  Alaska,67 miles east of Chalkyitsik  AK,Wildfires,-141.31555  66.899167,6/29/24,18:02:00,11,-141.31555, 66.899167
EONET_8479,Eagle Wildfire  Yukon-Koyukuk  Alaska,7.25 miles NW of Elliot Hwy,Wildfires,-148.446533  65.32955,6/29/24,2:51:00,12,-148.446533, 65.32955
EONET_8662,Grapefruit Complex Wildfire  Yukon-Koyukuk  Alaska,30 miles NE of Fairbanks on both sides of Highway 2.,Wildfires,-148.17641  65.403005,6/29/24,0:41:00,11,-148.17641, 65.403005
EONET_8440,Wildfire in Russian Federation 1020033,,Wildfires,129.5634196905628  52.7600517655802,6/28/24,19:00:00,18,129.5634196905628, 52.7600517655802
EONET_8441,Wildfire in Russian Federation 1020034,,Wildfires,128.22380796295957  52.39471171615211,6/28/24,19:00:00,19,128.22380796295957, 52.39471171615211
EONET_8459,Wildfire in Russian Federation 1020052,,Wildfires,118.33297146775853  54.55177606293162,6/28/24,19:00:00,19,118.33297146775853, 54.55177606293162
EONET_8460,Wildfire in Russian Federation 1020050,,Wildfires,120.01220706431828  56.00732105879282,6/28/24,19:00:00,19,120.01220706431828, 56.00732105879282
EONET_8461,Wildfire in Russian Federation 1020051,,Wildfires,116.75160054585028  54.535319321618616,6/28/24,19:00:00,19,116.75160054585028, 54.535319321618616
EONET_8462,Wildfire in Australia 1020053,,Wildfires,132.34622351667733  -12.267810290798476,6/28/24,19:00:00,19,132.34622351667733, -12.267810290798476
EONET_8497,Wildfire in The Democratic Republic of Congo 1020071,,Wildfires,26.64990575487079  -6.35266892123562,6/28/24,19:00:00,18,26.64990575487079, -6.35266892123562
EONET_8498,Wildfire in Russian Federation 1020072,,Wildfires,121.72313201006395  54.57823062928825,6/28/24,19:00:00,19,121.72313201006395, 54.57823062928825
EONET_8508,Wildfire in Russian Federation 1020082,,Wildfires,119.87025988970225  54.262169089762644,6/28/24,19:00:00,19,119.87025988970225, 54.262169089762644
EONET_8524,Wildfire in The Democratic Republic of Congo 1020098,,Wildfires,26.64918630999502  -5.789587845461822,6/28/24,19:00:00,18,26.64918630999502, -5.789587845461822
EONET_8598,Wildfire in Russian Federation 1020125,,Wildfires,121.52641619443024  59.0482260557738,6/28/24,19:00:00,19,121.52641619443024, 59.0482260557738
EONET_8643,Wildfire in Russian Federation 1020171,,Wildfires,121.46247914739834  59.31491272157268,6/28/24,19:00:00,19,121.46247914739834, 59.31491272157268
EONET_8795,Kanuti Wildfire  Yukon-Koyukuk  Alaska,60 miles west of Stevens Village  AK,Wildfires,-151.141667  66.22,6/28/24,18:16:00,12,-151.141667, 66.22
EONET_8355,Sushana River Wildfire  Denali  Alaska,,Wildfires,-149.783833  63.901,6/27/24,21:36:00,12,-149.783833, 63.901
EONET_8300,Wildfire in Bolivia 1019963,,Wildfires,-76.95259555,6/27/24,19:00:00,#VALUE!,#VALUE!,#VALUE!
EONET_8314,Wildfire in Russian Federation 1019977,,Wildfires,128.22755654989567  53.480520842570634,6/27/24,19:00:00,19,128.22755654989567, 53.480520842570634
EONET_8334,Wildfire in Russian Federation 1019995,,Wildfires,130.1972888093628  52.50107868170251,6/27/24,19:00:00,18,130.1972888093628, 52.50107868170251
EONET_8420,Wildfire in Russian Federation 1020012,,Wildfires,130.54702612295588  54.13994118147742,6/27/24,19:00:00,19,130.54702612295588, 54.13994118147742
EONET_8442,Wildfire in Russian Federation 1020035,,Wildfires,121.32376753167533  54.2759907178016,6/27/24,19:00:00,19,121.32376753167533, 54.2759907178016
EONET_8443,Wildfire in Russian Federation 1020036,,Wildfires,130.19775043262487  52.69728212865558,6/27/24,19:00:00,19,130.19775043262487, 52.69728212865558
EONET_8444,Wildfire in The Democratic Republic of Congo 1020037,,Wildfires,25.748386938926735  -4.94753014106913,6/27/24,19:00:00,19,25.748386938926735, -4.94753014106913
EONET_8463,Wildfire in Russian Federation 1020054,,Wildfires,118.67257923245965  54.99656070785554,6/27/24,19:00:00,19,118.67257923245965, 54.99656070785554
EONET_8499,Wildfire in Tanzania 1020073,,Wildfires,35.082397443087196  -2.4372852441939057,6/27/24,19:00:00,19,35.082397443087196, -2.4372852441939057
EONET_8500,Wildfire in The Democratic Republic of Congo 1020074,,Wildfires,22.00041874312137  -9.033639903781985,6/27/24,19:00:00,18,22.00041874312137, -9.033639903781985
EONET_8509,Wildfire in Russian Federation 1020083,,Wildfires,129.05926009905386  52.95391753639297,6/27/24,19:00:00,19,129.05926009905386, 52.95391753639297
EONET_8534,Wildfire in Russian Federation 1020108,,Wildfires,116.95365365939301  53.423087178326426,6/27/24,19:00:00,19,116.95365365939301, 53.423087178326426
EONET_8535,Wildfire in Russian Federation 1020109,,Wildfires,118.56597852200275  52.180558164180106,6/27/24,19:00:00,19,118.56597852200275, 52.180558164180106
EONET_8536,Wildfire in Canada 1020110,,Wildfires,-121.14255975365332  59.42060958054069,6/27/24,19:00:00,20,-121.14255975365332, 59.42060958054069
EONET_8599,Wildfire in Russian Federation 1020126,,Wildfires,128.88075083901197  55.15504300593072,6/27/24,19:00:00,19,128.88075083901197, 55.15504300593072
EONET_8632,Wildfire in Canada 1020150,,Wildfires,-121.65074979068245  59.50018439905896,6/27/24,19:00:00,20,-121.65074979068245, 59.50018439905896
EONET_8644,Wildfire in Russian Federation 1020172,,Wildfires,121.07815806635024  59.6367228498276,6/27/24,19:00:00,19,121.07815806635024, 59.6367228498276
EONET_8486,Lost Chicken Hill Wildfire  Southeast Fairbanks  Alaska,,Wildfires,-142.3305  63.4338,6/27/24,18:53:00,10,-142.3305, 63.4338
EONET_8385,Purcell Wildfire  Northwest Arctic  Alaska,,Wildfires,-158.422667  66.2545,6/27/24,14:40:00,12,-158.422667, 66.2545
EONET_8386,Ekiek Wildfire  Northwest Arctic  Alaska,,Wildfires,-158.475  66.286833,6/27/24,13:03:00,9,-158.475, 66.286833
EONET_8377,Quinn Creek Wildfire  Bethel  Alaska,34 Miles North East of Aniak,Wildfires,-158.77  61.93,6/27/24,2:39:00,8,-158.77, 61.93
EONET_8683,East Toklat Wildfire  Denali  Alaska,,Wildfires,-150.04  63.88,6/26/24,22:19:00,8,-150.04, 63.88
EONET_8359,Gold King Creek Wildfire  Denali  Alaska,38 miles ESE of Anderson,Wildfires,-147.980833  64.194717,6/26/24,21:10:00,12,-147.980833, 64.194717
EONET_8369,PIZONA Wildfire  Mineral  Nevada,ADOBE HILLS,Wildfires,-118.674  37.9751,6/26/24,19:57:00,9,-118.674, 37.9751
EONET_8315,Wildfire in Russian Federation 1019978,,Wildfires,133.49578197256778  68.5928039091536,6/26/24,19:00:00,19,133.49578197256778, 68.5928039091536
EONET_8316,Wildfire in Russian Federation 1019979,,Wildfires,130.33304009917524  54.80555358422646,6/26/24,19:00:00,19,130.33304009917524, 54.80555358422646
EONET_8335,Wildfire in Canada 1019997,,Wildfires,-113.77145328962844  59.32157845658425,6/26/24,19:00:00,20,-113.77145328962844, 59.32157845658425
EONET_8336,Wildfire in Russian Federation 1019996,,Wildfires,129.57577598909518  51.84951724163045,6/26/24,19:00:00,19,129.57577598909518, 51.84951724163045
EONET_8337,Wildfire in Russian Federation 1019998,,Wildfires,128.69208051538064  53.55263523049101,6/26/24,19:00:00,19,128.69208051538064, 53.55263523049101
EONET_8421,Wildfire in Russian Federation 1020013,,Wildfires,129.963733763662  52.16760408064224,6/26/24,19:00:00,17,129.963733763662, 52.16760408064224
EONET_8422,Wildfire in Russian Federation 1020014,,Wildfires,130.53570595922434  51.63076424966154,6/26/24,19:00:00,19,130.53570595922434, 51.63076424966154
EONET_8423,Wildfire in Russian Federation 1020015,,Wildfires,117.98921300606538  56.663973705519425,6/26/24,19:00:00,19,117.98921300606538, 56.663973705519425
EONET_8445,Wildfire in Russian Federation 1020038,,Wildfires,117.95194760293425  56.510642452733734,6/26/24,19:00:00,19,117.95194760293425, 56.510642452733734
EONET_8446,Wildfire in Russian Federation 1020039,,Wildfires,118.73117436457109  55.62819782272302,6/26/24,19:00:00,19,118.73117436457109, 55.62819782272302
EONET_8464,Wildfire in Russian Federation 1020055,,Wildfires,118.19578614728148  55.66488124185235,6/26/24,19:00:00,19,118.19578614728148, 55.66488124185235
EONET_8465,Wildfire in Russian Federation 1020056,,Wildfires,120.206075949355  55.30007068372867,6/26/24,19:00:00,17,120.206075949355, 55.30007068372867
EONET_8466,Wildfire in Russian Federation 1020057,,Wildfires,117.92312710760082  57.87063089527673,6/26/24,19:00:00,19,117.92312710760082, 57.87063089527673
EONET_8501,Wildfire in Russian Federation 1020075,,Wildfires,129.610917788925  51.72003331621237,6/26/24,19:00:00,17,129.610917788925, 51.72003331621237
EONET_8510,Wildfire in Russian Federation 1020084,,Wildfires,131.98736282392002  59.40572298494237,6/26/24,19:00:00,19,131.98736282392002, 59.40572298494237
EONET_8537,Wildfire in Russian Federation 1020111,,Wildfires,119.02125970708975  53.89800530590108,6/26/24,19:00:00,19,119.02125970708975, 53.89800530590108
EONET_8600,Wildfire in Russian Federation 1020127,,Wildfires,120.00405104258617  53.589896801966574,6/26/24,19:00:00,19,120.00405104258617, 53.589896801966574
EONET_8363,Bearman Wildfire  Yukon-Koyukuk  Alaska,,Wildfires,-146.420833  66.771667,6/26/24,18:45:00,12,-146.420833, 66.771667
EONET_8378,Alder Wildfire  Southeast Fairbanks  Alaska,,Wildfires,-141.769717  64.43055,6/26/24,12:54:00,12,-141.769717, 64.43055
EONET_8382,Big Salmon Fork Wildfire  Yukon-Koyukuk  Alaska,,Wildfires,-153.9  62.92,6/26/24,12:41:00,7,-153.9, 62.92
EONET_8365,American Wildfire  Yukon-Koyukuk  Alaska,Confluence of Preacher and Convert creek.,Wildfires,-146.215  65.533883,6/25/24,23:28:00,9,-146.215, 65.533883
EONET_8485,Hodzana River Wildfire  Bethel  Alaska,,Wildfires,-156.72  61.34,6/25/24,21:58:00,8,-156.72, 61.34
EONET_8282,Wildfire in Angola 1019945,,Wildfires,14.883199964551505  -9.49162144988887,6/25/24,19:00:00,19,14.883199964551505, -9.49162144988887
EONET_8301,Wildfire in Canada 1019964,,Wildfires,-120.73464892482761  59.40108432493505,6/25/24,19:00:00,20,-120.73464892482761, 59.40108432493505
EONET_8317,Wildfire in The Democratic Republic of Congo 1019980,,Wildfires,18.51094965022568  -6.775380941707705,6/25/24,19:00:00,18,18.51094965022568, -6.775380941707705
EONET_8318,Wildfire in The Democratic Republic of Congo 1019981,,Wildfires,18.29028315270093  -7.051177262363505,6/25/24,19:00:00,18,18.29028315270093, -7.051177262363505
EONET_8319,Wildfire in The Democratic Republic of Congo 1019982,,Wildfires,25.89332561845719  -7.732206523200235,6/25/24,19:00:00,18,25.89332561845719, -7.732206523200235
EONET_8320,Wildfire in United States 1019983,,Wildfires,-119.11267357139951  36.88552268495516,6/25/24,19:00:00,20,-119.11267357139951, 36.88552268495516
EONET_8321,Wildfire in Canada 1019984,,Wildfires,-121.5588788450872  58.88048768199795,6/25/24,19:00:00,19,-121.5588788450872, 58.88048768199795
EONET_8322,Wildfire in Russian Federation 1019985,,Wildfires,129.85064025743307  53.42621006141486,6/25/24,19:00:00,19,129.85064025743307, 53.42621006141486
EONET_8338,Wildfire in Russian Federation 1019999,,Wildfires,128.27438030450784  55.067180075116966,6/25/24,19:00:00,19,128.27438030450784, 55.067180075116966
EONET_8339,Wildfire in Canada 1020000,,Wildfires,-121.2100175419895  58.9589161867071,6/25/24,19:00:00,19,-121.2100175419895, 58.9589161867071
EONET_8340,Wildfire in Russian Federation 1020001,,Wildfires,128.4413510447692  54.86799057484198,6/25/24,19:00:00,18,128.4413510447692, 54.86799057484198
EONET_8424,Wildfire in Russian Federation 1020016,,Wildfires,115.69582882666012  55.38391138597561,6/25/24,19:00:00,19,115.69582882666012, 55.38391138597561
EONET_8447,Wildfire in Angola 1020044,,Wildfires,21.246546323671655  -8.691952395019257,6/25/24,19:00:00,19,21.246546323671655, -8.691952395019257
EONET_8448,Wildfire in Russian Federation 1020040,,Wildfires,126.2963248629093  53.92849488890789,6/25/24,19:00:00,18,126.2963248629093, 53.92849488890789
EONET_8449,Wildfire in Canada 1020041,,Wildfires,-117.13573637077478  60.05666545568783,6/25/24,19:00:00,20,-117.13573637077478, 60.05666545568783
EONET_8450,Wildfire in Russian Federation 1020042,,Wildfires,131.7576346437681  53.385886856365296,6/25/24,19:00:00,18,131.7576346437681, 53.385886856365296
EONET_8451,Wildfire in The Democratic Republic of Congo 1020043,,Wildfires,25.56765262475885  -5.473029490258822,6/25/24,19:00:00,18,25.56765262475885, -5.473029490258822
EONET_8467,Wildfire in Russian Federation 1020058,,Wildfires,118.47924967539751  55.67916309703513,6/25/24,19:00:00,19,118.47924967539751, 55.67916309703513
EONET_8502,Wildfire in Russian Federation 1020076,,Wildfires,115.21681404143771  54.150350246409786,6/25/24,19:00:00,19,115.21681404143771, 54.150350246409786
EONET_8511,Wildfire in Russian Federation 1020085,,Wildfires,125.19944724506361  55.64001503714294,6/25/24,19:00:00,19,125.19944724506361, 55.64001503714294
EONET_8512,Wildfire in Canada 1020086,,Wildfires,-121.42548053031156  59.68160663805208,6/25/24,19:00:00,20,-121.42548053031156, 59.68160663805208
EONET_8538,Wildfire in Canada 1020112,,Wildfires,-121.33214953903452  59.65009719295304,6/25/24,19:00:00,20,-121.33214953903452, 59.65009719295304
EONET_8601,Wildfire in Russian Federation 1020128,,Wildfires,127.31798218503701  55.989322620328124,6/25/24,19:00:00,19,127.31798218503701, 55.989322620328124
EONET_8633,Wildfire in Russian Federation 1020151,,Wildfires,119.74896138657834  59.4435683583049,6/25/24,19:00:00,19,119.74896138657834, 59.4435683583049
EONET_8351,Grizzly Wildfire  Denali  Alaska,Denali National Park and Preserve,Wildfires,-152.25445  63.029717,6/25/24,18:17:00,11,-152.25445, 63.029717
EONET_8360,Globe Wildfire  Yukon-Koyukuk  Alaska,6 miles north of Wickersham Dome,Wildfires,-148.05695  65.32,6/25/24,18:15:00,11,-148.05695, 65.32
EONET_8691,FRESNO JUNE LIGHTNING COMPLEX Wildfire  Fresno  California,Yokuts Valley,Wildfires,-119.337929  36.715565,6/25/24,12:05:00,12,-119.337929, 36.715565
EONET_8361,Iver Wildfire  Fairbanks North Star  Alaska,37 miles northeast of Fairbanks,Wildfires,-148.629667  65.2015,6/25/24,2:22:00,12,-148.629667, 65.2015
EONET_8362,Slate Wildfire  Yukon-Koyukuk  Alaska,37 miles northwest of Fairbanks,Wildfires,-148.507333  65.223833,6/25/24,1:37:00,12,-148.507333, 65.223833
EONET_8225,APACHE Wildfire  Butte  California,Palermo  South of Oroville,Wildfires,-121.482631  39.418598,6/24/24,22:21:00,12,-121.482631, 39.418598
EONET_8260,Wildfire in Canada 1019923,,Wildfires,-64.11572465175655  51.79184131660541,6/24/24,19:00:00,19,-64.11572465175655, 51.79184131660541
EONET_8268,Wildfire in Brazil 1019931,,Wildfires,-76.16338524,6/24/24,19:00:00,#VALUE!,#VALUE!,#VALUE!
EONET_8269,Wildfire in United States 1019932,,Wildfires,-119.30346408860883  36.7498605824008,6/24/24,19:00:00,20,-119.30346408860883, 36.7498605824008
EONET_8283,Wildfire in The Democratic Republic of Congo 1019947,,Wildfires,23.294076965461652  -3.733227237900466,6/24/24,19:00:00,19,23.294076965461652, -3.733227237900466
EONET_8284,Wildfire in The Democratic Republic of Congo 1019950,,Wildfires,23.46548876678258  -3.5856567728470115,6/24/24,19:00:00,18,23.46548876678258, -3.5856567728470115
EONET_8285,Wildfire in The Democratic Republic of Congo 1019946,,Wildfires,21.9381289105053  -8.888498024362239,6/24/24,19:00:00,17,21.9381289105053, -8.888498024362239
EONET_8286,Wildfire in The Democratic Republic of Congo 1019948,,Wildfires,18.49116800538968  -5.956921426144892,6/24/24,19:00:00,18,18.49116800538968, -5.956921426144892
EONET_8287,Wildfire in The Democratic Republic of Congo 1019949,,Wildfires,23.76623042176052  -3.397247809847313,6/24/24,19:00:00,18,23.76623042176052, -3.397247809847313
EONET_8302,Wildfire in The Democratic Republic of Congo 1019965,,Wildfires,27.170087926440246  -5.894757624581179,6/24/24,19:00:00,19,27.170087926440246, -5.894757624581179
EONET_8303,Wildfire in Angola 1019966,,Wildfires,19.817733359690575  -8.072202039236274,6/24/24,19:00:00,19,19.817733359690575, -8.072202039236274
EONET_8304,Wildfire in Bolivia 1019967,,Wildfires,-76.43251642,6/24/24,19:00:00,#VALUE!,#VALUE!,#VALUE!
EONET_8305,Wildfire in The Democratic Republic of Congo 1019968,,Wildfires,23.47908443888224  -3.6204836622996273,6/24/24,19:00:00,18,23.47908443888224, -3.6204836622996273
EONET_8323,Wildfire in The Democratic Republic of Congo 1019986,,Wildfires,23.13303969507488  -3.7266152363818006,6/24/24,19:00:00,18,23.13303969507488, -3.7266152363818006
EONET_8324,Wildfire in The Democratic Republic of Congo 1019987,,Wildfires,23.632914517306997  -3.877605014617591,6/24/24,19:00:00,19,23.632914517306997, -3.877605014617591
EONET_8325,Wildfire in The Democratic Republic of Congo 1019988,,Wildfires,23.624144260636903  -3.3451660392045466,6/24/24,19:00:00,19,23.624144260636903, -3.3451660392045466
EONET_8326,Wildfire in Russian Federation 1019989,,Wildfires,116.90975707784239  55.25121495792409,6/24/24,19:00:00,19,116.90975707784239, 55.25121495792409
EONET_8341,Wildfire in Russian Federation 1020002,,Wildfires,120.79517273195447  59.38274178249019,6/24/24,19:00:00,19,120.79517273195447, 59.38274178249019
EONET_8342,Wildfire in Russian Federation 1020003,,Wildfires,124.48697050068037  55.86028173257491,6/24/24,19:00:00,19,124.48697050068037, 55.86028173257491
EONET_8425,Wildfire in Russian Federation 1020017,,Wildfires,120.45135021956489  54.72211752781075,6/24/24,19:00:00,19,120.45135021956489, 54.72211752781075
EONET_8426,Wildfire in Russian Federation 1020019,,Wildfires,120.00956050980069  59.51805070140191,6/24/24,19:00:00,19,120.00956050980069, 59.51805070140191
EONET_8427,Wildfire in Russian Federation 1020020,,Wildfires,120.47286209292731  55.44046026443638,6/24/24,19:00:00,19,120.47286209292731, 55.44046026443638
EONET_8428,Wildfire in Russian Federation 1020021,,Wildfires,118.4513993560837  55.5493844600144,6/24/24,19:00:00,18,118.4513993560837, 55.5493844600144
EONET_8429,Wildfire in Tanzania 1020018,,Wildfires,34.661994324469305  -2.3046103600292667,6/24/24,19:00:00,19,34.661994324469305, -2.3046103600292667
EONET_8452,Wildfire in Russian Federation 1020045,,Wildfires,120.14650176524825  53.34539737464697,6/24/24,19:00:00,19,120.14650176524825, 53.34539737464697
EONET_8468,Wildfire in Russian Federation 1020059,,Wildfires,119.91658427573273  55.15805032347874,6/24/24,19:00:00,19,119.91658427573273, 55.15805032347874
EONET_8525,Wildfire in Russian Federation 1020099,,Wildfires,128.65712753055516  56.658305758644225,6/24/24,19:00:00,19,128.65712753055516, 56.658305758644225
EONET_8539,Wildfire in Russian Federation 1020113,,Wildfires,120.06557243704619  60.76911583358731,6/24/24,19:00:00,19,120.06557243704619, 60.76911583358731
EONET_8540,Wildfire in Russian Federation 1020114,,Wildfires,117.08896442619454  55.9513475995028,6/24/24,19:00:00,19,117.08896442619454, 55.9513475995028
EONET_8541,Wildfire in Russian Federation 1020115,,Wildfires,119.5500508088867  53.05534548681651,6/24/24,19:00:00,18,119.5500508088867, 53.05534548681651
EONET_8602,Wildfire in Russian Federation 1020129,,Wildfires,126.40580712186485  55.87135317496562,6/24/24,19:00:00,19,126.40580712186485, 55.87135317496562
EONET_8603,Wildfire in Russian Federation 1020130,,Wildfires,128.64898109214354  56.73304837431162,6/24/24,19:00:00,19,128.64898109214354, 56.73304837431162
EONET_8634,Wildfire in Russian Federation 1020152,,Wildfires,119.63305707445996  59.66519441918694,6/24/24,19:00:00,19,119.63305707445996, 59.66519441918694
EONET_8370,FLASH 3-3 Wildfire  Fresno  California,20 Miles East of Sanger,Wildfires,-119.337929  36.715565,6/24/24,18:34:00,12,-119.337929, 36.715565
EONET_8236,BOLT Wildfire  Fresno  California,,Wildfires,-119.308956  36.79027,6/24/24,18:01:00,12,-119.308956, 36.79027
EONET_8375,Main Wildfire  Yukon-Koyukuk  Alaska,13.5 Miles SW of Ruby,Wildfires,-155.7345  64.569667,6/24/24,1:50:00,10,-155.7345, 64.569667
EONET_8902,Cecil Dome Wildfire  Yukon-Koyukuk  Alaska,,Wildfires,-155.231  64.611667,6/24/24,0:36:00,9,-155.231, 64.611667
EONET_8430,Wildfire in Russian Federation 1020022,,Wildfires,119.85275703723518  55.38304708188419,6/23/24,19:00:00,19,119.85275703723518, 55.38304708188419
EONET_8469,Wildfire in Russian Federation 1020060,,Wildfires,120.4976743503613  55.494215899101405,6/23/24,19:00:00,18,120.4976743503613, 55.494215899101405
EONET_8513,Wildfire in Russian Federation 1020087,,Wildfires,119.10393834047224  54.70763460804475,6/23/24,19:00:00,19,119.10393834047224, 54.70763460804475
EONET_8514,Wildfire in Russian Federation 1020088,,Wildfires,119.41809624180483  54.7514598601305,6/23/24,19:00:00,19,119.41809624180483, 54.7514598601305
EONET_8604,Wildfire in Russian Federation 1020131,,Wildfires,117.82195746105154  59.73251332431367,6/23/24,19:00:00,19,117.82195746105154, 59.73251332431367
EONET_8374,South Wildfire  Yukon-Koyukuk  Alaska,30 miles NW of Huslia,Wildfires,-157.246917  65.971233,6/23/24,15:37:00,12,-157.246917, 65.971233
EONET_8383,Rabbit 2 Wildfire  Northwest Arctic  Alaska,12.3 miles East of Kugarak River,Wildfires,-157.7455  66.704833,6/23/24,1:47:00,10,-157.7455, 66.704833
EONET_8354,Little Black Wildfire  Northwest Arctic  Alaska,19.02 Miles SW of Shungnak,Wildfires,-157.788833  66.789833,6/23/24,1:19:00,12,-157.788833, 66.789833
EONET_8482,Von Frank Wildfire  Yukon-Koyukuk  Alaska,,Wildfires,-154.181667  63.56,6/22/24,23:25:00,12,-154.181667, 63.56
EONET_8229,0277 RV LONG BEND Wildfire  Wasco  Oregon,2 SW of Maupin  OR,Wildfires,-121.131392  45.126083,6/22/24,20:03:00,12,-121.131392, 45.126083
EONET_8373,Fish Wildfire  Northwest Arctic  Alaska,22 Miles SE of Kiana,Wildfires,-159.615  66.893333,6/22/24,19:39:00,9,-159.615, 66.893333
EONET_8270,Wildfire in Russian Federation 1019933,,Wildfires,129.9124134763707  53.296193956762664,6/22/24,19:00:00,18,129.9124134763707, 53.296193956762664
EONET_8271,Wildfire in Russian Federation 1019934,,Wildfires,128.52183588578012  53.24860504900902,6/22/24,19:00:00,19,128.52183588578012, 53.24860504900902
EONET_8272,Wildfire in Russian Federation 1019935,,Wildfires,130.2993798205448  53.21036741343203,6/22/24,19:00:00,18,130.2993798205448, 53.21036741343203
EONET_8273,Wildfire in Australia 1019936,,Wildfires,133.51998928110925  -19.26757429971461,6/22/24,19:00:00,19,133.51998928110925, -19.26757429971461
EONET_8327,Wildfire in Russian Federation 1019990,,Wildfires,121.17725951246081  54.582285902706566,6/22/24,19:00:00,19,121.17725951246081, 54.582285902706566
EONET_8343,Wildfire in Russian Federation 1020005,,Wildfires,127.29681131551807  53.950751755395245,6/22/24,19:00:00,19,127.29681131551807, 53.950751755395245
EONET_8344,Wildfire in The Democratic Republic of Congo 1020004,,Wildfires,23.83431309218347  -2.8787847332460657,6/22/24,19:00:00,18,23.83431309218347, -2.8787847332460657
EONET_8345,Wildfire in Canada 1020006,,Wildfires,-113.90267240901203  59.386487046404696,6/22/24,19:00:00,20,-113.90267240901203, 59.386487046404696
EONET_8431,Wildfire in The Democratic Republic of Congo 1020023,,Wildfires,23.393456225560556  -2.2522110236191213,6/22/24,19:00:00,19,23.393456225560556, -2.2522110236191213
EONET_8432,Wildfire in Russian Federation 1020024,,Wildfires,121.81507846959039  55.01244391053558,6/22/24,19:00:00,19,121.81507846959039, 55.01244391053558
EONET_8433,Wildfire in Russian Federation 1020025,,Wildfires,129.55814154669096  51.81135461711229,6/22/24,19:00:00,19,129.55814154669096, 51.81135461711229
EONET_8453,Wildfire in Russian Federation 1020046,,Wildfires,127.36489605071077  54.87786120878624,6/22/24,19:00:00,19,127.36489605071077, 54.87786120878624
EONET_8470,Wildfire in Russian Federation 1020061,,Wildfires,120.41281873321748  53.99159790781088,6/22/24,19:00:00,19,120.41281873321748, 53.99159790781088
EONET_8352,Deep Wildfire  Yukon-Koyukuk  Alaska,9 Miles S of Lake Minchumina,Wildfires,-152.407217  63.775,6/22/24,18:03:00,12,-152.407217, 63.775
EONET_8371,Oak Ridge Wildfire  Pueblo  Colorado,3 Miles NW of Beulah  CO,Wildfires,-105.038717  38.089417,6/22/24,13:09:00,12,-105.038717, 38.089417
EONET_8214,Naluk Wildfire  Northwest Arctic  Alaska,6 Miles SE of Hockley Hills,Wildfires,-160.0105  66.798833,6/21/24,23:28:00,10,-160.0105, 66.798833
EONET_8226,Crater Mountain Wildfire  Yukon-Koyukuk  Alaska,17 miles west of Takotna  AK.,Wildfires,-156.646533  62.9479,6/21/24,22:48:00,12,-156.646533, 62.9479
EONET_8223,Clear Wildfire  Fairbanks North Star  Alaska,17 miles west of Salcha,Wildfires,-147.5935  64.574117,6/21/24,21:42:00,10,-147.5935, 64.574117
EONET_8164,Wildfire in Brazil 1019880,,Wildfires,-76.6840326,6/21/24,19:00:00,#VALUE!,#VALUE!,#VALUE!
EONET_8165,Wildfire in Paraguay 1019879,,Wildfires,-78.88947939,6/21/24,19:00:00,#VALUE!,#VALUE!,#VALUE!
EONET_8187,Wildfire in Brazil 1019902,,Wildfires,-76.5329289,6/21/24,19:00:00,#VALUE!,#VALUE!,#VALUE!
EONET_8200,Wildfire in Russian Federation 1019915,,Wildfires,154.993251385669  65.2731709257247,6/21/24,19:00:00,17,154.993251385669, 65.2731709257247
EONET_8261,Wildfire in Russian Federation 1019924,,Wildfires,147.9938368544699  66.55899655101831,6/21/24,19:00:00,18,147.9938368544699, 66.55899655101831
EONET_8262,Wildfire in Canada 1019925,,Wildfires,-66.2056035463064  50.60987304955028,6/21/24,19:00:00,18,-66.2056035463064, 50.60987304955028
EONET_8274,Wildfire in Russian Federation 1019937,,Wildfires,128.9108094305136  53.303182351674,6/21/24,19:00:00,18,128.9108094305136, 53.303182351674
EONET_8288,Wildfire in The Democratic Republic of Congo 1019951,,Wildfires,23.4375633321135  -3.814946303613218,6/21/24,19:00:00,17,23.4375633321135, -3.814946303613218
EONET_8289,Wildfire in The Democratic Republic of Congo 1019952,,Wildfires,23.502232552877775  -3.372539960783056,6/21/24,19:00:00,19,23.502232552877775, -3.372539960783056
EONET_8306,Wildfire in Russian Federation 1019969,,Wildfires,120.63115678962484  55.06974931279237,6/21/24,19:00:00,19,120.63115678962484, 55.06974931279237
EONET_8307,Wildfire in The Democratic Republic of Congo 1019970,,Wildfires,23.709743223224724  -3.497437182739096,6/21/24,19:00:00,19,23.709743223224724, -3.497437182739096
EONET_8308,Wildfire in The Democratic Republic of Congo 1019971,,Wildfires,23.771860391865065  -3.396107457756759,6/21/24,19:00:00,19,23.771860391865065, -3.396107457756759
EONET_8328,Wildfire in The Democratic Republic of Congo 1019991,,Wildfires,22.001458998036497  -8.649685319683224,6/21/24,19:00:00,19,22.001458998036497, -8.649685319683224
EONET_8329,Wildfire in Russian Federation 1019992,,Wildfires,120.89622025105916  55.08714133728924,6/21/24,19:00:00,19,120.89622025105916, 55.08714133728924
EONET_8434,Wildfire in Russian Federation 1020026,,Wildfires,120.84152498314887  55.772183493907,6/21/24,19:00:00,19,120.84152498314887, 55.772183493907
EONET_8454,Wildfire in Russian Federation 1020047,,Wildfires,131.41158180829086  52.92784589438778,6/21/24,19:00:00,19,131.41158180829086, 52.92784589438778
EONET_8503,Wildfire in Russian Federation 1020077,,Wildfires,128.6292867518276  56.34161388656306,6/21/24,19:00:00,18,128.6292867518276, 56.34161388656306
EONET_8235,Foraker Wildfire  Denali  Alaska,,Wildfires,-151.812367  63.259633,6/21/24,18:05:00,12,-151.812367, 63.259633
EONET_8915,Upper Applegate 3900 Wildfire  Jackson  Oregon,Fire is located between Ruch  Jacksonville &amp;amp;amp; Applegate Reservoir,Wildfires,-123.0472222  42.1863889,6/20/24,19:48:00,13,-123.0472222, 42.1863889
EONET_8166,Wildfire in Russian Federation 1019881,,Wildfires,158.27788885548992  65.08566356533524,6/20/24,19:00:00,19,158.27788885548992, 65.08566356533524
EONET_8167,Wildfire in Angola 1019882,,Wildfires,20.4045728927449  -8.63949059889511,6/20/24,19:00:00,17,20.4045728927449, -8.63949059889511
EONET_8188,Wildfire in Paraguay 1019903,,Wildfires,-79.2469587,6/20/24,19:00:00,#VALUE!,#VALUE!,#VALUE!
EONET_8189,Wildfire in Brazil 1019904,,Wildfires,-76.93767982,6/20/24,19:00:00,#VALUE!,#VALUE!,#VALUE!
EONET_8201,Wildfire in Russian Federation 1019917,,Wildfires,118.90120566973688  54.57710801255013,6/20/24,19:00:00,19,118.90120566973688, 54.57710801255013
EONET_8202,Wildfire in Russian Federation 1019916,,Wildfires,146.00772206496612  67.1616109235857,6/20/24,19:00:00,19,146.00772206496612, 67.1616109235857
EONET_8275,Wildfire in Russian Federation 1019938,,Wildfires,118.78873351729804  54.65811570767716,6/20/24,19:00:00,19,118.78873351729804, 54.65811570767716
EONET_8276,Wildfire in Australia 1019939,,Wildfires,125.1275080988405  -18.56457715562435,6/20/24,19:00:00,18,125.1275080988405, -18.56457715562435
EONET_8290,Wildfire in The Democratic Republic of Congo 1019953,,Wildfires,26.393032449984794  -5.02515057262717,6/20/24,19:00:00,19,26.393032449984794, -5.02515057262717
EONET_8346,Wildfire in Russian Federation 1020007,,Wildfires,118.93422756761856  54.82142972591988,6/20/24,19:00:00,19,118.93422756761856, 54.82142972591988
EONET_8347,Wildfire in Russian Federation 1020008,,Wildfires,121.76063630199627  56.29478386974246,6/20/24,19:00:00,19,121.76063630199627, 56.29478386974246
EONET_8471,Wildfire in Russian Federation 1020064,,Wildfires,116.8018345373732  55.6000064903345,6/20/24,19:00:00,18,116.8018345373732, 55.6000064903345
EONET_8472,Wildfire in Russian Federation 1020062,,Wildfires,120.63826115018868  60.11837905652259,6/20/24,19:00:00,19,120.63826115018868, 60.11837905652259
EONET_8473,Wildfire in Russian Federation 1020063,,Wildfires,118.66208810881349  53.96699226740023,6/20/24,19:00:00,19,118.66208810881349, 53.96699226740023
EONET_8504,Wildfire in Russian Federation 1020078,,Wildfires,121.50908278957597  55.62371950851122,6/20/24,19:00:00,19,121.50908278957597, 55.62371950851122
EONET_8241,Noodor Wildfire  Yukon-Koyukuk  Alaska,,Wildfires,-147.58945  65.845283,6/20/24,12:29:00,11,-147.58945, 65.845283
EONET_8364,Van Hatten Wildfire  Yukon-Koyukuk  Alaska,54 mi southeast of Circle  Alaska,Wildfires,-142.317533  65.490867,6/19/24,22:16:00,12,-142.317533, 65.490867
EONET_8157,Wildfire in Angola 1019872,,Wildfires,20.119758949608926  -8.191226206335127,6/19/24,19:00:00,19,20.119758949608926, -8.191226206335127
EONET_8168,Wildfire in Russian Federation 1019883,,Wildfires,158.9132200346393  67.64510201272032,6/19/24,19:00:00,18,158.9132200346393, 67.64510201272032
EONET_8169,Wildfire in Angola 1019884,,Wildfires,21.549042126505405  -8.376287079385097,6/19/24,19:00:00,19,21.549042126505405, -8.376287079385097
EONET_8170,Wildfire in Russian Federation 1019885,,Wildfires,119.11759005497997  55.062059425559966,6/19/24,19:00:00,19,119.11759005497997, 55.062059425559966
EONET_8171,Wildfire in Russian Federation 1019887,,Wildfires,115.46825194024164  56.490232172007076,6/19/24,19:00:00,19,115.46825194024164, 56.490232172007076
EONET_8172,Wildfire in Australia 1019886,,Wildfires,132.94303099969986  -11.878579980773123,6/19/24,19:00:00,19,132.94303099969986, -11.878579980773123
EONET_8190,Wildfire in Russian Federation 1019906,,Wildfires,161.29616766202298  67.27932140050396,6/19/24,19:00:00,19,161.29616766202298, 67.27932140050396
EONET_8191,Wildfire in Russian Federation 1019905,,Wildfires,136.68283410243507  62.86108916873582,6/19/24,19:00:00,19,136.68283410243507, 62.86108916873582
EONET_8192,Wildfire in Russian Federation 1019907,,Wildfires,116.56245842849732  55.12996750463795,6/19/24,19:00:00,19,116.56245842849732, 55.12996750463795
EONET_8193,Wildfire in Brazil 1019908,,Wildfires,-78.07235814,6/19/24,19:00:00,#VALUE!,#VALUE!,#VALUE!
EONET_8203,Wildfire in Russian Federation 1019918,,Wildfires,158.4035659422523  66.90117873901512,6/19/24,19:00:00,18,158.4035659422523, 66.90117873901512
EONET_8263,Wildfire in The Democratic Republic of Congo 1019926,,Wildfires,24.151360044682345  -3.200197917240775,6/19/24,19:00:00,19,24.151360044682345, -3.200197917240775
EONET_8264,Wildfire in Russian Federation 1019927,,Wildfires,119.29804284003144  54.982730443668025,6/19/24,19:00:00,19,119.29804284003144, 54.982730443668025
EONET_8265,Wildfire in Russian Federation 1019928,,Wildfires,121.20773876063409  57.24779022680168,6/19/24,19:00:00,19,121.20773876063409, 57.24779022680168
EONET_8277,Wildfire in Russian Federation 1019940,,Wildfires,117.06392551170667  55.28048644433544,6/19/24,19:00:00,19,117.06392551170667, 55.28048644433544
EONET_8291,Wildfire in The Democratic Republic of Congo 1019955,,Wildfires,23.306267925985388  -3.53341308730493,6/19/24,19:00:00,19,23.306267925985388, -3.53341308730493
EONET_8292,Wildfire in Russian Federation 1019954,,Wildfires,120.61499793678597  56.98242747943773,6/19/24,19:00:00,19,120.61499793678597, 56.98242747943773
EONET_8330,Wildfire in The Democratic Republic of Congo 1019993,,Wildfires,23.668969008390025  -3.818843557151401,6/19/24,19:00:00,19,23.668969008390025, -3.818843557151401
EONET_8348,Wildfire in The Democratic Republic of Congo 1020009,,Wildfires,23.611194320555565  -3.3414985713167615,6/19/24,19:00:00,19,23.611194320555565, -3.3414985713167615
EONET_8349,Wildfire in Russian Federation 1020010,,Wildfires,119.09483660038077  59.5039934998454,6/19/24,19:00:00,19,119.09483660038077, 59.5039934998454
EONET_8350,Wildfire in Russian Federation 1020011,,Wildfires,120.34857147199115  61.29853033037048,6/19/24,19:00:00,19,120.34857147199115, 61.29853033037048
EONET_8435,Wildfire in The Democratic Republic of Congo 1020027,,Wildfires,23.22535667743992  -3.106235248543981,6/19/24,19:00:00,18,23.22535667743992, -3.106235248543981
EONET_8240,Little Underhill Creek Wildfire  Bethel  Alaska,29 miles west of Lime Village  AK.,Wildfires,-154.56365  61.386267,6/19/24,15:39:00,11,-154.56365, 61.386267
EONET_8230,Midnight Wildfire  Yukon-Koyukuk  Alaska,82 miles southeast of Chalkyitsik,Wildfires,-141.079167  66.12945,6/19/24,12:19:00,12,-141.079167, 66.12945
EONET_8254,Wawa Wildfire  Highlands  Florida,South along cypress Cut rd and Eegaan Rd,Wildfires,-81.259722  27.579722,6/19/24,10:13:00,11,-81.259722, 27.579722
EONET_8147,Wildfire in Russian Federation 1019862,,Wildfires,148.24692708678575  66.50562396978965,6/18/24,19:00:00,19,148.24692708678575, 66.50562396978965
EONET_8173,Wildfire in Australia 1019888,,Wildfires,132.42429929090477  -13.26977565296811,6/18/24,19:00:00,19,132.42429929090477, -13.26977565296811
EONET_8174,Wildfire in Russian Federation 1019889,,Wildfires,158.72781482284947  68.07691921719451,6/18/24,19:00:00,19,158.72781482284947, 68.07691921719451
EONET_8175,Wildfire in Russian Federation 1019890,,Wildfires,161.44811771571563  66.80037633935095,6/18/24,19:00:00,19,161.44811771571563, 66.80037633935095
EONET_8194,Wildfire in Russian Federation 1019911,,Wildfires,140.37399689802027  70.13968193835066,6/18/24,19:00:00,19,140.37399689802027, 70.13968193835066
EONET_8195,Wildfire in Russian Federation 1019909,,Wildfires,147.9735919148552  66.3251919709742,6/18/24,19:00:00,18,147.9735919148552, 66.3251919709742
EONET_8196,Wildfire in Russian Federation 1019910,,Wildfires,161.1522066717905  66.62983064262414,6/18/24,19:00:00,18,161.1522066717905, 66.62983064262414
EONET_8197,Wildfire in Australia 1019912,,Wildfires,132.52516386701282  -13.071141327799607,6/18/24,19:00:00,19,132.52516386701282, -13.071141327799607
EONET_8204,Wildfire in Russian Federation 1019919,,Wildfires,118.38909381549425  54.77994935440102,6/18/24,19:00:00,19,118.38909381549425, 54.77994935440102
EONET_8278,Wildfire in Russian Federation 1019941,,Wildfires,118.23687053623586  58.34364782673421,6/18/24,19:00:00,19,118.23687053623586, 58.34364782673421
EONET_8279,Wildfire in The Democratic Republic of Congo 1019942,,Wildfires,23.7181096980281  -3.609621669410874,6/18/24,19:00:00,17,23.7181096980281, -3.609621669410874
EONET_8293,Wildfire in The Democratic Republic of Congo 1019956,,Wildfires,23.869209413253678  -3.5367833570720246,6/18/24,19:00:00,19,23.869209413253678, -3.5367833570720246
EONET_8309,Wildfire in Russian Federation 1019972,,Wildfires,120.57224503789729  61.05415433293636,6/18/24,19:00:00,19,120.57224503789729, 61.05415433293636
EONET_8310,Wildfire in Russian Federation 1019973,,Wildfires,119.98001772997878  59.103024256811395,6/18/24,19:00:00,19,119.98001772997878, 59.103024256811395
EONET_8331,Wildfire in The Democratic Republic of Congo 1019994,,Wildfires,23.75234301139655  -3.488057315681826,6/18/24,19:00:00,18,23.75234301139655, -3.488057315681826
EONET_8253,Schiff Wildfire  Sioux  Nebraska,25 miles SW of  Alliance  NE,Wildfires,-103.424694  42.006451,6/18/24,16:24:00,12,-103.424694, 42.006451
EONET_8213,Big Yetna River Wildfire  Yukon-Koyukuk  Alaska,,Wildfires,-158.74  62.63,6/18/24,13:39:00,8,-158.74, 62.63
EONET_8227,Zimmerman Creek Wildfire  Yukon-Koyukuk  Alaska,,Wildfires,-158.28  62.59,6/18/24,12:13:00,8,-158.28, 62.59
EONET_8380,South Fork George River Wildfire  Bethel  Alaska,16 miles north of Red Devil  AK.,Wildfires,-157.4235  61.937117,6/18/24,3:59:00,10,-157.4235, 61.937117
EONET_8387,Eightmile Creek Wildfire  Bethel  Alaska,,Wildfires,-157.591333  61.80745,6/18/24,3:54:00,12,-157.591333, 61.80745
EONET_8384,Portage Wildfire  Bethel  Alaska,1 mile south of Georgetown  AK.,Wildfires,-157.902383  61.86055,6/18/24,3:42:00,12,-157.902383, 61.86055
EONET_8372,Lower Meadow Creek Wildfire  Yukon-Koyukuk  Alaska,32 miles north of Nikolai  AK.,Wildfires,-154.790333  63.468667,6/18/24,2:30:00,12,-154.790333, 63.468667
EONET_8376,Owhat River Wildfire  Bethel  Alaska,18 miles north of Chuathbluk  AK.,Wildfires,-159.217667  61.849517,6/18/24,0:09:00,12,-159.217667, 61.849517
EONET_8246,Muskeg Creek Wildfire  Bethel  Alaska,,Wildfires,-156.31  61.55,6/17/24,23:15:00,8,-156.31, 61.55
EONET_8244,Togiak River Wildfire  Dillingham  Alaska,18 miles west of Aleknagik  AK,Wildfires,-159.7532  59.4431,6/17/24,21:50:00,10,-159.7532, 59.4431
EONET_8221,Kako Wildfire  Kusilvak  Alaska,20 miles NNW of Russian Mission  AK,Wildfires,-161.494  62.061167,6/17/24,21:24:00,9,-161.494, 62.061167
EONET_8356,Oskawalik River Wildfire  Bethel  Alaska,18 miles south of Crooked Creek  AK.,Wildfires,-158.0076  61.6669,6/17/24,20:28:00,10,-158.0076, 61.6669
EONET_8245,Aniak River Wildfire  Bethel  Alaska,30 miles southwest of Aniak  AK,Wildfires,-159.059039  61.2202,6/17/24,20:24:00,12,-159.059039, 61.2202
EONET_8148,Wildfire in Australia 1019863,,Wildfires,129.760891149914  -15.621904848555948,6/17/24,19:00:00,17,129.760891149914, -15.621904848555948
EONET_8149,Wildfire in United States 1019864,,Wildfires,-105.64559906199449  33.27657379697286,6/17/24,19:00:00,20,-105.64559906199449, 33.27657379697286
EONET_8150,Wildfire in Australia 1019865,,Wildfires,133.5260614346419  -13.043628596681506,6/17/24,19:00:00,18,133.5260614346419, -13.043628596681506
EONET_8151,Wildfire in United States 1019866,,Wildfires,-122.42967737380634  39.26009852148929,6/17/24,19:00:00,20,-122.42967737380634, 39.26009852148929
EONET_8152,Wildfire in Brazil 1019867,,Wildfires,-76.46304772,6/17/24,19:00:00,#VALUE!,#VALUE!,#VALUE!
EONET_8158,Wildfire in The Democratic Republic of Congo 1019873,,Wildfires,25.93837186934699  -5.483407883842133,6/17/24,19:00:00,18,25.93837186934699, -5.483407883842133
EONET_8159,Wildfire in Australia 1019874,,Wildfires,133.48345853995323  -12.531122608190255,6/17/24,19:00:00,19,133.48345853995323, -12.531122608190255
EONET_8176,Wildfire in Australia 1019891,,Wildfires,132.12589324891877  -12.99248176334612,6/17/24,19:00:00,19,132.12589324891877, -12.99248176334612
EONET_8177,Wildfire in The Democratic Republic of Congo 1019892,,Wildfires,24.564823297642395  -3.3398128457860636,6/17/24,19:00:00,19,24.564823297642395, -3.3398128457860636
EONET_8178,Wildfire in The Democratic Republic of Congo 1019893,,Wildfires,24.44278198149758  -3.5878300765150968,6/17/24,19:00:00,18,24.44278198149758, -3.5878300765150968
EONET_8179,Wildfire in The Democratic Republic of Congo 1019894,,Wildfires,23.398607490212864  -3.3760737617380507,6/17/24,19:00:00,19,23.398607490212864, -3.3760737617380507
EONET_8198,Wildfire in Russian Federation 1019914,,Wildfires,154.8751690049775  67.78669348339186,6/17/24,19:00:00,18,154.8751690049775, 67.78669348339186
EONET_8199,Wildfire in Russian Federation 1019913,,Wildfires,117.156384576644  55.37493343467848,6/17/24,19:00:00,17,117.156384576644, 55.37493343467848
EONET_8205,Wildfire in Russian Federation 1019920,,Wildfires,118.12026830409896  59.3206312976344,6/17/24,19:00:00,19,118.12026830409896, 59.3206312976344
EONET_8266,Wildfire in The Democratic Republic of Congo 1019930,,Wildfires,23.801068548592344  -3.6999125115565206,6/17/24,19:00:00,19,23.801068548592344, -3.6999125115565206
EONET_8267,Wildfire in Russian Federation 1019929,,Wildfires,134.09096182505658  60.09642754978722,6/17/24,19:00:00,19,134.09096182505658, 60.09642754978722
EONET_8294,Wildfire in The Democratic Republic of Congo 1019957,,Wildfires,23.991147612715384  -3.235610843512533,6/17/24,19:00:00,19,23.991147612715384, -3.235610843512533
EONET_8295,Wildfire in The Democratic Republic of Congo 1019958,,Wildfires,24.285591389120892  -3.023625690769941,6/17/24,19:00:00,19,24.285591389120892, -3.023625690769941
EONET_8296,Wildfire in The Democratic Republic of Congo 1019959,,Wildfires,23.751863615807252  -3.1648363028392614,6/17/24,19:00:00,19,23.751863615807252, -3.1648363028392614
EONET_8311,Wildfire in The Democratic Republic of Congo 1019974,,Wildfires,23.417496585842695  -3.6498378131526383,6/17/24,19:00:00,19,23.417496585842695, -3.6498378131526383
EONET_8312,Wildfire in The Democratic Republic of Congo 1019975,,Wildfires,23.310448021984435  -3.5323890912987506,6/17/24,19:00:00,19,23.310448021984435, -3.5323890912987506
EONET_8313,Wildfire in The Democratic Republic of Congo 1019976,,Wildfires,23.75133375993904  -3.2860033291387465,6/17/24,19:00:00,18,23.75133375993904, -3.2860033291387465
EONET_8436,Wildfire in The Democratic Republic of Congo 1020028,,Wildfires,23.170851332567587  -3.2998199691050316,6/17/24,19:00:00,19,23.170851332567587, -3.2998199691050316
EONET_8234,SALT Wildfire  Otero  New Mexico,7 Miles West of Mescalero  NM,Wildfires,-105.70833  33.24295,6/17/24,17:32:00,11,-105.70833, 33.24295
EONET_8218,SITES Wildfire  Colusa  California,West of Maxwell  Southwest of Stonyford,Wildfires,-122.338129  39.308886,6/17/24,16:40:00,12,-122.338129, 39.308886
EONET_8233,SOUTH FORK Wildfire  Otero  New Mexico,Ruidoso Area,Wildfires,-105.791419  33.343147,6/17/24,11:30:00,12,-105.791419, 33.343147
EONET_8918,Morris Marina Road Wildfire  Carteret  North Carolina,1/4 mile North of Atlantic  North Carolina,Wildfires,-76.3272222  34.8941667,6/17/24,10:54:00,12,-76.3272222, 34.8941667
EONET_8228,American Creek Wildfire  Lake and Peninsula  Alaska,25 miles northeast from King Salon.,Wildfires,-155.518  58.899167,6/16/24,20:35:00,9,-155.518, 58.899167
EONET_8139,Wildfire in United States 1019855,,Wildfires,-105.72193942407317  33.36714566463279,6/16/24,19:00:00,20,-105.72193942407317, 33.36714566463279
EONET_8155,Wildfire in Russian Federation 1019870,,Wildfires,157.9826588364988  65.7126495004195,6/16/24,19:00:00,18,157.9826588364988, 65.7126495004195
EONET_8156,Wildfire in Russian Federation 1019871,,Wildfires,146.71738424130103  66.77270863830982,6/16/24,19:00:00,19,146.71738424130103, 66.77270863830982
EONET_8160,Wildfire in The Democratic Republic of Congo 1019876,,Wildfires,18.47351175871417  -7.421050231095639,6/16/24,19:00:00,18,18.47351175871417, -7.421050231095639
EONET_8161,Wildfire in Australia 1019875,,Wildfires,131.8548805299909  -12.79456054460986,6/16/24,19:00:00,18,131.8548805299909, -12.79456054460986
EONET_8180,Wildfire in Russian Federation 1019895,,Wildfires,132.99665993798027  59.948255397135014,6/16/24,19:00:00,19,132.99665993798027, 59.948255397135014
EONET_8181,Wildfire in Russian Federation 1019896,,Wildfires,150.03649574237724  67.70905100231123,6/16/24,19:00:00,19,150.03649574237724, 67.70905100231123
EONET_8297,Wildfire in The Democratic Republic of Congo 1019960,,Wildfires,23.288364338413327  -3.148334769626071,6/16/24,19:00:00,19,23.288364338413327, -3.148334769626071
EONET_8238,POINT Wildfire  Sonoma  California,Lake Sonoma - Dry Creek Valley,Wildfires,-123.012253  38.705475,6/16/24,15:34:00,12,-123.012253, 38.705475
EONET_8162,Wildfire in Australia 1019877,,Wildfires,133.57410753730048  -12.709614536530445,6/15/24,19:00:00,19,133.57410753730048, -12.709614536530445
EONET_8163,Wildfire in Russian Federation 1019878,,Wildfires,118.4396590811444  54.66212330033214,6/15/24,19:00:00,18,118.4396590811444, 54.66212330033214
EONET_8182,Wildfire in The Democratic Republic of Congo 1019897,,Wildfires,23.409917982583444  -3.5668065626110232,6/15/24,19:00:00,19,23.409917982583444, -3.5668065626110232
EONET_8280,Wildfire in Russian Federation 1019943,,Wildfires,131.01929688331307  59.21789446093333,6/15/24,19:00:00,19,131.01929688331307, 59.21789446093333
EONET_8281,Wildfire in Russian Federation 1019944,,Wildfires,127.78985848129133  53.17933465144364,6/15/24,19:00:00,19,127.78985848129133, 53.17933465144364
EONET_8298,Wildfire in The Democratic Republic of Congo 1019961,,Wildfires,23.70060668169016  -3.72257323448695,6/15/24,19:00:00,18,23.70060668169016, -3.72257323448695
EONET_8231,POST Wildfire  Los Angeles  California,South of Gorman  CA,Wildfires,-118.8776  34.80285,6/15/24,16:53:00,10,-118.8776, 34.80285
EONET_8255,BEAM ROAD Wildfire  Yakima  Washington,6 miles north-east of Zillah  WA,Wildfires,-120.16  46.43,6/15/24,16:25:00,8,-120.16, 46.43
EONET_8140,Wildfire in Russian Federation 1019856,,Wildfires,156.6579489049529  64.51608237614225,6/14/24,19:00:00,18,156.6579489049529, 64.51608237614225
EONET_8206,Wildfire in Australia 1019921,,Wildfires,133.8084295746232  -12.692855290768078,6/14/24,19:00:00,18,133.8084295746232, -12.692855290768078
EONET_8217,Foote Wildfire  Greenlee  Arizona,12 miles South of Alpine AZ,Wildfires,-109.1711  33.645649,6/14/24,17:07:00,10,-109.1711, 33.645649
EONET_6681,Wildfire in Brazil 1019839,,Wildfires,-74.95523461,6/13/24,19:00:00,#VALUE!,#VALUE!,#VALUE!
EONET_6687,Wildfire in Botswana 1019845,,Wildfires,24.83401145650008  -20.02206700721789,6/13/24,19:00:00,18,24.83401145650008, -20.02206700721789
EONET_6695,Wildfire in Australia 1019853,,Wildfires,132.08417267814752  -13.121198778578076,6/13/24,19:00:00,19,132.08417267814752, -13.121198778578076
EONET_8141,Wildfire in Russian Federation 1019857,,Wildfires,134.13260040393624  60.04986605415172,6/13/24,19:00:00,19,134.13260040393624, 60.04986605415172
EONET_8153,Wildfire in Russian Federation 1019868,,Wildfires,149.44755942026507  66.34800010503768,6/13/24,19:00:00,19,149.44755942026507, 66.34800010503768
EONET_8183,Wildfire in Australia 1019898,,Wildfires,134.01157930735363  -12.750722951250086,6/13/24,19:00:00,19,134.01157930735363, -12.750722951250086
EONET_8184,Wildfire in Russian Federation 1019899,,Wildfires,137.03452360301566  66.0533143300944,6/13/24,19:00:00,19,137.03452360301566, 66.0533143300944
EONET_8249,Tututalak Wildfire  Northwest Arctic  Alaska,33 Miles NE of Noatak,Wildfires,-162.112667  67.915833,6/13/24,18:54:00,12,-162.112667, 67.915833
EONET_8232,Little Twist Wildfire  Beaver  Utah,5 miles South East of Beaver Utah,Wildfires,-112.472923  38.183525,6/13/24,18:28:00,12,-112.472923, 38.183525
EONET_8250,Urgoon Wildfire  Northwest Arctic  Alaska,20 Miles NE of Noatak on S side of river,Wildfires,-162.4155  67.781833,6/13/24,16:12:00,10,-162.4155, 67.781833
EONET_6682,Wildfire in Zambia 1019840,,Wildfires,26.468053102960674  -14.774490930290243,6/12/24,19:00:00,19,26.468053102960674, -14.774490930290243
EONET_6683,Wildfire in Australia 1019841,,Wildfires,137.3280985860007  -16.628472234184954,6/12/24,19:00:00,18,137.3280985860007, -16.628472234184954
EONET_6684,Wildfire in Australia 1019842,,Wildfires,137.1618343375941  -16.660030796521053,6/12/24,19:00:00,18,137.1618343375941, -16.660030796521053
EONET_6688,Wildfire in Russian Federation 1019846,,Wildfires,131.4354712009206  59.16594147671801,6/12/24,19:00:00,18,131.4354712009206, 59.16594147671801
EONET_6689,Wildfire in Australia 1019847,,Wildfires,132.1889824594143  -13.48843052157011,6/12/24,19:00:00,18,132.1889824594143, -13.48843052157011
EONET_8142,Wildfire in Bolivia 1019858,,Wildfires,-76.45126888,6/12/24,19:00:00,#VALUE!,#VALUE!,#VALUE!
EONET_8185,Wildfire in The Democratic Republic of Congo 1019900,,Wildfires,23.75848167729023  -3.8754318948046156,6/12/24,19:00:00,18,23.75848167729023, -3.8754318948046156
EONET_8299,Wildfire in Russian Federation 1019962,,Wildfires,120.11955996794964  56.147023560029425,6/12/24,19:00:00,19,120.11955996794964, 56.147023560029425
EONET_8251,Goldbug Wildfire  Northwest Arctic  Alaska,25 miles SSE of Deering,Wildfires,-162.48  65.73,6/12/24,16:13:00,8,-162.48, 65.73
EONET_6697,Lone Fire Wildfire  Roosevelt  Montana,,Wildfires,-105.668216  48.114224,6/12/24,11:12:00,12,-105.668216, 48.114224
EONET_6699,Chelsea Slough Fire Wildfire  Roosevelt  Montana,,Wildfires,-105.338766  48.131857,6/12/24,11:08:00,12,-105.338766, 48.131857
EONET_6700,Pit Fire Wildfire  Roosevelt  Montana,,Wildfires,-105.633388  48.0773,6/12/24,11:04:00,12,-105.633388, 48.0773
EONET_6701,South Ditch Wildfire  Fergus  Montana,,Wildfires,-109.645068  47.196479,6/12/24,11:03:00,12,-109.645068, 47.196479
EONET_6702,Gate Fire Wildfire  Roosevelt  Montana,,Wildfires,-105.665969  48.066644,6/12/24,10:55:00,12,-105.665969, 48.066644
EONET_6703,Fort Peck Tribal Dump Ground Wildfire  Roosevelt  Montana,,Wildfires,-105.17975  48.10491,6/12/24,10:52:00,11,-105.17975, 48.10491
EONET_6704,Dry Creek - Custer Wildfire  Custer  Montana,,Wildfires,-105.763867  46.215133,6/12/24,10:41:00,12,-105.763867, 46.215133
EONET_6715,Spring Gulch Wildfire  Yavapai  Arizona,,Wildfires,-112.028999  34.457199,6/12/24,1:43:00,12,-112.028999, 34.457199
EONET_6716,Pine Creek Wildfire  Lincoln  Montana,,Wildfires,-115.982966  48.596518,6/12/24,0:36:00,12,-115.982966, 48.596518
EONET_6717,VALENTINE Wildfire  Mono  California,,Wildfires,-118.925314  37.633773,6/12/24,0:14:00,12,-118.925314, 37.633773
EONET_6720,Elk Haven Wildfire  Lincoln  Montana,,Wildfires,-115.62767  48.949077,6/11/24,23:50:00,11,-115.62767, 48.949077
EONET_6721,RABBIT CREEK Wildfire  Okanogan  Washington,,Wildfires,-119.688449  48.821597,6/11/24,23:30:00,12,-119.688449, 48.821597
EONET_6723,Spring Wildfire  Powder River  Montana,,Wildfires,-105.90575  45.148167,6/11/24,23:29:00,11,-105.90575, 45.148167
EONET_6725,PHILLEO Wildfire  Stevens  Washington,,Wildfires,-117.860452  48.408251,6/11/24,23:08:00,12,-117.860452, 48.408251
EONET_6731,Round Lake Wildfire  Klamath  Oregon,,Wildfires,-121.914897  42.20675,6/11/24,21:35:00,12,-121.914897, 42.20675
EONET_6733,Waddle Wildfire  Elko  Nevada,,Wildfires,-115.82652  41.03323,6/11/24,20:51:00,11,-115.82652, 41.03323
EONET_6734,Shute Wildfire  Lincoln  Wyoming,,Wildfires,-110.4532  42.26215,6/11/24,20:42:00,10,-110.4532, 42.26215
EONET_6736,0221 NE DARLENE 2 Wildfire  Deschutes  Oregon,,Wildfires,-121.476282  43.652785,6/11/24,20:34:00,12,-121.476282, 43.652785
EONET_6737,Sego Wildfire  Dolores  Colorado,,Wildfires,-108.913133  37.639667,6/11/24,20:31:00,12,-108.913133, 37.639667
EONET_6739,Stuart 3 Wildfire  Fairbanks North Star  Alaska,,Wildfires,-146.561998  66.683013,6/11/24,20:20:00,12,-146.561998, 66.683013
EONET_6740,Cold Spring Ln Wildfire  Columbia  Washington,,Wildfires,-118.022489  46.302211,6/11/24,20:18:00,12,-118.022489, 46.302211
EONET_6743,Cedar City Assist 01 Wildfire  Iron  Utah,,Wildfires,-113.185101  37.674879,6/11/24,19:45:00,12,-113.185101, 37.674879
EONET_6747,MPMG Wildfire  Fairbanks North Star  Alaska,,Wildfires,-147.656117  64.810283,6/11/24,19:17:00,12,-147.656117, 64.810283
EONET_6748,Longs Ranch Wildfire  Douglas  Oregon,,Wildfires,-123.5338685  43.32234447,6/11/24,19:13:00,13,-123.5338685, 43.32234447
EONET_6678,Wildfire in China 1019836,,Wildfires,112.13231659287177  36.031661543156666,6/11/24,19:00:00,19,112.13231659287177, 36.031661543156666
EONET_6690,Wildfire in Russian Federation 1019848,,Wildfires,128.66495544704927  53.27742275722371,6/11/24,19:00:00,19,128.66495544704927, 53.27742275722371
EONET_6691,Wildfire in Russian Federation 1019849,,Wildfires,136.2825117087701  62.769134900333306,6/11/24,19:00:00,18,136.2825117087701, 62.769134900333306
EONET_6692,Wildfire in Brazil 1019850,,Wildfires,-76.11157206,6/11/24,19:00:00,#VALUE!,#VALUE!,#VALUE!
EONET_6696,Wildfire in Australia 1019854,,Wildfires,130.26648020718562  -14.282982474581985,6/11/24,19:00:00,19,130.26648020718562, -14.282982474581985
EONET_8143,Wildfire in Botswana  Namibia 1019859,,Wildfires,22.948394283062314  -18.067359525469087,6/11/24,19:00:00,19,22.948394283062314, -18.067359525469087
EONET_6750,South Devils Corral Wildfire  Jerome  Idaho,,Wildfires,-114.369453  42.600086,6/11/24,18:57:00,12,-114.369453, 42.600086
EONET_6752,Lakeshore Dr. Wildfire  Josephine  Oregon,,Wildfires,-123.5792797  42.26686509,6/11/24,18:51:00,13,-123.5792797, 42.26686509
EONET_6753,QUAKE Wildfire  Benton  Washington,,Wildfires,-119.267871  46.193834,6/11/24,18:49:00,12,-119.267871, 46.193834
EONET_6755,Cat Tail Creek Wildfire  Jackson  Oregon,,Wildfires,-122.6538  42.56046667,6/11/24,18:49:00,10,-122.6538, 42.56046667
EONET_6756,Deviation Wildfire  Northwest Arctic  Alaska,,Wildfires,-160.695648  66.928278,6/11/24,18:41:00,12,-160.695648, 66.928278
EONET_6757,Gyer Wildfire  Lake  Oregon,,Wildfires,-121.183538  42.913761,6/11/24,18:40:00,12,-121.183538, 42.913761
EONET_6764,Trail Wildfire  Washoe  Nevada,,Wildfires,-119.764023  39.625623,6/11/24,18:12:00,12,-119.764023, 39.625623
EONET_6771,GROVE Wildfire  Spokane  Washington,,Wildfires,-117.487836  47.58265,6/11/24,17:40:00,12,-117.487836, 47.58265
EONET_6779,LA PORTE Wildfire  Butte  California,,Wildfires,-121.403826  39.390536,6/11/24,17:16:00,12,-121.403826, 39.390536
EONET_6780,WATKINS Wildfire  Mariposa  California,,Wildfires,-119.539277  37.783315,6/11/24,17:15:00,12,-119.539277, 37.783315
EONET_6783,Warm Creek Wildfire  Jerome  Idaho,,Wildfires,-114.458227  42.602062,6/11/24,17:09:00,12,-114.458227, 42.602062
EONET_6788,PRESTON ROAD Wildfire  Okanogan  Washington,,Wildfires,-120.132973  48.215485,6/11/24,16:16:00,12,-120.132973, 48.215485
EONET_6789,STODDARD 3 Wildfire  San Bernardino  California,STODDARD VALLEY,Wildfires,-117.055431  34.785296,6/11/24,16:14:00,12,-117.055431, 34.785296
EONET_6795,Lake Creek Wildfire  Harney  Oregon,,Wildfires,-119.227055  43.751269,6/11/24,15:47:00,12,-119.227055, 43.751269
EONET_6798,Snow Ranch Wildfire  Archuleta  Colorado,,Wildfires,-107.220193  37.253575,6/11/24,14:37:00,12,-107.220193, 37.253575
EONET_6804,E Antelope Rd 2528 Wildfire  Jackson  Oregon,,Wildfires,-122.7488833  42.41375,6/11/24,13:29:00,13,-122.7488833, 42.41375
EONET_6813,Wildcat Wildfire  Tooele  Utah,,Wildfires,-113.296123  40.47799,6/11/24,12:10:00,12,-113.296123, 40.47799
EONET_6816,Bogners - Carter Wildfire  Carter  Montana,,Wildfires,-105.00292  45.21458,6/11/24,11:27:00,11,-105.00292, 45.21458
EONET_6817,CARO Wildfire  Spokane  Washington,,Wildfires,-117.293534  47.649666,6/11/24,11:16:00,12,-117.293534, 47.649666
EONET_6818,WILDCAT CREEK Wildfire  Caddo  Oklahoma,,Wildfires,-98.256944  35.296944,6/11/24,10:43:00,11,-98.256944, 35.296944
EONET_6820,PALISADES ROAD Wildfire  Douglas  Washington,15 Miles South of community of Palisades and 20 Miles East of Rock Island WA,Wildfires,-120.012476  47.275592,6/11/24,8:48:00,12,-120.012476, 47.275592
EONET_6835,D54 STUCK VEHICLE 2S66 Wildfire  Tuolumne  California,,Wildfires,-119.96652  37.79836,6/10/24,21:52:00,11,-119.96652, 37.79836
EONET_6838,Timber Butte Wildfire  Klamath  Oregon,,Wildfires,-121.476333  43.316,6/10/24,20:53:00,12,-121.476333, 43.316
EONET_6841,ADOBE 3 Wildfire  Sonoma  California,,Wildfires,-122.531283  38.238583,6/10/24,20:46:00,12,-122.531283, 38.238583
EONET_6842,ADOBE 2 Wildfire  Sonoma  California,,Wildfires,-122.533917  38.240033,6/10/24,20:44:00,12,-122.533917, 38.240033
EONET_6844,Black Wildfire  Gila  Arizona,,Wildfires,-110.529833  33.986,6/10/24,20:22:00,12,-110.529833, 33.986
EONET_6845,I-5 MM 18 Wildfire  Jackson  Oregon,,Wildfires,-122.7138333  42.21833333,6/10/24,20:21:00,13,-122.7138333, 42.21833333
EONET_6849,ASSIST/KRN/48A Wildfire  Kern  California,,Wildfires,-117.962179  35.223745,6/10/24,19:37:00,12,-117.962179, 35.223745
EONET_6850,I 80  / CUMMINGS SKWY Wildfire  Contra Costa  California,,Wildfires,-122.238293  38.045173,6/10/24,19:35:00,12,-122.238293, 38.045173
EONET_6666,Wildfire in Bolivia  Brazil 1019827,,Wildfires,-77.94539227,6/10/24,19:00:00,#VALUE!,#VALUE!,#VALUE!
EONET_6673,Wildfire in The Democratic Republic of Congo 1019831,,Wildfires,25.048072842072497  -8.449158839527039,6/10/24,19:00:00,19,25.048072842072497, -8.449158839527039
EONET_6679,Wildfire in Australia 1019837,,Wildfires,128.756296444836  -17.064177309559632,6/10/24,19:00:00,17,128.756296444836, -17.064177309559632
EONET_6685,Wildfire in Australia 1019844,,Wildfires,130.11084389489514  -14.453578007520827,6/10/24,19:00:00,19,130.11084389489514, -14.453578007520827
EONET_6686,Wildfire in Russian Federation 1019843,,Wildfires,128.92521909629454  53.328215689594266,6/10/24,19:00:00,19,128.92521909629454, 53.328215689594266
EONET_6693,Wildfire in Australia 1019851,,Wildfires,130.1599674966007  -14.388250095459364,6/10/24,19:00:00,18,130.1599674966007, -14.388250095459364
EONET_8154,Wildfire in The Democratic Republic of Congo 1019869,,Wildfires,24.211050380988084  -3.3985815757509625,6/10/24,19:00:00,19,24.211050380988084, -3.3985815757509625
EONET_8186,Wildfire in Russian Federation 1019901,,Wildfires,133.13202920201394  59.91720308563306,6/10/24,19:00:00,19,133.13202920201394, 59.91720308563306
EONET_6863,Canal Wildfire  Maricopa  Arizona,,Wildfires,-111.893383  33.449053,6/10/24,18:22:00,12,-111.893383, 33.449053
EONET_6866,Wickiup Wildfire  Klamath  Oregon,,Wildfires,-121.358369  43.348265,6/10/24,18:01:00,12,-121.358369, 43.348265
EONET_6874,2452 Wildfire  Harney  Oregon,,Wildfires,-119.866325  43.592621,6/10/24,17:03:00,12,-119.866325, 43.592621
EONET_6875,Heart Lake Camp Fire Wildfire  Lake  Oregon,,Wildfires,-120.8387  42.2573,6/10/24,17:01:00,10,-120.8387, 42.2573
EONET_6883,Beaver Creek Wildfire  Oneida  Wisconsin,,Wildfires,-89.28561  45.58691,6/10/24,15:47:00,10,-89.28561, 45.58691
EONET_6888,FALSE ALARM Wildfire  Los Angeles  California,,Wildfires,-118.2059  34.221009,6/10/24,15:15:00,10,-118.2059, 34.221009
EONET_6889,Drake Wildfire  Maricopa  Arizona,,Wildfires,-111.946942  33.256332,6/10/24,15:15:00,12,-111.946942, 33.256332
EONET_6894,Peacock Wildfire  Mohave  Arizona,6 miles Southwest of Hackberry  AZ,Wildfires,-113.7994  35.3187,6/10/24,14:41:00,10,-113.7994, 35.3187
EONET_6902,CRAWFISH Wildfire  Fresno  California,,Wildfires,-119.376299  36.719509,6/10/24,13:25:00,12,-119.376299, 36.719509
EONET_6903,Butler Rd Slash Wildfire  Lane  Oregon,,Wildfires,-123.390735  44.12105,6/10/24,13:22:00,12,-123.390735, 44.12105
EONET_6907,RAILROAD Wildfire  Shasta  California,,Wildfires,-122.38896  40.557538,6/10/24,12:38:00,11,-122.38896, 40.557538
EONET_6910,TRAINING Wildfire  San Bernardino  California,,Wildfires,-115.768204  35.41111,6/10/24,12:06:00,12,-115.768204, 35.41111
EONET_6912,Christi Court Wildfire  Brevard  Florida,,Wildfires,-80.843833  28.6035,6/10/24,11:12:00,11,-80.843833, 28.6035
EONET_6914,BLUEBELL Wildfire  Valencia  New Mexico,,Wildfires,-106.7646  34.74559,6/10/24,9:24:00,10,-106.7646, 34.74559
EONET_6925,School 124 Wildfire  Mohave  Arizona,,Wildfires,-113.425844  35.53435,6/9/24,23:00:00,12,-113.425844, 35.53435
EONET_6663,Wildfire in The Democratic Republic of Congo 1019820,,Wildfires,19.524549447533417  -6.321017773009712,6/9/24,19:00:00,19,19.524549447533417, -6.321017773009712
EONET_6667,Wildfire in Australia 1019829,,Wildfires,145.97078668581128  -19.151149710433955,6/9/24,19:00:00,19,145.97078668581128, -19.151149710433955
EONET_6668,Wildfire in Australia 1019830,,Wildfires,144.90579302774964  -16.609373940490848,6/9/24,19:00:00,19,144.90579302774964, -16.609373940490848
EONET_6669,Wildfire in Angola 1019823,,Wildfires,21.72731383847351  -8.627310716730873,6/9/24,19:00:00,18,21.72731383847351, -8.627310716730873
EONET_6670,Wildfire in The Democratic Republic of Congo 1019824,,Wildfires,27.01164841093055  -8.744141171555189,6/9/24,19:00:00,18,27.01164841093055, -8.744141171555189
EONET_6680,Wildfire in Paraguay  Brazil 1019838,,Wildfires,-78.77475307,6/9/24,19:00:00,#VALUE!,#VALUE!,#VALUE!
EONET_6694,Wildfire in Australia 1019852,,Wildfires,126.96293200047403  -14.447093138560433,6/9/24,19:00:00,19,126.96293200047403, -14.447093138560433
EONET_8207,Wildfire in Bolivia  Brazil 1019922,,Wildfires,-74.94743589,6/9/24,19:00:00,#VALUE!,#VALUE!,#VALUE!
EONET_6954,0205 RV Wildfire  Crook  Oregon,,Wildfires,-120.129216  43.996779,6/9/24,17:04:00,12,-120.129216, 43.996779
EONET_6961,Springhill Wildfire  Leon  Florida,,Wildfires,-84.356583  30.3757,6/9/24,16:25:00,11,-84.356583, 30.3757
EONET_6972,Greasewood Wildfire  Pinal  Arizona,,Wildfires,-111.574735  33.03132,6/9/24,13:40:00,12,-111.574735, 33.03132
EONET_6979,Bills Hill Wildfire  Volusia  Florida,,Wildfires,-80.607713  28.392218,6/9/24,11:35:00,11,-80.607713, 28.392218
EONET_6982,Highway Wildfire  Maricopa  Arizona,,Wildfires,-111.952003  33.259701,6/9/24,10:04:00,12,-111.952003, 33.259701
EONET_7006,Tumbleweed Wildfire  Cochise  Arizona,,Wildfires,-109.749395  31.543698,6/8/24,21:59:00,12,-109.749395, 31.543698
EONET_7009,TEN MILE Wildfire  Benton  Washington,,Wildfires,-119.450893  46.361331,6/8/24,21:25:00,12,-119.450893, 46.361331
EONET_7025,Owl Wildfire  Yukon-Koyukuk  Alaska,,Wildfires,-142.17  66.15,6/8/24,19:12:00,8,-142.17, 66.15
EONET_6674,Wildfire in Russian Federation 1019832,,Wildfires,136.05409473202397  62.79173199039873,6/8/24,19:00:00,19,136.05409473202397, 62.79173199039873
EONET_8144,Wildfire in Australia 1019860,,Wildfires,143.418907645641  -17.218158897120496,6/8/24,19:00:00,17,143.418907645641, -17.218158897120496
EONET_7034,McDonald Wildfire  Fairbanks North Star  Alaska,9 miles southwest of Salcha between Dry Creek and Tanana River,Wildfires,-147.107167  64.364833,6/8/24,17:30:00,12,-147.107167, 64.364833
EONET_7035,PIONEER Wildfire  Chelan  Washington,4 miles north from Prince Creek,Wildfires,-120.530919  48.182553,6/8/24,17:28:00,12,-120.530919, 48.182553
EONET_7041,GRIZZLY Wildfire  Nevada  California,,Wildfires,-120.88991  39.402733,6/8/24,16:46:00,11,-120.88991, 39.402733
EONET_7044,Lutheran Wildfire  Gila  Arizona,,Wildfires,-110.45  33.3071,6/8/24,16:17:00,8,-110.45, 33.3071
EONET_7050,Bear Wildfire  Gila  Arizona,4 miles south of Cibecue,Wildfires,-110.522289  33.934414,6/8/24,15:32:00,12,-110.522289, 33.934414
EONET_7051,BULLARDS Wildfire  Yuba  California,,Wildfires,-121.073112  39.464824,6/8/24,15:32:00,12,-121.073112, 39.464824
EONET_7060,Vekol Wildfire  Maricopa  Arizona,,Wildfires,-112.257004  32.840302,6/8/24,14:02:00,12,-112.257004, 32.840302
EONET_7072,Owl Head Wildfire  Pinal  Arizona,,Wildfires,-111.128  32.576,6/8/24,10:42:00,9,-111.128, 32.576
EONET_7084,SPRINGS Wildfire  Siskiyou  California,,Wildfires,-122.520453  41.474683,6/7/24,22:49:00,12,-122.520453, 41.474683
EONET_7092,Cienega Creek Wildfire  Apache  Arizona,Approximately 10 SW of Alpine Az,Wildfires,-109.296455  33.800217,6/7/24,21:25:00,12,-109.296455, 33.800217
EONET_7103,Mesa Creek Wildfire  Mesa  Colorado,,Wildfires,-108.143062  39.15743,6/7/24,20:11:00,12,-108.143062, 39.15743
EONET_7111,Stevens Wildfire  Yukon-Koyukuk  Alaska,,Wildfires,-150.934167  65.308,6/7/24,19:56:00,12,-150.934167, 65.308
EONET_7115,DRY CANYON Wildfire  Socorro  New Mexico,,Wildfires,-107.431325  33.887073,6/7/24,19:25:00,12,-107.431325, 33.887073
EONET_7116,DOG Wildfire  Nevada  California,,Wildfires,-120.144499  39.41666,6/7/24,19:02:00,12,-120.144499, 39.41666
EONET_6654,Wildfire in Russian Federation 1019811,,Wildfires,136.20582288974563  62.90873107616096,6/7/24,19:00:00,19,136.20582288974563, 62.90873107616096
EONET_6671,Wildfire in The Democratic Republic of Congo 1019825,,Wildfires,18.22438570474103  -6.834666712799098,6/7/24,19:00:00,18,18.22438570474103, -6.834666712799098
EONET_6675,Wildfire in The Democratic Republic of Congo 1019833,,Wildfires,22.804279480971644  -7.614658790039379,6/7/24,19:00:00,19,22.804279480971644, -7.614658790039379
EONET_7120,GARLOCK Wildfire  Fresno  California,,Wildfires,-119.514348  36.991558,6/7/24,18:34:00,12,-119.514348, 36.991558
EONET_7134,RAINING Wildfire  Santa Fe  New Mexico,,Wildfires,-106.284159  35.121103,6/7/24,17:40:00,12,-106.284159, 35.121103
EONET_7139,RIVER VIEW Wildfire  Yakima  Washington,,Wildfires,-120.512776  46.633627,6/7/24,17:05:00,12,-120.512776, 46.633627
EONET_7148,DELKENA Wildfire  Pend Oreille  Washington,,Wildfires,-117.315694  48.389221,6/7/24,16:07:00,12,-117.315694, 48.389221
EONET_7152,Strock Wildfire  Converse  Wyoming,,Wildfires,-105.504598  42.781435,6/7/24,15:31:00,12,-105.504598, 42.781435
EONET_7162,Mosquito Mayhem Wildfire  Douglas  Wisconsin,,Wildfires,-92.204  46.57187,6/7/24,14:10:00,8,-92.204, 46.57187
EONET_7163,Mosquito Mayhem Wildfire  Douglas  Wisconsin,,Wildfires,-92.204  46.57187,6/7/24,14:10:00,8,-92.204, 46.57187
EONET_7164,Gobbler Peak Wildfire  Apache  Arizona,,Wildfires,-109.251867  33.926267,6/7/24,14:07:00,12,-109.251867, 33.926267
EONET_7178,King Wildfire  Osage  Oklahoma,,Wildfires,-96.669167  36.561111,6/7/24,12:01:00,11,-96.669167, 36.561111
EONET_7181,MM 155 Wildfire  Sweetwater  Wyoming,,Wildfires,-108.350258  41.631699,6/7/24,11:05:00,12,-108.350258, 41.631699
EONET_7187,Say-HI Wildfire  Washburn  Wisconsin,,Wildfires,-91.78794  45.97121,6/7/24,10:08:00,10,-91.78794, 45.97121
EONET_7195,TEMPLIN Wildfire  Los Angeles  California,,Wildfires,-118.6884  34.57014,6/7/24,3:25:00,10,-118.6884, 34.57014
EONET_7204,VEG/JK/89A Wildfire  San Bernardino  California,,Wildfires,-117.631393  34.593929,6/6/24,21:19:00,12,-117.631393, 34.593929
EONET_7216,155 Wildfire  Kern  California,,Wildfires,-118.544794  35.754241,6/6/24,20:10:00,12,-118.544794, 35.754241
EONET_7226,ASSIST/STODDARD Wildfire  San Bernardino  California,,Wildfires,-117.289856  34.554691,6/6/24,19:03:00,12,-117.289856, 34.554691
EONET_6642,Wildfire in Australia 1019803,,Wildfires,134.10774812831934  -12.083547147354954,6/6/24,19:00:00,19,134.10774812831934, -12.083547147354954
EONET_7230,Combination 2 Wildfire  Granite  Montana,,Wildfires,-113.447  46.4214,6/6/24,18:47:00,9,-113.447, 46.4214
EONET_7235,Fossil Wildfire  Yukon-Koyukuk  Alaska,,Wildfires,-147.461867  65.476417,6/6/24,18:30:00,12,-147.461867, 65.476417
EONET_7239,US 2 mm611 Wildfire  Roosevelt  Montana,,Wildfires,-105.221493  48.11298,6/6/24,17:44:00,12,-105.221493, 48.11298
EONET_7240,Dry Forks Wildfire  Roosevelt  Montana,,Wildfires,-105.606705  48.104646,6/6/24,17:42:00,12,-105.606705, 48.104646
EONET_7242,US 2 mm610 Wildfire  Roosevelt  Montana,,Wildfires,-105.240582  48.115867,6/6/24,17:40:00,12,-105.240582, 48.115867
EONET_7243,ST HELENA HWY S RUTHERFORD Wildfire  Napa  California,,Wildfires,-122.151912  38.449172,6/6/24,17:38:00,12,-122.151912, 38.449172
EONET_7244,A Street West Wildfire  Roosevelt  Montana,,Wildfires,-105.199018  48.107816,6/6/24,17:38:00,12,-105.199018, 48.107816
EONET_7245,US 2 mm609 Wildfire  Roosevelt  Montana,,Wildfires,-105.242624  48.116269,6/6/24,17:34:00,12,-105.242624, 48.116269
EONET_7246,Poplar Rapid Wildfire  Roosevelt  Montana,,Wildfires,-105.19932  48.11563,6/6/24,17:33:00,11,-105.19932, 48.11563
EONET_7248,Dirt Wildfire  Roosevelt  Montana,,Wildfires,-105.636519  48.081875,6/6/24,17:28:00,12,-105.636519, 48.081875
EONET_7249,VEG/BO/82A Wildfire  San Bernardino  California,,Wildfires,-117.171494  34.57534,6/6/24,17:26:00,12,-117.171494, 34.57534
EONET_7255,Little Kobuk Wildfire  Northwest Arctic  Alaska,,Wildfires,-158.3  67.023,6/6/24,16:38:00,7,-158.3, 67.023
EONET_7260,BRAVO FIRE Wildfire  Coconino  Arizona,The fire is burning on the Camp Navajo Army Depot,Wildfires,-111.823145  35.192143,6/6/24,15:57:00,12,-111.823145, 35.192143
EONET_7261,I-5 MM 51 NB Wildfire  Jackson  Oregon,,Wildfires,-123.2018333  42.42333333,6/6/24,15:40:00,13,-123.2018333, 42.42333333
EONET_7264,MARKET Wildfire  Spokane  Washington,,Wildfires,-117.3563  47.764888,6/6/24,15:18:00,10,-117.3563, 47.764888
EONET_7272,Dutchy Way 403 Wildfire  Josephine  Oregon,,Wildfires,-123.519343  42.4256503,6/6/24,13:19:00,12,-123.519343, 42.4256503
EONET_7275,Old Hwy 99 MM1 Wildfire  Josephine  Oregon,,Wildfires,-123.3718333  42.5715,6/6/24,13:12:00,13,-123.3718333, 42.5715
EONET_7277,Scattering Springs Wildfire  Teton  Montana,,Wildfires,-112.828367  47.61855,6/6/24,12:45:00,12,-112.828367, 47.61855
EONET_7278,Sanitary Landfill Wildfire  Roosevelt  Montana,,Wildfires,-105.660833  48.095278,6/6/24,12:36:00,12,-105.660833, 48.095278
EONET_7279,Sunflower Lane 180 Wildfire  Josephine  Oregon,,Wildfires,-123.3584315  42.4878218,6/6/24,12:33:00,13,-123.3584315, 42.4878218
EONET_7280,Easy Lane Wildfire  Lane  Oregon,,Wildfires,-122.9235  44.07816667,6/6/24,11:58:00,10,-122.9235, 44.07816667
EONET_8587,Etna Volcano  Italy,,Volcanoes,14.999  37.748,6/6/24,0:00:00,7,14.999, 37.748
EONET_7293,WARREN Wildfire  Calaveras  California,,Wildfires,-120.922042  38.102942,6/5/24,23:27:00,12,-120.922042, 38.102942
EONET_7313,training Wildfire  Del Norte  California,,Wildfires,-123.818001  41.883499,6/5/24,19:24:00,12,-123.818001, 41.883499
EONET_7315,GIRD 3 Wildfire  San Diego  California,,Wildfires,-117.195115  33.315333,6/5/24,19:14:00,12,-117.195115, 33.315333
EONET_6643,Wildfire in Australia 1019804,,Wildfires,133.73476387483976  -13.848150833672523,6/5/24,19:00:00,19,133.73476387483976, -13.848150833672523
EONET_6644,Wildfire in Australia 1019805,,Wildfires,134.12150373926113  -11.96769577790554,6/5/24,19:00:00,19,134.12150373926113, -11.96769577790554
EONET_6655,Wildfire in Australia 1019812,,Wildfires,150.26053553971445  -22.49859268775955,6/5/24,19:00:00,19,150.26053553971445, -22.49859268775955
EONET_8145,Wildfire in Australia 1019861,,Wildfires,133.38388871959586  -13.788948021841678,6/5/24,19:00:00,19,133.38388871959586, -13.788948021841678
EONET_7333,OVERPASS Wildfire  Malheur  Oregon,,Wildfires,-117.144729  44.197902,6/5/24,16:35:00,12,-117.144729, 44.197902
EONET_7335,CHERRY 2 Wildfire  Los Angeles  California,,Wildfires,-118.793017  34.761333,6/5/24,15:54:00,12,-118.793017, 34.761333
EONET_7347,Duggan Rd 13515 Wildfire  Jackson  Oregon,,Wildfires,-122.9516  42.51338333,6/5/24,14:07:00,10,-122.9516, 42.51338333
EONET_7359,Johns Coffee Wildfire  Douglas  Oregon,,Wildfires,-123.0326167  42.9962,6/5/24,12:27:00,13,-123.0326167, 42.9962
EONET_7362,Lozier Creek Wildfire  Josephine  Oregon,,Wildfires,-123.475833  42.558,6/5/24,11:37:00,12,-123.475833, 42.558
EONET_7363,County X Wildfire  Burnett  Wisconsin,,Wildfires,-92.2693  45.86374,6/5/24,11:17:00,9,-92.2693, 45.86374
EONET_7366,HOLKOMA Wildfire  Fresno  California,,Wildfires,-119.325112  36.9679,6/5/24,10:15:00,12,-119.325112, 36.9679
EONET_7377,Saddle Wildfire  Maricopa  Arizona,,Wildfires,-113.022867  33.471529,6/4/24,22:35:00,12,-113.022867, 33.471529
EONET_7390,Labumba Wildfire  Graham  Arizona,,Wildfires,-110.457244  33.297982,6/4/24,20:18:00,12,-110.457244, 33.297982
EONET_6645,Wildfire in Brazil 1019799,,Wildfires,-76.18734574,6/4/24,19:00:00,#VALUE!,#VALUE!,#VALUE!
EONET_6664,Wildfire in Australia 1019821,,Wildfires,143.61116708616163  -16.06831138557582,6/4/24,19:00:00,19,143.61116708616163, -16.06831138557582
EONET_6676,Wildfire in Brazil 1019834,,Wildfires,-77.73350171,6/4/24,19:00:00,#VALUE!,#VALUE!,#VALUE!
EONET_7411,LAURENTIAN Wildfire  Nevada  California,,Wildfires,-120.89552  39.309948,6/4/24,17:31:00,11,-120.89552, 39.309948
EONET_7412,Thunderstorm Wildfire  Iron  Wisconsin,,Wildfires,-90.1063  46.18035,6/4/24,17:27:00,9,-90.1063, 46.18035
EONET_7415,ASSIST/BDC/SMOKETREE Wildfire  San Bernardino  California,,Wildfires,-117.379791  34.440926,6/4/24,16:50:00,12,-117.379791, 34.440926
EONET_7421,Livingston Rd 4075 Wildfire  Jackson  Oregon,,Wildfires,-122.9785  42.32833333,6/4/24,16:22:00,10,-122.9785, 42.32833333
EONET_7432,FALSE ALARM Wildfire  Los Angeles  California,,Wildfires,-118.671  34.5785,6/4/24,13:35:00,9,-118.671, 34.5785
EONET_7437,Halstead Wildfire  Tulare  California,,Wildfires,-118.7865  36.615667,6/4/24,12:45:00,10,-118.7865, 36.615667
EONET_7440,KENNEDY Wildfire  Tulare  California,,Wildfires,-118.8125  36.032778,6/4/24,11:31:00,10,-118.8125, 36.032778
EONET_7448,HELLMAN AV / RIVER RD Wildfire  Riverside  California,,Wildfires,-117.617327  33.924221,6/4/24,2:47:00,12,-117.617327, 33.924221
EONET_7461,ASSIST/RRU/62A Wildfire  Riverside  California,,Wildfires,-114.6737  33.7365,6/3/24,21:18:00,10,-114.6737, 33.7365
EONET_7470,Bellmont Wildfire  Coconino  Arizona,,Wildfires,-111.833233  35.2482,6/3/24,20:04:00,12,-111.833233, 35.2482
EONET_6641,Wildfire in Brazil  Bolivia 1019798,,Wildfires,-76.65230207,6/3/24,19:00:00,#VALUE!,#VALUE!,#VALUE!
EONET_6646,Wildfire in Australia 1019806,,Wildfires,144.6657452766051  -16.90141406977167,6/3/24,19:00:00,18,144.6657452766051, -16.90141406977167
EONET_6647,Wildfire in Australia 1019800,,Wildfires,136.27170574062526  -16.555345257617798,6/3/24,19:00:00,19,136.27170574062526, -16.555345257617798
EONET_6648,Wildfire in Russian Federation 1019807,,Wildfires,127.44798146132302  53.676452208880654,6/3/24,19:00:00,19,127.44798146132302, 53.676452208880654
EONET_6656,Wildfire in Russian Federation 1019815,,Wildfires,120.95407164417949  55.2918153966244,6/3/24,19:00:00,19,120.95407164417949, 55.2918153966244
EONET_6657,Wildfire in Australia 1019813,,Wildfires,144.70858120285877  -17.218098619466126,6/3/24,19:00:00,19,144.70858120285877, -17.218098619466126
EONET_6658,Wildfire in Brazil 1019814,,Wildfires,-76.01697009,6/3/24,19:00:00,#VALUE!,#VALUE!,#VALUE!
EONET_7491,PALISADES ORCHARD Wildfire  Douglas  Washington,,Wildfires,-120.037399  47.313376,6/3/24,17:08:00,12,-120.037399, 47.313376
EONET_7493,ASSIST/BDC/83A Wildfire  San Bernardino  California,,Wildfires,-117.016208  34.480625,6/3/24,16:16:00,12,-117.016208, 34.480625
EONET_7496,Schultz Wildfire  Washburn  Wisconsin,,Wildfires,-91.554  45.83429,6/3/24,16:04:00,8,-91.554, 45.83429
EONET_7499,Murphy Wildfire  Sawyer  Wisconsin,,Wildfires,-91.2528  46.10346,6/3/24,15:49:00,9,-91.2528, 46.10346
EONET_7503,La Clocha 2 Wildfire  Brewster  Texas,,Wildfires,-103.013203  29.145136,6/3/24,13:55:00,12,-103.013203, 29.145136
EONET_7507,Second Pond Wildfire  Rosebud  Montana,,Wildfires,-106.521083  45.615,6/3/24,12:29:00,12,-106.521083, 45.615
EONET_7511,Bonfire Wildfire  Yellowstone  Montana,,Wildfires,-108.645233  46.030067,6/3/24,11:25:00,12,-108.645233, 46.030067
EONET_7525,ASSIST/KRN/WEST Wildfire  Kern  California,,Wildfires,-118.254  34.91,6/3/24,0:02:00,9,-118.254, 34.91
EONET_6649,Wildfire in Russian Federation 1019801,,Wildfires,121.99204725299639  55.401798533886925,6/2/24,19:00:00,19,121.99204725299639, 55.401798533886925
EONET_6659,Wildfire in Brazil 1019816,,Wildfires,-76.15386132,6/2/24,19:00:00,#VALUE!,#VALUE!,#VALUE!
EONET_6660,Wildfire in Russian Federation 1019817,,Wildfires,119.37803475618749  54.68757331752868,6/2/24,19:00:00,19,119.37803475618749, 54.68757331752868
EONET_6672,Wildfire in Russian Federation 1019826,,Wildfires,125.55888752268412  54.34565424174289,6/2/24,19:00:00,19,125.55888752268412, 54.34565424174289
EONET_6677,Wildfire in Russian Federation 1019835,,Wildfires,124.7179045041237  54.04540726221549,6/2/24,19:00:00,18,124.7179045041237, 54.04540726221549
EONET_7555,Diamond Creek Wildfire  Navajo  Arizona,,Wildfires,-109.946359  33.898037,6/2/24,16:59:00,12,-109.946359, 33.898037
EONET_7557,AVE 52 Wildfire  Riverside  California,,Wildfires,-116.10882  33.67148,6/2/24,16:40:00,11,-116.10882, 33.67148
EONET_7576,Crook Wildfire  Coconino  Arizona,,Wildfires,-111.476  34.507,6/2/24,12:59:00,9,-111.476, 34.507
EONET_7583,STETSON Wildfire  Yakima  Washington,,Wildfires,-120.520712  46.730841,6/2/24,11:04:00,12,-120.520712, 46.730841
EONET_7584,E YERMO RD  YERMO Wildfire  San Bernardino  California,,Wildfires,-116.85771  34.901102,6/2/24,7:27:00,11,-116.85771, 34.901102
EONET_7587,Coyote Wildfire  Gila  Arizona,,Wildfires,-110.788  33.8022,6/2/24,6:20:00,9,-110.788, 33.8022
EONET_7603,GODBERSON RD Wildfire  Wasco  Oregon,,Wildfires,-121.39124  45.6446,6/1/24,23:35:00,11,-121.39124, 45.6446
EONET_7614,Rodeo Road Wildfire  Grant  New Mexico,,Wildfires,-108.257677  34.585419,6/1/24,21:03:00,12,-108.257677, 34.585419
EONET_7627,Grill FA Wildfire  Yavapai  Arizona,,Wildfires,-112.28096  33.927694,6/1/24,19:08:00,11,-112.28096, 33.927694
EONET_6650,Wildfire in Russian Federation 1019802,,Wildfires,126.75925037528762  56.448723974311015,6/1/24,19:00:00,19,126.75925037528762, 56.448723974311015
EONET_6661,Wildfire in Russian Federation 1019818,,Wildfires,131.02497789067206  59.06746040136188,6/1/24,19:00:00,19,131.02497789067206, 59.06746040136188
EONET_7641,Kortsen II Wildfire  Pinal  Arizona,,Wildfires,-111.981389  32.908333,6/1/24,17:14:00,12,-111.981389, 32.908333
EONET_7666,BORDER 52 Wildfire  San Diego  California,,Wildfires,-116.853  32.587,6/1/24,14:04:00,9,-116.853, 32.587
EONET_7668,Copper Wildfire  Yavapai  Arizona,,Wildfires,-111.910004  34.536701,6/1/24,13:30:00,12,-111.910004, 34.536701
EONET_7685,Mtn Village Dump Wildfire  Kusilvak  Alaska,,Wildfires,-163.753967  62.11119,6/1/24,2:27:00,12,-163.753967, 62.11119
EONET_7693,Gardner Gulch Wildfire  El Paso  Colorado,,Wildfires,-104.8922  38.8182,5/31/24,21:42:00,10,-104.8922, 38.8182
EONET_7696,LETSOM MT. Wildfire  Lane  Oregon,,Wildfires,-123.4691667  43.90805556,5/31/24,20:41:00,13,-123.4691667, 43.90805556
EONET_7721,Scrambler Wildfire  Oconto  Wisconsin,,Wildfires,-88.44893  44.92746,5/31/24,15:06:00,10,-88.44893, 44.92746
EONET_7725,Sulfur Wildfire  Monroe  Wisconsin,,Wildfires,-90.67529  43.93207,5/31/24,13:13:00,10,-90.67529, 43.93207
EONET_7729,Jackman Wildfire  Bayfield  Wisconsin,,Wildfires,-91.37752  46.5665,5/31/24,11:52:00,10,-91.37752, 46.5665
EONET_7731,Mill Dam Wildfire  Marion  Florida,,Wildfires,-81.838  29.188333,5/31/24,8:09:00,8,-81.838, 29.188333
EONET_7735,CORNER Wildfire  Tulare  California,,Wildfires,-118.827696  36.015667,5/30/24,22:04:00,12,-118.827696, 36.015667
EONET_7739,REST HAVEN Wildfire  Yakima  Washington,,Wildfires,-120.484394  46.618872,5/30/24,21:27:00,12,-120.484394, 46.618872
EONET_7743,Tarzan Wildfire  Gila  Arizona,,Wildfires,-110.61  33.3622,5/30/24,20:01:00,8,-110.61, 33.3622
EONET_6651,Wildfire in Mexico 1019808,,Wildfires,-108.82495967429617  28.233787554897102,5/30/24,19:00:00,20,-108.82495967429617, 28.233787554897102
EONET_6662,Wildfire in Russian Federation 1019819,,Wildfires,124.10128911457811  55.01249279881896,5/30/24,19:00:00,19,124.10128911457811, 55.01249279881896
EONET_6665,Wildfire in Brazil 1019822,,Wildfires,-74.47214022,5/30/24,19:00:00,#VALUE!,#VALUE!,#VALUE!
EONET_7747,Alvon Wildfire  Greenbrier  West Virginia,,Wildfires,-80.205683  37.921192,5/30/24,18:21:00,11,-80.205683, 37.921192
EONET_7750,128 Wildfire  Waushara  Wisconsin,,Wildfires,-89.53214  44.09012,5/30/24,17:57:00,10,-89.53214, 44.09012
EONET_7753,407 Wildfire  Collier  Florida,,Wildfires,-80.89175  25.9258,5/30/24,17:25:00,10,-80.89175, 25.9258
EONET_7755,CANAL Wildfire  Madera  California,Madera Acres,Wildfires,-119.97038  37.07259,5/30/24,16:33:00,11,-119.97038, 37.07259
EONET_7756,Pink Peony Wildfire  Langlade  Wisconsin,,Wildfires,-88.77384  45.13907,5/30/24,16:17:00,10,-88.77384, 45.13907
EONET_7763,STARR ROAD Wildfire  Okanogan  Washington,,Wildfires,-119.884521  48.02657,5/30/24,15:09:00,12,-119.884521, 48.02657
EONET_7780,China Wildfire  Baker  Oregon,,Wildfires,-118.1877  44.578883,5/29/24,22:14:00,10,-118.1877, 44.578883
EONET_6652,Wildfire in Russian Federation 1019809,,Wildfires,120.6966930486266  55.661517248377486,5/28/24,19:00:00,18,120.6966930486266, 55.661517248377486
EONET_7824,Posted Wildfire  Oneida  Wisconsin,,Wildfires,-89.3302  45.8656,5/28/24,13:38:00,9,-89.3302, 45.8656
EONET_7825,Pollen Wildfire  Oneida  Wisconsin,,Wildfires,-89.3094  45.8867,5/28/24,13:35:00,9,-89.3094, 45.8867
EONET_7833,Southbound #2 Wildfire  Douglas  Wisconsin,,Wildfires,-91.93065  46.60237,5/28/24,11:06:00,10,-91.93065, 46.60237
EONET_7834,Southbound #1 Wildfire  Douglas  Wisconsin,,Wildfires,-91.93065  46.60237,5/28/24,11:03:00,10,-91.93065, 46.60237
EONET_7835,Rice Bay Wildfire  Vilas  Wisconsin,,Wildfires,-89.7897  46.1266,5/28/24,11:01:00,9,-89.7897, 46.1266
EONET_7837,Peaceful Waters Wildfire  Washburn  Wisconsin,,Wildfires,-92.00624  46.06705,5/28/24,10:59:00,10,-92.00624, 46.06705
EONET_7838,Big Bend Wildfire  Burnett  Wisconsin,,Wildfires,-92.30564  45.96995,5/28/24,10:50:00,10,-92.30564, 45.96995
EONET_7839,Popple Fuzz 2 Wildfire  Burnett  Wisconsin,,Wildfires,-92.40662  45.87962,5/28/24,10:49:00,10,-92.40662, 45.87962
EONET_7840,Fridge Fire Wildfire  Douglas  Wisconsin,,Wildfires,-91.7251  46.2226,5/28/24,10:47:00,9,-91.7251, 46.2226
EONET_6653,Wildfire in Bolivia 1019810,,Wildfires,-76.45447567,5/27/24,19:00:00,#VALUE!,#VALUE!,#VALUE!
EONET_7882,Atchuelinguk Wildfire  Kusilvak  Alaska,Just east of Naeethin River and Atchuelinguk River Confluence,Wildfires,-162.04  62.35,5/26/24,12:26:00,8,-162.04, 62.35
EONET_7886,Pine Point Wildfire  Lincoln  Wisconsin,,Wildfires,-89.6386  45.4847,5/25/24,19:48:00,9,-89.6386, 45.4847
EONET_7904,Upper Bear Wildfire  Greenlee  Arizona,,Wildfires,-109.390167  33.568,5/24/24,16:48:00,12,-109.390167, 33.568
EONET_7906,20th ave Wildfire  Marquette  Wisconsin,,Wildfires,-89.2186  43.94386,5/24/24,14:15:00,9,-89.2186, 43.94386
EONET_8696,Two Calf Rx Wildfire  Fergus  Montana,,Wildfires,-108.900717  47.625617,5/24/24,14:12:00,12,-108.900717, 47.625617
EONET_7908,East Fence Wildfire  Vilas  Wisconsin,,Wildfires,-89.81415  45.93689,5/24/24,13:50:00,10,-89.81415, 45.93689
EONET_7909,Popple Fuzz Wildfire  Burnett  Wisconsin,,Wildfires,-92.1713  45.96021,5/24/24,13:04:00,9,-92.1713, 45.96021
EONET_6523,Iceberg A83,,Sea and Lake Ice,-100.92,5/24/24,0:00:00,#VALUE!,#VALUE!,#VALUE!
EONET_7916,SHOOTER Wildfire  Pima  Arizona,,Wildfires,-110.666828  32.247434,5/23/24,18:02:00,12,-110.666828, 32.247434
EONET_6636,Wildfire in Russian Federation 1019796,,Wildfires,115.24246554767954  56.28980608913218,5/22/24,19:00:00,19,115.24246554767954, 56.28980608913218
EONET_7929,Chitty Wildfire  Greenlee  Arizona,,Wildfires,-109.37915  33.57065,5/22/24,15:38:00,11,-109.37915, 33.57065
EONET_7934,PEG LEG Wildfire  Pinal  Arizona,PEG LEG WELL,Wildfires,-111.077506  33.074101,5/22/24,10:37:00,12,-111.077506, 33.074101
EONET_7936,Sanderson Creek Coal Seam Wildfire  Denali  Alaska,,Wildfires,-148.708183  63.919483,5/21/24,23:24:00,12,-148.708183, 63.919483
EONET_6637,Wildfire in Russian Federation 1019797,,Wildfires,116.22810877594469  54.44795607192798,5/21/24,19:00:00,19,116.22810877594469, 54.44795607192798
EONET_8546,VALLEY Wildfire  Modoc  California,JESS VALLEY RANCH AND COMITTEE,Wildfires,-120.31  41.2449,5/21/24,16:33:00,8,-120.31, 41.2449
EONET_8789,RX WINN C76-77 Wildfire  Winn  Louisiana,,Wildfires,-92.819167  31.8225,5/21/24,9:39:00,11,-92.819167, 31.8225
EONET_7964,Skull Fire Wildfire  Columbia  Wisconsin,,Wildfires,-89.41511  43.52037,5/20/24,13:30:00,10,-89.41511, 43.52037
EONET_7968,Zirconium Wildfire  Monroe  Wisconsin,,Wildfires,-90.44669  44.08636,5/20/24,8:46:00,10,-90.44669, 44.08636
EONET_7969,Shutdown Wildfire  Juneau  Wisconsin,,Wildfires,-90.04768  44.0274,5/20/24,8:43:00,10,-90.04768, 44.0274
EONET_7976,Indios Wildfire  Rio Arriba  New Mexico,Approximately 7 miles north of Coyote  NM,Wildfires,-106.701333  36.286833,5/19/24,19:04:00,12,-106.701333, 36.286833
EONET_7977,Drive By Wildfire  Lincoln  Wisconsin,,Wildfires,-89.646  45.17314,5/19/24,16:26:00,8,-89.646, 45.17314
EONET_7987,SOY - Wilhoit Wildfire  Yavapai  Arizona,,Wildfires,-112.58684  34.425859,5/18/24,17:54:00,11,-112.58684, 34.425859
EONET_7989,Pelican Hills Wildfire  Oneida  Wisconsin,,Wildfires,-89.21769  45.48661,5/18/24,14:40:00,10,-89.21769, 45.48661
EONET_7992,Sumac Wildfire  Oconto  Wisconsin,,Wildfires,-88.41506  45.12345,5/18/24,12:10:00,10,-88.41506, 45.12345
EONET_7993,23 South Wildfire  Marquette  Wisconsin,,Wildfires,-89.43764  43.78998,5/18/24,12:00:00,10,-89.43764, 43.78998
EONET_8001,Fawn Wildfire  Marquette  Wisconsin,,Wildfires,-89.56022  43.81151,5/17/24,16:55:00,10,-89.56022, 43.81151
EONET_8004,Co Rd Y Wildfire  Marquette  Wisconsin,,Wildfires,-89.34412  43.83121,5/17/24,15:32:00,10,-89.34412, 43.83121
EONET_8014,Gale Dr Wildfire  Marquette  Wisconsin,,Wildfires,-89.50894  43.72627,5/16/24,18:34:00,10,-89.50894, 43.72627
EONET_8015,Rainbows Wildfire  Columbia  Wisconsin,,Wildfires,-89.0528  43.41412,5/16/24,17:19:00,9,-89.0528, 43.41412
EONET_8030,Chicken Wildfire  Utah  Utah,,Wildfires,-111.80401  40.039861,5/15/24,16:38:00,11,-111.80401, 40.039861
EONET_8031,Hwy 3 Wildfire  Lake  Minnesota,,Wildfires,-91.63546  47.05187,5/15/24,15:50:00,10,-91.63546, 47.05187
EONET_8034,Drag Wildfire  Vilas  Wisconsin,,Wildfires,-89.3358  46.04036,5/15/24,14:32:00,9,-89.3358, 46.04036
EONET_8036,Minonk Wildfire  Vilas  Wisconsin,,Wildfires,-89.77166  46.24502,5/15/24,13:56:00,10,-89.77166, 46.24502
EONET_8042,Spruce Creek Wildfire  Montezuma  Colorado,12 miles north east of Dolores  CO and 10 miles north of Mancos  CO.,Wildfires,-108.341806  37.560778,5/14/24,18:56:00,12,-108.341806, 37.560778
EONET_8044,Highway O Wildfire  Oneida  Wisconsin,,Wildfires,-89.43543  45.89794,5/14/24,15:47:00,10,-89.43543, 45.89794
EONET_8045,Ridgeway Wildfire  Oneida  Wisconsin,,Wildfires,-89.49581  45.79809,5/14/24,14:14:00,10,-89.49581, 45.79809
EONET_8693,Meadows RX Wildfire  Wilkin  Minnesota,,Wildfires,-96.516667  46.457778,5/14/24,8:32:00,11,-96.516667, 46.457778
EONET_8051,REAY Wildfire  Graham  Arizona,GILA RIVER BED,Wildfires,-109.8  32.896,5/13/24,19:58:00,7,-109.8, 32.896
EONET_8052,Wolf Wildfire  Sawyer  Wisconsin,,Wildfires,-91.48288  45.93973,5/13/24,19:44:00,10,-91.48288, 45.93973
EONET_8055,Saari Wildfire  Price  Wisconsin,,Wildfires,-90.28418  45.38623,5/13/24,16:40:00,10,-90.28418, 45.38623
EONET_8060,Compton Wildfire  Bayfield  Wisconsin,,Wildfires,-90.82506  46.87233,5/13/24,13:56:00,10,-90.82506, 46.87233
EONET_8064,Birch Circle Wildfire  Rusk  Wisconsin,,Wildfires,-91.18655  45.41304,5/13/24,11:11:00,10,-91.18655, 45.41304
EONET_8070,Big Sand Wildfire  Cass  Minnesota,,Wildfires,-93.924566  47.072972,5/12/24,17:09:00,11,-93.924566, 47.072972
EONET_8071,Rd 54 Wildfire  St. Louis  Minnesota,,Wildfires,-92.253171  47.503823,5/12/24,16:35:00,11,-92.253171, 47.503823
EONET_8073,Grace Wildfire  St. Louis  Minnesota,,Wildfires,-92.89346  47.453577,5/12/24,16:08:00,10,-92.89346, 47.453577
EONET_8074,Redwood Wildfire  St. Louis  Minnesota,,Wildfires,-92.543592  47.593117,5/12/24,15:59:00,11,-92.543592, 47.593117
EONET_8075,Moose Lake Wildfire  Sawyer  Wisconsin,,Wildfires,-91.06855  46.023333,5/12/24,15:51:00,10,-91.06855, 46.023333
EONET_8697,Chiminea RX Wildfire  Catron  New Mexico,,Wildfires,-108.4065  34.0901,5/12/24,15:26:00,10,-108.4065, 34.0901
EONET_8076,Intersection Wildfire  St. Louis  Minnesota,,Wildfires,-92.957726  47.414131,5/12/24,15:25:00,11,-92.957726, 47.414131
EONET_8094,TRAINING 3 Wildfire  Fresno  California,,Wildfires,-119.767456  35.278698,5/9/24,19:45:00,12,-119.767456, 35.278698
EONET_8097,Galena Dump Wildfire  Yukon-Koyukuk  Alaska,,Wildfires,-156.73  64.7,5/8/24,21:14:00,8,-156.73, 64.7
EONET_9215,Esquibel RX Wildfire  Rio Arriba  New Mexico,,Wildfires,-106.04545  36.684717,5/8/24,18:53:00,11,-106.04545, 36.684717
EONET_8550,Flying Bucket Wildfire  Maricopa  Arizona,5 miles South of Mobile  Arizona,Wildfires,-112.271667  32.996667,5/6/24,20:09:00,12,-112.271667, 32.996667
EONET_8120,844 Wildfire  McKenzie  North Dakota,,Wildfires,-103.736997  47.633879,5/5/24,11:50:00,12,-103.736997, 47.633879
EONET_8121,Icy Bay Wildfire  Yakutat  Alaska,,Wildfires,-141.66544  59.969476,5/4/24,20:26:00,11,-141.66544, 59.969476
EONET_8698,NW Sands Block J RX Wildfire  Bayfield  Wisconsin,,Wildfires,-91.299483  46.652033,5/3/24,12:26:00,11,-91.299483, 46.652033
EONET_8135,Miller Wildfire  Pinal  Arizona,,Wildfires,-112.051642  32.901733,5/1/24,16:07:00,12,-112.051642, 32.901733
EONET_8409,County Line Wildfire Wildfire  Camden  New Jersey,Wharton State Forest  area of Jackson road and 5 mile Crossing road,Wildfires,-74.80866  39.73991,4/24/24,11:37:00,10,-74.80866, 39.73991
EONET_8788,RX CALE C-80 Wildfire  Rapides  Louisiana,,Wildfires,-92.6282  31.0266,4/23/24,12:19:00,9,-92.6282, 31.0266
EONET_9226,Montoya RX Wildfire  Rio Arriba  New Mexico,,Wildfires,-106.414217  36.486283,4/23/24,11:02:00,12,-106.414217, 36.486283
EONET_8551,Little Yamsay Wildfire  Klamath  Oregon,25 Miles South East from Chemult,Wildfires,-121.445567  43.045373,4/20/24,23:42:00,12,-121.445567, 43.045373
EONET_6510,Iceberg D33C,,Sea and Lake Ice,-95.54,4/19/24,0:00:00,#VALUE!,#VALUE!,#VALUE!
EONET_8785,RX WEST LOWMAN Wildfire  Boise  Idaho,,Wildfires,-115.5997  44.08256,4/18/24,15:54:00,10,-115.5997, 44.08256
EONET_8677,ANF Boykin Spring C88 RX Wildfire  Jasper  Texas,,Wildfires,-94.283295  31.044331,4/17/24,11:35:00,11,-94.283295, 31.044331
EONET_8680,SHNF C92 RX Wildfire  San Jacinto  Texas,,Wildfires,-95.1174  30.5248,4/16/24,9:17:00,9,-95.1174, 30.5248
EONET_8787,RX WINN-40-115 Wildfire  Winn  Louisiana,,Wildfires,-92.843167  32.005333,4/15/24,9:59:00,11,-92.843167, 32.005333
EONET_8695,Ponderosa RX Wildfire  Summit  Utah,,Wildfires,-111.124845  40.618401,4/10/24,14:30:00,12,-111.124845, 40.618401
EONET_8398,Twisted Arrow Wildfire  Benson  North Dakota,1 mile N of Hamar  ND,Wildfires,-98.565278  47.859167,4/7/24,10:49:00,11,-98.565278, 47.859167
EONET_8908,Harry Hampton RCW RX Wildfire  Richland  South Carolina,,Wildfires,-81.194  33.828997,4/5/24,8:45:00,8,-81.194, 33.828997
EONET_8786,RX Caney 7/8 Wildfire  Claiborne  Louisiana,,Wildfires,-92.783856  32.951069,4/4/24,10:28:00,11,-92.783856, 32.951069
EONET_8219,TAL Bell Spring Wildfire  Talladega  Alabama,8 miles SW of Oxford  AL,Wildfires,-85.89  33.527833,3/28/24,17:04:00,7,-85.89, 33.527833
EONET_8488,Edith Gap Wildfire  Shenandoah  Virginia,4 miles NW of Luray  VA,Wildfires,-78.508967  38.726383,3/22/24,19:12:00,11,-78.508967, 38.726383
EONET_8489,Capon Wildfire  Rockingham  Virginia,Rockingham  Bergton  16170 Bergton Road,Wildfires,-78.937222  38.759444,3/22/24,19:11:00,11,-78.937222, 38.759444
EONET_8558,Dove Hollow Wildfire  Hardy  West Virginia,1 mile northeast of mathias,Wildfires,-78.9148  39.9111,3/22/24,16:56:00,9,-78.9148, 39.9111
EONET_8490,Waites Run Wildfire  Hardy  West Virginia,11 miles west of Strasburg  VA,Wildfires,-78.58038  39.06605,3/21/24,15:36:00,10,-78.58038, 39.06605
EONET_8416,Spring Run Wildfire  Grant  West Virginia,.25 MILES SOUTH OF MASONVILLE,Wildfires,-79.082641  38.917969,3/21/24,14:34:00,11,-79.082641, 38.917969
EONET_8404,Grace Mountain Wildfire  Hardy  West Virginia,20 MILES EAST OF UPPERTRACT WV,Wildfires,-79.074498  38.788318,3/21/24,14:06:00,11,-79.074498, 38.788318
EONET_8563,Claiborne - 2 Rock Creek Ridge Road Wildfire  Claiborne  Tennessee,End of Mountain road off of Hwy 90,Wildfires,-83.92115  36.52673333,3/20/24,21:35:00,10,-83.92115, 36.52673333
EONET_8487,Waterfall Mountain Wildfire  Page  Virginia,6 miles west of Luray  VA,Wildfires,-78.548783  38.42,3/20/24,17:21:00,11,-78.548783, 38.42
EONET_8692,Robinson Rx Wildfire  Washington  Idaho,,Wildfires,-116.97623  44.52173,3/6/24,15:48:00,11,-116.97623, 44.52173
EONET_6608,Range 50B Wildfire  Perry  Mississippi,10 Miles NE of Brooklyn  MS,Wildfires,-89.0933  31.143333,2/28/24,21:34:00,9,-89.0933, 31.143333
EONET_6598,MA North Stinnett Wildfire  Hutchinson  Texas,,Wildfires,-101.484489  35.825155,2/26/24,17:05:00,12,-101.484489, 35.825155
EONET_6597,Betty&#039;s Way Wildfire  Lincoln  Nebraska,11 miles NE of North Platte,Wildfires,-100.57133  41.48738,2/26/24,16:38:00,11,-100.57133, 41.48738
EONET_6594,MA North CIG Wildfire  Moore  Texas,,Wildfires,-101.729965  35.632396,2/26/24,13:32:00,12,-101.729965, 35.632396
EONET_6585,Chewalla Creek Wildfire  Marshall  Mississippi,7 Miles NE of Holly Springs  MS,Wildfires,-89.31971  34.78923,2/20/24,1:02:00,10,-89.31971, 34.78923
EONET_6474,Iceberg D35,,Sea and Lake Ice,21.01  -69.83,1/11/24,0:00:00,6,21.01, -69.83
EONET_6470,Lewotobi Volcano  Indonesia,,Volcanoes,122.775  -8.542,12/28/23,0:00:00,8,122.775, -8.542
EONET_9224,North Pool Piles RX Wildfire  Mineral  Colorado,,Wildfires,-106.738281  37.811634,12/12/23,10:20:00,12,-106.738281, 37.811634
EONET_6462,Marapi Volcano  Indonesia,,Volcanoes,100.474  -0.38,12/3/23,0:00:00,8,100.474, -0.38
EONET_6452,Dukono Volcano  Indonesia,,Volcanoes,127.8783  1.6992,11/7/23,0:00:00,9,127.8783, 1.6992
EONET_8585,Fish Creek Wildfire  Greenlee  Arizona,S. of Black river  E of FS Rd 25  W of Fish creek  N. of Hoodoo knoll,Wildfires,-109.485626  33.666175,10/26/23,17:21:00,12,-109.485626, 33.666175
EONET_6448,Iceberg D34,,Sea and Lake Ice,82.12  -67.18,10/20/23,0:00:00,6,82.12, -67.18
EONET_8782,WATERHOUSE Wildfire  Tuolumne  California,Pinecrest Peak Pinecrest Peak,Wildfires,-119.9105  38.224967,9/11/23,15:41:00,10,-119.9105, 38.224967
EONET_6423,Iceberg D33A,,Sea and Lake Ice,17.14  -69.38,9/8/23,0:00:00,6,17.14, -69.38
EONET_6424,Iceberg D33B,,Sea and Lake Ice,18.3  -69.64,9/8/23,0:00:00,5,18.3, -69.64
EONET_8408,Air Park Wildfire  Ocean  New Jersey,4.25 miles southeast of Whiting NJ,Wildfires,-74.313143  39.916896,9/4/23,15:10:00,11,-74.313143, 39.916896
EONET_8583,Chilcoot Wildfire  Douglas  Oregon,19 miles ENE of Glide  OR,Wildfires,-122.735481  43.429829,8/25/23,14:47:00,12,-122.735481, 43.429829
EONET_8407,Dragway Wildfire  Camden  New Jersey,Jackson Road and Powerlines near Atco Dragstrip,Wildfires,-74.825621  39.786767,8/21/23,15:30:00,11,-74.825621, 39.786767
EONET_8573,Hurdy Gurdy Wildfire  Del Norte  California,,Wildfires,-123.788333  41.788333,8/18/23,14:20:00,12,-123.788333, 41.788333
EONET_8574,Prescott Wildfire  Siskiyou  California,,Wildfires,-123.674  41.735,8/17/23,19:25:00,9,-123.674, 41.735
EONET_8579,Corral Wildfire  Del Norte  California,,Wildfires,-123.96  41.9797,8/17/23,14:40:00,8,-123.96, 41.9797
EONET_8576,Marlow Wildfire  Del Norte  California,,Wildfires,-124.267  41.934667,8/17/23,14:39:00,9,-124.267, 41.934667
EONET_8884,2023 SRF Lightning Complex Wildfire  Humboldt  California,Orleans District  Twenty-two miles north of Hoopa  CA,Wildfires,-123.6308333  41.37,8/17/23,13:03:00,13,-123.6308333, 41.37
EONET_8575,Coon Wildfire  Del Norte  California,,Wildfires,-123.91522  41.788334,8/16/23,9:27:00,11,-123.91522, 41.788334
EONET_8577,Blue Creek 2 Wildfire  Del Norte  California,,Wildfires,-123.724444  41.527778,8/15/23,22:05:00,12,-123.724444, 41.527778
EONET_8582,Bluff #1 Wildfire  Del Norte  California,,Wildfires,-123.692767  41.432883,8/15/23,22:05:00,12,-123.692767, 41.432883
EONET_8578,Holiday Wildfire  Del Norte  California,,Wildfires,-123.8995  41.9485,8/15/23,21:33:00,10,-123.8995, 41.9485
EONET_8572,Pilot Wildfire  Humboldt  California,Headwaters of Gouse Creek and South Fork Mountain,Wildfires,-123.695  40.6953,8/15/23,18:41:00,9,-123.695, 40.6953
EONET_8580,Diamond Wildfire  Del Norte  California,,Wildfires,-123.951946  41.938613,8/15/23,12:55:00,12,-123.951946, 41.938613
EONET_8567,Black Feather Wildfire  Rio Arriba  New Mexico,Northwest quadrant of the Jemez Mountains San Pedro Parks Wilderness -Coyote RD,Wildfires,-106.804971  36.122497,8/5/23,17:59:00,12,-106.804971, 36.122497
EONET_6369,Ibu Volcano  Indonesia,,Volcanoes,127.63  1.488,6/6/23,0:00:00,7,127.63, 1.488
EONET_8565,Cocke County Mill Creek Road Fire Wildfire  Cocke  Tennessee,,Wildfires,-83.15196667  35.82263333,3/15/23,10:00:00,13,-83.15196667, 35.82263333
EONET_6320,Iceberg A81,,Sea and Lake Ice,-102.82,1/27/23,0:00:00,#VALUE!,#VALUE!,#VALUE!
EONET_6309,Nevado del Ruiz Volcano  Colombia,,Volcanoes,-75.324  4.892,12/3/22,13:02:17,8,-75.324, 4.892
EONET_6302,Iceberg A80A,,Sea and Lake Ice,-132.04,12/2/22,0:00:00,#VALUE!,#VALUE!,#VALUE!
EONET_6288,Iceberg D32,,Sea and Lake Ice,70.68  -68.36,10/21/22,0:00:00,6,70.68, -68.36
EONET_6175,Stromboli Volcano  Italy,,Volcanoes,15.213  38.789,8/7/22,0:00:00,7,15.213, 38.789
EONET_6104,Aira Volcano  Japan,,Volcanoes,130.657  31.593,6/27/22,0:00:00,8,130.657, 31.593
EONET_8569,Fish Wildfire  Greenlee  Arizona,20 miles SW of Alpine  AZ,Wildfires,-109.3973  33.63276,6/10/22,18:12:00,10,-109.3973, 33.63276
EONET_6080,Iceberg A74A,,Sea and Lake Ice,-122.79,6/10/22,0:00:00,#VALUE!,#VALUE!,#VALUE!
EONET_6051,Iceberg C39,,Sea and Lake Ice,99.61  -65.68,4/29/22,0:00:00,6,99.61, -65.68
EONET_6037,Iceberg C38B,,Sea and Lake Ice,101.72  -65.06,3/25/22,0:00:00,7,101.72, -65.06
EONET_5959,Great Sitkin Volcano  Andreanof Islands (U.S.),,Volcanoes,-176.13  52.076,10/19/21,9:49:45,8,-176.13, 52.076
EONET_5906,Iceberg A77,,Sea and Lake Ice,-83.06,8/20/21,0:00:00,#VALUE!,#VALUE!,#VALUE!
EONET_5359,Iceberg A76C,,Sea and Lake Ice,-132.61,5/28/21,0:00:00,#VALUE!,#VALUE!,#VALUE!
EONET_5202,Merapi Volcano  Indonesia,,Volcanoes,110.446  -7.54,1/7/21,0:00:00,8,110.446, -7.54
EONET_4624,Santa Maria Volcano  Guatemala,,Volcanoes,-91.552  14.757,3/18/20,0:00:00,8,-91.552, 14.757
EONET_4561,Semeru Volcano  Indonesia,,Volcanoes,112.922  -8.108,1/18/20,0:00:00,8,112.922, -8.108
EONET_4269,Reventador Volcano  Ecuador,,Volcanoes,-77.72,7/10/19,0:00:00,#VALUE!,#VALUE!,#VALUE!
EONET_4156,Sangay Volcano  Ecuador,,Volcanoes,-80.346,3/26/19,9:19:10,#VALUE!,#VALUE!,#VALUE!
EONET_4133,Iceberg C18B,,Sea and Lake Ice,113.9  -65.47,3/13/19,0:00:00,6,113.9, -65.47
EONET_4134,Iceberg C24,,Sea and Lake Ice,96.02  -64.84,3/13/19,0:00:00,6,96.02, -64.84
EONET_4136,Iceberg C30,,Sea and Lake Ice,96.3  -64.78,3/13/19,0:00:00,5,96.3, -64.78
EONET_4137,Iceberg C31,,Sea and Lake Ice,96.52  -64.69,3/13/19,0:00:00,6,96.52, -64.69
EONET_4139,Iceberg C33,,Sea and Lake Ice,153.54  -68.1,3/13/19,0:00:00,7,153.54, -68.1
EONET_4140,Iceberg C35,,Sea and Lake Ice,148.2  -68.26,3/13/19,0:00:00,6,148.2, -68.26
EONET_4143,Iceberg D23,,Sea and Lake Ice,74.65  -69.43,3/13/19,0:00:00,6,74.65, -69.43
EONET_4122,Iceberg B09G,,Sea and Lake Ice,41.71  -67.97,3/12/19,0:00:00,6,41.71, -67.97
EONET_4125,Iceberg B15AB,,Sea and Lake Ice,51.31  -65.98,3/12/19,0:00:00,6,51.31, -65.98
EONET_4127,Iceberg B29,,Sea and Lake Ice,-183.45,3/12/19,0:00:00,#VALUE!,#VALUE!,#VALUE!
EONET_4089,Iceberg C36,,Sea and Lake Ice,147.83  -68.13,2/11/19,0:00:00,7,147.83, -68.13
EONET_2871,Iceberg D15B,D15B calved from D15 in January 2016.,Sea and Lake Ice,81.633  -67.0,2/1/16,0:00:00,7,81.633, -67.0
EONET_2870,Iceberg D15A,D15A calved from D15 in January 2016.,Sea and Lake Ice,81.9167  -66.7,1/31/16,0:00:00,8,81.9167, -66.7
EONET_2734,Iceberg A23A,,Sea and Lake Ice,-117.358,8/30/11,0:00:00,#VALUE!,#VALUE!,#VALUE!
EONET_2736,Iceberg B22A,,Sea and Lake Ice,-182.7271,8/30/11,0:00:00,#VALUE!,#VALUE!,#VALUE!
EONET_2876,Iceberg C15,,Sea and Lake Ice,146.7084  -67.6323,8/30/11,0:00:00,9,146.7084, -67.6323
EONET_2878,Iceberg B09B,,Sea and Lake Ice,143.3638  -66.366,8/30/11,0:00:00,9,143.3638, -66.366
EONET_2997,Iceberg C21B,,Sea and Lake Ice,96.18  -64.9955,8/30/11,0:00:00,6,96.18, -64.9955
EONET_980,Fuego Volcano  Guatemala,,Volcanoes,-90.88  14.473,1/4/02,0:00:00,7,-90.88, 14.473