,team,name,country,state,district,rookie_year,active,last_active_year,record,norm_epa
0,1,The Juggernauts,USA,MI,fim,1997,True,2026,"{'wins': 342, 'losses': 356, 'ties': 0, 'count': 698, 'winrate': 0.49}","{'current': 1437.0, 'recent': 1524.0, 'mean': 1547.0, 'max': 1685.0}"
1,4,Team 4 ELEMENT,USA,CA,ca,1997,True,2026,"{'wins': 238, 'losses': 263, 'ties': 0, 'count': 501, 'winrate': 0.475}","{'current': 1590.0, 'recent': 1561.0, 'mean': 1510.0, 'max': 1590.0}"
2,8,Paly Robotics,USA,CA,ca,1996,True,2026,"{'wins': 329, 'losses': 287, 'ties': 0, 'count': 616, 'winrate': 0.5341}","{'current': 1649.0, 'recent': 1614.0, 'mean': 1556.0, 'max': 1754.0}"
3,11,MORT,USA,NJ,fma,1997,True,2026,"{'wins': 621, 'losses': 458, 'ties': 0, 'count': 1079, 'winrate': 0.5755}","{'current': 1628.0, 'recent': 1627.0, 'mean': 1611.0, 'max': 1786.0}"
4,16,Bomb Squad,USA,AR,,1996,True,2026,"{'wins': 682, 'losses': 253, 'ties': 0, 'count': 935, 'winrate': 0.7294}","{'current': 1652.0, 'recent': 1685.0, 'mean': 1725.0, 'max': 1843.0}"
5,20,The Rocketeers,USA,NY,,1992,True,2026,"{'wins': 436, 'losses': 236, 'ties': 0, 'count': 672, 'winrate': 0.6488}","{'current': 1484.0, 'recent': 1600.0, 'mean': 1655.0, 'max': 1815.0}"
6,21,ComBBAT,USA,FL,,1998,True,2026,"{'wins': 194, 'losses': 230, 'ties': 0, 'count': 424, 'winrate': 0.4575}","{'current': 1471.0, 'recent': 1511.0, 'mean': 1523.0, 'max': 1612.0}"
7,22,Double Deuce,USA,CA,ca,1997,True,2026,"{'wins': 73, 'losses': 69, 'ties': 0, 'count': 142, 'winrate': 0.5141}","{'current': 1431.0, 'recent': 1446.0, 'mean': 1544.0, 'max': 1675.0}"
8,25,Raider Robotix,USA,NJ,fma,1997,True,2026,"{'wins': 709, 'losses': 347, 'ties': 0, 'count': 1056, 'winrate': 0.6714}","{'current': 1496.0, 'recent': 1560.0, 'mean': 1705.0, 'max': 2045.0}"
9,27,Team RUSH,USA,MI,fim,1997,True,2026,"{'wins': 993, 'losses': 421, 'ties': 0, 'count': 1414, 'winrate': 0.7023}","{'current': 1986.0, 'recent': 1817.0, 'mean': 1768.0, 'max': 1986.0}"
10,28,Pierson Whalers,USA,NY,,1996,True,2026,"{'wins': 166, 'losses': 165, 'ties': 0, 'count': 331, 'winrate': 0.5015}","{'current': 1458.0, 'recent': 1458.0, 'mean': 1538.0, 'max': 1659.0}"
11,31,Jenks Prime Movers,USA,OK,,1997,True,2026,"{'wins': 138, 'losses': 179, 'ties': 0, 'count': 317, 'winrate': 0.4353}","{'current': 1440.0, 'recent': 1502.0, 'mean': 1474.0, 'max': 1576.0}"
12,33,Killer Bees,USA,MI,fim,1996,True,2026,"{'wins': 1004, 'losses': 390, 'ties': 0, 'count': 1394, 'winrate': 0.7202}","{'current': 1744.0, 'recent': 1754.0, 'mean': 1757.0, 'max': 1921.0}"
13,34,Rockets,USA,AL,,1997,True,2026,"{'wins': 272, 'losses': 269, 'ties': 0, 'count': 541, 'winrate': 0.5028}","{'current': 1398.0, 'recent': 1431.0, 'mean': 1526.0, 'max': 1651.0}"
14,41,RoboWarriors,USA,NJ,fma,1997,True,2026,"{'wins': 289, 'losses': 309, 'ties': 1, 'count': 599, 'winrate': 0.4833}","{'current': 1404.0, 'recent': 1507.0, 'mean': 1506.0, 'max': 1720.0}"
15,45,TechnoKats Robotics Team,USA,IN,fin,1992,True,2026,"{'wins': 474, 'losses': 389, 'ties': 0, 'count': 863, 'winrate': 0.5492}","{'current': 1531.0, 'recent': 1576.0, 'mean': 1608.0, 'max': 1835.0}"
16,48,Team E.L.I.T.E.,USA,OH,,1998,True,2026,"{'wins': 597, 'losses': 403, 'ties': 1, 'count': 1001, 'winrate': 0.5969}","{'current': 1626.0, 'recent': 1607.0, 'mean': 1614.0, 'max': 1807.0}"
17,51,Wings of Fire,USA,MI,fim,1996,True,2026,"{'wins': 494, 'losses': 353, 'ties': 0, 'count': 847, 'winrate': 0.5832}","{'current': 1654.0, 'recent': 1671.0, 'mean': 1682.0, 'max': 1761.0}"
18,56,R.O.B.B.E.,USA,NJ,fma,1997,True,2026,"{'wins': 559, 'losses': 339, 'ties': 0, 'count': 898, 'winrate': 0.6225}","{'current': 1511.0, 'recent': 1538.0, 'mean': 1646.0, 'max': 1839.0}"
19,58,The Riot Crew,USA,ME,ne,1996,True,2026,"{'wins': 371, 'losses': 285, 'ties': 0, 'count': 656, 'winrate': 0.5655}","{'current': 1587.0, 'recent': 1613.0, 'mean': 1634.0, 'max': 1827.0}"
20,59,RamTech,USA,FL,,1997,True,2026,"{'wins': 251, 'losses': 198, 'ties': 1, 'count': 450, 'winrate': 0.5589}","{'current': 1613.0, 'recent': 1673.0, 'mean': 1561.0, 'max': 1746.0}"
21,60,Kingman FIRST Robotics Team 60 (The Bionic Bulldogs),USA,AZ,,1997,True,2026,"{'wins': 384, 'losses': 280, 'ties': 0, 'count': 664, 'winrate': 0.5783}","{'current': 1524.0, 'recent': 1531.0, 'mean': 1603.0, 'max': 1890.0}"
22,61,BVT Robotics,USA,MA,ne,1995,True,2026,"{'wins': 260, 'losses': 256, 'ties': 0, 'count': 516, 'winrate': 0.5039}","{'current': 1489.0, 'recent': 1533.0, 'mean': 1600.0, 'max': 1757.0}"
23,63,McDowell Robotics Team 63,USA,PA,,1997,True,2026,"{'wins': 274, 'losses': 253, 'ties': 0, 'count': 527, 'winrate': 0.5199}","{'current': 1498.0, 'recent': 1533.0, 'mean': 1550.0, 'max': 1693.0}"
24,66,Grizzly Robotics,USA,MI,fim,1998,True,2026,"{'wins': 442, 'losses': 424, 'ties': 0, 'count': 866, 'winrate': 0.5104}","{'current': 1502.0, 'recent': 1513.0, 'mean': 1599.0, 'max': 1733.0}"
25,67,The HOT Team,USA,MI,fim,1997,True,2026,"{'wins': 1095, 'losses': 340, 'ties': 1, 'count': 1436, 'winrate': 0.7629}","{'current': 1729.0, 'recent': 1769.0, 'mean': 1800.0, 'max': 2049.0}"
26,68,Truck Town Thunder,USA,MI,fim,1998,True,2026,"{'wins': 600, 'losses': 489, 'ties': 1, 'count': 1090, 'winrate': 0.5509}","{'current': 1678.0, 'recent': 1606.0, 'mean': 1665.0, 'max': 1835.0}"
27,69,HYPER,USA,MA,ne,1998,True,2026,"{'wins': 368, 'losses': 252, 'ties': 0, 'count': 620, 'winrate': 0.5935}","{'current': 1538.0, 'recent': 1534.0, 'mean': 1646.0, 'max': 1879.0}"
28,70,More Martians,USA,MI,fim,1998,True,2026,"{'wins': 621, 'losses': 430, 'ties': 1, 'count': 1052, 'winrate': 0.5908}","{'current': 1546.0, 'recent': 1647.0, 'mean': 1622.0, 'max': 1752.0}"
29,71,Team Hammond,USA,IN,fin,1996,True,2026,"{'wins': 548, 'losses': 314, 'ties': 0, 'count': 862, 'winrate': 0.6357}","{'current': 1452.0, 'recent': 1492.0, 'mean': 1699.0, 'max': 1908.0}"
30,74,Team CHAOS,USA,MI,fim,1995,True,2026,"{'wins': 494, 'losses': 437, 'ties': 1, 'count': 932, 'winrate': 0.5306}","{'current': 1605.0, 'recent': 1590.0, 'mean': 1620.0, 'max': 1917.0}"
31,75,RoboRaiders,USA,NJ,fma,1996,True,2026,"{'wins': 416, 'losses': 371, 'ties': 0, 'count': 787, 'winrate': 0.5286}","{'current': 1479.0, 'recent': 1553.0, 'mean': 1570.0, 'max': 1703.0}"
32,78,AIR STRIKE,USA,RI,ne,1996,True,2026,"{'wins': 525, 'losses': 289, 'ties': 0, 'count': 814, 'winrate': 0.645}","{'current': 1643.0, 'recent': 1654.0, 'mean': 1670.0, 'max': 1807.0}"
33,79,Team 79 Krunch,USA,FL,,1998,True,2026,"{'wins': 383, 'losses': 299, 'ties': 1, 'count': 683, 'winrate': 0.5615}","{'current': 1421.0, 'recent': 1449.0, 'mean': 1598.0, 'max': 1785.0}"
34,85,B.O.B. (Built on Brains),USA,MI,fim,1996,True,2026,"{'wins': 591, 'losses': 444, 'ties': 0, 'count': 1035, 'winrate': 0.571}","{'current': 1610.0, 'recent': 1620.0, 'mean': 1621.0, 'max': 1793.0}"
35,86,Team Resistance,USA,FL,,1998,True,2026,"{'wins': 295, 'losses': 208, 'ties': 0, 'count': 503, 'winrate': 0.5865}","{'current': 1551.0, 'recent': 1574.0, 'mean': 1589.0, 'max': 1754.0}"
36,87,Diablo,USA,NJ,fma,1997,True,2026,"{'wins': 236, 'losses': 278, 'ties': 1, 'count': 515, 'winrate': 0.4592}","{'current': 1499.0, 'recent': 1473.0, 'mean': 1485.0, 'max': 1681.0}"
37,88,TJ²,USA,MA,ne,1996,True,2026,"{'wins': 578, 'losses': 381, 'ties': 1, 'count': 960, 'winrate': 0.6026}","{'current': 1687.0, 'recent': 1730.0, 'mean': 1619.0, 'max': 1766.0}"
38,93,NEW Apple Corps,USA,WI,win,1997,True,2026,"{'wins': 354, 'losses': 271, 'ties': 0, 'count': 625, 'winrate': 0.5664}","{'current': 1616.0, 'recent': 1588.0, 'mean': 1597.0, 'max': 1729.0}"
39,94,The  TechnoJays,USA,MI,fim,1998,True,2026,"{'wins': 239, 'losses': 299, 'ties': 0, 'count': 538, 'winrate': 0.4442}","{'current': 1396.0, 'recent': 1446.0, 'mean': 1484.0, 'max': 1582.0}"
40,95,Grasshoppers,USA,VT,ne,1997,True,2026,"{'wins': 446, 'losses': 326, 'ties': 0, 'count': 772, 'winrate': 0.5777}","{'current': 1698.0, 'recent': 1671.0, 'mean': 1569.0, 'max': 1749.0}"
41,97,Bionic Beef,USA,MA,ne,1996,True,2026,"{'wins': 190, 'losses': 243, 'ties': 2, 'count': 435, 'winrate': 0.4391}","{'current': 1465.0, 'recent': 1443.0, 'mean': 1472.0, 'max': 1624.0}"
42,100,The Wildhats,USA,CA,ca,1995,True,2026,"{'wins': 317, 'losses': 296, 'ties': 0, 'count': 613, 'winrate': 0.5171}","{'current': 1520.0, 'recent': 1555.0, 'mean': 1563.0, 'max': 1811.0}"
43,102,The Gearheads,USA,NJ,fma,1998,True,2026,"{'wins': 381, 'losses': 357, 'ties': 0, 'count': 738, 'winrate': 0.5163}","{'current': 1478.0, 'recent': 1537.0, 'mean': 1557.0, 'max': 1712.0}"
44,103,Cybersonics,USA,PA,fma,1997,True,2026,"{'wins': 675, 'losses': 379, 'ties': 3, 'count': 1057, 'winrate': 0.64}","{'current': 1673.0, 'recent': 1696.0, 'mean': 1671.0, 'max': 1860.0}"
45,107,Team R.O.B.O.T.I.C.S.,USA,MI,fim,1997,True,2026,"{'wins': 519, 'losses': 438, 'ties': 0, 'count': 957, 'winrate': 0.5423}","{'current': 1476.0, 'recent': 1570.0, 'mean': 1625.0, 'max': 1773.0}"
46,108,SigmaC@T Robotics Team,USA,FL,,1995,True,2026,"{'wins': 334, 'losses': 308, 'ties': 0, 'count': 642, 'winrate': 0.5202}","{'current': 1556.0, 'recent': 1595.0, 'mean': 1565.0, 'max': 1750.0}"
47,111,WildStang,USA,IL,,1996,True,2026,"{'wins': 661, 'losses': 251, 'ties': 0, 'count': 912, 'winrate': 0.7248}","{'current': 1734.0, 'recent': 1783.0, 'mean': 1744.0, 'max': 1893.0}"
48,112,Plus One,USA,IL,,1998,True,2026,"{'wins': 72, 'losses': 72, 'ties': 0, 'count': 144, 'winrate': 0.5}","{'current': 1546.0, 'recent': 1562.0, 'mean': 1544.0, 'max': 1594.0}"
49,114,Eaglestrike,USA,CA,ca,1997,True,2026,"{'wins': 397, 'losses': 292, 'ties': 0, 'count': 689, 'winrate': 0.5762}","{'current': 1567.0, 'recent': 1646.0, 'mean': 1577.0, 'max': 1790.0}"
50,115,MVRT,USA,CA,ca,1998,True,2026,"{'wins': 360, 'losses': 290, 'ties': 0, 'count': 650, 'winrate': 0.5538}","{'current': 1605.0, 'recent': 1587.0, 'mean': 1578.0, 'max': 1769.0}"
51,116,Epsilon Delta,USA,VA,fch,1996,True,2026,"{'wins': 275, 'losses': 304, 'ties': 0, 'count': 579, 'winrate': 0.475}","{'current': 1496.0, 'recent': 1546.0, 'mean': 1541.0, 'max': 1705.0}"
52,117,Steel Dragons,USA,PA,,1998,True,2026,"{'wins': 137, 'losses': 164, 'ties': 0, 'count': 301, 'winrate': 0.4551}","{'current': 1683.0, 'recent': 1560.0, 'mean': 1446.0, 'max': 1683.0}"
53,118,Robonauts,USA,TX,fit,1997,True,2026,"{'wins': 1105, 'losses': 250, 'ties': 0, 'count': 1355, 'winrate': 0.8155}","{'current': 1733.0, 'recent': 1802.0, 'mean': 1793.0, 'max': 2059.0}"
54,120,Youth Tech Academy Red Dragons,USA,OH,,1995,True,2026,"{'wins': 255, 'losses': 345, 'ties': 0, 'count': 600, 'winrate': 0.425}","{'current': 1493.0, 'recent': 1541.0, 'mean': 1510.0, 'max': 1717.0}"
55,122,NASA Knights,USA,VA,fch,1997,True,2026,"{'wins': 367, 'losses': 315, 'ties': 0, 'count': 682, 'winrate': 0.5381}","{'current': 1619.0, 'recent': 1592.0, 'mean': 1573.0, 'max': 1718.0}"
56,123,Team - Cosmos,USA,MI,fim,1997,True,2026,"{'wins': 444, 'losses': 381, 'ties': 0, 'count': 825, 'winrate': 0.5382}","{'current': 1581.0, 'recent': 1545.0, 'mean': 1559.0, 'max': 1674.0}"
57,125,NUTRONs,USA,MA,ne,1998,True,2026,"{'wins': 791, 'losses': 389, 'ties': 1, 'count': 1181, 'winrate': 0.6702}","{'current': 1883.0, 'recent': 1806.0, 'mean': 1676.0, 'max': 1883.0}"
58,126,Gael Force,USA,MA,ne,1992,True,2026,"{'wins': 439, 'losses': 349, 'ties': 0, 'count': 788, 'winrate': 0.5571}","{'current': 1539.0, 'recent': 1565.0, 'mean': 1632.0, 'max': 1790.0}"
59,127,Bluetonium,USA,TX,fit,1998,True,2026,"{'wins': 31, 'losses': 37, 'ties': 2, 'count': 70, 'winrate': 0.4571}","{'current': 1547.0, 'recent': 1505.0, 'mean': 1505.0, 'max': 1547.0}"
60,131,CHAOS,USA,NH,ne,1992,True,2026,"{'wins': 373, 'losses': 258, 'ties': 1, 'count': 632, 'winrate': 0.591}","{'current': 1611.0, 'recent': 1653.0, 'mean': 1598.0, 'max': 1759.0}"
61,133,B.E.R.T.,USA,ME,ne,1997,True,2026,"{'wins': 501, 'losses': 236, 'ties': 0, 'count': 737, 'winrate': 0.6798}","{'current': 1684.0, 'recent': 1750.0, 'mean': 1629.0, 'max': 1882.0}"
62,135,Penn Robotics Black Knights,USA,IN,fin,1998,True,2026,"{'wins': 467, 'losses': 414, 'ties': 0, 'count': 881, 'winrate': 0.5301}","{'current': 1502.0, 'recent': 1568.0, 'mean': 1613.0, 'max': 1734.0}"
63,138,Entropy,USA,NH,ne,1996,True,2026,"{'wins': 320, 'losses': 268, 'ties': 0, 'count': 588, 'winrate': 0.5442}","{'current': 1509.0, 'recent': 1588.0, 'mean': 1560.0, 'max': 1682.0}"
64,141,WOBOT,USA,MI,fim,1995,True,2026,"{'wins': 559, 'losses': 527, 'ties': 1, 'count': 1087, 'winrate': 0.5147}","{'current': 1551.0, 'recent': 1546.0, 'mean': 1589.0, 'max': 1774.0}"
65,144,Operation Orange,USA,OH,,1994,True,2026,"{'wins': 200, 'losses': 189, 'ties': 0, 'count': 389, 'winrate': 0.5141}","{'current': 1495.0, 'recent': 1566.0, 'mean': 1558.0, 'max': 1639.0}"
66,148,Robowranglers,USA,TX,fit,1992,True,2026,"{'wins': 864, 'losses': 253, 'ties': 0, 'count': 1117, 'winrate': 0.7735}","{'current': 1723.0, 'recent': 1759.0, 'mean': 1761.0, 'max': 1972.0}"
67,151,Tough Techs,USA,NH,ne,1992,True,2026,"{'wins': 215, 'losses': 267, 'ties': 0, 'count': 482, 'winrate': 0.4461}","{'current': 1562.0, 'recent': 1518.0, 'mean': 1506.0, 'max': 1678.0}"
68,155,The TechnoNuts,USA,CT,ne,1994,True,2026,"{'wins': 318, 'losses': 327, 'ties': 0, 'count': 645, 'winrate': 0.493}","{'current': 1577.0, 'recent': 1560.0, 'mean': 1549.0, 'max': 1688.0}"
69,157,AZTECHS,USA,MA,ne,1992,True,2026,"{'wins': 299, 'losses': 356, 'ties': 0, 'count': 655, 'winrate': 0.4565}","{'current': 1488.0, 'recent': 1535.0, 'mean': 1552.0, 'max': 1689.0}"
70,159,Alpine Robotics,USA,CO,,1998,True,2026,"{'wins': 201, 'losses': 236, 'ties': 0, 'count': 437, 'winrate': 0.46}","{'current': 1508.0, 'recent': 1494.0, 'mean': 1500.0, 'max': 1648.0}"
71,166,Chop Shop,USA,NH,ne,1995,True,2026,"{'wins': 377, 'losses': 361, 'ties': 1, 'count': 739, 'winrate': 0.5108}","{'current': 1655.0, 'recent': 1641.0, 'mean': 1576.0, 'max': 1771.0}"
72,167,Children of the Corn,USA,IA,,1998,True,2026,"{'wins': 254, 'losses': 190, 'ties': 1, 'count': 445, 'winrate': 0.5719}","{'current': 1631.0, 'recent': 1593.0, 'mean': 1549.0, 'max': 1675.0}"
73,171,Cheese Curd Herd,USA,WI,win,1995,True,2026,"{'wins': 241, 'losses': 212, 'ties': 0, 'count': 453, 'winrate': 0.532}","{'current': 1583.0, 'recent': 1525.0, 'mean': 1560.0, 'max': 1690.0}"
74,172,Northern Force,USA,ME,ne,1996,True,2026,"{'wins': 286, 'losses': 281, 'ties': 0, 'count': 567, 'winrate': 0.5044}","{'current': 1552.0, 'recent': 1587.0, 'mean': 1556.0, 'max': 1665.0}"
75,173,RAGE Robotics ⚙️,USA,CT,ne,1995,True,2026,"{'wins': 372, 'losses': 355, 'ties': 0, 'count': 727, 'winrate': 0.5117}","{'current': 1509.0, 'recent': 1529.0, 'mean': 1576.0, 'max': 1902.0}"
76,175,Buzz Robotics,USA,CT,ne,1996,True,2026,"{'wins': 534, 'losses': 398, 'ties': 0, 'count': 932, 'winrate': 0.573}","{'current': 1539.0, 'recent': 1553.0, 'mean': 1659.0, 'max': 1813.0}"
77,176,Aces High,USA,CT,ne,1996,True,2026,"{'wins': 701, 'losses': 314, 'ties': 0, 'count': 1015, 'winrate': 0.6906}","{'current': 1800.0, 'recent': 1782.0, 'mean': 1669.0, 'max': 1845.0}"
78,177,Bobcat Robotics,USA,CT,ne,1995,True,2026,"{'wins': 648, 'losses': 345, 'ties': 0, 'count': 993, 'winrate': 0.6526}","{'current': 1647.0, 'recent': 1660.0, 'mean': 1642.0, 'max': 1763.0}"
79,178,The 2nd Law Enforcers,USA,CT,ne,1997,True,2026,"{'wins': 254, 'losses': 339, 'ties': 0, 'count': 593, 'winrate': 0.4283}","{'current': 1533.0, 'recent': 1500.0, 'mean': 1513.0, 'max': 1610.0}"
80,179,Children of the Swamp,USA,FL,,1998,True,2026,"{'wins': 571, 'losses': 221, 'ties': 0, 'count': 792, 'winrate': 0.721}","{'current': 1686.0, 'recent': 1723.0, 'mean': 1667.0, 'max': 1847.0}"
81,180,S.P.A.M.,USA,FL,,1998,True,2026,"{'wins': 587, 'losses': 223, 'ties': 0, 'count': 810, 'winrate': 0.7247}","{'current': 1793.0, 'recent': 1775.0, 'mean': 1725.0, 'max': 1870.0}"
82,181,Birds Of Prey,USA,CT,ne,1998,True,2026,"{'wins': 313, 'losses': 342, 'ties': 1, 'count': 656, 'winrate': 0.4779}","{'current': 1521.0, 'recent': 1483.0, 'mean': 1549.0, 'max': 1667.0}"
83,188,Blizzard,Canada,ON,ont,1998,True,2026,"{'wins': 528, 'losses': 334, 'ties': 0, 'count': 862, 'winrate': 0.6125}","{'current': 1693.0, 'recent': 1608.0, 'mean': 1670.0, 'max': 1827.0}"
84,190,Gompei and the HERD,USA,MA,ne,1992,True,2026,"{'wins': 588, 'losses': 443, 'ties': 0, 'count': 1031, 'winrate': 0.5703}","{'current': 1783.0, 'recent': 1636.0, 'mean': 1598.0, 'max': 1797.0}"
85,191,X-CATS,USA,NY,,1992,True,2026,"{'wins': 280, 'losses': 223, 'ties': 0, 'count': 503, 'winrate': 0.5567}","{'current': 1475.0, 'recent': 1533.0, 'mean': 1597.0, 'max': 1783.0}"
86,192,GRT,USA,CA,ca,1997,True,2026,"{'wins': 390, 'losses': 342, 'ties': 0, 'count': 732, 'winrate': 0.5328}","{'current': 1519.0, 'recent': 1512.0, 'mean': 1572.0, 'max': 1678.0}"
87,193,MORT Beta,USA,NJ,fma,1997,True,2026,"{'wins': 274, 'losses': 240, 'ties': 0, 'count': 514, 'winrate': 0.5331}","{'current': 1562.0, 'recent': 1543.0, 'mean': 1591.0, 'max': 1759.0}"
88,195,CyberKnights,USA,CT,ne,1998,True,2026,"{'wins': 729, 'losses': 301, 'ties': 1, 'count': 1031, 'winrate': 0.7076}","{'current': 1813.0, 'recent': 1731.0, 'mean': 1732.0, 'max': 2001.0}"
89,199,Deep Blue,USA,CA,ca,1998,True,2026,"{'wins': 83, 'losses': 116, 'ties': 0, 'count': 199, 'winrate': 0.4171}","{'current': 1522.0, 'recent': 1498.0, 'mean': 1511.0, 'max': 1573.0}"
90,201,The FEDS,USA,MI,fim,1998,True,2026,"{'wins': 472, 'losses': 448, 'ties': 0, 'count': 920, 'winrate': 0.513}","{'current': 1708.0, 'recent': 1608.0, 'mean': 1597.0, 'max': 1740.0}"
91,203,SOUPERBOTS,USA,NJ,fma,1998,True,2026,"{'wins': 252, 'losses': 349, 'ties': 0, 'count': 601, 'winrate': 0.4193}","{'current': 1416.0, 'recent': 1508.0, 'mean': 1501.0, 'max': 1637.0}"
92,204,Eastern Robotic Vikings,USA,NJ,fma,1998,True,2026,"{'wins': 236, 'losses': 335, 'ties': 0, 'count': 571, 'winrate': 0.4133}","{'current': 1474.0, 'recent': 1465.0, 'mean': 1484.0, 'max': 1536.0}"
93,217,ThunderChickens,USA,MI,fim,1999,True,2026,"{'wins': 842, 'losses': 452, 'ties': 1, 'count': 1295, 'winrate': 0.6506}","{'current': 1541.0, 'recent': 1543.0, 'mean': 1663.0, 'max': 1910.0}"
94,219,Team Impact,USA,NJ,fma,1999,True,2026,"{'wins': 271, 'losses': 291, 'ties': 0, 'count': 562, 'winrate': 0.4822}","{'current': 1525.0, 'recent': 1521.0, 'mean': 1509.0, 'max': 1670.0}"
95,222,Tigertrons,USA,PA,fma,1999,True,2026,"{'wins': 547, 'losses': 357, 'ties': 0, 'count': 904, 'winrate': 0.6051}","{'current': 1522.0, 'recent': 1579.0, 'mean': 1641.0, 'max': 1881.0}"
96,223,Xtreme Heat,USA,NJ,fma,1999,True,2026,"{'wins': 362, 'losses': 402, 'ties': 0, 'count': 764, 'winrate': 0.4738}","{'current': 1465.0, 'recent': 1549.0, 'mean': 1546.0, 'max': 1683.0}"
97,226,Hammerheads,USA,MI,fim,1997,True,2026,"{'wins': 509, 'losses': 412, 'ties': 1, 'count': 922, 'winrate': 0.5526}","{'current': 1640.0, 'recent': 1641.0, 'mean': 1603.0, 'max': 1730.0}"
98,228,GUS,USA,CT,ne,1999,True,2026,"{'wins': 356, 'losses': 342, 'ties': 0, 'count': 698, 'winrate': 0.51}","{'current': 1550.0, 'recent': 1557.0, 'mean': 1563.0, 'max': 1629.0}"
99,229,Division By Zero,USA,NY,,1999,True,2026,"{'wins': 314, 'losses': 279, 'ties': 0, 'count': 593, 'winrate': 0.5295}","{'current': 1395.0, 'recent': 1406.0, 'mean': 1557.0, 'max': 1792.0}"
100,230,Gaelhawks,USA,CT,ne,1999,True,2026,"{'wins': 700, 'losses': 379, 'ties': 0, 'count': 1079, 'winrate': 0.6487}","{'current': 1602.0, 'recent': 1678.0, 'mean': 1661.0, 'max': 1923.0}"
101,231,High Voltage,USA,TX,fit,1998,True,2026,"{'wins': 463, 'losses': 317, 'ties': 2, 'count': 782, 'winrate': 0.5934}","{'current': 1572.0, 'recent': 1603.0, 'mean': 1619.0, 'max': 1761.0}"
102,233,The Pink Team,USA,FL,,1999,True,2026,"{'wins': 576, 'losses': 269, 'ties': 1, 'count': 846, 'winrate': 0.6814}","{'current': 1534.0, 'recent': 1570.0, 'mean': 1695.0, 'max': 1955.0}"
103,234,Cyber Blue,USA,IN,fin,1999,True,2026,"{'wins': 648, 'losses': 385, 'ties': 0, 'count': 1033, 'winrate': 0.6273}","{'current': 1619.0, 'recent': 1602.0, 'mean': 1666.0, 'max': 1841.0}"
104,236,Techno-Ticks,USA,CT,ne,1999,True,2026,"{'wins': 360, 'losses': 301, 'ties': 0, 'count': 661, 'winrate': 0.5446}","{'current': 1665.0, 'recent': 1614.0, 'mean': 1607.0, 'max': 1771.0}"
105,237,Black Magic Robotics,USA,CT,ne,1999,True,2026,"{'wins': 395, 'losses': 332, 'ties': 0, 'count': 727, 'winrate': 0.5433}","{'current': 1580.0, 'recent': 1563.0, 'mean': 1597.0, 'max': 1729.0}"
106,238,Crusaders,USA,NH,ne,1999,True,2026,"{'wins': 402, 'losses': 306, 'ties': 1, 'count': 709, 'winrate': 0.5677}","{'current': 1744.0, 'recent': 1631.0, 'mean': 1573.0, 'max': 1752.0}"
107,240,TEMPEST,USA,MI,fim,1999,True,2026,"{'wins': 247, 'losses': 270, 'ties': 2, 'count': 519, 'winrate': 0.4778}","{'current': 1386.0, 'recent': 1462.0, 'mean': 1503.0, 'max': 1663.0}"
108,244,RoboDawgs 3D,USA,MI,fim,1999,True,2026,"{'wins': 344, 'losses': 362, 'ties': 0, 'count': 706, 'winrate': 0.4873}","{'current': 1512.0, 'recent': 1540.0, 'mean': 1545.0, 'max': 1706.0}"
109,245,Adambots,USA,MI,fim,1999,True,2026,"{'wins': 719, 'losses': 467, 'ties': 0, 'count': 1186, 'winrate': 0.6062}","{'current': 1578.0, 'recent': 1634.0, 'mean': 1648.0, 'max': 1824.0}"
110,246,Lobstah Bots,USA,MA,ne,1999,True,2026,"{'wins': 252, 'losses': 280, 'ties': 0, 'count': 532, 'winrate': 0.4737}","{'current': 1503.0, 'recent': 1532.0, 'mean': 1505.0, 'max': 1624.0}"
111,247,Da Bears,USA,MI,fim,1999,True,2026,"{'wins': 450, 'losses': 411, 'ties': 0, 'count': 861, 'winrate': 0.5226}","{'current': 1603.0, 'recent': 1546.0, 'mean': 1544.0, 'max': 1664.0}"
112,250,The Dynamos,USA,NY,,1999,True,2026,"{'wins': 263, 'losses': 259, 'ties': 0, 'count': 522, 'winrate': 0.5038}","{'current': 1413.0, 'recent': 1466.0, 'mean': 1539.0, 'max': 1685.0}"
113,253,Boba Bots,USA,CA,ca,1999,True,2026,"{'wins': 137, 'losses': 194, 'ties': 0, 'count': 331, 'winrate': 0.4139}","{'current': 1539.0, 'recent': 1501.0, 'mean': 1440.0, 'max': 1629.0}"
114,254,The Cheesy Poofs,USA,CA,ca,1999,True,2026,"{'wins': 882, 'losses': 169, 'ties': 0, 'count': 1051, 'winrate': 0.8392}","{'current': 2011.0, 'recent': 1912.0, 'mean': 1897.0, 'max': 2057.0}"
115,263,Aftershock,USA,NY,,1999,True,2026,"{'wins': 280, 'losses': 265, 'ties': 0, 'count': 545, 'winrate': 0.5138}","{'current': 1565.0, 'recent': 1534.0, 'mean': 1537.0, 'max': 1653.0}"
116,271,Mechanical Marauders,USA,NY,,1999,True,2026,"{'wins': 358, 'losses': 313, 'ties': 1, 'count': 672, 'winrate': 0.5335}","{'current': 1473.0, 'recent': 1479.0, 'mean': 1555.0, 'max': 1708.0}"
117,272,Cyber Crusaders,USA,PA,fma,1998,True,2026,"{'wins': 484, 'losses': 378, 'ties': 0, 'count': 862, 'winrate': 0.5615}","{'current': 1644.0, 'recent': 1619.0, 'mean': 1630.0, 'max': 1821.0}"
118,281,The GreenVillains,USA,SC,fsc,1999,True,2026,"{'wins': 347, 'losses': 299, 'ties': 1, 'count': 647, 'winrate': 0.5371}","{'current': 1495.0, 'recent': 1552.0, 'mean': 1571.0, 'max': 1749.0}"
119,287,Floyd Robotics,USA,NY,,1999,True,2026,"{'wins': 253, 'losses': 209, 'ties': 0, 'count': 462, 'winrate': 0.5476}","{'current': 1612.0, 'recent': 1562.0, 'mean': 1574.0, 'max': 1714.0}"
120,288,The RoboDawgs,USA,MI,fim,1999,True,2026,"{'wins': 387, 'losses': 494, 'ties': 0, 'count': 881, 'winrate': 0.4393}","{'current': 1508.0, 'recent': 1546.0, 'mean': 1538.0, 'max': 1653.0}"
121,291,CIA - Creativity In Action,USA,PA,,1999,True,2026,"{'wins': 283, 'losses': 226, 'ties': 0, 'count': 509, 'winrate': 0.556}","{'current': 1541.0, 'recent': 1501.0, 'mean': 1554.0, 'max': 1689.0}"
122,292,PantherTech,USA,IN,fin,1999,True,2026,"{'wins': 407, 'losses': 348, 'ties': 0, 'count': 755, 'winrate': 0.5391}","{'current': 1519.0, 'recent': 1607.0, 'mean': 1595.0, 'max': 1794.0}"
123,293,SPIKE,USA,NJ,fma,1999,True,2026,"{'wins': 381, 'losses': 351, 'ties': 0, 'count': 732, 'winrate': 0.5205}","{'current': 1477.0, 'recent': 1532.0, 'mean': 1575.0, 'max': 1753.0}"
124,294,Beach Cities Robotics,USA,CA,ca,1999,True,2026,"{'wins': 455, 'losses': 304, 'ties': 0, 'count': 759, 'winrate': 0.5995}","{'current': 1689.0, 'recent': 1635.0, 'mean': 1610.0, 'max': 1767.0}"
125,296,Northern Knights,Canada,QC,,1999,True,2026,"{'wins': 219, 'losses': 235, 'ties': 0, 'count': 454, 'winrate': 0.4824}","{'current': 1451.0, 'recent': 1456.0, 'mean': 1502.0, 'max': 1785.0}"
126,302,The Dragons,USA,MI,fim,1999,True,2026,"{'wins': 625, 'losses': 449, 'ties': 0, 'count': 1074, 'winrate': 0.5819}","{'current': 1579.0, 'recent': 1665.0, 'mean': 1625.0, 'max': 1763.0}"
127,303,The T.E.S.T. Team,USA,NJ,fma,1999,True,2026,"{'wins': 518, 'losses': 400, 'ties': 0, 'count': 918, 'winrate': 0.5643}","{'current': 1462.0, 'recent': 1449.0, 'mean': 1588.0, 'max': 1796.0}"
128,308,Monsters,USA,MI,fim,1999,True,2026,"{'wins': 371, 'losses': 358, 'ties': 0, 'count': 729, 'winrate': 0.5089}","{'current': 1498.0, 'recent': 1517.0, 'mean': 1557.0, 'max': 1731.0}"
129,314,The Megatron Oracles,USA,MI,fim,1999,True,2026,"{'wins': 453, 'losses': 391, 'ties': 0, 'count': 844, 'winrate': 0.5367}","{'current': 1464.0, 'recent': 1519.0, 'mean': 1553.0, 'max': 1778.0}"
130,316,LUNATECS,USA,NJ,fma,1999,True,2026,"{'wins': 486, 'losses': 397, 'ties': 0, 'count': 883, 'winrate': 0.5504}","{'current': 1774.0, 'recent': 1707.0, 'mean': 1614.0, 'max': 1774.0}"
131,319,Big Bad Bob,USA,NH,ne,1999,True,2026,"{'wins': 453, 'losses': 271, 'ties': 0, 'count': 724, 'winrate': 0.6257}","{'current': 1623.0, 'recent': 1618.0, 'mean': 1584.0, 'max': 1825.0}"
132,321,RoboLancers,USA,PA,fma,1999,True,2026,"{'wins': 249, 'losses': 328, 'ties': 1, 'count': 578, 'winrate': 0.4317}","{'current': 1481.0, 'recent': 1546.0, 'mean': 1499.0, 'max': 1629.0}"
133,324,Chips,USA,TX,fit,1998,True,2026,"{'wins': 176, 'losses': 109, 'ties': 2, 'count': 287, 'winrate': 0.6167}","{'current': 1603.0, 'recent': 1618.0, 'mean': 1613.0, 'max': 1645.0}"
134,325,Respawn Robotics,USA,OH,,1998,True,2026,"{'wins': 107, 'losses': 73, 'ties': 0, 'count': 180, 'winrate': 0.5944}","{'current': 1512.0, 'recent': 1609.0, 'mean': 1585.0, 'max': 1675.0}"
135,328,Penn Robotics Golden Rooks,USA,IN,fin,1998,True,2026,"{'wins': 69, 'losses': 74, 'ties': 1, 'count': 144, 'winrate': 0.4826}","{'current': 1448.0, 'recent': 1497.0, 'mean': 1497.0, 'max': 1553.0}"
136,329,Mohawks,USA,NY,,1999,True,2026,"{'wins': 319, 'losses': 236, 'ties': 0, 'count': 555, 'winrate': 0.5748}","{'current': 1469.0, 'recent': 1570.0, 'mean': 1607.0, 'max': 1739.0}"
137,333,MEGALODONS,USA,NY,,1999,True,2026,"{'wins': 245, 'losses': 232, 'ties': 0, 'count': 477, 'winrate': 0.5136}","{'current': 1484.0, 'recent': 1539.0, 'mean': 1490.0, 'max': 1614.0}"
138,334,TechKnights,USA,NY,,1999,True,2026,"{'wins': 166, 'losses': 182, 'ties': 0, 'count': 348, 'winrate': 0.477}","{'current': 1486.0, 'recent': 1474.0, 'mean': 1485.0, 'max': 1683.0}"
139,335,Skillz Tech Gear Botz,USA,NY,,1999,True,2026,"{'wins': 112, 'losses': 136, 'ties': 0, 'count': 248, 'winrate': 0.4516}","{'current': 1395.0, 'recent': 1383.0, 'mean': 1437.0, 'max': 1552.0}"
140,339,Kilroy Robotics,USA,VA,fch,2000,True,2026,"{'wins': 292, 'losses': 275, 'ties': 1, 'count': 568, 'winrate': 0.515}","{'current': 1484.0, 'recent': 1472.0, 'mean': 1533.0, 'max': 1604.0}"
141,340,G.R.R. (Greater Rochester Robotics),USA,NY,,2000,True,2026,"{'wins': 447, 'losses': 237, 'ties': 1, 'count': 685, 'winrate': 0.6533}","{'current': 1701.0, 'recent': 1652.0, 'mean': 1649.0, 'max': 1795.0}"
142,341,Miss Daisy,USA,PA,fma,2000,True,2026,"{'wins': 736, 'losses': 400, 'ties': 0, 'count': 1136, 'winrate': 0.6479}","{'current': 1784.0, 'recent': 1740.0, 'mean': 1669.0, 'max': 1962.0}"
143,342,Burning Magnetos,USA,SC,fsc,2000,True,2026,"{'wins': 344, 'losses': 309, 'ties': 0, 'count': 653, 'winrate': 0.5268}","{'current': 1558.0, 'recent': 1541.0, 'mean': 1547.0, 'max': 1665.0}"
144,343,Metal-In-Motion,USA,SC,fsc,2000,True,2026,"{'wins': 517, 'losses': 296, 'ties': 0, 'count': 813, 'winrate': 0.6359}","{'current': 1535.0, 'recent': 1618.0, 'mean': 1623.0, 'max': 1763.0}"
145,346,RoboHawks,USA,VA,fch,2000,True,2026,"{'wins': 418, 'losses': 279, 'ties': 0, 'count': 697, 'winrate': 0.5997}","{'current': 1617.0, 'recent': 1565.0, 'mean': 1565.0, 'max': 1821.0}"
146,348,Norwell Robotics,USA,MA,ne,2000,True,2026,"{'wins': 372, 'losses': 372, 'ties': 0, 'count': 744, 'winrate': 0.5}","{'current': 1518.0, 'recent': 1487.0, 'mean': 1552.0, 'max': 1719.0}"
147,353,POBots,USA,NY,,2000,True,2026,"{'wins': 290, 'losses': 225, 'ties': 0, 'count': 515, 'winrate': 0.5631}","{'current': 1544.0, 'recent': 1589.0, 'mean': 1556.0, 'max': 1743.0}"
148,354,G-House Pirates,USA,NY,,2000,True,2026,"{'wins': 183, 'losses': 171, 'ties': 0, 'count': 354, 'winrate': 0.5169}","{'current': 1477.0, 'recent': 1487.0, 'mean': 1528.0, 'max': 1652.0}"
149,358,Robotic Eagles,USA,NY,,2000,True,2026,"{'wins': 381, 'losses': 274, 'ties': 0, 'count': 655, 'winrate': 0.5817}","{'current': 1527.0, 'recent': 1518.0, 'mean': 1611.0, 'max': 1871.0}"
150,359,Hawaiian Kids,USA,HI,,2000,True,2026,"{'wins': 885, 'losses': 274, 'ties': 1, 'count': 1160, 'winrate': 0.7634}","{'current': 1806.0, 'recent': 1772.0, 'mean': 1712.0, 'max': 1897.0}"
151,360,The Revolution,USA,WA,pnw,2000,True,2026,"{'wins': 458, 'losses': 331, 'ties': 0, 'count': 789, 'winrate': 0.5805}","{'current': 1728.0, 'recent': 1662.0, 'mean': 1604.0, 'max': 1770.0}"
152,364,Team Fusion 364,USA,MS,,2000,True,2026,"{'wins': 399, 'losses': 220, 'ties': 0, 'count': 619, 'winrate': 0.6446}","{'current': 1580.0, 'recent': 1584.0, 'mean': 1631.0, 'max': 1859.0}"
153,365,Miracle Workerz,USA,DE,fma,2000,True,2026,"{'wins': 660, 'losses': 417, 'ties': 0, 'count': 1077, 'winrate': 0.6128}","{'current': 1510.0, 'recent': 1608.0, 'mean': 1680.0, 'max': 1927.0}"
154,369,High Voltage Robotics,USA,NY,,2000,True,2026,"{'wins': 200, 'losses': 204, 'ties': 1, 'count': 405, 'winrate': 0.4951}","{'current': 1509.0, 'recent': 1508.0, 'mean': 1518.0, 'max': 1646.0}"
155,378,The Circuit Stompers,USA,NY,,2000,True,2026,"{'wins': 280, 'losses': 241, 'ties': 3, 'count': 524, 'winrate': 0.5372}","{'current': 1435.0, 'recent': 1502.0, 'mean': 1582.0, 'max': 1709.0}"
156,379,The RoboCats,USA,OH,,2000,True,2026,"{'wins': 416, 'losses': 347, 'ties': 0, 'count': 763, 'winrate': 0.5452}","{'current': 1586.0, 'recent': 1581.0, 'mean': 1592.0, 'max': 1743.0}"
157,386,Team Voltage,USA,FL,,2000,True,2026,"{'wins': 342, 'losses': 234, 'ties': 1, 'count': 577, 'winrate': 0.5936}","{'current': 1572.0, 'recent': 1585.0, 'mean': 1592.0, 'max': 1783.0}"
158,395,2 Train Robotics,USA,NY,,2000,True,2026,"{'wins': 278, 'losses': 245, 'ties': 0, 'count': 523, 'winrate': 0.5315}","{'current': 1409.0, 'recent': 1420.0, 'mean': 1546.0, 'max': 1757.0}"
159,399,Eagle Robotics,USA,CA,ca,2000,True,2026,"{'wins': 531, 'losses': 361, 'ties': 0, 'count': 892, 'winrate': 0.5953}","{'current': 1524.0, 'recent': 1552.0, 'mean': 1612.0, 'max': 1857.0}"
160,401,Copperhead Robotics,USA,VA,fch,2000,True,2026,"{'wins': 402, 'losses': 305, 'ties': 0, 'count': 707, 'winrate': 0.5686}","{'current': 1649.0, 'recent': 1625.0, 'mean': 1575.0, 'max': 1736.0}"
161,404,⚒️   404 ART Not Found  ⚒️,USA,VA,fch,2000,True,2026,"{'wins': 71, 'losses': 101, 'ties': 0, 'count': 172, 'winrate': 0.4128}","{'current': 1551.0, 'recent': 1489.0, 'mean': 1488.0, 'max': 1551.0}"
162,418,Purple Haze,USA,TX,fit,2000,True,2026,"{'wins': 348, 'losses': 292, 'ties': 0, 'count': 640, 'winrate': 0.5438}","{'current': 1596.0, 'recent': 1572.0, 'mean': 1564.0, 'max': 1748.0}"
163,422,The Mech Tech Dragons,USA,VA,fch,2000,True,2026,"{'wins': 453, 'losses': 302, 'ties': 0, 'count': 755, 'winrate': 0.6}","{'current': 1727.0, 'recent': 1708.0, 'mean': 1589.0, 'max': 1857.0}"
164,423,Simple Machines,USA,PA,fma,2000,True,2026,"{'wins': 202, 'losses': 291, 'ties': 1, 'count': 494, 'winrate': 0.4099}","{'current': 1491.0, 'recent': 1468.0, 'mean': 1468.0, 'max': 1622.0}"
165,424,Rust Belt Robotics,USA,NY,,2000,True,2026,"{'wins': 78, 'losses': 56, 'ties': 1, 'count': 135, 'winrate': 0.5815}","{'current': 1660.0, 'recent': 1604.0, 'mean': 1550.0, 'max': 1660.0}"
166,427,LANCE-A-LOT,USA,PA,fma,1999,True,2026,"{'wins': 46, 'losses': 65, 'ties': 0, 'count': 111, 'winrate': 0.4144}","{'current': 1480.0, 'recent': 1515.0, 'mean': 1515.0, 'max': 1604.0}"
167,428,BoroBlasters,USA,NJ,fma,1998,True,2026,"{'wins': 27, 'losses': 41, 'ties': 0, 'count': 68, 'winrate': 0.3971}","{'current': 1462.0, 'recent': 1470.0, 'mean': 1470.0, 'max': 1480.0}"
168,429,Two Many Bobcats,USA,CT,ne,1995,True,2026,"{'wins': 25, 'losses': 32, 'ties': 1, 'count': 58, 'winrate': 0.4397}","{'current': 1529.0, 'recent': 1527.0, 'mean': 1527.0, 'max': 1529.0}"
169,430,MORT GAMMA,USA,NJ,fma,1997,True,2026,"{'wins': 23, 'losses': 36, 'ties': 0, 'count': 59, 'winrate': 0.3898}","{'current': 1418.0, 'recent': 1461.0, 'mean': 1461.0, 'max': 1503.0}"
170,431,PinkZilla,USA,FL,,1999,True,2026,"{'wins': 8, 'losses': 13, 'ties': 0, 'count': 21, 'winrate': 0.381}","{'current': 1502.0, 'recent': 1451.0, 'mean': 1451.0, 'max': 1502.0}"
171,432,The Final Countdown,USA,OH,,1994,True,2026,"{'wins': 21, 'losses': 22, 'ties': 1, 'count': 44, 'winrate': 0.4886}","{'current': 1463.0, 'recent': 1468.0, 'mean': 1468.0, 'max': 1473.0}"
172,433,Firebirds,USA,PA,fma,2000,True,2026,"{'wins': 313, 'losses': 398, 'ties': 0, 'count': 711, 'winrate': 0.4402}","{'current': 1461.0, 'recent': 1482.0, 'mean': 1519.0, 'max': 1655.0}"
173,435,Robodogs,USA,NC,fnc,2000,True,2026,"{'wins': 360, 'losses': 313, 'ties': 1, 'count': 674, 'winrate': 0.5349}","{'current': 1416.0, 'recent': 1439.0, 'mean': 1541.0, 'max': 1690.0}"
174,436,Purple Rain,USA,TX,fit,2000,True,2026,"{'wins': 19, 'losses': 12, 'ties': 0, 'count': 31, 'winrate': 0.6129}","{'current': 1570.0, 'recent': 1570.0, 'mean': 1570.0, 'max': 1570.0}"
175,447,Team Roboto,USA,IN,fin,2000,True,2026,"{'wins': 326, 'losses': 354, 'ties': 0, 'count': 680, 'winrate': 0.4794}","{'current': 1576.0, 'recent': 1537.0, 'mean': 1563.0, 'max': 1680.0}"
176,449,The Blair Robot Project,USA,MD,fch,2000,True,2026,"{'wins': 398, 'losses': 295, 'ties': 1, 'count': 694, 'winrate': 0.5742}","{'current': 1674.0, 'recent': 1684.0, 'mean': 1580.0, 'max': 1768.0}"
177,451,Cat Attack Robotics,USA,OH,,2000,True,2026,"{'wins': 201, 'losses': 247, 'ties': 0, 'count': 448, 'winrate': 0.4487}","{'current': 1472.0, 'recent': 1498.0, 'mean': 1514.0, 'max': 1678.0}"
178,453,Rockem Sockem Robotics,USA,MI,fim,2000,True,2026,"{'wins': 212, 'losses': 299, 'ties': 0, 'count': 511, 'winrate': 0.4149}","{'current': 1474.0, 'recent': 1438.0, 'mean': 1485.0, 'max': 1644.0}"
179,456,Siege Robotics,USA,MS,,2000,True,2026,"{'wins': 288, 'losses': 216, 'ties': 0, 'count': 504, 'winrate': 0.5714}","{'current': 1563.0, 'recent': 1578.0, 'mean': 1618.0, 'max': 1764.0}"
180,457,⚙️ The Grease Monkeys ⚙️,USA,TX,fit,2000,True,2026,"{'wins': 242, 'losses': 266, 'ties': 2, 'count': 510, 'winrate': 0.4765}","{'current': 1589.0, 'recent': 1497.0, 'mean': 1498.0, 'max': 1589.0}"
181,461,Westside Boiler Invasion,USA,IN,fin,2000,True,2026,"{'wins': 470, 'losses': 370, 'ties': 0, 'count': 840, 'winrate': 0.5595}","{'current': 1658.0, 'recent': 1669.0, 'mean': 1599.0, 'max': 1741.0}"
182,467,Center of Mass,USA,MA,ne,2000,True,2026,"{'wins': 314, 'losses': 338, 'ties': 0, 'count': 652, 'winrate': 0.4816}","{'current': 1589.0, 'recent': 1586.0, 'mean': 1534.0, 'max': 1647.0}"
183,469,Las Guerrillas,USA,MI,fim,2000,True,2026,"{'wins': 829, 'losses': 331, 'ties': 0, 'count': 1160, 'winrate': 0.7147}","{'current': 1660.0, 'recent': 1618.0, 'mean': 1742.0, 'max': 1975.0}"
184,484,Roboforce,USA,PA,fma,2000,True,2026,"{'wins': 335, 'losses': 329, 'ties': 1, 'count': 665, 'winrate': 0.5045}","{'current': 1635.0, 'recent': 1604.0, 'mean': 1568.0, 'max': 1640.0}"
185,486,Positronic Panthers,USA,PA,fma,2000,True,2026,"{'wins': 363, 'losses': 335, 'ties': 0, 'count': 698, 'winrate': 0.5201}","{'current': 1468.0, 'recent': 1494.0, 'mean': 1570.0, 'max': 1727.0}"
186,488,Team XBOT,USA,WA,pnw,2000,True,2026,"{'wins': 411, 'losses': 334, 'ties': 0, 'count': 745, 'winrate': 0.5517}","{'current': 1544.0, 'recent': 1611.0, 'mean': 1592.0, 'max': 1752.0}"
187,492,Titan Robotics Club,USA,WA,pnw,2001,True,2026,"{'wins': 393, 'losses': 294, 'ties': 0, 'count': 687, 'winrate': 0.5721}","{'current': 1616.0, 'recent': 1619.0, 'mean': 1572.0, 'max': 1726.0}"
188,494,Martians,USA,MI,fim,2001,True,2026,"{'wins': 777, 'losses': 406, 'ties': 1, 'count': 1184, 'winrate': 0.6567}","{'current': 1562.0, 'recent': 1675.0, 'mean': 1682.0, 'max': 1794.0}"
189,496,Royals,USA,NY,,2001,True,2026,"{'wins': 117, 'losses': 125, 'ties': 1, 'count': 243, 'winrate': 0.4835}","{'current': 1514.0, 'recent': 1458.0, 'mean': 1492.0, 'max': 1610.0}"
190,498,The Cobra Commanders,USA,AZ,,2001,True,2026,"{'wins': 365, 'losses': 246, 'ties': 0, 'count': 611, 'winrate': 0.5974}","{'current': 1866.0, 'recent': 1687.0, 'mean': 1571.0, 'max': 1866.0}"
191,501,The PowerKnights,USA,NH,ne,2001,True,2026,"{'wins': 325, 'losses': 294, 'ties': 1, 'count': 620, 'winrate': 0.525}","{'current': 1515.0, 'recent': 1496.0, 'mean': 1550.0, 'max': 1709.0}"
192,503,Frog Force,USA,MI,fim,2001,True,2026,"{'wins': 717, 'losses': 545, 'ties': 0, 'count': 1262, 'winrate': 0.5681}","{'current': 1671.0, 'recent': 1647.0, 'mean': 1621.0, 'max': 1713.0}"
193,509,Red Storm,USA,NH,ne,2001,True,2026,"{'wins': 225, 'losses': 254, 'ties': 0, 'count': 479, 'winrate': 0.4697}","{'current': 1454.0, 'recent': 1540.0, 'mean': 1499.0, 'max': 1611.0}"
194,514,Entropy,USA,NY,,2001,True,2026,"{'wins': 168, 'losses': 177, 'ties': 0, 'count': 345, 'winrate': 0.487}","{'current': 1384.0, 'recent': 1455.0, 'mean': 1518.0, 'max': 1633.0}"
195,516,StuyPlus,USA,NY,,2001,True,2026,"{'wins': 0, 'losses': 0, 'ties': 0, 'count': 0, 'winrate': 0.0}","{'current': 1450.0, 'recent': 1450.0, 'mean': 1450.0, 'max': 1450.0}"
196,525,Swartdogs,USA,IA,,2001,True,2026,"{'wins': 462, 'losses': 231, 'ties': 0, 'count': 693, 'winrate': 0.6667}","{'current': 1488.0, 'recent': 1584.0, 'mean': 1666.0, 'max': 1862.0}"
197,526,Saxon Sparks,USA,VA,fch,2001,True,2026,"{'wins': 16, 'losses': 13, 'ties': 1, 'count': 30, 'winrate': 0.55}","{'current': 1543.0, 'recent': 1543.0, 'mean': 1543.0, 'max': 1543.0}"
198,527,Red Dragons,USA,NY,,2001,True,2026,"{'wins': 268, 'losses': 249, 'ties': 0, 'count': 517, 'winrate': 0.5184}","{'current': 1453.0, 'recent': 1503.0, 'mean': 1548.0, 'max': 1617.0}"
199,533,The PSIcotics,USA,NY,,2001,True,2026,"{'wins': 214, 'losses': 242, 'ties': 1, 'count': 457, 'winrate': 0.4694}","{'current': 1494.0, 'recent': 1498.0, 'mean': 1518.0, 'max': 1615.0}"
200,537,Charger Robotics,USA,WI,win,2001,True,2026,"{'wins': 334, 'losses': 318, 'ties': 2, 'count': 654, 'winrate': 0.5122}","{'current': 1475.0, 'recent': 1538.0, 'mean': 1546.0, 'max': 1674.0}"
201,538,Renaissance Robotics,USA,AL,,2001,True,2026,"{'wins': 175, 'losses': 211, 'ties': 0, 'count': 386, 'winrate': 0.4534}","{'current': 1464.0, 'recent': 1448.0, 'mean': 1496.0, 'max': 1584.0}"
202,539,Titan Robotics,USA,VA,fch,2001,True,2026,"{'wins': 218, 'losses': 234, 'ties': 1, 'count': 453, 'winrate': 0.4823}","{'current': 1508.0, 'recent': 1517.0, 'mean': 1479.0, 'max': 1588.0}"
203,540,TALON 540 Godwin Robotics,USA,VA,fch,2001,True,2026,"{'wins': 241, 'losses': 275, 'ties': 0, 'count': 516, 'winrate': 0.4671}","{'current': 1583.0, 'recent': 1488.0, 'mean': 1503.0, 'max': 1606.0}"
204,545,ROBO-DAWGS,USA,NY,,2001,True,2026,"{'wins': 121, 'losses': 136, 'ties': 0, 'count': 257, 'winrate': 0.4708}","{'current': 1415.0, 'recent': 1448.0, 'mean': 1494.0, 'max': 1587.0}"
205,547,Falcon Engineering And Robotics,USA,TN,,2001,True,2026,"{'wins': 137, 'losses': 142, 'ties': 0, 'count': 279, 'winrate': 0.491}","{'current': 1413.0, 'recent': 1473.0, 'mean': 1494.0, 'max': 1683.0}"
206,548,Robostangs,USA,MI,fim,2001,True,2026,"{'wins': 549, 'losses': 467, 'ties': 0, 'count': 1016, 'winrate': 0.5404}","{'current': 1615.0, 'recent': 1613.0, 'mean': 1627.0, 'max': 1866.0}"
207,554,The Blue Grease Crew,USA,KY,,2001,True,2026,"{'wins': 134, 'losses': 127, 'ties': 0, 'count': 261, 'winrate': 0.5134}","{'current': 1572.0, 'recent': 1554.0, 'mean': 1530.0, 'max': 1590.0}"
208,555,Montclair Robotics,USA,NJ,fma,2001,True,2026,"{'wins': 338, 'losses': 332, 'ties': 1, 'count': 671, 'winrate': 0.5045}","{'current': 1529.0, 'recent': 1560.0, 'mean': 1541.0, 'max': 1609.0}"
209,558,Elm City Robo Squad,USA,CT,ne,2001,True,2026,"{'wins': 369, 'losses': 338, 'ties': 0, 'count': 707, 'winrate': 0.5219}","{'current': 1542.0, 'recent': 1550.0, 'mean': 1572.0, 'max': 1809.0}"
210,564,Longwood RoboLions,USA,NY,,2001,True,2026,"{'wins': 142, 'losses': 175, 'ties': 0, 'count': 317, 'winrate': 0.4479}","{'current': 1444.0, 'recent': 1487.0, 'mean': 1493.0, 'max': 1601.0}"
211,569,Rambots 569,USA,NY,,2001,True,2026,"{'wins': 119, 'losses': 130, 'ties': 0, 'count': 249, 'winrate': 0.4779}","{'current': 1385.0, 'recent': 1434.0, 'mean': 1484.0, 'max': 1649.0}"
212,571,Paragon Robotics,USA,CT,ne,2001,True,2026,"{'wins': 298, 'losses': 292, 'ties': 0, 'count': 590, 'winrate': 0.5051}","{'current': 1752.0, 'recent': 1578.0, 'mean': 1545.0, 'max': 1752.0}"
213,573,Mech Warriors,USA,MI,fim,2001,True,2026,"{'wins': 557, 'losses': 415, 'ties': 0, 'count': 972, 'winrate': 0.573}","{'current': 1559.0, 'recent': 1596.0, 'mean': 1624.0, 'max': 1841.0}"
214,578,Fairport Robotics,USA,NY,,2001,True,2026,"{'wins': 239, 'losses': 268, 'ties': 1, 'count': 508, 'winrate': 0.4715}","{'current': 1465.0, 'recent': 1499.0, 'mean': 1526.0, 'max': 1634.0}"
215,581,Blazing Bulldogs,USA,CA,ca,2001,True,2026,"{'wins': 241, 'losses': 205, 'ties': 0, 'count': 446, 'winrate': 0.5404}","{'current': 1781.0, 'recent': 1705.0, 'mean': 1540.0, 'max': 1781.0}"
216,587,The Hedgehogs,USA,NC,fnc,2001,True,2026,"{'wins': 422, 'losses': 339, 'ties': 2, 'count': 763, 'winrate': 0.5544}","{'current': 1468.0, 'recent': 1608.0, 'mean': 1536.0, 'max': 1688.0}"
217,589,Falkon Robotics,USA,CA,ca,2001,True,2026,"{'wins': 187, 'losses': 221, 'ties': 0, 'count': 408, 'winrate': 0.4583}","{'current': 1503.0, 'recent': 1491.0, 'mean': 1502.0, 'max': 1636.0}"
218,590,Chahta Warriors,USA,MS,,2001,True,2026,"{'wins': 100, 'losses': 126, 'ties': 0, 'count': 226, 'winrate': 0.4425}","{'current': 1482.0, 'recent': 1420.0, 'mean': 1462.0, 'max': 1680.0}"
219,597,The Wolverines,USA,CA,ca,2001,True,2026,"{'wins': 309, 'losses': 311, 'ties': 0, 'count': 620, 'winrate': 0.4984}","{'current': 1529.0, 'recent': 1579.0, 'mean': 1545.0, 'max': 1632.0}"
220,599,The Robodox,USA,CA,ca,2001,True,2026,"{'wins': 348, 'losses': 277, 'ties': 0, 'count': 625, 'winrate': 0.5568}","{'current': 1737.0, 'recent': 1592.0, 'mean': 1591.0, 'max': 1792.0}"
221,601,BayBots,USA,NY,,2001,True,2026,"{'wins': 44, 'losses': 84, 'ties': 0, 'count': 128, 'winrate': 0.3438}","{'current': 1363.0, 'recent': 1395.0, 'mean': 1458.0, 'max': 1539.0}"
222,604,Quixilver,USA,CA,ca,2001,True,2026,"{'wins': 490, 'losses': 234, 'ties': 0, 'count': 724, 'winrate': 0.6768}","{'current': 1846.0, 'recent': 1808.0, 'mean': 1649.0, 'max': 1868.0}"
223,610,Crescent Coyotes,Canada,ON,ont,2001,True,2026,"{'wins': 653, 'losses': 313, 'ties': 0, 'count': 966, 'winrate': 0.676}","{'current': 1732.0, 'recent': 1655.0, 'mean': 1685.0, 'max': 1889.0}"
224,611,Saxons,USA,VA,fch,2001,True,2026,"{'wins': 212, 'losses': 280, 'ties': 2, 'count': 494, 'winrate': 0.4312}","{'current': 1482.0, 'recent': 1490.0, 'mean': 1474.0, 'max': 1554.0}"
225,612,Chantilly Robotics,USA,VA,fch,2001,True,2026,"{'wins': 337, 'losses': 311, 'ties': 1, 'count': 649, 'winrate': 0.52}","{'current': 1469.0, 'recent': 1474.0, 'mean': 1558.0, 'max': 1692.0}"
226,614,Night Hawks,USA,VA,fch,2001,True,2026,"{'wins': 321, 'losses': 275, 'ties': 1, 'count': 597, 'winrate': 0.5385}","{'current': 1605.0, 'recent': 1563.0, 'mean': 1534.0, 'max': 1686.0}"
227,617,Enginerds,USA,VA,fch,2001,True,2026,"{'wins': 122, 'losses': 205, 'ties': 1, 'count': 328, 'winrate': 0.3735}","{'current': 1413.0, 'recent': 1430.0, 'mean': 1465.0, 'max': 1600.0}"
228,619,Cavalier Robotics,USA,VA,fch,2001,True,2026,"{'wins': 215, 'losses': 248, 'ties': 0, 'count': 463, 'winrate': 0.4644}","{'current': 1668.0, 'recent': 1548.0, 'mean': 1495.0, 'max': 1753.0}"
229,620,Warbots,USA,VA,fch,2001,True,2026,"{'wins': 318, 'losses': 276, 'ties': 1, 'count': 595, 'winrate': 0.5353}","{'current': 1534.0, 'recent': 1577.0, 'mean': 1537.0, 'max': 1679.0}"
230,623,Oakton Cougar Robotics,USA,VA,fch,2001,True,2026,"{'wins': 309, 'losses': 257, 'ties': 0, 'count': 566, 'winrate': 0.5459}","{'current': 1484.0, 'recent': 1547.0, 'mean': 1554.0, 'max': 1679.0}"
231,624,CRyptonite,USA,TX,fit,2001,True,2026,"{'wins': 662, 'losses': 322, 'ties': 0, 'count': 984, 'winrate': 0.6728}","{'current': 1664.0, 'recent': 1729.0, 'mean': 1679.0, 'max': 1896.0}"
232,639,Code Red Robotics,USA,NY,,2001,True,2026,"{'wins': 313, 'losses': 245, 'ties': 1, 'count': 559, 'winrate': 0.5608}","{'current': 1473.0, 'recent': 1531.0, 'mean': 1568.0, 'max': 1661.0}"
233,640,Edison Robotics,USA,NY,,2001,True,2026,"{'wins': 83, 'losses': 102, 'ties': 0, 'count': 185, 'winrate': 0.4486}","{'current': 1406.0, 'recent': 1407.0, 'mean': 1427.0, 'max': 1560.0}"
234,648,QC ELITE  Flaming Squirrels,USA,IL,,2001,True,2026,"{'wins': 195, 'losses': 246, 'ties': 0, 'count': 441, 'winrate': 0.4422}","{'current': 1502.0, 'recent': 1490.0, 'mean': 1538.0, 'max': 1716.0}"
235,649,MSET Fish,USA,CA,ca,2001,True,2026,"{'wins': 321, 'losses': 265, 'ties': 0, 'count': 586, 'winrate': 0.5478}","{'current': 1536.0, 'recent': 1589.0, 'mean': 1543.0, 'max': 1780.0}"
236,662,Rocky Mountain Robotics,USA,CO,,2001,True,2026,"{'wins': 223, 'losses': 209, 'ties': 0, 'count': 432, 'winrate': 0.5162}","{'current': 1494.0, 'recent': 1486.0, 'mean': 1522.0, 'max': 1744.0}"
237,663,Power Sharks,USA,MA,ne,2001,True,2026,"{'wins': 239, 'losses': 280, 'ties': 2, 'count': 521, 'winrate': 0.4607}","{'current': 1506.0, 'recent': 1524.0, 'mean': 1505.0, 'max': 1611.0}"
238,668,The Apes of Wrath,USA,CA,ca,2001,True,2026,"{'wins': 216, 'losses': 258, 'ties': 0, 'count': 474, 'winrate': 0.4557}","{'current': 1611.0, 'recent': 1503.0, 'mean': 1536.0, 'max': 1803.0}"
239,670,Homestead Robotics,USA,CA,ca,2001,True,2026,"{'wins': 227, 'losses': 201, 'ties': 0, 'count': 428, 'winrate': 0.5304}","{'current': 1642.0, 'recent': 1626.0, 'mean': 1560.0, 'max': 1669.0}"
240,677,Murphy's Outlaws,USA,OH,,2001,True,2026,"{'wins': 127, 'losses': 203, 'ties': 0, 'count': 330, 'winrate': 0.3848}","{'current': 1469.0, 'recent': 1499.0, 'mean': 1475.0, 'max': 1531.0}"
241,686,Bovine Intervention,USA,MD,fch,2001,True,2026,"{'wins': 298, 'losses': 262, 'ties': 0, 'count': 560, 'winrate': 0.5321}","{'current': 1610.0, 'recent': 1603.0, 'mean': 1526.0, 'max': 1652.0}"
242,687,The Nerd Herd,USA,CA,ca,2001,True,2026,"{'wins': 330, 'losses': 302, 'ties': 1, 'count': 633, 'winrate': 0.5221}","{'current': 1708.0, 'recent': 1617.0, 'mean': 1531.0, 'max': 1712.0}"
243,691,Project 691 Robotics,USA,CA,ca,2001,True,2026,"{'wins': 198, 'losses': 252, 'ties': 0, 'count': 450, 'winrate': 0.44}","{'current': 1472.0, 'recent': 1473.0, 'mean': 1483.0, 'max': 1598.0}"
244,694,StuyPulse,USA,NY,,2001,True,2026,"{'wins': 572, 'losses': 274, 'ties': 0, 'count': 846, 'winrate': 0.6761}","{'current': 1682.0, 'recent': 1765.0, 'mean': 1663.0, 'max': 1867.0}"
245,695,Bison Robotics,USA,OH,,2001,True,2026,"{'wins': 253, 'losses': 192, 'ties': 0, 'count': 445, 'winrate': 0.5685}","{'current': 1791.0, 'recent': 1685.0, 'mean': 1541.0, 'max': 1791.0}"
246,696,Circuit Breakers,USA,CA,ca,2001,True,2026,"{'wins': 317, 'losses': 228, 'ties': 1, 'count': 546, 'winrate': 0.5815}","{'current': 1623.0, 'recent': 1643.0, 'mean': 1573.0, 'max': 1731.0}"
247,698,Hamilton Microbots,USA,AZ,,2001,True,2026,"{'wins': 132, 'losses': 172, 'ties': 0, 'count': 304, 'winrate': 0.4342}","{'current': 1463.0, 'recent': 1468.0, 'mean': 1456.0, 'max': 1575.0}"
248,701,RoboVikes,USA,CA,ca,2001,True,2026,"{'wins': 359, 'losses': 299, 'ties': 0, 'count': 658, 'winrate': 0.5456}","{'current': 1482.0, 'recent': 1487.0, 'mean': 1553.0, 'max': 1707.0}"
249,702,Bagel Bytes,USA,CA,ca,2001,True,2026,"{'wins': 198, 'losses': 223, 'ties': 0, 'count': 421, 'winrate': 0.4703}","{'current': 1594.0, 'recent': 1543.0, 'mean': 1509.0, 'max': 1627.0}"
250,706,Cyberhawks,USA,WI,win,2001,True,2026,"{'wins': 241, 'losses': 205, 'ties': 0, 'count': 446, 'winrate': 0.5404}","{'current': 1579.0, 'recent': 1549.0, 'mean': 1568.0, 'max': 1738.0}"
251,708,Hatters Robotics,USA,PA,fma,2001,True,2026,"{'wins': 388, 'losses': 390, 'ties': 1, 'count': 779, 'winrate': 0.4987}","{'current': 1543.0, 'recent': 1573.0, 'mean': 1538.0, 'max': 1746.0}"
252,709,Femme Tech Fatale,USA,PA,fma,2001,True,2026,"{'wins': 206, 'losses': 316, 'ties': 0, 'count': 522, 'winrate': 0.3946}","{'current': 1474.0, 'recent': 1468.0, 'mean': 1472.0, 'max': 1587.0}"
253,714,Panthera,USA,NJ,fma,2001,True,2026,"{'wins': 262, 'losses': 381, 'ties': 0, 'count': 643, 'winrate': 0.4075}","{'current': 1467.0, 'recent': 1477.0, 'mean': 1477.0, 'max': 1650.0}"
254,716,Who'sCTEKS,USA,CT,ne,2001,True,2026,"{'wins': 387, 'losses': 298, 'ties': 0, 'count': 685, 'winrate': 0.565}","{'current': 1452.0, 'recent': 1519.0, 'mean': 1583.0, 'max': 1715.0}"
255,743,Technobots,USA,NY,,2002,True,2026,"{'wins': 118, 'losses': 186, 'ties': 0, 'count': 304, 'winrate': 0.3882}","{'current': 1380.0, 'recent': 1393.0, 'mean': 1426.0, 'max': 1602.0}"
256,744,Shark Attack,USA,FL,,2002,True,2026,"{'wins': 296, 'losses': 237, 'ties': 0, 'count': 533, 'winrate': 0.5553}","{'current': 1498.0, 'recent': 1490.0, 'mean': 1590.0, 'max': 1752.0}"
257,749,Ctrl V,USA,OR,pnw,2002,True,2026,"{'wins': 41, 'losses': 41, 'ties': 1, 'count': 83, 'winrate': 0.5}","{'current': 1514.0, 'recent': 1506.0, 'mean': 1506.0, 'max': 1521.0}"
258,751,barn2robotics,USA,CA,ca,2002,True,2026,"{'wins': 175, 'losses': 227, 'ties': 1, 'count': 403, 'winrate': 0.4355}","{'current': 1461.0, 'recent': 1482.0, 'mean': 1477.0, 'max': 1601.0}"
259,752,Chargers,USA,NJ,fma,2002,True,2026,"{'wins': 161, 'losses': 251, 'ties': 0, 'count': 412, 'winrate': 0.3908}","{'current': 1405.0, 'recent': 1429.0, 'mean': 1459.0, 'max': 1529.0}"
260,753,High Desert Droids,USA,OR,pnw,2002,True,2026,"{'wins': 304, 'losses': 317, 'ties': 0, 'count': 621, 'winrate': 0.4895}","{'current': 1600.0, 'recent': 1505.0, 'mean': 1500.0, 'max': 1676.0}"
261,757,Crazy Train,USA,KS,,2002,True,2026,"{'wins': 22, 'losses': 18, 'ties': 0, 'count': 40, 'winrate': 0.55}","{'current': 1558.0, 'recent': 1530.0, 'mean': 1530.0, 'max': 1558.0}"
262,761,TechPUPS,USA,IN,fin,2002,True,2026,"{'wins': 21, 'losses': 14, 'ties': 0, 'count': 35, 'winrate': 0.6}","{'current': 1604.0, 'recent': 1604.0, 'mean': 1604.0, 'max': 1604.0}"
263,766,M-A Bears,USA,CA,ca,2002,True,2026,"{'wins': 282, 'losses': 287, 'ties': 0, 'count': 569, 'winrate': 0.4956}","{'current': 1533.0, 'recent': 1547.0, 'mean': 1534.0, 'max': 1681.0}"
264,771,SWAT,Canada,ON,ont,2002,True,2026,"{'wins': 258, 'losses': 365, 'ties': 0, 'count': 623, 'winrate': 0.4141}","{'current': 1440.0, 'recent': 1415.0, 'mean': 1456.0, 'max': 1536.0}"
265,772,Sabre Bytes Robotics,Canada,ON,ont,2002,True,2026,"{'wins': 415, 'losses': 417, 'ties': 2, 'count': 834, 'winrate': 0.4988}","{'current': 1516.0, 'recent': 1553.0, 'mean': 1578.0, 'max': 1710.0}"
266,781,Kinetic Knights,Canada,ON,ont,2002,True,2026,"{'wins': 410, 'losses': 375, 'ties': 0, 'count': 785, 'winrate': 0.5223}","{'current': 1452.0, 'recent': 1557.0, 'mean': 1568.0, 'max': 1775.0}"
267,801,Horsepower,USA,FL,,2002,True,2026,"{'wins': 277, 'losses': 259, 'ties': 1, 'count': 537, 'winrate': 0.5168}","{'current': 1563.0, 'recent': 1565.0, 'mean': 1563.0, 'max': 1721.0}"
268,806,The Brooklyn Blacksmiths,USA,NY,,2002,True,2026,"{'wins': 121, 'losses': 168, 'ties': 0, 'count': 289, 'winrate': 0.4187}","{'current': 1413.0, 'recent': 1440.0, 'mean': 1441.0, 'max': 1564.0}"
269,810,The Mechanical Bulls,USA,NY,,2002,True,2026,"{'wins': 210, 'losses': 233, 'ties': 1, 'count': 444, 'winrate': 0.4741}","{'current': 1575.0, 'recent': 1555.0, 'mean': 1498.0, 'max': 1591.0}"
270,811,Wild Cards,USA,NH,ne,2002,True,2026,"{'wins': 236, 'losses': 281, 'ties': 1, 'count': 518, 'winrate': 0.4566}","{'current': 1526.0, 'recent': 1511.0, 'mean': 1519.0, 'max': 1650.0}"
271,812,The Midnight Mechanics,USA,CA,ca,2002,True,2026,"{'wins': 208, 'losses': 248, 'ties': 0, 'count': 456, 'winrate': 0.4561}","{'current': 1536.0, 'recent': 1489.0, 'mean': 1496.0, 'max': 1650.0}"
272,815,Advanced Power,USA,MI,fim,2002,True,2026,"{'wins': 314, 'losses': 344, 'ties': 0, 'count': 658, 'winrate': 0.4772}","{'current': 1481.0, 'recent': 1529.0, 'mean': 1505.0, 'max': 1581.0}"
273,816,Anomaly,USA,NJ,fma,2002,True,2026,"{'wins': 299, 'losses': 348, 'ties': 0, 'count': 647, 'winrate': 0.4621}","{'current': 1414.0, 'recent': 1460.0, 'mean': 1513.0, 'max': 1677.0}"
274,818,The Steel Armadillos,USA,MI,fim,2002,True,2026,"{'wins': 386, 'losses': 363, 'ties': 0, 'count': 749, 'winrate': 0.5154}","{'current': 1609.0, 'recent': 1633.0, 'mean': 1556.0, 'max': 1694.0}"
275,829,The Digital Goats,USA,IN,fin,2002,True,2026,"{'wins': 455, 'losses': 355, 'ties': 1, 'count': 811, 'winrate': 0.5617}","{'current': 1579.0, 'recent': 1623.0, 'mean': 1605.0, 'max': 1764.0}"
276,830,The RatPack,USA,MI,fim,2002,True,2026,"{'wins': 336, 'losses': 348, 'ties': 0, 'count': 684, 'winrate': 0.4912}","{'current': 1448.0, 'recent': 1469.0, 'mean': 1527.0, 'max': 1721.0}"
277,832,OSCAR,USA,GA,pch,2002,True,2026,"{'wins': 361, 'losses': 335, 'ties': 1, 'count': 697, 'winrate': 0.5187}","{'current': 1500.0, 'recent': 1496.0, 'mean': 1529.0, 'max': 1784.0}"
278,834,SparTechs,USA,PA,fma,2002,True,2026,"{'wins': 390, 'losses': 343, 'ties': 1, 'count': 734, 'winrate': 0.532}","{'current': 1524.0, 'recent': 1603.0, 'mean': 1550.0, 'max': 1683.0}"
279,836,The RoboBees,USA,MD,fch,2002,True,2026,"{'wins': 571, 'losses': 299, 'ties': 2, 'count': 872, 'winrate': 0.656}","{'current': 1687.0, 'recent': 1691.0, 'mean': 1649.0, 'max': 1814.0}"
280,839,Rosie Robotics,USA,MA,ne,2002,True,2026,"{'wins': 295, 'losses': 326, 'ties': 0, 'count': 621, 'winrate': 0.475}","{'current': 1600.0, 'recent': 1559.0, 'mean': 1518.0, 'max': 1711.0}"
281,840,Aragon Robotics Team,USA,CA,ca,2002,True,2026,"{'wins': 190, 'losses': 194, 'ties': 0, 'count': 384, 'winrate': 0.4948}","{'current': 1608.0, 'recent': 1557.0, 'mean': 1535.0, 'max': 1654.0}"
282,841,The BioMechs,USA,CA,ca,2002,True,2026,"{'wins': 226, 'losses': 261, 'ties': 0, 'count': 487, 'winrate': 0.4641}","{'current': 1721.0, 'recent': 1606.0, 'mean': 1490.0, 'max': 1721.0}"
283,846,The Funky Monkeys,USA,CA,ca,2002,True,2026,"{'wins': 397, 'losses': 254, 'ties': 1, 'count': 652, 'winrate': 0.6097}","{'current': 1710.0, 'recent': 1640.0, 'mean': 1622.0, 'max': 1764.0}"
284,847,PHRED,USA,OR,pnw,2002,True,2026,"{'wins': 191, 'losses': 205, 'ties': 0, 'count': 396, 'winrate': 0.4823}","{'current': 1454.0, 'recent': 1478.0, 'mean': 1509.0, 'max': 1580.0}"
285,852,ARC Robotics,USA,CA,ca,2002,True,2026,"{'wins': 229, 'losses': 205, 'ties': 0, 'count': 434, 'winrate': 0.5276}","{'current': 1488.0, 'recent': 1488.0, 'mean': 1558.0, 'max': 1792.0}"
286,854,Iron Bears,Canada,ON,ont,2002,True,2026,"{'wins': 196, 'losses': 274, 'ties': 0, 'count': 470, 'winrate': 0.417}","{'current': 1463.0, 'recent': 1494.0, 'mean': 1524.0, 'max': 1837.0}"
287,857,Superior Roboworks,USA,MI,fim,2002,True,2026,"{'wins': 381, 'losses': 358, 'ties': 1, 'count': 740, 'winrate': 0.5155}","{'current': 1549.0, 'recent': 1607.0, 'mean': 1541.0, 'max': 1645.0}"
288,858,Demons Robotics,USA,MI,fim,2002,True,2026,"{'wins': 358, 'losses': 358, 'ties': 0, 'count': 716, 'winrate': 0.5}","{'current': 1526.0, 'recent': 1553.0, 'mean': 1560.0, 'max': 1734.0}"
289,862,Lightning Robotics,USA,MI,fim,2002,True,2026,"{'wins': 605, 'losses': 441, 'ties': 1, 'count': 1047, 'winrate': 0.5783}","{'current': 1543.0, 'recent': 1641.0, 'mean': 1592.0, 'max': 1778.0}"
290,865,WARP7,Canada,ON,ont,2002,True,2026,"{'wins': 310, 'losses': 328, 'ties': 0, 'count': 638, 'winrate': 0.4859}","{'current': 1603.0, 'recent': 1591.0, 'mean': 1520.0, 'max': 1728.0}"
291,867,Absolute Value,USA,CA,ca,2002,True,2026,"{'wins': 80, 'losses': 125, 'ties': 0, 'count': 205, 'winrate': 0.3902}","{'current': 1380.0, 'recent': 1417.0, 'mean': 1458.0, 'max': 1600.0}"
292,868,TechHOUNDS,USA,IN,fin,2002,True,2026,"{'wins': 610, 'losses': 358, 'ties': 0, 'count': 968, 'winrate': 0.6302}","{'current': 1614.0, 'recent': 1655.0, 'mean': 1653.0, 'max': 1858.0}"
293,870,TEAM  R. I. C. E.,USA,NY,,2002,True,2026,"{'wins': 412, 'losses': 215, 'ties': 0, 'count': 627, 'winrate': 0.6571}","{'current': 1661.0, 'recent': 1675.0, 'mean': 1624.0, 'max': 1799.0}"
294,871,Robotechs,USA,NY,,2002,True,2026,"{'wins': 112, 'losses': 147, 'ties': 1, 'count': 260, 'winrate': 0.4327}","{'current': 1495.0, 'recent': 1523.0, 'mean': 1481.0, 'max': 1545.0}"
295,876,Thunder Robotics,USA,ND,,2002,True,2026,"{'wins': 359, 'losses': 201, 'ties': 0, 'count': 560, 'winrate': 0.6411}","{'current': 1575.0, 'recent': 1671.0, 'mean': 1627.0, 'max': 1754.0}"
296,877,Pi Rho 'botics @ North Star,USA,ND,,2002,True,2026,"{'wins': 123, 'losses': 138, 'ties': 0, 'count': 261, 'winrate': 0.4713}","{'current': 1398.0, 'recent': 1445.0, 'mean': 1495.0, 'max': 1621.0}"
297,884,Mechanical Mules,USA,NY,,2002,True,2026,"{'wins': 95, 'losses': 163, 'ties': 0, 'count': 258, 'winrate': 0.3682}","{'current': 1419.0, 'recent': 1431.0, 'mean': 1455.0, 'max': 1575.0}"
298,888,Robotiators,USA,MD,fch,2002,True,2026,"{'wins': 388, 'losses': 327, 'ties': 0, 'count': 715, 'winrate': 0.5427}","{'current': 1666.0, 'recent': 1601.0, 'mean': 1558.0, 'max': 1672.0}"
299,894,The Power Chargers,USA,MI,fim,2002,True,2026,"{'wins': 309, 'losses': 281, 'ties': 0, 'count': 590, 'winrate': 0.5237}","{'current': 1652.0, 'recent': 1581.0, 'mean': 1534.0, 'max': 1718.0}"
300,900,The Zebracorns,USA,NC,fnc,2002,True,2026,"{'wins': 397, 'losses': 357, 'ties': 0, 'count': 754, 'winrate': 0.5265}","{'current': 1512.0, 'recent': 1596.0, 'mean': 1549.0, 'max': 1697.0}"
301,904,D Cubed,USA,MI,fim,2002,True,2026,"{'wins': 391, 'losses': 403, 'ties': 0, 'count': 794, 'winrate': 0.4924}","{'current': 1363.0, 'recent': 1457.0, 'mean': 1532.0, 'max': 1642.0}"
302,910,The Foley Freeze,USA,MI,fim,2002,True,2026,"{'wins': 662, 'losses': 460, 'ties': 0, 'count': 1122, 'winrate': 0.59}","{'current': 1635.0, 'recent': 1664.0, 'mean': 1653.0, 'max': 1869.0}"
303,919,PANTHERA TIGRIS,Canada,ON,ont,2002,True,2026,"{'wins': 91, 'losses': 139, 'ties': 0, 'count': 230, 'winrate': 0.3957}","{'current': 1438.0, 'recent': 1456.0, 'mean': 1460.0, 'max': 1573.0}"
304,930,Mukwonago BEARs,USA,WI,win,2002,True,2026,"{'wins': 338, 'losses': 247, 'ties': 0, 'count': 585, 'winrate': 0.5778}","{'current': 1611.0, 'recent': 1667.0, 'mean': 1589.0, 'max': 1832.0}"
305,931,Perpetual Chaos,USA,MO,,2002,True,2026,"{'wins': 259, 'losses': 235, 'ties': 0, 'count': 494, 'winrate': 0.5243}","{'current': 1542.0, 'recent': 1515.0, 'mean': 1556.0, 'max': 1679.0}"
306,935,RaileRobotics,USA,KS,,2002,True,2026,"{'wins': 330, 'losses': 227, 'ties': 0, 'count': 557, 'winrate': 0.5925}","{'current': 1490.0, 'recent': 1528.0, 'mean': 1595.0, 'max': 1772.0}"
307,937,Nerd Herd,USA,KS,,2002,True,2026,"{'wins': 84, 'losses': 145, 'ties': 0, 'count': 229, 'winrate': 0.3668}","{'current': 1459.0, 'recent': 1423.0, 'mean': 1430.0, 'max': 1510.0}"
308,948,NRG (Newport Robotics Group),USA,WA,pnw,2002,True,2026,"{'wins': 399, 'losses': 279, 'ties': 0, 'count': 678, 'winrate': 0.5885}","{'current': 1704.0, 'recent': 1598.0, 'mean': 1589.0, 'max': 1814.0}"
309,949,Wolverine Robotics,USA,WA,pnw,2002,True,2026,"{'wins': 169, 'losses': 242, 'ties': 0, 'count': 411, 'winrate': 0.4112}","{'current': 1506.0, 'recent': 1441.0, 'mean': 1473.0, 'max': 1581.0}"
310,955,Ctrl C,USA,OR,pnw,2002,True,2026,"{'wins': 373, 'losses': 307, 'ties': 0, 'count': 680, 'winrate': 0.5485}","{'current': 1716.0, 'recent': 1633.0, 'mean': 1541.0, 'max': 1744.0}"
311,957,SWARM - South and West Albany Robotics Maniacs,USA,OR,pnw,2002,True,2026,"{'wins': 266, 'losses': 246, 'ties': 1, 'count': 513, 'winrate': 0.5195}","{'current': 1623.0, 'recent': 1599.0, 'mean': 1521.0, 'max': 1724.0}"
312,967,Iron Lions,USA,IA,,2002,True,2026,"{'wins': 299, 'losses': 217, 'ties': 0, 'count': 516, 'winrate': 0.5795}","{'current': 1571.0, 'recent': 1558.0, 'mean': 1588.0, 'max': 1742.0}"
313,968,RAWC (Robotics Alliance Of West Covina),USA,CA,ca,2002,True,2026,"{'wins': 367, 'losses': 286, 'ties': 0, 'count': 653, 'winrate': 0.562}","{'current': 1441.0, 'recent': 1492.0, 'mean': 1605.0, 'max': 1904.0}"
314,971,Spartan Robotics,USA,CA,ca,2002,True,2026,"{'wins': 508, 'losses': 207, 'ties': 0, 'count': 715, 'winrate': 0.7105}","{'current': 1569.0, 'recent': 1698.0, 'mean': 1678.0, 'max': 1973.0}"
315,972,Iron Claw,USA,CA,ca,2002,True,2026,"{'wins': 221, 'losses': 193, 'ties': 0, 'count': 414, 'winrate': 0.5338}","{'current': 1735.0, 'recent': 1677.0, 'mean': 1557.0, 'max': 1751.0}"
316,973,Greybots,USA,CA,ca,2002,True,2026,"{'wins': 595, 'losses': 260, 'ties': 0, 'count': 855, 'winrate': 0.6959}","{'current': 1748.0, 'recent': 1743.0, 'mean': 1703.0, 'max': 1954.0}"
317,977,Cometbots,USA,VA,fch,2002,True,2026,"{'wins': 232, 'losses': 246, 'ties': 0, 'count': 478, 'winrate': 0.4854}","{'current': 1567.0, 'recent': 1543.0, 'mean': 1529.0, 'max': 1668.0}"
318,980,ThunderBots,USA,CA,ca,2002,True,2026,"{'wins': 301, 'losses': 303, 'ties': 0, 'count': 604, 'winrate': 0.4983}","{'current': 1551.0, 'recent': 1519.0, 'mean': 1533.0, 'max': 1793.0}"
319,987,HIGHROLLERS,USA,NV,,2002,True,2026,"{'wins': 704, 'losses': 211, 'ties': 1, 'count': 916, 'winrate': 0.7691}","{'current': 1565.0, 'recent': 1734.0, 'mean': 1796.0, 'max': 2000.0}"
320,988,Steel Phoenix,USA,NV,,2002,True,2026,"{'wins': 96, 'losses': 147, 'ties': 0, 'count': 243, 'winrate': 0.3951}","{'current': 1421.0, 'recent': 1414.0, 'mean': 1469.0, 'max': 1625.0}"
321,991,BroncoBots,USA,AZ,,2002,True,2026,"{'wins': 197, 'losses': 235, 'ties': 0, 'count': 432, 'winrate': 0.456}","{'current': 1507.0, 'recent': 1501.0, 'mean': 1501.0, 'max': 1571.0}"
322,996,Mecha Knights,USA,AZ,,2002,True,2026,"{'wins': 65, 'losses': 124, 'ties': 0, 'count': 189, 'winrate': 0.3439}","{'current': 1436.0, 'recent': 1422.0, 'mean': 1403.0, 'max': 1499.0}"
323,997,Spartan Robotics,USA,OR,pnw,2002,True,2026,"{'wins': 331, 'losses': 287, 'ties': 0, 'count': 618, 'winrate': 0.5356}","{'current': 1637.0, 'recent': 1559.0, 'mean': 1561.0, 'max': 1721.0}"
324,999,MechaRAMS,USA,CT,ne,2002,True,2026,"{'wins': 273, 'losses': 301, 'ties': 1, 'count': 575, 'winrate': 0.4757}","{'current': 1470.0, 'recent': 1547.0, 'mean': 1509.0, 'max': 1628.0}"
325,1002,CircuitRunners Robotics,USA,GA,pch,2003,True,2026,"{'wins': 289, 'losses': 266, 'ties': 0, 'count': 555, 'winrate': 0.5207}","{'current': 1704.0, 'recent': 1499.0, 'mean': 1505.0, 'max': 1704.0}"
326,1011,CRUSH,USA,AZ,,2003,True,2026,"{'wins': 223, 'losses': 222, 'ties': 0, 'count': 445, 'winrate': 0.5011}","{'current': 1394.0, 'recent': 1410.0, 'mean': 1503.0, 'max': 1694.0}"
327,1014,Bad Robots,USA,OH,,2003,True,2026,"{'wins': 186, 'losses': 215, 'ties': 0, 'count': 401, 'winrate': 0.4638}","{'current': 1539.0, 'recent': 1483.0, 'mean': 1525.0, 'max': 1621.0}"
328,1018,Pike RoboDevils,USA,IN,fin,2003,True,2026,"{'wins': 316, 'losses': 323, 'ties': 0, 'count': 639, 'winrate': 0.4945}","{'current': 1524.0, 'recent': 1541.0, 'mean': 1567.0, 'max': 1796.0}"
329,1023,Bedford Express,USA,MI,fim,2003,True,2026,"{'wins': 662, 'losses': 380, 'ties': 4, 'count': 1046, 'winrate': 0.6348}","{'current': 1646.0, 'recent': 1667.0, 'mean': 1662.0, 'max': 1902.0}"
330,1024,Kil-A-Bytes,USA,IN,fin,2003,True,2026,"{'wins': 551, 'losses': 336, 'ties': 1, 'count': 888, 'winrate': 0.6211}","{'current': 1628.0, 'recent': 1613.0, 'mean': 1631.0, 'max': 1844.0}"
331,1025,Impi Warriors,USA,MI,fim,2003,True,2026,"{'wins': 400, 'losses': 296, 'ties': 0, 'count': 696, 'winrate': 0.5747}","{'current': 1657.0, 'recent': 1618.0, 'mean': 1603.0, 'max': 1708.0}"
332,1027,Mechatronic Maniacs,USA,MA,ne,2003,True,2026,"{'wins': 204, 'losses': 267, 'ties': 0, 'count': 471, 'winrate': 0.4331}","{'current': 1424.0, 'recent': 1451.0, 'mean': 1486.0, 'max': 1611.0}"
333,1038,Lakota Robotics,USA,OH,,2003,True,2026,"{'wins': 300, 'losses': 258, 'ties': 0, 'count': 558, 'winrate': 0.5376}","{'current': 1636.0, 'recent': 1572.0, 'mean': 1577.0, 'max': 1728.0}"
334,1051,Technical Terminators,USA,SC,fsc,2003,True,2026,"{'wins': 200, 'losses': 193, 'ties': 0, 'count': 393, 'winrate': 0.5089}","{'current': 1505.0, 'recent': 1529.0, 'mean': 1517.0, 'max': 1632.0}"
335,1056,Hot Rocks,USA,HI,,2003,True,2026,"{'wins': 133, 'losses': 117, 'ties': 0, 'count': 250, 'winrate': 0.532}","{'current': 1559.0, 'recent': 1536.0, 'mean': 1559.0, 'max': 1752.0}"
336,1058,PVC Pirates,USA,NH,ne,2003,True,2026,"{'wins': 403, 'losses': 318, 'ties': 0, 'count': 721, 'winrate': 0.5589}","{'current': 1686.0, 'recent': 1618.0, 'mean': 1570.0, 'max': 1772.0}"
337,1071,Team MAX,USA,CT,ne,2003,True,2026,"{'wins': 313, 'losses': 315, 'ties': 0, 'count': 628, 'winrate': 0.4984}","{'current': 1476.0, 'recent': 1519.0, 'mean': 1541.0, 'max': 1629.0}"
338,1072,Harker Robotics,USA,CA,ca,2003,True,2026,"{'wins': 262, 'losses': 284, 'ties': 0, 'count': 546, 'winrate': 0.4799}","{'current': 1552.0, 'recent': 1591.0, 'mean': 1512.0, 'max': 1651.0}"
339,1073,The Force Team,USA,NH,ne,2003,True,2026,"{'wins': 372, 'losses': 304, 'ties': 0, 'count': 676, 'winrate': 0.5503}","{'current': 1697.0, 'recent': 1621.0, 'mean': 1592.0, 'max': 1697.0}"
340,1076,PiHi Samurai,USA,MI,fim,2003,True,2026,"{'wins': 231, 'losses': 220, 'ties': 0, 'count': 451, 'winrate': 0.5122}","{'current': 1545.0, 'recent': 1570.0, 'mean': 1524.0, 'max': 1651.0}"
341,1086,Blue Cheese,USA,VA,fch,2003,True,2026,"{'wins': 381, 'losses': 323, 'ties': 1, 'count': 705, 'winrate': 0.5411}","{'current': 1599.0, 'recent': 1580.0, 'mean': 1576.0, 'max': 1820.0}"
342,1089,Team Mercury,USA,NJ,fma,2003,True,2026,"{'wins': 394, 'losses': 345, 'ties': 0, 'count': 739, 'winrate': 0.5332}","{'current': 1575.0, 'recent': 1592.0, 'mean': 1598.0, 'max': 1714.0}"
343,1091,Oriole Assault,USA,WI,win,2003,True,2026,"{'wins': 179, 'losses': 203, 'ties': 0, 'count': 382, 'winrate': 0.4686}","{'current': 1451.0, 'recent': 1481.0, 'mean': 1509.0, 'max': 1647.0}"
344,1099,DiscoTechs,USA,CT,ne,2003,True,2026,"{'wins': 227, 'losses': 257, 'ties': 0, 'count': 484, 'winrate': 0.469}","{'current': 1438.0, 'recent': 1492.0, 'mean': 1524.0, 'max': 1661.0}"
345,1100,Inverse Polarity,USA,MA,ne,2003,True,2026,"{'wins': 383, 'losses': 319, 'ties': 1, 'count': 703, 'winrate': 0.5455}","{'current': 1612.0, 'recent': 1617.0, 'mean': 1598.0, 'max': 1733.0}"
346,1102,M'Aiken Magic,USA,SC,fsc,2003,True,2026,"{'wins': 365, 'losses': 263, 'ties': 0, 'count': 628, 'winrate': 0.5812}","{'current': 1472.0, 'recent': 1590.0, 'mean': 1581.0, 'max': 1779.0}"
347,1108,Panther Robotics,USA,KS,,2003,True,2026,"{'wins': 271, 'losses': 243, 'ties': 0, 'count': 514, 'winrate': 0.5272}","{'current': 1664.0, 'recent': 1605.0, 'mean': 1556.0, 'max': 1671.0}"
348,1111,Power Hawks Robotics,USA,MD,fch,2003,True,2026,"{'wins': 316, 'losses': 296, 'ties': 1, 'count': 613, 'winrate': 0.5163}","{'current': 1375.0, 'recent': 1514.0, 'mean': 1526.0, 'max': 1665.0}"
349,1114,Simbotics,Canada,ON,ont,2003,True,2026,"{'wins': 962, 'losses': 259, 'ties': 0, 'count': 1221, 'winrate': 0.7879}","{'current': 1816.0, 'recent': 1774.0, 'mean': 1866.0, 'max': 2132.0}"
350,1119,Pup Cups,USA,MA,ne,2003,True,2026,"{'wins': 42, 'losses': 56, 'ties': 2, 'count': 100, 'winrate': 0.43}","{'current': 1594.0, 'recent': 1574.0, 'mean': 1574.0, 'max': 1594.0}"
351,1126,SPARX,USA,NY,,2003,True,2026,"{'wins': 337, 'losses': 219, 'ties': 2, 'count': 558, 'winrate': 0.6057}","{'current': 1547.0, 'recent': 1514.0, 'mean': 1611.0, 'max': 1863.0}"
352,1138,Eagle Engineering,USA,CA,ca,2003,True,2026,"{'wins': 325, 'losses': 299, 'ties': 1, 'count': 625, 'winrate': 0.5208}","{'current': 1503.0, 'recent': 1554.0, 'mean': 1550.0, 'max': 1624.0}"
353,1148,Harvard Westlake Robotics,USA,CA,ca,2003,True,2026,"{'wins': 121, 'losses': 123, 'ties': 0, 'count': 244, 'winrate': 0.4959}","{'current': 1527.0, 'recent': 1590.0, 'mean': 1493.0, 'max': 1655.0}"
354,1153,Timberwolves,USA,MA,ne,2003,True,2026,"{'wins': 460, 'losses': 356, 'ties': 0, 'count': 816, 'winrate': 0.5637}","{'current': 1646.0, 'recent': 1663.0, 'mean': 1612.0, 'max': 1735.0}"
355,1155,SciBorgs,USA,NY,,2003,True,2026,"{'wins': 235, 'losses': 225, 'ties': 0, 'count': 460, 'winrate': 0.5109}","{'current': 1476.0, 'recent': 1513.0, 'mean': 1510.0, 'max': 1752.0}"
356,1156,Under Control,Brazil,,,2003,True,2026,"{'wins': 281, 'losses': 200, 'ties': 0, 'count': 481, 'winrate': 0.5842}","{'current': 1785.0, 'recent': 1663.0, 'mean': 1534.0, 'max': 1785.0}"
357,1159,Ramona Rampage,USA,CA,ca,2003,True,2026,"{'wins': 131, 'losses': 174, 'ties': 0, 'count': 305, 'winrate': 0.4295}","{'current': 1440.0, 'recent': 1443.0, 'mean': 1470.0, 'max': 1534.0}"
358,1160,Titanium Robotics,USA,CA,ca,2003,True,2026,"{'wins': 201, 'losses': 215, 'ties': 0, 'count': 416, 'winrate': 0.4832}","{'current': 1591.0, 'recent': 1561.0, 'mean': 1499.0, 'max': 1591.0}"
359,1164,Project NEO,USA,NM,fit,2003,True,2026,"{'wins': 167, 'losses': 166, 'ties': 0, 'count': 333, 'winrate': 0.5015}","{'current': 1497.0, 'recent': 1489.0, 'mean': 1489.0, 'max': 1567.0}"
360,1165,Team Paradise,USA,AZ,,2003,True,2026,"{'wins': 209, 'losses': 223, 'ties': 0, 'count': 432, 'winrate': 0.4838}","{'current': 1423.0, 'recent': 1467.0, 'mean': 1496.0, 'max': 1584.0}"
361,1168,Malvern Robotics,USA,PA,fma,2003,True,2026,"{'wins': 228, 'losses': 271, 'ties': 0, 'count': 499, 'winrate': 0.4569}","{'current': 1493.0, 'recent': 1552.0, 'mean': 1493.0, 'max': 1626.0}"
362,1178,DURT  (De Smet United Robotics Team),USA,MO,,2003,True,2026,"{'wins': 110, 'losses': 144, 'ties': 0, 'count': 254, 'winrate': 0.4331}","{'current': 1380.0, 'recent': 1454.0, 'mean': 1471.0, 'max': 1608.0}"
363,1188,The Ravens,USA,MI,fim,2003,True,2026,"{'wins': 370, 'losses': 330, 'ties': 0, 'count': 700, 'winrate': 0.5286}","{'current': 1588.0, 'recent': 1575.0, 'mean': 1541.0, 'max': 1685.0}"
364,1189,Gearheads,USA,MI,fim,2003,True,2026,"{'wins': 429, 'losses': 375, 'ties': 1, 'count': 805, 'winrate': 0.5335}","{'current': 1674.0, 'recent': 1671.0, 'mean': 1551.0, 'max': 1730.0}"
365,1197,TorBots,USA,CA,ca,2003,True,2026,"{'wins': 319, 'losses': 237, 'ties': 1, 'count': 557, 'winrate': 0.5736}","{'current': 1510.0, 'recent': 1599.0, 'mean': 1562.0, 'max': 1812.0}"
366,1208,Metool Brigade,USA,IL,,2003,True,2026,"{'wins': 256, 'losses': 203, 'ties': 0, 'count': 459, 'winrate': 0.5577}","{'current': 1475.0, 'recent': 1518.0, 'mean': 1554.0, 'max': 1727.0}"
367,1209,RoboHornets,USA,OK,,2003,True,2026,"{'wins': 153, 'losses': 198, 'ties': 0, 'count': 351, 'winrate': 0.4359}","{'current': 1467.0, 'recent': 1507.0, 'mean': 1466.0, 'max': 1583.0}"
368,1212,Sentinels,USA,AZ,,2003,True,2026,"{'wins': 146, 'losses': 146, 'ties': 0, 'count': 292, 'winrate': 0.5}","{'current': 1460.0, 'recent': 1482.0, 'mean': 1515.0, 'max': 1599.0}"
369,1218,SCH Robotics,USA,PA,fma,2003,True,2026,"{'wins': 653, 'losses': 402, 'ties': 1, 'count': 1056, 'winrate': 0.6188}","{'current': 1653.0, 'recent': 1651.0, 'mean': 1674.0, 'max': 1835.0}"
370,1220,Rockhoppers - Hilltopper Robotics,USA,WI,win,2003,True,2026,"{'wins': 23, 'losses': 29, 'ties': 0, 'count': 52, 'winrate': 0.4423}","{'current': 1503.0, 'recent': 1511.0, 'mean': 1487.0, 'max': 1518.0}"
371,1225,The Gorillas,USA,NC,fnc,2003,True,2026,"{'wins': 219, 'losses': 280, 'ties': 0, 'count': 499, 'winrate': 0.4389}","{'current': 1511.0, 'recent': 1441.0, 'mean': 1491.0, 'max': 1587.0}"
372,1229,Tidal Shift,Canada,ON,ont,2003,True,2026,"{'wins': 27, 'losses': 42, 'ties': 1, 'count': 70, 'winrate': 0.3929}","{'current': 1493.0, 'recent': 1517.0, 'mean': 1487.0, 'max': 1540.0}"
373,1241,THEORY6,Canada,ON,ont,2004,True,2026,"{'wins': 742, 'losses': 367, 'ties': 0, 'count': 1109, 'winrate': 0.6691}","{'current': 1684.0, 'recent': 1692.0, 'mean': 1693.0, 'max': 1924.0}"
374,1247,"Blood, Sweat, and Gears",USA,NH,ne,2004,True,2026,"{'wins': 141, 'losses': 207, 'ties': 1, 'count': 349, 'winrate': 0.4054}","{'current': 1370.0, 'recent': 1419.0, 'mean': 1430.0, 'max': 1493.0}"
375,1250,Gator-Bots,USA,MI,fim,2004,True,2026,"{'wins': 380, 'losses': 359, 'ties': 0, 'count': 739, 'winrate': 0.5142}","{'current': 1556.0, 'recent': 1562.0, 'mean': 1589.0, 'max': 1717.0}"
376,1255,Blarglefish,USA,TX,fit,2004,True,2026,"{'wins': 225, 'losses': 236, 'ties': 1, 'count': 462, 'winrate': 0.4881}","{'current': 1525.0, 'recent': 1493.0, 'mean': 1464.0, 'max': 1742.0}"
377,1257,Parallel Universe,USA,NJ,fma,2004,True,2026,"{'wins': 282, 'losses': 262, 'ties': 1, 'count': 545, 'winrate': 0.5183}","{'current': 1512.0, 'recent': 1523.0, 'mean': 1530.0, 'max': 1678.0}"
378,1259,Paradigm Shift,USA,WI,win,2004,True,2026,"{'wins': 270, 'losses': 193, 'ties': 0, 'count': 463, 'winrate': 0.5832}","{'current': 1678.0, 'recent': 1582.0, 'mean': 1569.0, 'max': 1727.0}"
379,1261,Robo Lions Team1261,USA,GA,pch,2004,True,2026,"{'wins': 493, 'losses': 307, 'ties': 0, 'count': 800, 'winrate': 0.6163}","{'current': 1591.0, 'recent': 1659.0, 'mean': 1607.0, 'max': 1777.0}"
380,1262,the STAGS,USA,VA,fch,2004,True,2026,"{'wins': 309, 'losses': 249, 'ties': 2, 'count': 560, 'winrate': 0.5536}","{'current': 1607.0, 'recent': 1553.0, 'mean': 1565.0, 'max': 1674.0}"
381,1277,The Robotomies,USA,MA,ne,2004,True,2026,"{'wins': 170, 'losses': 212, 'ties': 0, 'count': 382, 'winrate': 0.445}","{'current': 1516.0, 'recent': 1509.0, 'mean': 1478.0, 'max': 1553.0}"
382,1279,Cold Fusion,USA,NJ,fma,2004,True,2026,"{'wins': 408, 'losses': 349, 'ties': 0, 'count': 757, 'winrate': 0.539}","{'current': 1472.0, 'recent': 1527.0, 'mean': 1584.0, 'max': 1709.0}"
383,1280,Ragin' C-Biscuits,USA,CA,ca,2004,True,2026,"{'wins': 274, 'losses': 242, 'ties': 1, 'count': 517, 'winrate': 0.5309}","{'current': 1412.0, 'recent': 1459.0, 'mean': 1540.0, 'max': 1716.0}"
384,1287,Aluminum Assault,USA,SC,fsc,2004,True,2026,"{'wins': 260, 'losses': 197, 'ties': 0, 'count': 457, 'winrate': 0.5689}","{'current': 1573.0, 'recent': 1567.0, 'mean': 1527.0, 'max': 1609.0}"
385,1288,RAVEN Robotics,USA,MO,,2004,True,2026,"{'wins': 198, 'losses': 172, 'ties': 0, 'count': 370, 'winrate': 0.5351}","{'current': 1435.0, 'recent': 1460.0, 'mean': 1536.0, 'max': 1711.0}"
386,1293,Pandamaniacs,USA,SC,fsc,2004,True,2026,"{'wins': 131, 'losses': 180, 'ties': 0, 'count': 311, 'winrate': 0.4212}","{'current': 1416.0, 'recent': 1443.0, 'mean': 1457.0, 'max': 1576.0}"
387,1294,Pack of Parts,USA,WA,pnw,2004,True,2026,"{'wins': 273, 'losses': 261, 'ties': 0, 'count': 534, 'winrate': 0.5112}","{'current': 1407.0, 'recent': 1512.0, 'mean': 1523.0, 'max': 1642.0}"
388,1296,Full Metal Jackets,USA,TX,fit,2004,True,2026,"{'wins': 387, 'losses': 285, 'ties': 0, 'count': 672, 'winrate': 0.5759}","{'current': 1659.0, 'recent': 1626.0, 'mean': 1569.0, 'max': 1815.0}"
389,1303,WYOHAZARD,USA,WY,,2004,True,2026,"{'wins': 82, 'losses': 111, 'ties': 0, 'count': 193, 'winrate': 0.4249}","{'current': 1436.0, 'recent': 1402.0, 'mean': 1435.0, 'max': 1502.0}"
390,1305,Ice Cubed,Canada,ON,ont,2004,True,2026,"{'wins': 533, 'losses': 358, 'ties': 0, 'count': 891, 'winrate': 0.5982}","{'current': 1626.0, 'recent': 1580.0, 'mean': 1633.0, 'max': 1811.0}"
391,1306,BadgerBOTS,USA,WI,win,2004,True,2026,"{'wins': 200, 'losses': 188, 'ties': 0, 'count': 388, 'winrate': 0.5155}","{'current': 1798.0, 'recent': 1584.0, 'mean': 1559.0, 'max': 1798.0}"
392,1307,Robosaints,USA,NH,ne,2004,True,2026,"{'wins': 153, 'losses': 200, 'ties': 1, 'count': 354, 'winrate': 0.4336}","{'current': 1487.0, 'recent': 1416.0, 'mean': 1462.0, 'max': 1624.0}"
393,1308,Wildcat Robotics,USA,OH,,2004,True,2026,"{'wins': 92, 'losses': 145, 'ties': 0, 'count': 237, 'winrate': 0.3882}","{'current': 1501.0, 'recent': 1464.0, 'mean': 1444.0, 'max': 1518.0}"
394,1310,Runnymede Robotics,Canada,ON,ont,2004,True,2026,"{'wins': 385, 'losses': 272, 'ties': 1, 'count': 658, 'winrate': 0.5859}","{'current': 1522.0, 'recent': 1573.0, 'mean': 1614.0, 'max': 1825.0}"
395,1317,Digital Fusion,USA,OH,,2004,True,2026,"{'wins': 118, 'losses': 132, 'ties': 0, 'count': 250, 'winrate': 0.472}","{'current': 1432.0, 'recent': 1487.0, 'mean': 1492.0, 'max': 1585.0}"
396,1318,Issaquah Robotics Society,USA,WA,pnw,2004,True,2026,"{'wins': 568, 'losses': 347, 'ties': 0, 'count': 915, 'winrate': 0.6208}","{'current': 1599.0, 'recent': 1669.0, 'mean': 1635.0, 'max': 1778.0}"
397,1319,Flash,USA,SC,fsc,2004,True,2026,"{'wins': 370, 'losses': 320, 'ties': 0, 'count': 690, 'winrate': 0.5362}","{'current': 1503.0, 'recent': 1474.0, 'mean': 1553.0, 'max': 1719.0}"
398,1322,GRAYT Leviathons (Genesee Robotics Area Youth Team),USA,MI,fim,2004,True,2026,"{'wins': 256, 'losses': 313, 'ties': 0, 'count': 569, 'winrate': 0.4499}","{'current': 1533.0, 'recent': 1502.0, 'mean': 1493.0, 'max': 1608.0}"
399,1323,MadTown Robotics,USA,CA,ca,2004,True,2026,"{'wins': 562, 'losses': 208, 'ties': 0, 'count': 770, 'winrate': 0.7299}","{'current': 1981.0, 'recent': 1955.0, 'mean': 1737.0, 'max': 2039.0}"
400,1325,Inverse Paradox,Canada,ON,ont,2004,True,2026,"{'wins': 487, 'losses': 305, 'ties': 0, 'count': 792, 'winrate': 0.6149}","{'current': 1753.0, 'recent': 1752.0, 'mean': 1599.0, 'max': 1894.0}"
401,1329,The ViPrs,USA,MO,,2004,True,2026,"{'wins': 138, 'losses': 154, 'ties': 0, 'count': 292, 'winrate': 0.4726}","{'current': 1472.0, 'recent': 1461.0, 'mean': 1515.0, 'max': 1631.0}"
402,1334,OT Devils,Canada,ON,ont,2004,True,2026,"{'wins': 323, 'losses': 344, 'ties': 0, 'count': 667, 'winrate': 0.4843}","{'current': 1497.0, 'recent': 1494.0, 'mean': 1546.0, 'max': 1793.0}"
403,1339,Angelbotics,USA,CO,,2004,True,2026,"{'wins': 258, 'losses': 209, 'ties': 0, 'count': 467, 'winrate': 0.5525}","{'current': 1590.0, 'recent': 1651.0, 'mean': 1564.0, 'max': 1789.0}"
404,1350,The Rambots,USA,RI,ne,2004,True,2026,"{'wins': 185, 'losses': 247, 'ties': 0, 'count': 432, 'winrate': 0.4282}","{'current': 1484.0, 'recent': 1491.0, 'mean': 1512.0, 'max': 1616.0}"
405,1351,TKO,USA,CA,ca,2004,True,2026,"{'wins': 194, 'losses': 237, 'ties': 0, 'count': 431, 'winrate': 0.4501}","{'current': 1506.0, 'recent': 1576.0, 'mean': 1515.0, 'max': 1650.0}"
406,1359,Scalawags,USA,OR,pnw,2004,True,2026,"{'wins': 204, 'losses': 258, 'ties': 0, 'count': 462, 'winrate': 0.4416}","{'current': 1439.0, 'recent': 1474.0, 'mean': 1489.0, 'max': 1616.0}"
407,1360,Orbit Robotics,Canada,ON,ont,2004,True,2026,"{'wins': 204, 'losses': 185, 'ties': 0, 'count': 389, 'winrate': 0.5244}","{'current': 1557.0, 'recent': 1554.0, 'mean': 1591.0, 'max': 1747.0}"
408,1369,Minotaur,USA,FL,,2004,True,2026,"{'wins': 170, 'losses': 215, 'ties': 0, 'count': 385, 'winrate': 0.4416}","{'current': 1416.0, 'recent': 1460.0, 'mean': 1483.0, 'max': 1674.0}"
409,1388,Eagle Robotics,USA,CA,ca,2004,True,2026,"{'wins': 304, 'losses': 232, 'ties': 1, 'count': 537, 'winrate': 0.567}","{'current': 1631.0, 'recent': 1608.0, 'mean': 1582.0, 'max': 1720.0}"
410,1389,The Body Electric,USA,MD,fch,2004,True,2026,"{'wins': 192, 'losses': 248, 'ties': 2, 'count': 442, 'winrate': 0.4367}","{'current': 1543.0, 'recent': 1516.0, 'mean': 1471.0, 'max': 1629.0}"
411,1391,The Metal Moose,USA,PA,fma,2004,True,2026,"{'wins': 484, 'losses': 385, 'ties': 0, 'count': 869, 'winrate': 0.557}","{'current': 1700.0, 'recent': 1678.0, 'mean': 1606.0, 'max': 1729.0}"
412,1403,Team 1403 Cougar Robotics,USA,NJ,fma,2004,True,2026,"{'wins': 503, 'losses': 391, 'ties': 0, 'count': 894, 'winrate': 0.5626}","{'current': 1623.0, 'recent': 1631.0, 'mean': 1600.0, 'max': 1736.0}"
413,1405,Finney Falcons,USA,NY,,2004,True,2026,"{'wins': 198, 'losses': 166, 'ties': 0, 'count': 364, 'winrate': 0.544}","{'current': 1580.0, 'recent': 1586.0, 'mean': 1546.0, 'max': 1648.0}"
414,1410,The Kraken,USA,CO,,2004,True,2026,"{'wins': 262, 'losses': 210, 'ties': 0, 'count': 472, 'winrate': 0.5551}","{'current': 1511.0, 'recent': 1559.0, 'mean': 1539.0, 'max': 1827.0}"
415,1414,IHOT,USA,GA,pch,2004,True,2026,"{'wins': 325, 'losses': 258, 'ties': 3, 'count': 586, 'winrate': 0.5572}","{'current': 1537.0, 'recent': 1579.0, 'mean': 1521.0, 'max': 1667.0}"
416,1418,Vae Victis,USA,VA,fch,2004,True,2026,"{'wins': 363, 'losses': 258, 'ties': 3, 'count': 624, 'winrate': 0.5841}","{'current': 1515.0, 'recent': 1538.0, 'mean': 1590.0, 'max': 1706.0}"
417,1421,Team CHAOS,USA,MS,,2004,True,2026,"{'wins': 346, 'losses': 233, 'ties': 0, 'count': 579, 'winrate': 0.5976}","{'current': 1503.0, 'recent': 1539.0, 'mean': 1599.0, 'max': 1755.0}"
418,1425,Error Code Xero,USA,OR,pnw,2004,True,2026,"{'wins': 563, 'losses': 340, 'ties': 0, 'count': 903, 'winrate': 0.6235}","{'current': 1718.0, 'recent': 1663.0, 'mean': 1636.0, 'max': 1762.0}"
419,1445,Webb Spark,USA,TN,,2004,True,2026,"{'wins': 6, 'losses': 6, 'ties': 0, 'count': 12, 'winrate': 0.5}","{'current': 1458.0, 'recent': 1458.0, 'mean': 1458.0, 'max': 1458.0}"
420,1446,Robo Knights,USA,DC,fch,2004,True,2026,"{'wins': 94, 'losses': 175, 'ties': 1, 'count': 270, 'winrate': 0.35}","{'current': 1458.0, 'recent': 1436.0, 'mean': 1418.0, 'max': 1524.0}"
421,1450,XQ Robotix Team 1450,USA,NY,,2004,True,2026,"{'wins': 115, 'losses': 174, 'ties': 0, 'count': 289, 'winrate': 0.3979}","{'current': 1392.0, 'recent': 1390.0, 'mean': 1487.0, 'max': 1584.0}"
422,1452,Omnicats,USA,CA,ca,2004,True,2026,"{'wins': 119, 'losses': 162, 'ties': 0, 'count': 281, 'winrate': 0.4235}","{'current': 1491.0, 'recent': 1465.0, 'mean': 1456.0, 'max': 1539.0}"
423,1458,Red Tie Robotics,USA,CA,ca,2004,True,2026,"{'wins': 215, 'losses': 239, 'ties': 0, 'count': 454, 'winrate': 0.4736}","{'current': 1521.0, 'recent': 1484.0, 'mean': 1496.0, 'max': 1552.0}"
424,1466,Webb Robotics,USA,TN,,2004,True,2026,"{'wins': 210, 'losses': 187, 'ties': 0, 'count': 397, 'winrate': 0.529}","{'current': 1501.0, 'recent': 1535.0, 'mean': 1538.0, 'max': 1620.0}"
425,1468,Hicksville J-Birds,USA,NY,,2004,True,2026,"{'wins': 261, 'losses': 182, 'ties': 0, 'count': 443, 'winrate': 0.5892}","{'current': 1507.0, 'recent': 1608.0, 'mean': 1586.0, 'max': 1687.0}"
426,1474,Titans,USA,MA,ne,2004,True,2026,"{'wins': 179, 'losses': 239, 'ties': 0, 'count': 418, 'winrate': 0.4282}","{'current': 1464.0, 'recent': 1486.0, 'mean': 1494.0, 'max': 1669.0}"
427,1477,Texas Torque,USA,TX,fit,2004,True,2026,"{'wins': 609, 'losses': 290, 'ties': 1, 'count': 900, 'winrate': 0.6772}","{'current': 1522.0, 'recent': 1647.0, 'mean': 1644.0, 'max': 1812.0}"
428,1481,The Riveters,USA,MI,fim,2004,True,2026,"{'wins': 287, 'losses': 216, 'ties': 0, 'count': 503, 'winrate': 0.5706}","{'current': 1651.0, 'recent': 1597.0, 'mean': 1583.0, 'max': 1724.0}"
429,1493,Falcons,USA,NY,,2004,True,2026,"{'wins': 171, 'losses': 144, 'ties': 0, 'count': 315, 'winrate': 0.5429}","{'current': 1536.0, 'recent': 1600.0, 'mean': 1539.0, 'max': 1664.0}"
430,1498,The Polar Pilots,USA,MI,fim,2005,True,2026,"{'wins': 51, 'losses': 36, 'ties': 0, 'count': 87, 'winrate': 0.5862}","{'current': 1683.0, 'recent': 1660.0, 'mean': 1660.0, 'max': 1683.0}"
431,1501,Team THRUST,USA,IN,fin,2005,True,2026,"{'wins': 547, 'losses': 286, 'ties': 2, 'count': 835, 'winrate': 0.6563}","{'current': 1714.0, 'recent': 1692.0, 'mean': 1651.0, 'max': 1867.0}"
432,1502,Technical Difficulties,USA,MI,fim,2005,True,2026,"{'wins': 294, 'losses': 349, 'ties': 0, 'count': 643, 'winrate': 0.4572}","{'current': 1551.0, 'recent': 1564.0, 'mean': 1506.0, 'max': 1665.0}"
433,1504,Desperate Penguins,USA,MI,fim,2005,True,2026,"{'wins': 284, 'losses': 315, 'ties': 0, 'count': 599, 'winrate': 0.4741}","{'current': 1470.0, 'recent': 1508.0, 'mean': 1552.0, 'max': 1666.0}"
434,1506,Metal Muscle,USA,MI,fim,2005,True,2026,"{'wins': 444, 'losses': 346, 'ties': 0, 'count': 790, 'winrate': 0.562}","{'current': 1599.0, 'recent': 1670.0, 'mean': 1573.0, 'max': 1776.0}"
435,1507,Warlocks,USA,NY,,2005,True,2026,"{'wins': 376, 'losses': 199, 'ties': 0, 'count': 575, 'winrate': 0.6539}","{'current': 1659.0, 'recent': 1628.0, 'mean': 1681.0, 'max': 1843.0}"
436,1511,Rolling Thunder,USA,NY,,2005,True,2026,"{'wins': 365, 'losses': 293, 'ties': 0, 'count': 658, 'winrate': 0.5547}","{'current': 1619.0, 'recent': 1590.0, 'mean': 1612.0, 'max': 1720.0}"
437,1512,The Big Red,USA,NH,ne,2005,True,2026,"{'wins': 159, 'losses': 205, 'ties': 0, 'count': 364, 'winrate': 0.4368}","{'current': 1583.0, 'recent': 1509.0, 'mean': 1474.0, 'max': 1622.0}"
438,1515,MorTorq,USA,CA,ca,2005,True,2026,"{'wins': 237, 'losses': 284, 'ties': 1, 'count': 522, 'winrate': 0.455}","{'current': 1484.0, 'recent': 1525.0, 'mean': 1515.0, 'max': 1575.0}"
439,1518,Raider Robotics,USA,NY,,2005,True,2026,"{'wins': 121, 'losses': 140, 'ties': 0, 'count': 261, 'winrate': 0.4636}","{'current': 1474.0, 'recent': 1482.0, 'mean': 1502.0, 'max': 1580.0}"
440,1522,DOTM - Defenders of the Multiverse,USA,VA,fch,2005,True,2026,"{'wins': 203, 'losses': 259, 'ties': 1, 'count': 463, 'winrate': 0.4395}","{'current': 1462.0, 'recent': 1466.0, 'mean': 1498.0, 'max': 1563.0}"
441,1523,MARS (Mega Awesome Robotic Systems),USA,FL,,2005,True,2026,"{'wins': 208, 'losses': 192, 'ties': 1, 'count': 401, 'winrate': 0.52}","{'current': 1429.0, 'recent': 1480.0, 'mean': 1548.0, 'max': 1683.0}"
442,1528,MTR (Monroe Trojan Robotics),USA,MI,fim,2005,True,2026,"{'wins': 211, 'losses': 280, 'ties': 0, 'count': 491, 'winrate': 0.4297}","{'current': 1377.0, 'recent': 1379.0, 'mean': 1469.0, 'max': 1641.0}"
443,1533,Triple Strange,USA,NC,fnc,2005,True,2026,"{'wins': 448, 'losses': 286, 'ties': 0, 'count': 734, 'winrate': 0.6104}","{'current': 1578.0, 'recent': 1619.0, 'mean': 1599.0, 'max': 1750.0}"
444,1538,The Holy Cows,USA,CA,ca,2005,True,2026,"{'wins': 465, 'losses': 258, 'ties': 1, 'count': 724, 'winrate': 0.643}","{'current': 1655.0, 'recent': 1684.0, 'mean': 1681.0, 'max': 1878.0}"
445,1540,Flaming Chickens,USA,OR,pnw,2005,True,2026,"{'wins': 558, 'losses': 341, 'ties': 0, 'count': 899, 'winrate': 0.6207}","{'current': 1778.0, 'recent': 1676.0, 'mean': 1648.0, 'max': 1787.0}"
446,1546,"Chaos, Inc.",USA,NY,,2005,True,2026,"{'wins': 101, 'losses': 111, 'ties': 0, 'count': 212, 'winrate': 0.4764}","{'current': 1481.0, 'recent': 1472.0, 'mean': 1482.0, 'max': 1540.0}"
447,1554,Oceanside Kraken,USA,NY,,2005,True,2026,"{'wins': 73, 'losses': 119, 'ties': 0, 'count': 192, 'winrate': 0.3802}","{'current': 1508.0, 'recent': 1493.0, 'mean': 1467.0, 'max': 1544.0}"
448,1555,CryoFrost,USA,IN,fin,2005,True,2026,"{'wins': 117, 'losses': 187, 'ties': 0, 'count': 304, 'winrate': 0.3849}","{'current': 1498.0, 'recent': 1485.0, 'mean': 1457.0, 'max': 1531.0}"
449,1557,12 Volt Bolt,USA,FL,,2005,True,2026,"{'wins': 98, 'losses': 122, 'ties': 0, 'count': 220, 'winrate': 0.4455}","{'current': 1446.0, 'recent': 1436.0, 'mean': 1487.0, 'max': 1571.0}"
450,1559,Devil Tech,USA,NY,,2005,True,2026,"{'wins': 252, 'losses': 228, 'ties': 0, 'count': 480, 'winrate': 0.525}","{'current': 1534.0, 'recent': 1540.0, 'mean': 1576.0, 'max': 1715.0}"
451,1561,Roboducks,USA,OK,,2005,True,2026,"{'wins': 199, 'losses': 154, 'ties': 0, 'count': 353, 'winrate': 0.5637}","{'current': 1594.0, 'recent': 1610.0, 'mean': 1546.0, 'max': 1644.0}"
452,1566,AMMOKNIGHTS,USA,ID,,2005,True,2026,"{'wins': 113, 'losses': 149, 'ties': 0, 'count': 262, 'winrate': 0.4313}","{'current': 1410.0, 'recent': 1426.0, 'mean': 1465.0, 'max': 1538.0}"
453,1569,Haywire Robotics,USA,ID,,2005,True,2026,"{'wins': 160, 'losses': 156, 'ties': 0, 'count': 316, 'winrate': 0.5063}","{'current': 1500.0, 'recent': 1532.0, 'mean': 1543.0, 'max': 1706.0}"
454,1574,MisCar,Israel,,isr,2005,True,2026,"{'wins': 444, 'losses': 208, 'ties': 0, 'count': 652, 'winrate': 0.681}","{'current': 1557.0, 'recent': 1658.0, 'mean': 1650.0, 'max': 1848.0}"
455,1576,Voltrix,Israel,,isr,2005,True,2026,"{'wins': 150, 'losses': 194, 'ties': 2, 'count': 346, 'winrate': 0.4364}","{'current': 1478.0, 'recent': 1470.0, 'mean': 1457.0, 'max': 1534.0}"
456,1577,Steampunk,Israel,,isr,2005,True,2026,"{'wins': 410, 'losses': 234, 'ties': 0, 'count': 644, 'winrate': 0.6366}","{'current': 1564.0, 'recent': 1725.0, 'mean': 1592.0, 'max': 1871.0}"
457,1580,The Blue Monkeys,Israel,,isr,2005,True,2026,"{'wins': 118, 'losses': 190, 'ties': 1, 'count': 309, 'winrate': 0.3835}","{'current': 1402.0, 'recent': 1433.0, 'mean': 1413.0, 'max': 1500.0}"
458,1585,Scitobor Robotics,USA,NY,,2005,True,2026,"{'wins': 68, 'losses': 96, 'ties': 0, 'count': 164, 'winrate': 0.4146}","{'current': 1407.0, 'recent': 1402.0, 'mean': 1449.0, 'max': 1574.0}"
459,1591,Greece Gladiators,USA,NY,,2005,True,2026,"{'wins': 150, 'losses': 130, 'ties': 0, 'count': 280, 'winrate': 0.5357}","{'current': 1536.0, 'recent': 1629.0, 'mean': 1509.0, 'max': 1745.0}"
460,1592,Bionic Tigers,USA,FL,,2005,True,2026,"{'wins': 329, 'losses': 209, 'ties': 1, 'count': 539, 'winrate': 0.6113}","{'current': 1522.0, 'recent': 1524.0, 'mean': 1607.0, 'max': 1756.0}"
461,1595,The Dragons,USA,WA,pnw,2005,True,2026,"{'wins': 336, 'losses': 275, 'ties': 0, 'count': 611, 'winrate': 0.5499}","{'current': 1518.0, 'recent': 1529.0, 'mean': 1536.0, 'max': 1667.0}"
462,1596,The Instigators,USA,MI,fim,2005,True,2026,"{'wins': 329, 'losses': 282, 'ties': 0, 'count': 611, 'winrate': 0.5385}","{'current': 1538.0, 'recent': 1511.0, 'mean': 1556.0, 'max': 1723.0}"
463,1599,CircuiTree,USA,VA,fch,2005,True,2026,"{'wins': 256, 'losses': 225, 'ties': 1, 'count': 482, 'winrate': 0.5322}","{'current': 1535.0, 'recent': 1571.0, 'mean': 1515.0, 'max': 1652.0}"
464,1601,Quantum Samurai,USA,NY,,2005,True,2026,"{'wins': 83, 'losses': 149, 'ties': 0, 'count': 232, 'winrate': 0.3578}","{'current': 1486.0, 'recent': 1440.0, 'mean': 1424.0, 'max': 1493.0}"
465,1619,Up-A-Creek Robotics,USA,CO,,2005,True,2026,"{'wins': 417, 'losses': 142, 'ties': 1, 'count': 560, 'winrate': 0.7455}","{'current': 1623.0, 'recent': 1688.0, 'mean': 1670.0, 'max': 1860.0}"
466,1622,Team Spyder,USA,CA,ca,2005,True,2026,"{'wins': 422, 'losses': 468, 'ties': 0, 'count': 890, 'winrate': 0.4742}","{'current': 1515.0, 'recent': 1540.0, 'mean': 1578.0, 'max': 1762.0}"
467,1625,Winnovation,USA,IL,,2005,True,2026,"{'wins': 470, 'losses': 244, 'ties': 0, 'count': 714, 'winrate': 0.6583}","{'current': 1666.0, 'recent': 1621.0, 'mean': 1683.0, 'max': 1902.0}"
468,1626,Falcon Robotics,USA,NJ,fma,2005,True,2026,"{'wins': 308, 'losses': 292, 'ties': 0, 'count': 600, 'winrate': 0.5133}","{'current': 1462.0, 'recent': 1504.0, 'mean': 1567.0, 'max': 1730.0}"
469,1629,Garrett Coalition (GaCo),USA,MD,fch,2005,True,2026,"{'wins': 525, 'losses': 290, 'ties': 0, 'count': 815, 'winrate': 0.6442}","{'current': 1652.0, 'recent': 1643.0, 'mean': 1649.0, 'max': 1804.0}"
470,1635,TECHNOTICS,USA,NY,,2005,True,2026,"{'wins': 91, 'losses': 71, 'ties': 0, 'count': 162, 'winrate': 0.5617}","{'current': 1450.0, 'recent': 1450.0, 'mean': 1502.0, 'max': 1634.0}"
471,1640,Sab-BOT-age,USA,PA,fma,2005,True,2026,"{'wins': 535, 'losses': 380, 'ties': 0, 'count': 915, 'winrate': 0.5847}","{'current': 1580.0, 'recent': 1619.0, 'mean': 1612.0, 'max': 1742.0}"
472,1646,Precision Guessworks,USA,IN,fin,2005,True,2026,"{'wins': 242, 'losses': 339, 'ties': 0, 'count': 581, 'winrate': 0.4165}","{'current': 1555.0, 'recent': 1536.0, 'mean': 1533.0, 'max': 1628.0}"
473,1647,Iron Devils,USA,NJ,fma,2005,True,2026,"{'wins': 277, 'losses': 286, 'ties': 0, 'count': 563, 'winrate': 0.492}","{'current': 1466.0, 'recent': 1466.0, 'mean': 1516.0, 'max': 1664.0}"
474,1648,G3 Robotics,USA,GA,pch,2005,True,2026,"{'wins': 361, 'losses': 286, 'ties': 0, 'count': 647, 'winrate': 0.558}","{'current': 1561.0, 'recent': 1541.0, 'mean': 1533.0, 'max': 1730.0}"
475,1661,Griffitrons,USA,CA,ca,2005,True,2026,"{'wins': 199, 'losses': 237, 'ties': 0, 'count': 436, 'winrate': 0.4564}","{'current': 1461.0, 'recent': 1491.0, 'mean': 1485.0, 'max': 1712.0}"
476,1671,Buchanan Bird Brains,USA,CA,ca,2005,True,2026,"{'wins': 309, 'losses': 259, 'ties': 0, 'count': 568, 'winrate': 0.544}","{'current': 1536.0, 'recent': 1599.0, 'mean': 1574.0, 'max': 1759.0}"
477,1672,Robo T-Birds,USA,NJ,fma,2005,True,2026,"{'wins': 193, 'losses': 249, 'ties': 1, 'count': 443, 'winrate': 0.4368}","{'current': 1451.0, 'recent': 1480.0, 'mean': 1471.0, 'max': 1541.0}"
478,1675,UPS (Ultimate Protection Squad),USA,WI,win,2005,True,2026,"{'wins': 249, 'losses': 286, 'ties': 0, 'count': 535, 'winrate': 0.4654}","{'current': 1525.0, 'recent': 1539.0, 'mean': 1552.0, 'max': 1653.0}"
479,1676,The Pascack PI-oneers,USA,NJ,fma,2005,True,2026,"{'wins': 625, 'losses': 383, 'ties': 2, 'count': 1010, 'winrate': 0.6198}","{'current': 1590.0, 'recent': 1664.0, 'mean': 1639.0, 'max': 1814.0}"
480,1678,Citrus Circuits,USA,CA,ca,2005,True,2026,"{'wins': 723, 'losses': 142, 'ties': 0, 'count': 865, 'winrate': 0.8358}","{'current': 2057.0, 'recent': 1962.0, 'mean': 1817.0, 'max': 2057.0}"
481,1683,Techno Titans,USA,GA,pch,2005,True,2026,"{'wins': 387, 'losses': 269, 'ties': 1, 'count': 657, 'winrate': 0.5898}","{'current': 1604.0, 'recent': 1665.0, 'mean': 1571.0, 'max': 1734.0}"
482,1684,The Chimeras,USA,MI,fim,2005,True,2026,"{'wins': 464, 'losses': 383, 'ties': 0, 'count': 847, 'winrate': 0.5478}","{'current': 1591.0, 'recent': 1647.0, 'mean': 1594.0, 'max': 1771.0}"
483,1690,Orbit,Israel,,isr,2005,True,2026,"{'wins': 523, 'losses': 166, 'ties': 0, 'count': 689, 'winrate': 0.7591}","{'current': 1675.0, 'recent': 1848.0, 'mean': 1704.0, 'max': 1944.0}"
484,1699,Robocats,USA,CT,ne,2005,True,2026,"{'wins': 296, 'losses': 262, 'ties': 0, 'count': 558, 'winrate': 0.5305}","{'current': 1663.0, 'recent': 1647.0, 'mean': 1548.0, 'max': 1741.0}"
485,1700,Gatorbotics,USA,CA,ca,2005,True,2026,"{'wins': 234, 'losses': 289, 'ties': 0, 'count': 523, 'winrate': 0.4474}","{'current': 1482.0, 'recent': 1513.0, 'mean': 1502.0, 'max': 1591.0}"
486,1701,Robocubs,USA,MI,fim,2005,True,2026,"{'wins': 465, 'losses': 376, 'ties': 1, 'count': 842, 'winrate': 0.5529}","{'current': 1731.0, 'recent': 1723.0, 'mean': 1589.0, 'max': 1755.0}"
487,1706,Ratchet Rockers,USA,MO,,2005,True,2026,"{'wins': 387, 'losses': 185, 'ties': 1, 'count': 573, 'winrate': 0.6763}","{'current': 1809.0, 'recent': 1801.0, 'mean': 1614.0, 'max': 1871.0}"
488,1708,AMP'D Robotics,USA,PA,,2005,True,2026,"{'wins': 185, 'losses': 219, 'ties': 0, 'count': 404, 'winrate': 0.4579}","{'current': 1534.0, 'recent': 1534.0, 'mean': 1516.0, 'max': 1669.0}"
489,1710,The Ravonics Revolution,USA,KS,,2006,True,2026,"{'wins': 283, 'losses': 225, 'ties': 0, 'count': 508, 'winrate': 0.5571}","{'current': 1627.0, 'recent': 1630.0, 'mean': 1565.0, 'max': 1665.0}"
490,1711,RAPTORS,USA,MI,fim,2006,True,2026,"{'wins': 325, 'losses': 317, 'ties': 1, 'count': 643, 'winrate': 0.5062}","{'current': 1530.0, 'recent': 1559.0, 'mean': 1551.0, 'max': 1749.0}"
491,1712,Dawgma,USA,PA,fma,2006,True,2026,"{'wins': 308, 'losses': 296, 'ties': 1, 'count': 605, 'winrate': 0.5099}","{'current': 1493.0, 'recent': 1508.0, 'mean': 1558.0, 'max': 1708.0}"
492,1714,MORE Robotics,USA,WI,win,2006,True,2026,"{'wins': 320, 'losses': 233, 'ties': 0, 'count': 553, 'winrate': 0.5787}","{'current': 1667.0, 'recent': 1611.0, 'mean': 1597.0, 'max': 1764.0}"
493,1716,Redbird Robotics,USA,WI,win,2006,True,2026,"{'wins': 98, 'losses': 160, 'ties': 0, 'count': 258, 'winrate': 0.3798}","{'current': 1462.0, 'recent': 1457.0, 'mean': 1463.0, 'max': 1577.0}"
494,1718,The Fighting Pi,USA,MI,fim,2006,True,2026,"{'wins': 632, 'losses': 316, 'ties': 0, 'count': 948, 'winrate': 0.6667}","{'current': 1479.0, 'recent': 1653.0, 'mean': 1708.0, 'max': 1896.0}"
495,1719,The Umbrella Corporation,USA,MD,fch,2006,True,2026,"{'wins': 203, 'losses': 256, 'ties': 0, 'count': 459, 'winrate': 0.4423}","{'current': 1453.0, 'recent': 1464.0, 'mean': 1486.0, 'max': 1599.0}"
496,1720,PhyXTGears,USA,IN,fin,2006,True,2026,"{'wins': 288, 'losses': 271, 'ties': 0, 'count': 559, 'winrate': 0.5152}","{'current': 1570.0, 'recent': 1542.0, 'mean': 1558.0, 'max': 1806.0}"
497,1721,Tidal Force,USA,NH,ne,2006,True,2026,"{'wins': 174, 'losses': 218, 'ties': 1, 'count': 393, 'winrate': 0.444}","{'current': 1436.0, 'recent': 1484.0, 'mean': 1478.0, 'max': 1631.0}"
498,1723,The FBI - FIRST Bots of Independence,USA,MO,,2006,True,2026,"{'wins': 208, 'losses': 261, 'ties': 0, 'count': 469, 'winrate': 0.4435}","{'current': 1477.0, 'recent': 1480.0, 'mean': 1513.0, 'max': 1743.0}"
499,1726,N.E.R.D.S. (Nifty Engineering Robotics Design Squad),USA,AZ,,2006,True,2026,"{'wins': 274, 'losses': 175, 'ties': 0, 'count': 449, 'winrate': 0.6102}","{'current': 1482.0, 'recent': 1490.0, 'mean': 1577.0, 'max': 1769.0}"
500,1727,REX,USA,MD,fch,2006,True,2026,"{'wins': 322, 'losses': 232, 'ties': 1, 'count': 555, 'winrate': 0.5811}","{'current': 1646.0, 'recent': 1666.0, 'mean': 1590.0, 'max': 1804.0}"
501,1729,Team Inconceivable!,USA,NH,ne,2006,True,2026,"{'wins': 249, 'losses': 264, 'ties': 1, 'count': 514, 'winrate': 0.4854}","{'current': 1567.0, 'recent': 1555.0, 'mean': 1517.0, 'max': 1643.0}"
502,1730,Team Driven,USA,MO,,2006,True,2026,"{'wins': 464, 'losses': 213, 'ties': 0, 'count': 677, 'winrate': 0.6854}","{'current': 1581.0, 'recent': 1626.0, 'mean': 1654.0, 'max': 1770.0}"
503,1731,Fresta Valley Robotics Club,USA,VA,fch,2006,True,2026,"{'wins': 478, 'losses': 236, 'ties': 2, 'count': 716, 'winrate': 0.669}","{'current': 1666.0, 'recent': 1716.0, 'mean': 1655.0, 'max': 1819.0}"
504,1732,Hilltopper Robotics,USA,WI,win,2006,True,2026,"{'wins': 512, 'losses': 264, 'ties': 0, 'count': 776, 'winrate': 0.6598}","{'current': 1733.0, 'recent': 1732.0, 'mean': 1685.0, 'max': 1780.0}"
505,1735,Green Reapers,USA,MA,ne,2006,True,2026,"{'wins': 236, 'losses': 257, 'ties': 1, 'count': 494, 'winrate': 0.4787}","{'current': 1530.0, 'recent': 1534.0, 'mean': 1531.0, 'max': 1633.0}"
506,1736,Robot Casserole,USA,IL,,2006,True,2026,"{'wins': 248, 'losses': 180, 'ties': 0, 'count': 428, 'winrate': 0.5794}","{'current': 1498.0, 'recent': 1588.0, 'mean': 1610.0, 'max': 1747.0}"
507,1739,Chicago Knights Robotics,USA,IL,,2006,True,2026,"{'wins': 144, 'losses': 237, 'ties': 0, 'count': 381, 'winrate': 0.378}","{'current': 1395.0, 'recent': 1389.0, 'mean': 1437.0, 'max': 1536.0}"
508,1740,Cyber Colonels,USA,CT,ne,2006,True,2026,"{'wins': 194, 'losses': 226, 'ties': 1, 'count': 421, 'winrate': 0.462}","{'current': 1590.0, 'recent': 1607.0, 'mean': 1512.0, 'max': 1638.0}"
509,1741,Red Alert,USA,IN,fin,2006,True,2026,"{'wins': 420, 'losses': 353, 'ties': 0, 'count': 773, 'winrate': 0.5433}","{'current': 1526.0, 'recent': 1587.0, 'mean': 1597.0, 'max': 1754.0}"
510,1744,Robo-Rays Robotics,USA,FL,,2006,True,2026,"{'wins': 109, 'losses': 117, 'ties': 0, 'count': 226, 'winrate': 0.4823}","{'current': 1492.0, 'recent': 1434.0, 'mean': 1474.0, 'max': 1598.0}"
511,1745,The P-51 Mustangs,USA,TX,fit,2006,True,2026,"{'wins': 230, 'losses': 217, 'ties': 0, 'count': 447, 'winrate': 0.5145}","{'current': 1516.0, 'recent': 1541.0, 'mean': 1509.0, 'max': 1675.0}"
512,1746,Team OTTO,USA,GA,pch,2006,True,2026,"{'wins': 386, 'losses': 265, 'ties': 0, 'count': 651, 'winrate': 0.5929}","{'current': 1529.0, 'recent': 1561.0, 'mean': 1585.0, 'max': 1760.0}"
513,1747,Harrison Boiler Robotics,USA,IN,fin,2006,True,2026,"{'wins': 445, 'losses': 359, 'ties': 0, 'count': 804, 'winrate': 0.5535}","{'current': 1509.0, 'recent': 1566.0, 'mean': 1584.0, 'max': 1740.0}"
514,1756,Argos,USA,IL,,2006,True,2026,"{'wins': 421, 'losses': 202, 'ties': 0, 'count': 623, 'winrate': 0.6758}","{'current': 1698.0, 'recent': 1772.0, 'mean': 1669.0, 'max': 1880.0}"
515,1757,Wolverines,USA,MA,ne,2006,True,2026,"{'wins': 228, 'losses': 230, 'ties': 0, 'count': 458, 'winrate': 0.4978}","{'current': 1552.0, 'recent': 1610.0, 'mean': 1532.0, 'max': 1715.0}"
516,1758,Technomancers,USA,SC,fsc,2006,True,2026,"{'wins': 254, 'losses': 219, 'ties': 0, 'count': 473, 'winrate': 0.537}","{'current': 1526.0, 'recent': 1493.0, 'mean': 1503.0, 'max': 1576.0}"
517,1759,Potatoes,USA,CA,ca,2006,True,2026,"{'wins': 56, 'losses': 118, 'ties': 0, 'count': 174, 'winrate': 0.3218}","{'current': 1454.0, 'recent': 1368.0, 'mean': 1436.0, 'max': 1647.0}"
518,1761,STEAMpunk Tigers,USA,MA,ne,2006,True,2026,"{'wins': 143, 'losses': 214, 'ties': 1, 'count': 358, 'winrate': 0.4008}","{'current': 1459.0, 'recent': 1416.0, 'mean': 1472.0, 'max': 1587.0}"
519,1763,Paséliens,USA,MO,,2006,True,2026,"{'wins': 106, 'losses': 163, 'ties': 0, 'count': 269, 'winrate': 0.3941}","{'current': 1433.0, 'recent': 1466.0, 'mean': 1476.0, 'max': 1605.0}"
520,1764,Liberty Robotics,USA,MO,,2006,True,2026,"{'wins': 196, 'losses': 242, 'ties': 0, 'count': 438, 'winrate': 0.4475}","{'current': 1405.0, 'recent': 1516.0, 'mean': 1502.0, 'max': 1613.0}"
521,1768,Nashoba Robotics,USA,MA,ne,2006,True,2026,"{'wins': 445, 'losses': 287, 'ties': 1, 'count': 733, 'winrate': 0.6078}","{'current': 1781.0, 'recent': 1722.0, 'mean': 1600.0, 'max': 1781.0}"
522,1769,Digital Hawks,USA,KS,,2006,True,2026,"{'wins': 151, 'losses': 183, 'ties': 1, 'count': 335, 'winrate': 0.4522}","{'current': 1455.0, 'recent': 1513.0, 'mean': 1499.0, 'max': 1587.0}"
523,1771,North Gwinnett Robotics,USA,GA,pch,2006,True,2026,"{'wins': 496, 'losses': 185, 'ties': 0, 'count': 681, 'winrate': 0.7283}","{'current': 1710.0, 'recent': 1790.0, 'mean': 1677.0, 'max': 1888.0}"
524,1772,The Brazilian Trail Blazers,Brazil,,,2006,True,2026,"{'wins': 218, 'losses': 173, 'ties': 0, 'count': 391, 'winrate': 0.5575}","{'current': 1511.0, 'recent': 1488.0, 'mean': 1568.0, 'max': 1725.0}"
525,1775,Tigerbytes,USA,MO,,2006,True,2026,"{'wins': 197, 'losses': 190, 'ties': 0, 'count': 387, 'winrate': 0.509}","{'current': 1454.0, 'recent': 1454.0, 'mean': 1549.0, 'max': 1763.0}"
526,1778,Chill Out,USA,WA,pnw,2006,True,2026,"{'wins': 356, 'losses': 268, 'ties': 0, 'count': 624, 'winrate': 0.5705}","{'current': 1663.0, 'recent': 1696.0, 'mean': 1555.0, 'max': 1841.0}"
527,1781,Lindblom Electric Eagles,USA,IL,,2006,True,2026,"{'wins': 251, 'losses': 247, 'ties': 0, 'count': 498, 'winrate': 0.504}","{'current': 1521.0, 'recent': 1596.0, 'mean': 1551.0, 'max': 1645.0}"
528,1785,Blue Springs Robocats,USA,MO,,2006,True,2026,"{'wins': 195, 'losses': 231, 'ties': 0, 'count': 426, 'winrate': 0.4577}","{'current': 1387.0, 'recent': 1526.0, 'mean': 1487.0, 'max': 1609.0}"
529,1787,The Flying Circuits,USA,OH,,2006,True,2026,"{'wins': 220, 'losses': 141, 'ties': 1, 'count': 362, 'winrate': 0.6091}","{'current': 1699.0, 'recent': 1708.0, 'mean': 1569.0, 'max': 1749.0}"
530,1792,Round Table Robotics,USA,WI,win,2006,True,2026,"{'wins': 163, 'losses': 140, 'ties': 1, 'count': 304, 'winrate': 0.5378}","{'current': 1648.0, 'recent': 1576.0, 'mean': 1560.0, 'max': 1648.0}"
531,1793,The Aviators,USA,VA,fch,2006,True,2026,"{'wins': 163, 'losses': 211, 'ties': 1, 'count': 375, 'winrate': 0.436}","{'current': 1422.0, 'recent': 1441.0, 'mean': 1458.0, 'max': 1539.0}"
532,1795,Carver Clutch,USA,GA,pch,2006,True,2026,"{'wins': 145, 'losses': 209, 'ties': 0, 'count': 354, 'winrate': 0.4096}","{'current': 1367.0, 'recent': 1415.0, 'mean': 1460.0, 'max': 1655.0}"
533,1796,RoboTigers,USA,NY,,2006,True,2026,"{'wins': 454, 'losses': 174, 'ties': 0, 'count': 628, 'winrate': 0.7229}","{'current': 1751.0, 'recent': 1769.0, 'mean': 1651.0, 'max': 1890.0}"
534,1799,Wired-Up!,USA,CO,,2006,True,2026,"{'wins': 71, 'losses': 120, 'ties': 0, 'count': 191, 'winrate': 0.3717}","{'current': 1437.0, 'recent': 1450.0, 'mean': 1431.0, 'max': 1505.0}"
535,1802,Team Stealth,USA,KS,,2006,True,2026,"{'wins': 109, 'losses': 120, 'ties': 0, 'count': 229, 'winrate': 0.476}","{'current': 1524.0, 'recent': 1509.0, 'mean': 1496.0, 'max': 1604.0}"
536,1803,Vikings,USA,NY,,2006,True,2026,"{'wins': 90, 'losses': 119, 'ties': 0, 'count': 209, 'winrate': 0.4306}","{'current': 1463.0, 'recent': 1442.0, 'mean': 1479.0, 'max': 1587.0}"
537,1806,S.W.A.T.,USA,MO,,2006,True,2026,"{'wins': 365, 'losses': 239, 'ties': 0, 'count': 604, 'winrate': 0.6043}","{'current': 1389.0, 'recent': 1475.0, 'mean': 1614.0, 'max': 1790.0}"
538,1807,Redbird Robotics,USA,NJ,fma,2006,True,2026,"{'wins': 432, 'losses': 279, 'ties': 0, 'count': 711, 'winrate': 0.6076}","{'current': 1517.0, 'recent': 1655.0, 'mean': 1579.0, 'max': 1797.0}"
539,1810,CATATRONICS,USA,KS,,2006,True,2026,"{'wins': 195, 'losses': 198, 'ties': 0, 'count': 393, 'winrate': 0.4962}","{'current': 1634.0, 'recent': 1549.0, 'mean': 1545.0, 'max': 1664.0}"
540,1811,FRESH,USA,NJ,fma,2006,True,2026,"{'wins': 246, 'losses': 307, 'ties': 0, 'count': 553, 'winrate': 0.4448}","{'current': 1462.0, 'recent': 1521.0, 'mean': 1493.0, 'max': 1579.0}"
541,1816,"""The Green Machine""",USA,MN,,2006,True,2026,"{'wins': 338, 'losses': 228, 'ties': 0, 'count': 566, 'winrate': 0.5972}","{'current': 1499.0, 'recent': 1586.0, 'mean': 1594.0, 'max': 1727.0}"
542,1818,Team Talos,USA,LA,,2006,True,2026,"{'wins': 91, 'losses': 128, 'ties': 0, 'count': 219, 'winrate': 0.4155}","{'current': 1482.0, 'recent': 1449.0, 'mean': 1441.0, 'max': 1489.0}"
543,1819,The Quacken,USA,OK,,2005,True,2026,"{'wins': 27, 'losses': 29, 'ties': 0, 'count': 56, 'winrate': 0.4821}","{'current': 1482.0, 'recent': 1501.0, 'mean': 1501.0, 'max': 1539.0}"
544,1822,Electric Calamari,USA,CO,,2006,True,2026,"{'wins': 6, 'losses': 15, 'ties': 0, 'count': 21, 'winrate': 0.2857}","{'current': 1488.0, 'recent': 1508.0, 'mean': 1508.0, 'max': 1550.0}"
545,1825,The Cyborgs,USA,MO,,2006,True,2026,"{'wins': 162, 'losses': 132, 'ties': 0, 'count': 294, 'winrate': 0.551}","{'current': 1475.0, 'recent': 1567.0, 'mean': 1545.0, 'max': 1674.0}"
546,1827,THE HIVE,USA,MO,,2006,True,2026,"{'wins': 74, 'losses': 127, 'ties': 0, 'count': 201, 'winrate': 0.3682}","{'current': 1441.0, 'recent': 1449.0, 'mean': 1423.0, 'max': 1504.0}"
547,1828,BoxerBots,USA,AZ,,2006,True,2026,"{'wins': 149, 'losses': 215, 'ties': 0, 'count': 364, 'winrate': 0.4093}","{'current': 1472.0, 'recent': 1469.0, 'mean': 1494.0, 'max': 1624.0}"
548,1832,Duck Tape,USA,OK,,2005,True,2026,"{'wins': 9, 'losses': 14, 'ties': 0, 'count': 23, 'winrate': 0.3913}","{'current': 1482.0, 'recent': 1476.0, 'mean': 1476.0, 'max': 1482.0}"
549,1833,Team BEAN,USA,GA,pch,2006,True,2026,"{'wins': 86, 'losses': 11, 'ties': 2, 'count': 99, 'winrate': 0.8788}","{'current': 1876.0, 'recent': 1797.0, 'mean': 1797.0, 'max': 1876.0}"
550,1836,The MilkenKnights,USA,CA,ca,2006,True,2026,"{'wins': 212, 'losses': 219, 'ties': 0, 'count': 431, 'winrate': 0.4919}","{'current': 1488.0, 'recent': 1525.0, 'mean': 1524.0, 'max': 1646.0}"
551,1847,WRATH,USA,KS,,2006,True,2026,"{'wins': 119, 'losses': 161, 'ties': 0, 'count': 280, 'winrate': 0.425}","{'current': 1505.0, 'recent': 1495.0, 'mean': 1464.0, 'max': 1566.0}"
552,1854,The Chomp Bots,USA,CA,ca,2005,True,2026,"{'wins': 14, 'losses': 16, 'ties': 0, 'count': 30, 'winrate': 0.4667}","{'current': 1513.0, 'recent': 1513.0, 'mean': 1513.0, 'max': 1513.0}"
553,1857,Citrus Sparks,USA,CA,ca,2005,True,2026,"{'wins': 16, 'losses': 15, 'ties': 0, 'count': 31, 'winrate': 0.5161}","{'current': 1552.0, 'recent': 1552.0, 'mean': 1552.0, 'max': 1552.0}"
554,1860,Alphabots,Brazil,,,2006,True,2026,"{'wins': 174, 'losses': 149, 'ties': 0, 'count': 323, 'winrate': 0.5387}","{'current': 1555.0, 'recent': 1553.0, 'mean': 1540.0, 'max': 1596.0}"
555,1868,Space Cookies,USA,CA,ca,2006,True,2026,"{'wins': 352, 'losses': 294, 'ties': 0, 'count': 646, 'winrate': 0.5449}","{'current': 1698.0, 'recent': 1610.0, 'mean': 1581.0, 'max': 1715.0}"
556,1880,Warriors of East Harlem,USA,NY,,2006,True,2026,"{'wins': 150, 'losses': 181, 'ties': 0, 'count': 331, 'winrate': 0.4532}","{'current': 1548.0, 'recent': 1517.0, 'mean': 1466.0, 'max': 1633.0}"
557,1884,Griffins,United Kingdom,,,2006,True,2026,"{'wins': 131, 'losses': 120, 'ties': 0, 'count': 251, 'winrate': 0.5219}","{'current': 1455.0, 'recent': 1489.0, 'mean': 1498.0, 'max': 1605.0}"
558,1885,Comet Robotics,USA,VA,fch,2006,True,2026,"{'wins': 405, 'losses': 302, 'ties': 1, 'count': 708, 'winrate': 0.5727}","{'current': 1503.0, 'recent': 1520.0, 'mean': 1587.0, 'max': 1849.0}"
559,1891,Bullbots,USA,ID,,2006,True,2026,"{'wins': 196, 'losses': 194, 'ties': 0, 'count': 390, 'winrate': 0.5026}","{'current': 1479.0, 'recent': 1526.0, 'mean': 1520.0, 'max': 1579.0}"
560,1895,Lambda Corps,USA,VA,fch,2006,True,2026,"{'wins': 268, 'losses': 246, 'ties': 0, 'count': 514, 'winrate': 0.5214}","{'current': 1538.0, 'recent': 1538.0, 'mean': 1525.0, 'max': 1638.0}"
561,1899,Saints Robotics,USA,WA,pnw,2006,True,2026,"{'wins': 250, 'losses': 271, 'ties': 0, 'count': 521, 'winrate': 0.4798}","{'current': 1516.0, 'recent': 1567.0, 'mean': 1517.0, 'max': 1711.0}"
562,1902,Exploding Bacon,USA,FL,,2006,True,2026,"{'wins': 343, 'losses': 301, 'ties': 0, 'count': 644, 'winrate': 0.5326}","{'current': 1519.0, 'recent': 1562.0, 'mean': 1594.0, 'max': 1679.0}"
563,1908,ShoreBots,USA,VA,fch,2006,True,2026,"{'wins': 195, 'losses': 208, 'ties': 0, 'count': 403, 'winrate': 0.4839}","{'current': 1614.0, 'recent': 1570.0, 'mean': 1492.0, 'max': 1614.0}"
564,1912,Team Combustion,USA,LA,,2006,True,2026,"{'wins': 213, 'losses': 223, 'ties': 0, 'count': 436, 'winrate': 0.4885}","{'current': 1553.0, 'recent': 1545.0, 'mean': 1545.0, 'max': 1645.0}"
565,1915,Firebird Robotics,USA,DC,fch,2006,True,2026,"{'wins': 128, 'losses': 215, 'ties': 1, 'count': 344, 'winrate': 0.3735}","{'current': 1425.0, 'recent': 1455.0, 'mean': 1452.0, 'max': 1636.0}"
566,1918,NC GEARS,USA,MI,fim,2006,True,2026,"{'wins': 666, 'losses': 308, 'ties': 0, 'count': 974, 'winrate': 0.6838}","{'current': 1701.0, 'recent': 1649.0, 'mean': 1710.0, 'max': 1880.0}"
567,1922,Oz-Ram,USA,NH,ne,2006,True,2026,"{'wins': 279, 'losses': 287, 'ties': 0, 'count': 566, 'winrate': 0.4929}","{'current': 1644.0, 'recent': 1594.0, 'mean': 1554.0, 'max': 1761.0}"
568,1923,The MidKnight Inventors,USA,NJ,fma,2006,True,2026,"{'wins': 482, 'losses': 312, 'ties': 1, 'count': 795, 'winrate': 0.6069}","{'current': 1542.0, 'recent': 1645.0, 'mean': 1613.0, 'max': 1749.0}"
569,1927,Tempest,USA,MS,,2006,True,2026,"{'wins': 114, 'losses': 127, 'ties': 0, 'count': 241, 'winrate': 0.473}","{'current': 1473.0, 'recent': 1461.0, 'mean': 1509.0, 'max': 1665.0}"
570,1937,Elysium,Israel,,isr,2006,True,2026,"{'wins': 247, 'losses': 216, 'ties': 0, 'count': 463, 'winrate': 0.5335}","{'current': 1524.0, 'recent': 1535.0, 'mean': 1512.0, 'max': 1641.0}"
571,1939,THE KUHNIGHTS,USA,MO,,2006,True,2026,"{'wins': 296, 'losses': 236, 'ties': 0, 'count': 532, 'winrate': 0.5564}","{'current': 1575.0, 'recent': 1564.0, 'mean': 1584.0, 'max': 1727.0}"
572,1940,Tech Tigers 1940,USA,MI,fim,2006,True,2026,"{'wins': 176, 'losses': 249, 'ties': 0, 'count': 425, 'winrate': 0.4141}","{'current': 1478.0, 'recent': 1456.0, 'mean': 1469.0, 'max': 1613.0}"
573,1942,Cinderella Tel-Nof,Israel,,isr,2006,True,2026,"{'wins': 201, 'losses': 216, 'ties': 0, 'count': 417, 'winrate': 0.482}","{'current': 1563.0, 'recent': 1577.0, 'mean': 1527.0, 'max': 1689.0}"
574,1943,Neat Team,Israel,,isr,2006,True,2026,"{'wins': 142, 'losses': 214, 'ties': 0, 'count': 356, 'winrate': 0.3989}","{'current': 1442.0, 'recent': 1464.0, 'mean': 1443.0, 'max': 1568.0}"
575,1954,ElectroBunny,Israel,,isr,2006,True,2026,"{'wins': 84, 'losses': 160, 'ties': 2, 'count': 246, 'winrate': 0.3455}","{'current': 1428.0, 'recent': 1418.0, 'mean': 1427.0, 'max': 1501.0}"
576,1967,The Janksters,USA,CA,ca,2006,True,2026,"{'wins': 157, 'losses': 198, 'ties': 0, 'count': 355, 'winrate': 0.4423}","{'current': 1541.0, 'recent': 1548.0, 'mean': 1499.0, 'max': 1579.0}"
577,1972,Searing Engineering,USA,CA,ca,2006,True,2026,"{'wins': 67, 'losses': 123, 'ties': 0, 'count': 190, 'winrate': 0.3526}","{'current': 1367.0, 'recent': 1420.0, 'mean': 1434.0, 'max': 1482.0}"
578,1977,The PowerSquids,USA,CO,,2006,True,2026,"{'wins': 99, 'losses': 115, 'ties': 1, 'count': 215, 'winrate': 0.4628}","{'current': 1503.0, 'recent': 1479.0, 'mean': 1461.0, 'max': 1595.0}"
579,1982,Cougar Robotics,USA,KS,,2007,True,2026,"{'wins': 177, 'losses': 166, 'ties': 0, 'count': 343, 'winrate': 0.516}","{'current': 1432.0, 'recent': 1493.0, 'mean': 1524.0, 'max': 1642.0}"
580,1983,Skunk Works Robotics,USA,WA,pnw,2007,True,2026,"{'wins': 576, 'losses': 325, 'ties': 0, 'count': 901, 'winrate': 0.6393}","{'current': 1464.0, 'recent': 1540.0, 'mean': 1638.0, 'max': 1897.0}"
581,1986,Team Titanium,USA,MO,,2007,True,2026,"{'wins': 588, 'losses': 207, 'ties': 0, 'count': 795, 'winrate': 0.7396}","{'current': 1717.0, 'recent': 1680.0, 'mean': 1761.0, 'max': 2114.0}"
582,1987,Broncobots,USA,MO,,2007,True,2026,"{'wins': 381, 'losses': 191, 'ties': 0, 'count': 572, 'winrate': 0.6661}","{'current': 1828.0, 'recent': 1764.0, 'mean': 1657.0, 'max': 1828.0}"
583,1991,The Dragons,USA,CT,ne,2007,True,2026,"{'wins': 253, 'losses': 316, 'ties': 0, 'count': 569, 'winrate': 0.4446}","{'current': 1491.0, 'recent': 1510.0, 'mean': 1529.0, 'max': 1599.0}"
584,1994,Quixote,USA,KS,,2007,True,2026,"{'wins': 61, 'losses': 130, 'ties': 1, 'count': 192, 'winrate': 0.3203}","{'current': 1384.0, 'recent': 1395.0, 'mean': 1408.0, 'max': 1485.0}"
585,1997,STAGROBOTICS,USA,KS,,2007,True,2026,"{'wins': 161, 'losses': 158, 'ties': 0, 'count': 319, 'winrate': 0.5047}","{'current': 1531.0, 'recent': 1515.0, 'mean': 1528.0, 'max': 1621.0}"
586,2001,HERMES,USA,MO,,2007,True,2026,"{'wins': 64, 'losses': 111, 'ties': 0, 'count': 175, 'winrate': 0.3657}","{'current': 1421.0, 'recent': 1428.0, 'mean': 1409.0, 'max': 1469.0}"
587,2010,The Lightning Bots,USA,OH,,2007,True,2026,"{'wins': 207, 'losses': 198, 'ties': 1, 'count': 406, 'winrate': 0.5111}","{'current': 1491.0, 'recent': 1517.0, 'mean': 1524.0, 'max': 1618.0}"
588,2013,Cybergnomes,Canada,ON,ont,2007,True,2026,"{'wins': 344, 'losses': 316, 'ties': 0, 'count': 660, 'winrate': 0.5212}","{'current': 1450.0, 'recent': 1510.0, 'mean': 1565.0, 'max': 1729.0}"
589,2016,Mighty Monkey Wrenches,USA,NJ,fma,2007,True,2026,"{'wins': 428, 'losses': 346, 'ties': 0, 'count': 774, 'winrate': 0.553}","{'current': 1502.0, 'recent': 1540.0, 'mean': 1590.0, 'max': 1750.0}"
590,2022,Titan Robotics,USA,IL,,2007,True,2026,"{'wins': 206, 'losses': 231, 'ties': 0, 'count': 437, 'winrate': 0.4714}","{'current': 1484.0, 'recent': 1501.0, 'mean': 1508.0, 'max': 1607.0}"
591,2027,Robotic Dragons,USA,NY,,2007,True,2026,"{'wins': 66, 'losses': 110, 'ties': 1, 'count': 177, 'winrate': 0.3757}","{'current': 1440.0, 'recent': 1468.0, 'mean': 1437.0, 'max': 1507.0}"
592,2028,Phantom Robotics,USA,VA,fch,2007,True,2026,"{'wins': 189, 'losses': 229, 'ties': 1, 'count': 419, 'winrate': 0.4523}","{'current': 1571.0, 'recent': 1531.0, 'mean': 1506.0, 'max': 1607.0}"
593,2035,The Rockin' Bots,USA,CA,ca,2007,True,2026,"{'wins': 228, 'losses': 218, 'ties': 0, 'count': 446, 'winrate': 0.5112}","{'current': 1489.0, 'recent': 1485.0, 'mean': 1526.0, 'max': 1621.0}"
594,2036,Boulder Valley Black Knights,USA,CO,,2007,True,2026,"{'wins': 131, 'losses': 136, 'ties': 0, 'count': 267, 'winrate': 0.4906}","{'current': 1536.0, 'recent': 1549.0, 'mean': 1484.0, 'max': 1632.0}"
595,2039,Rockford Robotics,USA,IL,,2007,True,2026,"{'wins': 201, 'losses': 193, 'ties': 0, 'count': 394, 'winrate': 0.5102}","{'current': 1389.0, 'recent': 1484.0, 'mean': 1531.0, 'max': 1667.0}"
596,2040,DERT - Dunlap Eagles Robotics Team,USA,IL,,2007,True,2026,"{'wins': 154, 'losses': 172, 'ties': 0, 'count': 326, 'winrate': 0.4724}","{'current': 1631.0, 'recent': 1551.0, 'mean': 1530.0, 'max': 1649.0}"
597,2046,Bear Metal,USA,WA,pnw,2007,True,2026,"{'wins': 742, 'losses': 290, 'ties': 2, 'count': 1034, 'winrate': 0.7186}","{'current': 1861.0, 'recent': 1813.0, 'mean': 1708.0, 'max': 1865.0}"
598,2048,The Pink Panthers,USA,MI,fim,2007,True,2026,"{'wins': 179, 'losses': 225, 'ties': 0, 'count': 404, 'winrate': 0.4431}","{'current': 1468.0, 'recent': 1426.0, 'mean': 1465.0, 'max': 1560.0}"
599,2052,KnightKrawler,USA,MN,,2007,True,2026,"{'wins': 430, 'losses': 154, 'ties': 0, 'count': 584, 'winrate': 0.7363}","{'current': 1717.0, 'recent': 1705.0, 'mean': 1654.0, 'max': 1796.0}"
600,2053,Southern Tier Robotics,USA,NY,,2007,True,2026,"{'wins': 163, 'losses': 165, 'ties': 0, 'count': 328, 'winrate': 0.497}","{'current': 1601.0, 'recent': 1545.0, 'mean': 1528.0, 'max': 1601.0}"
601,2054,Tech Vikes,USA,MI,fim,2007,True,2026,"{'wins': 701, 'losses': 326, 'ties': 0, 'count': 1027, 'winrate': 0.6826}","{'current': 1681.0, 'recent': 1711.0, 'mean': 1679.0, 'max': 1870.0}"
602,2056,OP Robotics,Canada,ON,ont,2007,True,2026,"{'wins': 896, 'losses': 134, 'ties': 0, 'count': 1030, 'winrate': 0.8699}","{'current': 1925.0, 'recent': 1932.0, 'mean': 1959.0, 'max': 2141.0}"
603,2059,The Hitchhikers,USA,NC,fnc,2007,True,2026,"{'wins': 393, 'losses': 263, 'ties': 1, 'count': 657, 'winrate': 0.5989}","{'current': 1582.0, 'recent': 1566.0, 'mean': 1568.0, 'max': 1786.0}"
604,2062,CORE 2062,USA,WI,win,2007,True,2026,"{'wins': 301, 'losses': 228, 'ties': 0, 'count': 529, 'winrate': 0.569}","{'current': 1588.0, 'recent': 1543.0, 'mean': 1617.0, 'max': 1722.0}"
605,2064,The Panther Project,USA,CT,ne,2007,True,2026,"{'wins': 203, 'losses': 230, 'ties': 0, 'count': 433, 'winrate': 0.4688}","{'current': 1435.0, 'recent': 1484.0, 'mean': 1501.0, 'max': 1647.0}"
606,2067,Apple Pi,USA,CT,ne,2007,True,2026,"{'wins': 429, 'losses': 345, 'ties': 0, 'count': 774, 'winrate': 0.5543}","{'current': 1744.0, 'recent': 1653.0, 'mean': 1621.0, 'max': 1800.0}"
607,2068,Metal Jackets,USA,VA,fch,2007,True,2026,"{'wins': 202, 'losses': 269, 'ties': 0, 'count': 471, 'winrate': 0.4289}","{'current': 1492.0, 'recent': 1473.0, 'mean': 1492.0, 'max': 1579.0}"
608,2073,EagleForce,USA,CA,ca,2007,True,2026,"{'wins': 293, 'losses': 239, 'ties': 1, 'count': 533, 'winrate': 0.5507}","{'current': 1667.0, 'recent': 1644.0, 'mean': 1579.0, 'max': 1689.0}"
609,2075,Enigma Robotics,USA,MI,fim,2007,True,2026,"{'wins': 447, 'losses': 256, 'ties': 0, 'count': 703, 'winrate': 0.6358}","{'current': 1644.0, 'recent': 1746.0, 'mean': 1619.0, 'max': 1824.0}"
610,2077,Laser Robotics,USA,WI,win,2007,True,2026,"{'wins': 146, 'losses': 210, 'ties': 1, 'count': 357, 'winrate': 0.4104}","{'current': 1454.0, 'recent': 1459.0, 'mean': 1490.0, 'max': 1592.0}"
611,2079,4H ALARM Robotics,USA,MA,ne,2007,True,2026,"{'wins': 177, 'losses': 247, 'ties': 1, 'count': 425, 'winrate': 0.4176}","{'current': 1655.0, 'recent': 1533.0, 'mean': 1480.0, 'max': 1655.0}"
612,2080,Torbotics,USA,LA,,2007,True,2026,"{'wins': 188, 'losses': 284, 'ties': 0, 'count': 472, 'winrate': 0.3983}","{'current': 1443.0, 'recent': 1478.0, 'mean': 1477.0, 'max': 1531.0}"
613,2083,Team Blitz,USA,CO,,2007,True,2026,"{'wins': 93, 'losses': 169, 'ties': 0, 'count': 262, 'winrate': 0.355}","{'current': 1460.0, 'recent': 1510.0, 'mean': 1466.0, 'max': 1616.0}"
614,2084,Robots by the C,USA,MA,ne,2007,True,2026,"{'wins': 202, 'losses': 221, 'ties': 0, 'count': 423, 'winrate': 0.4775}","{'current': 1531.0, 'recent': 1500.0, 'mean': 1522.0, 'max': 1646.0}"
615,2095,Direct Current,USA,PA,fma,2007,True,2026,"{'wins': 128, 'losses': 184, 'ties': 0, 'count': 312, 'winrate': 0.4103}","{'current': 1383.0, 'recent': 1449.0, 'mean': 1462.0, 'max': 1562.0}"
616,2096,RoboActive,Israel,,isr,2007,True,2026,"{'wins': 210, 'losses': 185, 'ties': 1, 'count': 396, 'winrate': 0.5316}","{'current': 1537.0, 'recent': 1581.0, 'mean': 1579.0, 'max': 1628.0}"
617,2102,Team Paradox,USA,CA,ca,2007,True,2026,"{'wins': 309, 'losses': 250, 'ties': 0, 'count': 559, 'winrate': 0.5528}","{'current': 1706.0, 'recent': 1612.0, 'mean': 1565.0, 'max': 1706.0}"
618,2106,The Junkyard Dogs,USA,VA,fch,2007,True,2026,"{'wins': 267, 'losses': 185, 'ties': 0, 'count': 452, 'winrate': 0.5907}","{'current': 1748.0, 'recent': 1633.0, 'mean': 1543.0, 'max': 1748.0}"
619,2122,Team Tators,USA,ID,,2007,True,2026,"{'wins': 613, 'losses': 228, 'ties': 0, 'count': 841, 'winrate': 0.7289}","{'current': 1794.0, 'recent': 1716.0, 'mean': 1719.0, 'max': 1877.0}"
620,2129,Ultraviolet,USA,MN,,2007,True,2026,"{'wins': 148, 'losses': 150, 'ties': 1, 'count': 299, 'winrate': 0.4967}","{'current': 1500.0, 'recent': 1611.0, 'mean': 1518.0, 'max': 1724.0}"
621,2130,Alpha+,USA,ID,,2007,True,2026,"{'wins': 158, 'losses': 140, 'ties': 0, 'count': 298, 'winrate': 0.5302}","{'current': 1479.0, 'recent': 1483.0, 'mean': 1553.0, 'max': 1705.0}"
622,2135,Presentation Invasion,USA,CA,ca,2007,True,2026,"{'wins': 199, 'losses': 211, 'ties': 1, 'count': 411, 'winrate': 0.4854}","{'current': 1645.0, 'recent': 1594.0, 'mean': 1504.0, 'max': 1656.0}"
623,2137,The Oxford RoboCats,USA,MI,fim,2007,True,2026,"{'wins': 499, 'losses': 310, 'ties': 0, 'count': 809, 'winrate': 0.6168}","{'current': 1749.0, 'recent': 1640.0, 'mean': 1642.0, 'max': 1849.0}"
624,2141,Spartronics,USA,CA,ca,2007,True,2026,"{'wins': 104, 'losses': 124, 'ties': 0, 'count': 228, 'winrate': 0.4561}","{'current': 1498.0, 'recent': 1446.0, 'mean': 1460.0, 'max': 1541.0}"
625,2143,Team Tobor,USA,WI,win,2007,True,2026,"{'wins': 111, 'losses': 100, 'ties': 0, 'count': 211, 'winrate': 0.5261}","{'current': 1471.0, 'recent': 1538.0, 'mean': 1499.0, 'max': 1595.0}"
626,2145,HAZMATS,USA,MI,fim,2007,True,2026,"{'wins': 301, 'losses': 294, 'ties': 0, 'count': 595, 'winrate': 0.5059}","{'current': 1501.0, 'recent': 1566.0, 'mean': 1542.0, 'max': 1709.0}"
627,2147,CHUCK,USA,WA,pnw,2007,True,2026,"{'wins': 337, 'losses': 302, 'ties': 0, 'count': 639, 'winrate': 0.5274}","{'current': 1540.0, 'recent': 1612.0, 'mean': 1550.0, 'max': 1718.0}"
628,2151,PMSA Monty Pythons,USA,IL,,2007,True,2026,"{'wins': 82, 'losses': 107, 'ties': 0, 'count': 189, 'winrate': 0.4339}","{'current': 1387.0, 'recent': 1425.0, 'mean': 1430.0, 'max': 1501.0}"
629,2152,S*M*A*S*H,USA,FL,,2007,True,2026,"{'wins': 159, 'losses': 160, 'ties': 0, 'count': 319, 'winrate': 0.4984}","{'current': 1437.0, 'recent': 1461.0, 'mean': 1507.0, 'max': 1684.0}"
630,2158,the ausTIN CANs,USA,TX,fit,2007,True,2026,"{'wins': 253, 'losses': 252, 'ties': 0, 'count': 505, 'winrate': 0.501}","{'current': 1518.0, 'recent': 1551.0, 'mean': 1527.0, 'max': 1672.0}"
631,2161,Robocats,USA,NY,,2007,True,2026,"{'wins': 88, 'losses': 121, 'ties': 0, 'count': 209, 'winrate': 0.4211}","{'current': 1446.0, 'recent': 1454.0, 'mean': 1447.0, 'max': 1587.0}"
632,2165,BisonBots,USA,OK,,2007,True,2026,"{'wins': 161, 'losses': 136, 'ties': 0, 'count': 297, 'winrate': 0.5421}","{'current': 1499.0, 'recent': 1529.0, 'mean': 1546.0, 'max': 1660.0}"
633,2168,Aluminum Falcons,USA,CT,ne,2007,True,2026,"{'wins': 463, 'losses': 254, 'ties': 0, 'count': 717, 'winrate': 0.6457}","{'current': 1484.0, 'recent': 1551.0, 'mean': 1616.0, 'max': 1836.0}"
634,2169,KING TeC,USA,MN,,2007,True,2026,"{'wins': 318, 'losses': 233, 'ties': 0, 'count': 551, 'winrate': 0.5771}","{'current': 1392.0, 'recent': 1533.0, 'mean': 1594.0, 'max': 1888.0}"
635,2170,Galvanized Guardians,USA,CT,ne,2007,True,2026,"{'wins': 169, 'losses': 236, 'ties': 0, 'count': 405, 'winrate': 0.4173}","{'current': 1493.0, 'recent': 1494.0, 'mean': 1522.0, 'max': 1620.0}"
636,2171,RoboDogs,USA,IN,fin,2007,True,2026,"{'wins': 194, 'losses': 258, 'ties': 0, 'count': 452, 'winrate': 0.4292}","{'current': 1361.0, 'recent': 1448.0, 'mean': 1494.0, 'max': 1736.0}"
637,2172,Steel Unit-E,USA,OH,,2007,True,2026,"{'wins': 155, 'losses': 179, 'ties': 1, 'count': 335, 'winrate': 0.4642}","{'current': 1523.0, 'recent': 1524.0, 'mean': 1497.0, 'max': 1536.0}"
638,2175,The Fighting Calculators,USA,MN,,2007,True,2026,"{'wins': 223, 'losses': 181, 'ties': 0, 'count': 404, 'winrate': 0.552}","{'current': 1559.0, 'recent': 1532.0, 'mean': 1563.0, 'max': 1775.0}"
639,2177,The Robettes,USA,MN,,2007,True,2026,"{'wins': 205, 'losses': 216, 'ties': 1, 'count': 422, 'winrate': 0.487}","{'current': 1469.0, 'recent': 1479.0, 'mean': 1523.0, 'max': 1618.0}"
640,2180,Zero Gravity,USA,NJ,fma,2007,True,2026,"{'wins': 266, 'losses': 294, 'ties': 0, 'count': 560, 'winrate': 0.475}","{'current': 1414.0, 'recent': 1480.0, 'mean': 1533.0, 'max': 1703.0}"
641,2181,GEARS,USA,MN,,2007,True,2026,"{'wins': 119, 'losses': 112, 'ties': 0, 'count': 231, 'winrate': 0.5152}","{'current': 1532.0, 'recent': 1515.0, 'mean': 1506.0, 'max': 1621.0}"
642,2183,Tigerbots,USA,LA,,2007,True,2026,"{'wins': 158, 'losses': 187, 'ties': 1, 'count': 346, 'winrate': 0.4581}","{'current': 1594.0, 'recent': 1544.0, 'mean': 1495.0, 'max': 1594.0}"
643,2186,Dogs of Steel,USA,VA,fch,2007,True,2026,"{'wins': 174, 'losses': 207, 'ties': 2, 'count': 383, 'winrate': 0.4569}","{'current': 1480.0, 'recent': 1480.0, 'mean': 1450.0, 'max': 1523.0}"
644,2191,Flux Core,USA,NJ,fma,2007,True,2026,"{'wins': 188, 'losses': 256, 'ties': 0, 'count': 444, 'winrate': 0.4234}","{'current': 1454.0, 'recent': 1489.0, 'mean': 1479.0, 'max': 1612.0}"
645,2194,Fondy Fire,USA,WI,win,2007,True,2026,"{'wins': 278, 'losses': 222, 'ties': 0, 'count': 500, 'winrate': 0.556}","{'current': 1645.0, 'recent': 1608.0, 'mean': 1607.0, 'max': 1731.0}"
646,2197,Las Pumas,USA,IN,fin,2007,True,2026,"{'wins': 216, 'losses': 306, 'ties': 1, 'count': 523, 'winrate': 0.414}","{'current': 1424.0, 'recent': 1499.0, 'mean': 1502.0, 'max': 1603.0}"
647,2199,Robo-Lions,USA,MD,fch,2007,True,2026,"{'wins': 322, 'losses': 252, 'ties': 0, 'count': 574, 'winrate': 0.561}","{'current': 1677.0, 'recent': 1607.0, 'mean': 1584.0, 'max': 1770.0}"
648,2200,BCR Blackout,Canada,ON,ont,2007,True,2026,"{'wins': 445, 'losses': 263, 'ties': 0, 'count': 708, 'winrate': 0.6285}","{'current': 1748.0, 'recent': 1734.0, 'mean': 1650.0, 'max': 1862.0}"
649,2202,BEAST Robotics,USA,WI,win,2007,True,2026,"{'wins': 255, 'losses': 183, 'ties': 1, 'count': 439, 'winrate': 0.582}","{'current': 1561.0, 'recent': 1611.0, 'mean': 1574.0, 'max': 1731.0}"
650,2204,Rambots,USA,CA,ca,2007,True,2026,"{'wins': 97, 'losses': 123, 'ties': 1, 'count': 221, 'winrate': 0.4412}","{'current': 1537.0, 'recent': 1496.0, 'mean': 1473.0, 'max': 1559.0}"
651,2207,Bright Bears,USA,MN,,2007,True,2026,"{'wins': 66, 'losses': 88, 'ties': 0, 'count': 154, 'winrate': 0.4286}","{'current': 1502.0, 'recent': 1500.0, 'mean': 1461.0, 'max': 1573.0}"
652,2212,The Spikes,Israel,,isr,2007,True,2026,"{'wins': 178, 'losses': 202, 'ties': 0, 'count': 380, 'winrate': 0.4684}","{'current': 1459.0, 'recent': 1494.0, 'mean': 1474.0, 'max': 1572.0}"
653,2220,Blue Twilight,USA,MN,,2007,True,2026,"{'wins': 240, 'losses': 236, 'ties': 0, 'count': 476, 'winrate': 0.5042}","{'current': 1590.0, 'recent': 1575.0, 'mean': 1539.0, 'max': 1627.0}"
654,2221,FHS Robodawgs,USA,LA,,2007,True,2026,"{'wins': 106, 'losses': 142, 'ties': 0, 'count': 248, 'winrate': 0.4274}","{'current': 1464.0, 'recent': 1441.0, 'mean': 1450.0, 'max': 1494.0}"
655,2224,RoboPhoenix,USA,MI,fim,2007,True,2026,"{'wins': 198, 'losses': 263, 'ties': 0, 'count': 461, 'winrate': 0.4295}","{'current': 1478.0, 'recent': 1496.0, 'mean': 1462.0, 'max': 1553.0}"
656,2225,Rebel Robotics,USA,MN,,2007,True,2026,"{'wins': 88, 'losses': 96, 'ties': 0, 'count': 184, 'winrate': 0.4783}","{'current': 1471.0, 'recent': 1439.0, 'mean': 1484.0, 'max': 1569.0}"
657,2227,Tigers,USA,MN,,2007,True,2026,"{'wins': 131, 'losses': 153, 'ties': 0, 'count': 284, 'winrate': 0.4613}","{'current': 1393.0, 'recent': 1488.0, 'mean': 1481.0, 'max': 1606.0}"
658,2228,CougarTech,USA,NY,,2007,True,2026,"{'wins': 197, 'losses': 203, 'ties': 0, 'count': 400, 'winrate': 0.4925}","{'current': 1596.0, 'recent': 1588.0, 'mean': 1549.0, 'max': 1667.0}"
659,2230,General Angels,Israel,,isr,2007,True,2026,"{'wins': 255, 'losses': 215, 'ties': 0, 'count': 470, 'winrate': 0.5426}","{'current': 1589.0, 'recent': 1601.0, 'mean': 1516.0, 'max': 1790.0}"
660,2231,OnyxTronix,Israel,,isr,2007,True,2026,"{'wins': 321, 'losses': 199, 'ties': 2, 'count': 522, 'winrate': 0.6169}","{'current': 1613.0, 'recent': 1666.0, 'mean': 1562.0, 'max': 1789.0}"
661,2234,Alternating Current,USA,PA,fma,2007,True,2026,"{'wins': 221, 'losses': 310, 'ties': 0, 'count': 531, 'winrate': 0.4162}","{'current': 1450.0, 'recent': 1446.0, 'mean': 1505.0, 'max': 1662.0}"
662,2239,Technocrats,USA,MN,,2007,True,2026,"{'wins': 116, 'losses': 152, 'ties': 1, 'count': 269, 'winrate': 0.4331}","{'current': 1411.0, 'recent': 1507.0, 'mean': 1491.0, 'max': 1613.0}"
663,2240,Brute Force,USA,CO,,2007,True,2026,"{'wins': 192, 'losses': 159, 'ties': 0, 'count': 351, 'winrate': 0.547}","{'current': 1640.0, 'recent': 1606.0, 'mean': 1519.0, 'max': 1661.0}"
664,2252,The Mavericks,USA,OH,,2007,True,2026,"{'wins': 294, 'losses': 227, 'ties': 1, 'count': 522, 'winrate': 0.5642}","{'current': 1704.0, 'recent': 1664.0, 'mean': 1609.0, 'max': 1753.0}"
665,2259,1/4 Twenties,USA,CO,,2007,True,2026,"{'wins': 56, 'losses': 92, 'ties': 0, 'count': 148, 'winrate': 0.3784}","{'current': 1451.0, 'recent': 1446.0, 'mean': 1442.0, 'max': 1583.0}"
666,2261,Casa Robotics,USA,CO,,2007,True,2026,"{'wins': 60, 'losses': 83, 'ties': 0, 'count': 143, 'winrate': 0.4196}","{'current': 1453.0, 'recent': 1438.0, 'mean': 1447.0, 'max': 1520.0}"
667,2262,Robo-Panthers,USA,MA,ne,2007,True,2026,"{'wins': 191, 'losses': 244, 'ties': 1, 'count': 436, 'winrate': 0.4392}","{'current': 1503.0, 'recent': 1503.0, 'mean': 1478.0, 'max': 1566.0}"
668,2264,Trojan Robotics,USA,MN,,2007,True,2026,"{'wins': 118, 'losses': 112, 'ties': 1, 'count': 231, 'winrate': 0.513}","{'current': 1572.0, 'recent': 1575.0, 'mean': 1511.0, 'max': 1629.0}"
669,2265,Fe Maidens,USA,NY,,2007,True,2026,"{'wins': 171, 'losses': 195, 'ties': 0, 'count': 366, 'winrate': 0.4672}","{'current': 1458.0, 'recent': 1449.0, 'mean': 1494.0, 'max': 1618.0}"
670,2283,Panteras,Mexico,,,2007,True,2026,"{'wins': 216, 'losses': 201, 'ties': 0, 'count': 417, 'winrate': 0.518}","{'current': 1566.0, 'recent': 1518.0, 'mean': 1524.0, 'max': 1703.0}"
671,2288,Hydra Robotics,USA,CA,ca,2007,True,2026,"{'wins': 80, 'losses': 75, 'ties': 0, 'count': 155, 'winrate': 0.5161}","{'current': 1451.0, 'recent': 1537.0, 'mean': 1537.0, 'max': 1608.0}"
672,2290,FLYT,USA,IL,,2007,True,2026,"{'wins': 27, 'losses': 25, 'ties': 0, 'count': 52, 'winrate': 0.5192}","{'current': 1534.0, 'recent': 1543.0, 'mean': 1543.0, 'max': 1551.0}"
673,2333,Sapulpa Robotics Team,USA,OK,,2008,True,2026,"{'wins': 159, 'losses': 178, 'ties': 0, 'count': 337, 'winrate': 0.4718}","{'current': 1512.0, 'recent': 1535.0, 'mean': 1512.0, 'max': 1595.0}"
674,2337,EngiNERDs,USA,MI,fim,2008,True,2026,"{'wins': 749, 'losses': 354, 'ties': 0, 'count': 1103, 'winrate': 0.6791}","{'current': 1740.0, 'recent': 1709.0, 'mean': 1704.0, 'max': 1825.0}"
675,2338,Gear It Forward,USA,IL,,2008,True,2026,"{'wins': 364, 'losses': 210, 'ties': 1, 'count': 575, 'winrate': 0.6339}","{'current': 1744.0, 'recent': 1734.0, 'mean': 1663.0, 'max': 1830.0}"
676,2340,Mercy Robotics-Xcentrics,USA,NY,,2008,True,2026,"{'wins': 106, 'losses': 146, 'ties': 0, 'count': 252, 'winrate': 0.4206}","{'current': 1526.0, 'recent': 1449.0, 'mean': 1478.0, 'max': 1551.0}"
677,2341,Sprockets,USA,OK,,2008,True,2026,"{'wins': 237, 'losses': 237, 'ties': 0, 'count': 474, 'winrate': 0.5}","{'current': 1507.0, 'recent': 1533.0, 'mean': 1547.0, 'max': 1653.0}"
678,2342,Team Phoenix,USA,NH,ne,2008,True,2026,"{'wins': 207, 'losses': 249, 'ties': 0, 'count': 456, 'winrate': 0.4539}","{'current': 1569.0, 'recent': 1578.0, 'mean': 1521.0, 'max': 1654.0}"
679,2344,The Saunders Droid Factory,USA,NY,,2008,True,2026,"{'wins': 119, 'losses': 104, 'ties': 0, 'count': 223, 'winrate': 0.5336}","{'current': 1484.0, 'recent': 1501.0, 'mean': 1518.0, 'max': 1611.0}"
680,2345,Kearnage,USA,MO,,2008,True,2026,"{'wins': 123, 'losses': 128, 'ties': 0, 'count': 251, 'winrate': 0.49}","{'current': 1564.0, 'recent': 1483.0, 'mean': 1528.0, 'max': 1655.0}"
681,2347,Trial and Error,USA,NY,,2008,True,2026,"{'wins': 65, 'losses': 107, 'ties': 0, 'count': 172, 'winrate': 0.3779}","{'current': 1437.0, 'recent': 1454.0, 'mean': 1437.0, 'max': 1548.0}"
682,2348,Mechahunes,USA,HI,,2008,True,2026,"{'wins': 82, 'losses': 99, 'ties': 0, 'count': 181, 'winrate': 0.453}","{'current': 1346.0, 'recent': 1398.0, 'mean': 1484.0, 'max': 1634.0}"
683,2352,Metal Mayhem,USA,OK,,2008,True,2026,"{'wins': 199, 'losses': 203, 'ties': 0, 'count': 402, 'winrate': 0.495}","{'current': 1459.0, 'recent': 1529.0, 'mean': 1554.0, 'max': 1647.0}"
684,2357,System Meltdown,USA,MO,,2008,True,2026,"{'wins': 176, 'losses': 161, 'ties': 0, 'count': 337, 'winrate': 0.5223}","{'current': 1652.0, 'recent': 1600.0, 'mean': 1487.0, 'max': 1662.0}"
685,2358,Bearbotics,USA,IL,,2008,True,2026,"{'wins': 170, 'losses': 187, 'ties': 0, 'count': 357, 'winrate': 0.4762}","{'current': 1513.0, 'recent': 1521.0, 'mean': 1549.0, 'max': 1660.0}"
686,2359,RoboLobos,USA,OK,,2008,True,2026,"{'wins': 173, 'losses': 194, 'ties': 0, 'count': 367, 'winrate': 0.4714}","{'current': 1460.0, 'recent': 1484.0, 'mean': 1521.0, 'max': 1678.0}"
687,2363,Triple Helix Robotics,USA,VA,fch,2008,True,2026,"{'wins': 466, 'losses': 215, 'ties': 1, 'count': 682, 'winrate': 0.684}","{'current': 1561.0, 'recent': 1659.0, 'mean': 1625.0, 'max': 1794.0}"
688,2367,Lancer Robotics,USA,CA,ca,2008,True,2026,"{'wins': 131, 'losses': 188, 'ties': 0, 'count': 319, 'winrate': 0.4107}","{'current': 1410.0, 'recent': 1444.0, 'mean': 1470.0, 'max': 1528.0}"
689,2370,IBOTS,USA,VT,ne,2008,True,2026,"{'wins': 354, 'losses': 263, 'ties': 0, 'count': 617, 'winrate': 0.5737}","{'current': 1713.0, 'recent': 1661.0, 'mean': 1565.0, 'max': 1713.0}"
690,2373,The Crickets,USA,OK,,2008,True,2026,"{'wins': 120, 'losses': 124, 'ties': 0, 'count': 244, 'winrate': 0.4918}","{'current': 1645.0, 'recent': 1573.0, 'mean': 1530.0, 'max': 1645.0}"
691,2374,Jesuit Robotics,USA,OR,pnw,2008,True,2026,"{'wins': 212, 'losses': 224, 'ties': 0, 'count': 436, 'winrate': 0.4862}","{'current': 1519.0, 'recent': 1499.0, 'mean': 1524.0, 'max': 1632.0}"
692,2375,Dragon Robotics,USA,AZ,,2008,True,2026,"{'wins': 139, 'losses': 167, 'ties': 0, 'count': 306, 'winrate': 0.4542}","{'current': 1491.0, 'recent': 1464.0, 'mean': 1472.0, 'max': 1548.0}"
693,2377,C Company,USA,MD,fch,2008,True,2026,"{'wins': 308, 'losses': 258, 'ties': 0, 'count': 566, 'winrate': 0.5442}","{'current': 1528.0, 'recent': 1511.0, 'mean': 1582.0, 'max': 1723.0}"
694,2383,Ninjineers,USA,FL,,2008,True,2026,"{'wins': 348, 'losses': 250, 'ties': 0, 'count': 598, 'winrate': 0.5819}","{'current': 1589.0, 'recent': 1607.0, 'mean': 1560.0, 'max': 1663.0}"
695,2386,Trojans,Canada,ON,ont,2008,True,2026,"{'wins': 309, 'losses': 292, 'ties': 0, 'count': 601, 'winrate': 0.5141}","{'current': 1502.0, 'recent': 1539.0, 'mean': 1569.0, 'max': 1678.0}"
696,2393,Robotichauns,USA,TN,,2008,True,2026,"{'wins': 164, 'losses': 152, 'ties': 0, 'count': 316, 'winrate': 0.519}","{'current': 1599.0, 'recent': 1568.0, 'mean': 1544.0, 'max': 1701.0}"
697,2399,The Fighting Unicorns,USA,OH,,2008,True,2026,"{'wins': 180, 'losses': 172, 'ties': 0, 'count': 352, 'winrate': 0.5114}","{'current': 1645.0, 'recent': 1595.0, 'mean': 1535.0, 'max': 1645.0}"
698,2403,Plasma Robotics,USA,AZ,,2008,True,2026,"{'wins': 323, 'losses': 226, 'ties': 0, 'count': 549, 'winrate': 0.5883}","{'current': 1623.0, 'recent': 1602.0, 'mean': 1579.0, 'max': 1750.0}"
699,2404,Team NEY Techs (TNT),USA,CA,ca,2008,True,2026,"{'wins': 62, 'losses': 135, 'ties': 0, 'count': 197, 'winrate': 0.3147}","{'current': 1469.0, 'recent': 1441.0, 'mean': 1421.0, 'max': 1509.0}"
700,2405,Techno Trojans,USA,MI,fim,2008,True,2026,"{'wins': 214, 'losses': 280, 'ties': 0, 'count': 494, 'winrate': 0.4332}","{'current': 1504.0, 'recent': 1531.0, 'mean': 1511.0, 'max': 1592.0}"
701,2408,Shrapnel Sergeants,USA,MO,,2008,True,2026,"{'wins': 70, 'losses': 134, 'ties': 0, 'count': 204, 'winrate': 0.3431}","{'current': 1361.0, 'recent': 1338.0, 'mean': 1429.0, 'max': 1568.0}"
702,2410,Blue Valley CAPS Metal Mustangs,USA,KS,,2008,True,2026,"{'wins': 215, 'losses': 195, 'ties': 0, 'count': 410, 'winrate': 0.5244}","{'current': 1435.0, 'recent': 1490.0, 'mean': 1553.0, 'max': 1677.0}"
703,2412,Robototes,USA,WA,pnw,2008,True,2026,"{'wins': 269, 'losses': 279, 'ties': 0, 'count': 548, 'winrate': 0.4909}","{'current': 1645.0, 'recent': 1621.0, 'mean': 1548.0, 'max': 1648.0}"
704,2415,WiredCats,USA,GA,pch,2008,True,2026,"{'wins': 391, 'losses': 307, 'ties': 1, 'count': 699, 'winrate': 0.5601}","{'current': 1384.0, 'recent': 1479.0, 'mean': 1596.0, 'max': 1807.0}"
705,2421,RTR Team Robotics,USA,VA,fch,2008,True,2026,"{'wins': 207, 'losses': 265, 'ties': 1, 'count': 473, 'winrate': 0.4387}","{'current': 1450.0, 'recent': 1508.0, 'mean': 1485.0, 'max': 1576.0}"
706,2423,The KwarQs,USA,MA,ne,2008,True,2026,"{'wins': 170, 'losses': 212, 'ties': 0, 'count': 382, 'winrate': 0.445}","{'current': 1565.0, 'recent': 1544.0, 'mean': 1502.0, 'max': 1587.0}"
707,2429,The Blockheads,USA,CA,ca,2008,True,2026,"{'wins': 219, 'losses': 245, 'ties': 1, 'count': 465, 'winrate': 0.472}","{'current': 1563.0, 'recent': 1581.0, 'mean': 1516.0, 'max': 1619.0}"
708,2438,'Iobotics,USA,HI,,2008,True,2026,"{'wins': 183, 'losses': 172, 'ties': 0, 'count': 355, 'winrate': 0.5155}","{'current': 1522.0, 'recent': 1572.0, 'mean': 1558.0, 'max': 1650.0}"
709,2441,Spartechs,USA,HI,,2008,True,2026,"{'wins': 83, 'losses': 133, 'ties': 0, 'count': 216, 'winrate': 0.3843}","{'current': 1410.0, 'recent': 1439.0, 'mean': 1422.0, 'max': 1507.0}"
710,2443,Blue Thunder,USA,HI,,2008,True,2026,"{'wins': 268, 'losses': 190, 'ties': 0, 'count': 458, 'winrate': 0.5852}","{'current': 1520.0, 'recent': 1594.0, 'mean': 1567.0, 'max': 1647.0}"
711,2445,RoboKAP,USA,HI,,2008,True,2026,"{'wins': 125, 'losses': 129, 'ties': 0, 'count': 254, 'winrate': 0.4921}","{'current': 1486.0, 'recent': 1496.0, 'mean': 1501.0, 'max': 1552.0}"
712,2450,Wind Chill,USA,MN,,2008,True,2026,"{'wins': 112, 'losses': 137, 'ties': 0, 'count': 249, 'winrate': 0.4498}","{'current': 1431.0, 'recent': 1479.0, 'mean': 1464.0, 'max': 1551.0}"
713,2457,The Law,USA,MO,,2008,True,2026,"{'wins': 161, 'losses': 181, 'ties': 0, 'count': 342, 'winrate': 0.4708}","{'current': 1454.0, 'recent': 1502.0, 'mean': 1496.0, 'max': 1583.0}"
714,2458,Team Chaos,USA,NJ,fma,2008,True,2026,"{'wins': 154, 'losses': 224, 'ties': 0, 'count': 378, 'winrate': 0.4074}","{'current': 1387.0, 'recent': 1466.0, 'mean': 1460.0, 'max': 1577.0}"
715,2465,KauaiBots,USA,HI,,2008,True,2026,"{'wins': 133, 'losses': 164, 'ties': 0, 'count': 297, 'winrate': 0.4478}","{'current': 1465.0, 'recent': 1544.0, 'mean': 1482.0, 'max': 1590.0}"
716,2468,Team Appreciate,USA,TX,fit,2008,True,2026,"{'wins': 541, 'losses': 258, 'ties': 0, 'count': 799, 'winrate': 0.6771}","{'current': 1723.0, 'recent': 1736.0, 'mean': 1671.0, 'max': 1835.0}"
717,2470,Team BJORG,USA,MN,,2008,True,2026,"{'wins': 134, 'losses': 159, 'ties': 0, 'count': 293, 'winrate': 0.4573}","{'current': 1490.0, 'recent': 1569.0, 'mean': 1486.0, 'max': 1619.0}"
718,2471,Team Mean Machine,USA,WA,pnw,2008,True,2026,"{'wins': 489, 'losses': 269, 'ties': 0, 'count': 758, 'winrate': 0.6451}","{'current': 1678.0, 'recent': 1647.0, 'mean': 1648.0, 'max': 1812.0}"
719,2472,Centurions,USA,MN,,2008,True,2026,"{'wins': 173, 'losses': 161, 'ties': 0, 'count': 334, 'winrate': 0.518}","{'current': 1620.0, 'recent': 1548.0, 'mean': 1537.0, 'max': 1620.0}"
720,2473,Goldstrikers,USA,CA,ca,2008,True,2026,"{'wins': 178, 'losses': 176, 'ties': 0, 'count': 354, 'winrate': 0.5028}","{'current': 1504.0, 'recent': 1525.0, 'mean': 1518.0, 'max': 1561.0}"
721,2477,Marauder Rascals,USA,HI,,2008,True,2026,"{'wins': 55, 'losses': 144, 'ties': 0, 'count': 199, 'winrate': 0.2764}","{'current': 1392.0, 'recent': 1451.0, 'mean': 1394.0, 'max': 1525.0}"
722,2478,Westwood Robotics,USA,AZ,,2008,True,2026,"{'wins': 208, 'losses': 142, 'ties': 0, 'count': 350, 'winrate': 0.5943}","{'current': 1484.0, 'recent': 1524.0, 'mean': 1560.0, 'max': 1814.0}"
723,2480,Iron Paws,USA,MN,,2008,True,2026,"{'wins': 56, 'losses': 70, 'ties': 0, 'count': 126, 'winrate': 0.4444}","{'current': 1484.0, 'recent': 1513.0, 'mean': 1463.0, 'max': 1542.0}"
724,2481,Roboteers,USA,IL,,2008,True,2026,"{'wins': 485, 'losses': 148, 'ties': 0, 'count': 633, 'winrate': 0.7662}","{'current': 1862.0, 'recent': 1814.0, 'mean': 1749.0, 'max': 1882.0}"
725,2485,Overclocked,USA,CA,ca,2008,True,2026,"{'wins': 299, 'losses': 231, 'ties': 0, 'count': 530, 'winrate': 0.5642}","{'current': 1569.0, 'recent': 1595.0, 'mean': 1626.0, 'max': 1903.0}"
726,2486,CocoNuts,USA,AZ,,2008,True,2026,"{'wins': 366, 'losses': 259, 'ties': 0, 'count': 625, 'winrate': 0.5856}","{'current': 1578.0, 'recent': 1611.0, 'mean': 1592.0, 'max': 1710.0}"
727,2487,Mechanical Animals,USA,NY,,2008,True,2026,"{'wins': 82, 'losses': 114, 'ties': 0, 'count': 196, 'winrate': 0.4184}","{'current': 1396.0, 'recent': 1425.0, 'mean': 1485.0, 'max': 1598.0}"
728,2491,NoMythic,USA,MN,,2008,True,2026,"{'wins': 225, 'losses': 160, 'ties': 0, 'count': 385, 'winrate': 0.5844}","{'current': 1679.0, 'recent': 1621.0, 'mean': 1558.0, 'max': 1693.0}"
729,2495,Hive Mind,USA,NJ,fma,2008,True,2026,"{'wins': 226, 'losses': 249, 'ties': 0, 'count': 475, 'winrate': 0.4758}","{'current': 1475.0, 'recent': 1551.0, 'mean': 1508.0, 'max': 1608.0}"
730,2498,BearBotics,USA,MN,,2008,True,2026,"{'wins': 83, 'losses': 95, 'ties': 0, 'count': 178, 'winrate': 0.4663}","{'current': 1516.0, 'recent': 1485.0, 'mean': 1490.0, 'max': 1578.0}"
731,2500,Herobotics,USA,MN,,2008,True,2026,"{'wins': 156, 'losses': 215, 'ties': 0, 'count': 371, 'winrate': 0.4205}","{'current': 1454.0, 'recent': 1477.0, 'mean': 1474.0, 'max': 1578.0}"
732,2501,Bionic Polars,USA,MN,,2008,True,2026,"{'wins': 106, 'losses': 122, 'ties': 0, 'count': 228, 'winrate': 0.4649}","{'current': 1406.0, 'recent': 1473.0, 'mean': 1476.0, 'max': 1587.0}"
733,2502,Talon Robotics,USA,MN,,2008,True,2026,"{'wins': 237, 'losses': 185, 'ties': 0, 'count': 422, 'winrate': 0.5616}","{'current': 1541.0, 'recent': 1574.0, 'mean': 1564.0, 'max': 1673.0}"
734,2503,Warrior Robotics,USA,MN,,2008,True,2026,"{'wins': 86, 'losses': 91, 'ties': 0, 'count': 177, 'winrate': 0.4859}","{'current': 1552.0, 'recent': 1482.0, 'mean': 1452.0, 'max': 1552.0}"
735,2506,Saber Robotics,USA,WI,win,2008,True,2026,"{'wins': 185, 'losses': 197, 'ties': 1, 'count': 383, 'winrate': 0.4843}","{'current': 1551.0, 'recent': 1562.0, 'mean': 1522.0, 'max': 1676.0}"
736,2508,Armada,USA,MN,,2008,True,2026,"{'wins': 117, 'losses': 119, 'ties': 0, 'count': 236, 'winrate': 0.4958}","{'current': 1486.0, 'recent': 1512.0, 'mean': 1505.0, 'max': 1580.0}"
737,2509,Tigerbots,USA,MN,,2008,True,2026,"{'wins': 136, 'losses': 124, 'ties': 0, 'count': 260, 'winrate': 0.5231}","{'current': 1579.0, 'recent': 1562.0, 'mean': 1525.0, 'max': 1602.0}"
738,2511,Cougars,USA,MN,,2008,True,2026,"{'wins': 66, 'losses': 88, 'ties': 0, 'count': 154, 'winrate': 0.4286}","{'current': 1406.0, 'recent': 1429.0, 'mean': 1480.0, 'max': 1594.0}"
739,2512,Duluth East Daredevils,USA,MN,,2008,True,2026,"{'wins': 222, 'losses': 162, 'ties': 0, 'count': 384, 'winrate': 0.5781}","{'current': 1400.0, 'recent': 1456.0, 'mean': 1567.0, 'max': 1757.0}"
740,2513,T.E.R.T.O.L.A.,USA,MN,,2008,True,2026,"{'wins': 64, 'losses': 94, 'ties': 0, 'count': 158, 'winrate': 0.4051}","{'current': 1349.0, 'recent': 1395.0, 'mean': 1438.0, 'max': 1540.0}"
741,2518,Spartan Robotics,USA,MN,,2008,True,2026,"{'wins': 117, 'losses': 113, 'ties': 0, 'count': 230, 'winrate': 0.5087}","{'current': 1415.0, 'recent': 1440.0, 'mean': 1504.0, 'max': 1660.0}"
742,2521,SERT,USA,OR,pnw,2008,True,2026,"{'wins': 284, 'losses': 222, 'ties': 0, 'count': 506, 'winrate': 0.5613}","{'current': 1612.0, 'recent': 1677.0, 'mean': 1562.0, 'max': 1795.0}"
743,2522,Royal Robotics,USA,WA,pnw,2008,True,2026,"{'wins': 397, 'losses': 284, 'ties': 1, 'count': 682, 'winrate': 0.5828}","{'current': 1619.0, 'recent': 1649.0, 'mean': 1574.0, 'max': 1732.0}"
744,2523,Tech Storm,USA,VT,ne,2008,True,2026,"{'wins': 134, 'losses': 176, 'ties': 0, 'count': 310, 'winrate': 0.4323}","{'current': 1542.0, 'recent': 1485.0, 'mean': 1497.0, 'max': 1607.0}"
745,2526,Crimson Robotics,USA,MN,,2008,True,2026,"{'wins': 173, 'losses': 162, 'ties': 0, 'count': 335, 'winrate': 0.5164}","{'current': 1500.0, 'recent': 1533.0, 'mean': 1528.0, 'max': 1640.0}"
746,2530,Inconceivable,USA,MN,,2008,True,2026,"{'wins': 204, 'losses': 139, 'ties': 0, 'count': 343, 'winrate': 0.5948}","{'current': 1614.0, 'recent': 1627.0, 'mean': 1568.0, 'max': 1724.0}"
747,2531,RoboHawks,USA,MN,,2008,True,2026,"{'wins': 131, 'losses': 158, 'ties': 0, 'count': 289, 'winrate': 0.4533}","{'current': 1464.0, 'recent': 1516.0, 'mean': 1498.0, 'max': 1582.0}"
748,2534,Lumberjack Robotics,USA,MD,fch,2008,True,2026,"{'wins': 265, 'losses': 244, 'ties': 2, 'count': 511, 'winrate': 0.5205}","{'current': 1446.0, 'recent': 1475.0, 'mean': 1540.0, 'max': 1677.0}"
749,2537,Space RAIDers,USA,MD,fch,2008,True,2026,"{'wins': 245, 'losses': 276, 'ties': 1, 'count': 522, 'winrate': 0.4703}","{'current': 1629.0, 'recent': 1525.0, 'mean': 1513.0, 'max': 1629.0}"
750,2538,The Plaid Pillagers,USA,MN,,2008,True,2026,"{'wins': 108, 'losses': 123, 'ties': 0, 'count': 231, 'winrate': 0.4675}","{'current': 1446.0, 'recent': 1440.0, 'mean': 1463.0, 'max': 1602.0}"
751,2539,Krypton Cougars,USA,PA,fma,2008,True,2026,"{'wins': 399, 'losses': 236, 'ties': 1, 'count': 636, 'winrate': 0.6281}","{'current': 1654.0, 'recent': 1724.0, 'mean': 1589.0, 'max': 1788.0}"
752,2543,TitanBot,USA,CA,ca,2008,True,2026,"{'wins': 220, 'losses': 250, 'ties': 0, 'count': 470, 'winrate': 0.4681}","{'current': 1510.0, 'recent': 1530.0, 'mean': 1529.0, 'max': 1606.0}"
753,2549,Millerbots,USA,MN,,2008,True,2026,"{'wins': 155, 'losses': 142, 'ties': 0, 'count': 297, 'winrate': 0.5219}","{'current': 1546.0, 'recent': 1526.0, 'mean': 1521.0, 'max': 1701.0}"
754,2550,Skynet,USA,OR,pnw,2008,True,2026,"{'wins': 168, 'losses': 212, 'ties': 0, 'count': 380, 'winrate': 0.4421}","{'current': 1423.0, 'recent': 1475.0, 'mean': 1498.0, 'max': 1606.0}"
755,2551,Penguin Empire,USA,CA,ca,2008,True,2026,"{'wins': 158, 'losses': 152, 'ties': 0, 'count': 310, 'winrate': 0.5097}","{'current': 1490.0, 'recent': 1549.0, 'mean': 1520.0, 'max': 1643.0}"
756,2554,The Warhawks,USA,NJ,fma,2008,True,2026,"{'wins': 155, 'losses': 212, 'ties': 0, 'count': 367, 'winrate': 0.4223}","{'current': 1443.0, 'recent': 1463.0, 'mean': 1452.0, 'max': 1585.0}"
757,2556,RadioActive Roaches,USA,FL,,2008,True,2026,"{'wins': 160, 'losses': 186, 'ties': 0, 'count': 346, 'winrate': 0.4624}","{'current': 1598.0, 'recent': 1540.0, 'mean': 1515.0, 'max': 1603.0}"
758,2557,SOTAbots,USA,WA,pnw,2008,True,2026,"{'wins': 405, 'losses': 316, 'ties': 0, 'count': 721, 'winrate': 0.5617}","{'current': 1535.0, 'recent': 1589.0, 'mean': 1611.0, 'max': 1725.0}"
759,2559,Normality Zero,USA,PA,fma,2008,True,2026,"{'wins': 210, 'losses': 260, 'ties': 0, 'count': 470, 'winrate': 0.4468}","{'current': 1496.0, 'recent': 1465.0, 'mean': 1485.0, 'max': 1598.0}"
760,2560,RoboDog,USA,MO,,2008,True,2026,"{'wins': 71, 'losses': 112, 'ties': 0, 'count': 183, 'winrate': 0.388}","{'current': 1457.0, 'recent': 1466.0, 'mean': 1460.0, 'max': 1513.0}"
761,2574,RoboHuskie,USA,MN,,2008,True,2026,"{'wins': 173, 'losses': 161, 'ties': 0, 'count': 334, 'winrate': 0.518}","{'current': 1413.0, 'recent': 1491.0, 'mean': 1546.0, 'max': 1686.0}"
762,2577,Pingry Robotics,USA,NJ,fma,2008,True,2026,"{'wins': 192, 'losses': 207, 'ties': 0, 'count': 399, 'winrate': 0.4812}","{'current': 1453.0, 'recent': 1490.0, 'mean': 1493.0, 'max': 1559.0}"
763,2582,PantherBots,USA,TX,fit,2008,True,2026,"{'wins': 262, 'losses': 172, 'ties': 0, 'count': 434, 'winrate': 0.6037}","{'current': 1710.0, 'recent': 1637.0, 'mean': 1548.0, 'max': 1710.0}"
764,2583,Orange Dynamite,USA,TX,fit,2008,True,2026,"{'wins': 192, 'losses': 182, 'ties': 1, 'count': 375, 'winrate': 0.5133}","{'current': 1694.0, 'recent': 1570.0, 'mean': 1516.0, 'max': 1694.0}"
765,2584,Flame of The West,USA,CA,ca,2008,True,2026,"{'wins': 166, 'losses': 140, 'ties': 0, 'count': 306, 'winrate': 0.5425}","{'current': 1593.0, 'recent': 1580.0, 'mean': 1533.0, 'max': 1658.0}"
766,2585,Impact,USA,TX,fit,2008,True,2026,"{'wins': 130, 'losses': 150, 'ties': 0, 'count': 280, 'winrate': 0.4643}","{'current': 1540.0, 'recent': 1491.0, 'mean': 1484.0, 'max': 1583.0}"
767,2586,Copper Bots,USA,MI,fim,2008,True,2026,"{'wins': 363, 'losses': 309, 'ties': 1, 'count': 673, 'winrate': 0.5401}","{'current': 1526.0, 'recent': 1583.0, 'mean': 1547.0, 'max': 1696.0}"
768,2587,DiscoBots,USA,TX,fit,2008,True,2026,"{'wins': 239, 'losses': 238, 'ties': 0, 'count': 477, 'winrate': 0.501}","{'current': 1589.0, 'recent': 1543.0, 'mean': 1570.0, 'max': 1691.0}"
769,2590,Nemesis,USA,NJ,fma,2008,True,2026,"{'wins': 650, 'losses': 296, 'ties': 1, 'count': 947, 'winrate': 0.6869}","{'current': 1637.0, 'recent': 1677.0, 'mean': 1711.0, 'max': 1901.0}"
770,2591,RedTails,USA,MI,fim,2008,True,2026,"{'wins': 190, 'losses': 240, 'ties': 0, 'count': 430, 'winrate': 0.4419}","{'current': 1458.0, 'recent': 1419.0, 'mean': 1456.0, 'max': 1583.0}"
771,2594,Naskcorpions,USA,ID,,2008,True,2026,"{'wins': 116, 'losses': 169, 'ties': 1, 'count': 286, 'winrate': 0.4073}","{'current': 1513.0, 'recent': 1478.0, 'mean': 1476.0, 'max': 1545.0}"
772,2601,Steel Hawks,USA,NY,,2008,True,2026,"{'wins': 212, 'losses': 171, 'ties': 0, 'count': 383, 'winrate': 0.5535}","{'current': 1534.0, 'recent': 1618.0, 'mean': 1537.0, 'max': 1690.0}"
773,2603,Steel Stingers,USA,OH,,2008,True,2026,"{'wins': 165, 'losses': 188, 'ties': 1, 'count': 354, 'winrate': 0.4675}","{'current': 1585.0, 'recent': 1575.0, 'mean': 1533.0, 'max': 1633.0}"
774,2604,Metal and Soul,USA,MI,fim,2008,True,2026,"{'wins': 198, 'losses': 316, 'ties': 0, 'count': 514, 'winrate': 0.3852}","{'current': 1422.0, 'recent': 1430.0, 'mean': 1457.0, 'max': 1624.0}"
775,2606,Irish Robotics,USA,MN,,2008,True,2026,"{'wins': 64, 'losses': 78, 'ties': 0, 'count': 142, 'winrate': 0.4507}","{'current': 1430.0, 'recent': 1448.0, 'mean': 1473.0, 'max': 1546.0}"
776,2607,The Fighting RoboVikings,USA,PA,fma,2008,True,2026,"{'wins': 451, 'losses': 276, 'ties': 0, 'count': 727, 'winrate': 0.6204}","{'current': 1654.0, 'recent': 1666.0, 'mean': 1617.0, 'max': 1740.0}"
777,2609,Beaverworx,Canada,ON,ont,2008,True,2026,"{'wins': 312, 'losses': 266, 'ties': 0, 'count': 578, 'winrate': 0.5398}","{'current': 1593.0, 'recent': 1591.0, 'mean': 1587.0, 'max': 1713.0}"
778,2611,Jacktown Vectors,USA,MI,fim,2008,True,2026,"{'wins': 365, 'losses': 298, 'ties': 1, 'count': 664, 'winrate': 0.5505}","{'current': 1665.0, 'recent': 1656.0, 'mean': 1595.0, 'max': 1746.0}"
779,2614,Mountaineer Area RoboticS (MARS),USA,WV,,2008,True,2026,"{'wins': 425, 'losses': 255, 'ties': 0, 'count': 680, 'winrate': 0.625}","{'current': 1612.0, 'recent': 1660.0, 'mean': 1653.0, 'max': 1763.0}"
780,2619,The Charge,USA,MI,fim,2008,True,2026,"{'wins': 399, 'losses': 336, 'ties': 0, 'count': 735, 'winrate': 0.5429}","{'current': 1525.0, 'recent': 1532.0, 'mean': 1585.0, 'max': 1772.0}"
781,2620,Titans,USA,MI,fim,2008,True,2026,"{'wins': 256, 'losses': 266, 'ties': 0, 'count': 522, 'winrate': 0.4904}","{'current': 1532.0, 'recent': 1570.0, 'mean': 1541.0, 'max': 1617.0}"
782,2626,Evolution,Canada,QC,,2008,True,2026,"{'wins': 119, 'losses': 136, 'ties': 0, 'count': 255, 'winrate': 0.4667}","{'current': 1483.0, 'recent': 1498.0, 'mean': 1519.0, 'max': 1581.0}"
783,2630,Thunderbolts,Israel,,isr,2008,True,2026,"{'wins': 334, 'losses': 214, 'ties': 1, 'count': 549, 'winrate': 0.6093}","{'current': 1602.0, 'recent': 1671.0, 'mean': 1612.0, 'max': 1759.0}"
784,2634,The Gryphons,Canada,ON,ont,2008,True,2026,"{'wins': 148, 'losses': 186, 'ties': 0, 'count': 334, 'winrate': 0.4431}","{'current': 1443.0, 'recent': 1533.0, 'mean': 1505.0, 'max': 1596.0}"
785,2635,Lake Monsters,USA,OR,pnw,2008,True,2026,"{'wins': 190, 'losses': 265, 'ties': 0, 'count': 455, 'winrate': 0.4176}","{'current': 1511.0, 'recent': 1505.0, 'mean': 1506.0, 'max': 1584.0}"
786,2637,Phantom Catz,USA,CA,ca,2008,True,2026,"{'wins': 266, 'losses': 232, 'ties': 1, 'count': 499, 'winrate': 0.5341}","{'current': 1633.0, 'recent': 1558.0, 'mean': 1551.0, 'max': 1697.0}"
787,2638,Rebel Robotics,USA,NY,,2008,True,2026,"{'wins': 254, 'losses': 223, 'ties': 0, 'count': 477, 'winrate': 0.5325}","{'current': 1570.0, 'recent': 1592.0, 'mean': 1575.0, 'max': 1648.0}"
788,2640,HOTBOTZ,USA,NC,fnc,2008,True,2026,"{'wins': 228, 'losses': 256, 'ties': 0, 'count': 484, 'winrate': 0.4711}","{'current': 1486.0, 'recent': 1502.0, 'mean': 1509.0, 'max': 1603.0}"
789,2641,Pittsburgh Central Catholic Robotics,USA,PA,,2008,True,2026,"{'wins': 189, 'losses': 240, 'ties': 1, 'count': 430, 'winrate': 0.4407}","{'current': 1431.0, 'recent': 1474.0, 'mean': 1508.0, 'max': 1629.0}"
790,2643,Dark Matter,USA,CA,ca,2008,True,2026,"{'wins': 153, 'losses': 189, 'ties': 0, 'count': 342, 'winrate': 0.4474}","{'current': 1517.0, 'recent': 1496.0, 'mean': 1478.0, 'max': 1575.0}"
791,2648,Infinite Loop,USA,ME,ne,2008,True,2026,"{'wins': 351, 'losses': 306, 'ties': 0, 'count': 657, 'winrate': 0.5342}","{'current': 1560.0, 'recent': 1583.0, 'mean': 1582.0, 'max': 1760.0}"
792,2654,Polar Rams,USA,MN,,2008,True,2026,"{'wins': 96, 'losses': 127, 'ties': 0, 'count': 223, 'winrate': 0.4305}","{'current': 1602.0, 'recent': 1545.0, 'mean': 1481.0, 'max': 1602.0}"
793,2656,Quasics,USA,PA,,2008,True,2026,"{'wins': 82, 'losses': 112, 'ties': 0, 'count': 194, 'winrate': 0.4227}","{'current': 1517.0, 'recent': 1504.0, 'mean': 1470.0, 'max': 1526.0}"
794,2657,Team Thundercats,USA,NM,fit,2008,True,2026,"{'wins': 109, 'losses': 144, 'ties': 0, 'count': 253, 'winrate': 0.4308}","{'current': 1424.0, 'recent': 1440.0, 'mean': 1461.0, 'max': 1547.0}"
795,2658,Σ-Motion,USA,CA,ca,2008,True,2026,"{'wins': 154, 'losses': 178, 'ties': 0, 'count': 332, 'winrate': 0.4639}","{'current': 1487.0, 'recent': 1510.0, 'mean': 1503.0, 'max': 1650.0}"
796,2659,RoboWarriors,USA,CA,ca,2008,True,2026,"{'wins': 243, 'losses': 164, 'ties': 0, 'count': 407, 'winrate': 0.5971}","{'current': 1676.0, 'recent': 1626.0, 'mean': 1566.0, 'max': 1731.0}"
797,2662,RoboKrew,USA,AZ,,2008,True,2026,"{'wins': 104, 'losses': 150, 'ties': 0, 'count': 254, 'winrate': 0.4094}","{'current': 1415.0, 'recent': 1435.0, 'mean': 1467.0, 'max': 1527.0}"
798,2667,Knights of the Valley,USA,MN,,2008,True,2026,"{'wins': 90, 'losses': 128, 'ties': 0, 'count': 218, 'winrate': 0.4128}","{'current': 1472.0, 'recent': 1509.0, 'mean': 1477.0, 'max': 1542.0}"
799,2673,Tenacious Technicians,USA,MI,fim,2008,True,2026,"{'wins': 198, 'losses': 259, 'ties': 0, 'count': 457, 'winrate': 0.4333}","{'current': 1503.0, 'recent': 1490.0, 'mean': 1482.0, 'max': 1666.0}"
800,2679,Atlantis,Israel,,isr,2008,True,2026,"{'wins': 140, 'losses': 163, 'ties': 0, 'count': 303, 'winrate': 0.462}","{'current': 1485.0, 'recent': 1496.0, 'mean': 1475.0, 'max': 1610.0}"
801,2682,Boneyard Robotics 2682,USA,NC,fnc,2008,True,2026,"{'wins': 138, 'losses': 118, 'ties': 0, 'count': 256, 'winrate': 0.5391}","{'current': 1463.0, 'recent': 1463.0, 'mean': 1554.0, 'max': 1690.0}"
802,2687,Team Apprentice,USA,TX,fit,2008,True,2026,"{'wins': 156, 'losses': 117, 'ties': 0, 'count': 273, 'winrate': 0.5714}","{'current': 1534.0, 'recent': 1615.0, 'mean': 1609.0, 'max': 1735.0}"
803,2689,Team Alpha,USA,TX,fit,2008,True,2026,"{'wins': 130, 'losses': 99, 'ties': 0, 'count': 229, 'winrate': 0.5677}","{'current': 1554.0, 'recent': 1563.0, 'mean': 1563.0, 'max': 1584.0}"
804,2702,Rebels,Canada,ON,ont,2009,True,2026,"{'wins': 229, 'losses': 222, 'ties': 1, 'count': 452, 'winrate': 0.5077}","{'current': 1621.0, 'recent': 1606.0, 'mean': 1581.0, 'max': 1634.0}"
805,2704,Roaring Robotics,USA,IL,,2009,True,2026,"{'wins': 140, 'losses': 192, 'ties': 0, 'count': 332, 'winrate': 0.4217}","{'current': 1569.0, 'recent': 1541.0, 'mean': 1515.0, 'max': 1601.0}"
806,2706,Merge Robotics,Canada,ON,ont,2009,True,2026,"{'wins': 184, 'losses': 197, 'ties': 0, 'count': 381, 'winrate': 0.4829}","{'current': 1579.0, 'recent': 1572.0, 'mean': 1585.0, 'max': 1669.0}"
807,2708,Lake Effect Robotics,Canada,ON,ont,2009,True,2026,"{'wins': 142, 'losses': 141, 'ties': 0, 'count': 283, 'winrate': 0.5018}","{'current': 1503.0, 'recent': 1504.0, 'mean': 1526.0, 'max': 1660.0}"
808,2710,JetStream,USA,CA,ca,2009,True,2026,"{'wins': 104, 'losses': 91, 'ties': 0, 'count': 195, 'winrate': 0.5333}","{'current': 1545.0, 'recent': 1535.0, 'mean': 1545.0, 'max': 1594.0}"
809,2712,Power Surge 4-H Robotics,USA,CT,ne,2009,True,2026,"{'wins': 52, 'losses': 99, 'ties': 0, 'count': 151, 'winrate': 0.3444}","{'current': 1461.0, 'recent': 1477.0, 'mean': 1484.0, 'max': 1524.0}"
810,2713,Red Hawk Robotics,USA,MA,ne,2009,True,2026,"{'wins': 204, 'losses': 223, 'ties': 1, 'count': 428, 'winrate': 0.4778}","{'current': 1655.0, 'recent': 1639.0, 'mean': 1527.0, 'max': 1717.0}"
811,2714,♨️ BBQ ♨️,USA,TX,fit,2009,True,2026,"{'wins': 198, 'losses': 142, 'ties': 1, 'count': 341, 'winrate': 0.5821}","{'current': 1593.0, 'recent': 1616.0, 'mean': 1622.0, 'max': 1679.0}"
812,2718,Team OKC e'possums (Σ 1/n! x 10³),USA,OK,,2009,True,2026,"{'wins': 92, 'losses': 87, 'ties': 0, 'count': 179, 'winrate': 0.514}","{'current': 1631.0, 'recent': 1553.0, 'mean': 1553.0, 'max': 1631.0}"
813,2720,Red Watch Robotics,USA,NJ,fma,2009,True,2026,"{'wins': 83, 'losses': 112, 'ties': 0, 'count': 195, 'winrate': 0.4256}","{'current': 1468.0, 'recent': 1536.0, 'mean': 1536.0, 'max': 1591.0}"
814,2722,Charge Robotics,USA,NJ,fma,2009,True,2026,"{'wins': 81, 'losses': 102, 'ties': 1, 'count': 184, 'winrate': 0.4429}","{'current': 1508.0, 'recent': 1531.0, 'mean': 1531.0, 'max': 1599.0}"
815,2724,Avalanche Robotics,USA,NC,fnc,2009,True,2026,"{'wins': 56, 'losses': 36, 'ties': 0, 'count': 92, 'winrate': 0.6087}","{'current': 1651.0, 'recent': 1623.0, 'mean': 1623.0, 'max': 1651.0}"
816,2726,Red Pebble Rebels,USA,UT,,2009,True,2026,"{'wins': 3, 'losses': 9, 'ties': 0, 'count': 12, 'winrate': 0.25}","{'current': 1433.0, 'recent': 1433.0, 'mean': 1433.0, 'max': 1433.0}"
817,2728,♨️ TACO ♨️,USA,TX,fit,2009,True,2026,"{'wins': 17, 'losses': 15, 'ties': 0, 'count': 32, 'winrate': 0.5313}","{'current': 1636.0, 'recent': 1636.0, 'mean': 1636.0, 'max': 1636.0}"
818,2733,Pigmice,USA,OR,pnw,2009,True,2026,"{'wins': 204, 'losses': 230, 'ties': 0, 'count': 434, 'winrate': 0.47}","{'current': 1495.0, 'recent': 1505.0, 'mean': 1533.0, 'max': 1689.0}"
819,2767,Stryke Force,USA,MI,fim,2009,True,2026,"{'wins': 648, 'losses': 236, 'ties': 0, 'count': 884, 'winrate': 0.733}","{'current': 1814.0, 'recent': 1799.0, 'mean': 1734.0, 'max': 1908.0}"
820,2771,Code Red Robotics the Stray Dogs,USA,MI,fim,2009,True,2026,"{'wins': 445, 'losses': 365, 'ties': 1, 'count': 811, 'winrate': 0.5493}","{'current': 1537.0, 'recent': 1569.0, 'mean': 1628.0, 'max': 1780.0}"
821,2773,IronDogz,USA,OK,,2009,True,2026,"{'wins': 124, 'losses': 149, 'ties': 0, 'count': 273, 'winrate': 0.4542}","{'current': 1521.0, 'recent': 1500.0, 'mean': 1507.0, 'max': 1590.0}"
822,2783,Engineers of Tomorrow,USA,KY,,2009,True,2026,"{'wins': 216, 'losses': 205, 'ties': 0, 'count': 421, 'winrate': 0.5131}","{'current': 1657.0, 'recent': 1594.0, 'mean': 1538.0, 'max': 1657.0}"
823,2785,Prometheus,USA,CT,ne,2009,True,2026,"{'wins': 59, 'losses': 132, 'ties': 0, 'count': 191, 'winrate': 0.3089}","{'current': 1408.0, 'recent': 1391.0, 'mean': 1439.0, 'max': 1545.0}"
824,2789,TEXPLOSION,USA,TX,fit,2009,True,2026,"{'wins': 172, 'losses': 217, 'ties': 0, 'count': 389, 'winrate': 0.4422}","{'current': 1496.0, 'recent': 1446.0, 'mean': 1432.0, 'max': 1497.0}"
825,2791,Shaker Robotics,USA,NY,,2009,True,2026,"{'wins': 285, 'losses': 177, 'ties': 2, 'count': 464, 'winrate': 0.6164}","{'current': 1505.0, 'recent': 1566.0, 'mean': 1604.0, 'max': 1786.0}"
826,2797,Knight & Nerdy,USA,FL,,2009,True,2026,"{'wins': 89, 'losses': 125, 'ties': 0, 'count': 214, 'winrate': 0.4159}","{'current': 1420.0, 'recent': 1403.0, 'mean': 1449.0, 'max': 1534.0}"
827,2811,StormBots,USA,WA,pnw,2009,True,2026,"{'wins': 408, 'losses': 323, 'ties': 0, 'count': 731, 'winrate': 0.5581}","{'current': 1584.0, 'recent': 1656.0, 'mean': 1600.0, 'max': 1768.0}"
828,2813,Gear Heads,USA,CA,ca,2009,True,2026,"{'wins': 189, 'losses': 188, 'ties': 0, 'count': 377, 'winrate': 0.5013}","{'current': 1747.0, 'recent': 1602.0, 'mean': 1516.0, 'max': 1747.0}"
829,2815,Blue Devil Mechanics,USA,SC,fsc,2009,True,2026,"{'wins': 241, 'losses': 212, 'ties': 0, 'count': 453, 'winrate': 0.532}","{'current': 1469.0, 'recent': 1526.0, 'mean': 1518.0, 'max': 1632.0}"
830,2823,The Automatons,USA,MN,,2009,True,2026,"{'wins': 179, 'losses': 129, 'ties': 0, 'count': 308, 'winrate': 0.5812}","{'current': 1578.0, 'recent': 1590.0, 'mean': 1552.0, 'max': 1650.0}"
831,2826,Wave Robotics,USA,WI,win,2009,True,2026,"{'wins': 332, 'losses': 199, 'ties': 0, 'count': 531, 'winrate': 0.6252}","{'current': 1489.0, 'recent': 1537.0, 'mean': 1630.0, 'max': 1856.0}"
832,2827,The Tiki Bots,USA,CA,ca,2009,True,2026,"{'wins': 53, 'losses': 90, 'ties': 0, 'count': 143, 'winrate': 0.3706}","{'current': 1390.0, 'recent': 1422.0, 'mean': 1439.0, 'max': 1527.0}"
833,2830,Riverside RoboTigers,USA,WI,win,2009,True,2026,"{'wins': 180, 'losses': 191, 'ties': 0, 'count': 371, 'winrate': 0.4852}","{'current': 1488.0, 'recent': 1568.0, 'mean': 1525.0, 'max': 1691.0}"
834,2832,The Livonia Warriors,USA,MI,fim,2009,True,2026,"{'wins': 346, 'losses': 308, 'ties': 1, 'count': 655, 'winrate': 0.529}","{'current': 1543.0, 'recent': 1605.0, 'mean': 1572.0, 'max': 1710.0}"
835,2834,Bionic Black Hawks,USA,MI,fim,2009,True,2026,"{'wins': 517, 'losses': 371, 'ties': 1, 'count': 889, 'winrate': 0.5821}","{'current': 1526.0, 'recent': 1612.0, 'mean': 1641.0, 'max': 1742.0}"
836,2839,Daedalus,USA,CA,ca,2009,True,2026,"{'wins': 171, 'losses': 184, 'ties': 0, 'count': 355, 'winrate': 0.4817}","{'current': 1347.0, 'recent': 1495.0, 'mean': 1487.0, 'max': 1609.0}"
837,2840,PCDS Blue Tide,USA,AZ,,2009,True,2026,"{'wins': 102, 'losses': 120, 'ties': 0, 'count': 222, 'winrate': 0.4595}","{'current': 1424.0, 'recent': 1422.0, 'mean': 1482.0, 'max': 1575.0}"
838,2846,FireBears,USA,MN,,2009,True,2026,"{'wins': 188, 'losses': 165, 'ties': 1, 'count': 354, 'winrate': 0.5325}","{'current': 1581.0, 'recent': 1541.0, 'mean': 1509.0, 'max': 1614.0}"
839,2847,The MegaHertz,USA,MN,,2009,True,2026,"{'wins': 148, 'losses': 102, 'ties': 0, 'count': 250, 'winrate': 0.592}","{'current': 1714.0, 'recent': 1634.0, 'mean': 1512.0, 'max': 1714.0}"
840,2848,Rangers,USA,TX,fit,2009,True,2026,"{'wins': 376, 'losses': 218, 'ties': 0, 'count': 594, 'winrate': 0.633}","{'current': 1720.0, 'recent': 1617.0, 'mean': 1612.0, 'max': 1743.0}"
841,2849,Ursa Major,USA,MD,fch,2009,True,2026,"{'wins': 188, 'losses': 225, 'ties': 2, 'count': 415, 'winrate': 0.4554}","{'current': 1439.0, 'recent': 1449.0, 'mean': 1511.0, 'max': 1581.0}"
842,2851,Crevolution,USA,MI,fim,2009,True,2026,"{'wins': 360, 'losses': 289, 'ties': 0, 'count': 649, 'winrate': 0.5547}","{'current': 1704.0, 'recent': 1609.0, 'mean': 1605.0, 'max': 1811.0}"
843,2852,DM High Voltage,Canada,ON,ont,2009,True,2026,"{'wins': 228, 'losses': 247, 'ties': 0, 'count': 475, 'winrate': 0.48}","{'current': 1518.0, 'recent': 1521.0, 'mean': 1570.0, 'max': 1655.0}"
844,2853,Hot Spot Robotics,USA,HI,,2009,True,2026,"{'wins': 104, 'losses': 121, 'ties': 0, 'count': 225, 'winrate': 0.4622}","{'current': 1493.0, 'recent': 1498.0, 'mean': 1485.0, 'max': 1515.0}"
845,2854,The Prototypes,USA,CA,ca,2009,True,2026,"{'wins': 133, 'losses': 176, 'ties': 0, 'count': 309, 'winrate': 0.4304}","{'current': 1571.0, 'recent': 1542.0, 'mean': 1515.0, 'max': 1621.0}"
846,2855,BEASTBOT,USA,MN,,2009,True,2026,"{'wins': 76, 'losses': 100, 'ties': 0, 'count': 176, 'winrate': 0.4318}","{'current': 1526.0, 'recent': 1517.0, 'mean': 1478.0, 'max': 1587.0}"
847,2856,Planetary Drive,USA,KY,,2009,True,2026,"{'wins': 72, 'losses': 94, 'ties': 0, 'count': 166, 'winrate': 0.4337}","{'current': 1437.0, 'recent': 1446.0, 'mean': 1459.0, 'max': 1547.0}"
848,2861,Infinity's End,USA,MN,,2009,True,2026,"{'wins': 93, 'losses': 107, 'ties': 0, 'count': 200, 'winrate': 0.465}","{'current': 1575.0, 'recent': 1523.0, 'mean': 1508.0, 'max': 1575.0}"
849,2867,ElkLogics,USA,IN,fin,2009,True,2026,"{'wins': 162, 'losses': 218, 'ties': 0, 'count': 380, 'winrate': 0.4263}","{'current': 1531.0, 'recent': 1519.0, 'mean': 1482.0, 'max': 1565.0}"
850,2869,Regal Eagles,USA,NY,,2009,True,2026,"{'wins': 155, 'losses': 194, 'ties': 1, 'count': 350, 'winrate': 0.4443}","{'current': 1511.0, 'recent': 1549.0, 'mean': 1497.0, 'max': 1628.0}"
851,2872,CyberCats,USA,NY,,2009,True,2026,"{'wins': 154, 'losses': 160, 'ties': 0, 'count': 314, 'winrate': 0.4904}","{'current': 1559.0, 'recent': 1604.0, 'mean': 1508.0, 'max': 1654.0}"
852,2875,CyberHawks,USA,NY,,2009,True,2026,"{'wins': 165, 'losses': 148, 'ties': 1, 'count': 314, 'winrate': 0.5271}","{'current': 1492.0, 'recent': 1530.0, 'mean': 1562.0, 'max': 1673.0}"
853,2876,DevilBotz,USA,MA,ne,2009,True,2026,"{'wins': 170, 'losses': 211, 'ties': 0, 'count': 381, 'winrate': 0.4462}","{'current': 1551.0, 'recent': 1537.0, 'mean': 1509.0, 'max': 1581.0}"
854,2877,LigerBots,USA,MA,ne,2009,True,2026,"{'wins': 346, 'losses': 277, 'ties': 0, 'count': 623, 'winrate': 0.5554}","{'current': 1725.0, 'recent': 1669.0, 'mean': 1614.0, 'max': 1725.0}"
855,2881,Lady Cans,USA,TX,fit,2009,True,2026,"{'wins': 270, 'losses': 239, 'ties': 0, 'count': 509, 'winrate': 0.5305}","{'current': 1625.0, 'recent': 1626.0, 'mean': 1549.0, 'max': 1667.0}"
856,2882,Nuts n' Boltz,USA,TX,fit,2009,True,2026,"{'wins': 125, 'losses': 174, 'ties': 1, 'count': 300, 'winrate': 0.4183}","{'current': 1473.0, 'recent': 1448.0, 'mean': 1451.0, 'max': 1520.0}"
857,2883,F.R.E.D (FIRST Robotics Engineering and Design),USA,MN,,2009,True,2026,"{'wins': 226, 'losses': 158, 'ties': 0, 'count': 384, 'winrate': 0.5885}","{'current': 1590.0, 'recent': 1613.0, 'mean': 1601.0, 'max': 1712.0}"
858,2890,The Hawk Collective,USA,VA,fch,2009,True,2026,"{'wins': 148, 'losses': 194, 'ties': 0, 'count': 342, 'winrate': 0.4327}","{'current': 1551.0, 'recent': 1482.0, 'mean': 1485.0, 'max': 1551.0}"
859,2896,MechaMonarchs,USA,HI,,2009,True,2026,"{'wins': 81, 'losses': 119, 'ties': 0, 'count': 200, 'winrate': 0.405}","{'current': 1392.0, 'recent': 1433.0, 'mean': 1448.0, 'max': 1486.0}"
860,2898,Flying Hedgehogs,USA,OR,pnw,2009,True,2026,"{'wins': 173, 'losses': 183, 'ties': 1, 'count': 357, 'winrate': 0.486}","{'current': 1501.0, 'recent': 1458.0, 'mean': 1486.0, 'max': 1610.0}"
861,2900,The Mighty Penguins,USA,DC,fch,2009,True,2026,"{'wins': 103, 'losses': 157, 'ties': 0, 'count': 260, 'winrate': 0.3962}","{'current': 1483.0, 'recent': 1427.0, 'mean': 1436.0, 'max': 1492.0}"
862,2903,NeoBots,USA,WA,pnw,2009,True,2026,"{'wins': 160, 'losses': 212, 'ties': 0, 'count': 372, 'winrate': 0.4301}","{'current': 1482.0, 'recent': 1443.0, 'mean': 1459.0, 'max': 1529.0}"
863,2905,Sultans of Turkiye,Türkiye,,,2009,True,2026,"{'wins': 144, 'losses': 164, 'ties': 0, 'count': 308, 'winrate': 0.4675}","{'current': 1788.0, 'recent': 1549.0, 'mean': 1492.0, 'max': 1788.0}"
864,2906,Sentinel Prime Robotics,USA,WA,pnw,2009,True,2026,"{'wins': 125, 'losses': 187, 'ties': 0, 'count': 312, 'winrate': 0.4006}","{'current': 1492.0, 'recent': 1424.0, 'mean': 1439.0, 'max': 1511.0}"
865,2910,Jack in the Bot,USA,WA,pnw,2009,True,2026,"{'wins': 572, 'losses': 211, 'ties': 0, 'count': 783, 'winrate': 0.7305}","{'current': 1628.0, 'recent': 1835.0, 'mean': 1690.0, 'max': 1973.0}"
866,2912,Panther Robotics,USA,DC,fch,2009,True,2026,"{'wins': 158, 'losses': 193, 'ties': 0, 'count': 351, 'winrate': 0.4501}","{'current': 1350.0, 'recent': 1374.0, 'mean': 1461.0, 'max': 1561.0}"
867,2914,TIGER PRIDE,USA,DC,fch,2009,True,2026,"{'wins': 191, 'losses': 261, 'ties': 2, 'count': 454, 'winrate': 0.4229}","{'current': 1426.0, 'recent': 1474.0, 'mean': 1460.0, 'max': 1548.0}"
868,2915,Pandamonium,USA,OR,pnw,2009,True,2026,"{'wins': 176, 'losses': 211, 'ties': 0, 'count': 387, 'winrate': 0.4548}","{'current': 1470.0, 'recent': 1438.0, 'mean': 1471.0, 'max': 1564.0}"
869,2926,Robo Sparks,USA,WA,pnw,2009,True,2026,"{'wins': 163, 'losses': 198, 'ties': 0, 'count': 361, 'winrate': 0.4515}","{'current': 1566.0, 'recent': 1543.0, 'mean': 1491.0, 'max': 1617.0}"
870,2927,NEST Robotics,USA,WA,pnw,2009,True,2026,"{'wins': 105, 'losses': 143, 'ties': 0, 'count': 248, 'winrate': 0.4234}","{'current': 1426.0, 'recent': 1399.0, 'mean': 1456.0, 'max': 1524.0}"
871,2928,Viking Robotics,USA,WA,pnw,2009,True,2026,"{'wins': 314, 'losses': 288, 'ties': 0, 'count': 602, 'winrate': 0.5216}","{'current': 1575.0, 'recent': 1542.0, 'mean': 1570.0, 'max': 1674.0}"
872,2929,Emeral Ridge JAGBOTS,USA,WA,pnw,2009,True,2026,"{'wins': 122, 'losses': 195, 'ties': 0, 'count': 317, 'winrate': 0.3849}","{'current': 1454.0, 'recent': 1433.0, 'mean': 1452.0, 'max': 1532.0}"
873,2930,Sonic Squirrels,USA,WA,pnw,2009,True,2026,"{'wins': 357, 'losses': 241, 'ties': 0, 'count': 598, 'winrate': 0.597}","{'current': 1524.0, 'recent': 1673.0, 'mean': 1592.0, 'max': 1756.0}"
874,2935,NACI Robotics,Canada,ON,ont,2009,True,2026,"{'wins': 210, 'losses': 212, 'ties': 0, 'count': 422, 'winrate': 0.4976}","{'current': 1682.0, 'recent': 1593.0, 'mean': 1542.0, 'max': 1682.0}"
875,2945,Steel Mustangs,USA,CO,,2009,True,2026,"{'wins': 133, 'losses': 155, 'ties': 0, 'count': 288, 'winrate': 0.4618}","{'current': 1374.0, 'recent': 1510.0, 'mean': 1485.0, 'max': 1594.0}"
876,2950,Devastators,USA,TX,fit,2009,True,2026,"{'wins': 138, 'losses': 182, 'ties': 0, 'count': 320, 'winrate': 0.4313}","{'current': 1450.0, 'recent': 1428.0, 'mean': 1446.0, 'max': 1590.0}"
877,2959,Robotarians,USA,MI,fim,2009,True,2026,"{'wins': 410, 'losses': 346, 'ties': 0, 'count': 756, 'winrate': 0.5423}","{'current': 1530.0, 'recent': 1579.0, 'mean': 1610.0, 'max': 1773.0}"
878,2960,Automation Nation,USA,MI,fim,2009,True,2026,"{'wins': 395, 'losses': 313, 'ties': 0, 'count': 708, 'winrate': 0.5579}","{'current': 1627.0, 'recent': 1608.0, 'mean': 1601.0, 'max': 1733.0}"
879,2963,AnaDroids,USA,DC,fch,2009,True,2026,"{'wins': 46, 'losses': 70, 'ties': 0, 'count': 116, 'winrate': 0.3966}","{'current': 1380.0, 'recent': 1411.0, 'mean': 1441.0, 'max': 1485.0}"
880,2969,Aftermath,USA,TX,fit,2009,True,2026,"{'wins': 106, 'losses': 179, 'ties': 0, 'count': 285, 'winrate': 0.3719}","{'current': 1434.0, 'recent': 1426.0, 'mean': 1410.0, 'max': 1451.0}"
881,2972,Gears and Buccaneers,USA,CO,,2009,True,2026,"{'wins': 107, 'losses': 151, 'ties': 0, 'count': 258, 'winrate': 0.4147}","{'current': 1479.0, 'recent': 1487.0, 'mean': 1477.0, 'max': 1570.0}"
882,2973,Mad Rockers,USA,AL,,2009,True,2026,"{'wins': 101, 'losses': 124, 'ties': 0, 'count': 225, 'winrate': 0.4489}","{'current': 1457.0, 'recent': 1489.0, 'mean': 1481.0, 'max': 1604.0}"
883,2974,Walton Robotics,USA,GA,pch,2009,True,2026,"{'wins': 544, 'losses': 236, 'ties': 0, 'count': 780, 'winrate': 0.6974}","{'current': 1705.0, 'recent': 1749.0, 'mean': 1651.0, 'max': 1815.0}"
884,2976,The Spartabots,USA,WA,pnw,2009,True,2026,"{'wins': 267, 'losses': 233, 'ties': 0, 'count': 500, 'winrate': 0.534}","{'current': 1502.0, 'recent': 1557.0, 'mean': 1533.0, 'max': 1656.0}"
885,2977,Sir LancerBots,USA,MN,,2009,True,2026,"{'wins': 109, 'losses': 119, 'ties': 0, 'count': 228, 'winrate': 0.4781}","{'current': 1449.0, 'recent': 1483.0, 'mean': 1502.0, 'max': 1622.0}"
886,2978,Cavaliers,USA,MO,,2009,True,2026,"{'wins': 105, 'losses': 113, 'ties': 1, 'count': 219, 'winrate': 0.4817}","{'current': 1409.0, 'recent': 1437.0, 'mean': 1475.0, 'max': 1566.0}"
887,2980,Whidbey Island Wildcats,USA,WA,pnw,2009,True,2026,"{'wins': 170, 'losses': 259, 'ties': 0, 'count': 429, 'winrate': 0.3963}","{'current': 1486.0, 'recent': 1499.0, 'mean': 1479.0, 'max': 1566.0}"
888,2984,Vikings Robotics,USA,CA,ca,2009,True,2026,"{'wins': 151, 'losses': 156, 'ties': 0, 'count': 307, 'winrate': 0.4919}","{'current': 1510.0, 'recent': 1483.0, 'mean': 1517.0, 'max': 1671.0}"
889,2987,Rogue Robotics,USA,MN,,2009,True,2026,"{'wins': 181, 'losses': 138, 'ties': 0, 'count': 319, 'winrate': 0.5674}","{'current': 1484.0, 'recent': 1593.0, 'mean': 1554.0, 'max': 1705.0}"
890,2988,RoboRiot,USA,VA,fch,2009,True,2026,"{'wins': 119, 'losses': 168, 'ties': 2, 'count': 289, 'winrate': 0.4152}","{'current': 1433.0, 'recent': 1429.0, 'mean': 1428.0, 'max': 1545.0}"
891,2990,Hotwire,USA,OR,pnw,2009,True,2026,"{'wins': 371, 'losses': 267, 'ties': 0, 'count': 638, 'winrate': 0.5815}","{'current': 1633.0, 'recent': 1605.0, 'mean': 1594.0, 'max': 1761.0}"
892,2992,The S.S. Prometheus,USA,LA,,2009,True,2026,"{'wins': 346, 'losses': 167, 'ties': 0, 'count': 513, 'winrate': 0.6745}","{'current': 1658.0, 'recent': 1673.0, 'mean': 1628.0, 'max': 1753.0}"
893,2996,Cougars Gone Wired,USA,CO,,2009,True,2026,"{'wins': 263, 'losses': 191, 'ties': 0, 'count': 454, 'winrate': 0.5793}","{'current': 1648.0, 'recent': 1602.0, 'mean': 1609.0, 'max': 1731.0}"
894,2998,VikingBots,USA,VA,fch,2009,True,2026,"{'wins': 136, 'losses': 169, 'ties': 0, 'count': 305, 'winrate': 0.4459}","{'current': 1468.0, 'recent': 1435.0, 'mean': 1472.0, 'max': 1637.0}"
895,3003,TAN(X),USA,NY,,2009,True,2026,"{'wins': 181, 'losses': 164, 'ties': 1, 'count': 346, 'winrate': 0.5246}","{'current': 1353.0, 'recent': 1540.0, 'mean': 1552.0, 'max': 1690.0}"
896,3004,Bx Quixote,USA,NY,,2009,True,2026,"{'wins': 55, 'losses': 86, 'ties': 1, 'count': 142, 'winrate': 0.3908}","{'current': 1413.0, 'recent': 1381.0, 'mean': 1397.0, 'max': 1449.0}"
897,3005,RoboChargers,USA,TX,fit,2009,True,2026,"{'wins': 411, 'losses': 179, 'ties': 2, 'count': 592, 'winrate': 0.6959}","{'current': 1665.0, 'recent': 1802.0, 'mean': 1625.0, 'max': 1912.0}"
898,3006,Red Rock Robotics,USA,UT,,2009,True,2026,"{'wins': 175, 'losses': 159, 'ties': 0, 'count': 334, 'winrate': 0.524}","{'current': 1708.0, 'recent': 1584.0, 'mean': 1507.0, 'max': 1708.0}"
899,3008,Team Magma,USA,HI,,2009,True,2026,"{'wins': 208, 'losses': 262, 'ties': 0, 'count': 470, 'winrate': 0.4426}","{'current': 1467.0, 'recent': 1513.0, 'mean': 1491.0, 'max': 1620.0}"
900,3009,High Scalers,USA,NV,,2009,True,2026,"{'wins': 172, 'losses': 175, 'ties': 0, 'count': 347, 'winrate': 0.4957}","{'current': 1364.0, 'recent': 1491.0, 'mean': 1539.0, 'max': 1648.0}"
901,3015,Ranger Robotics,USA,NY,,2009,True,2026,"{'wins': 418, 'losses': 203, 'ties': 0, 'count': 621, 'winrate': 0.6731}","{'current': 1785.0, 'recent': 1713.0, 'mean': 1654.0, 'max': 1785.0}"
902,3017,Patriots,USA,NY,,2009,True,2026,"{'wins': 81, 'losses': 100, 'ties': 0, 'count': 181, 'winrate': 0.4475}","{'current': 1407.0, 'recent': 1435.0, 'mean': 1458.0, 'max': 1564.0}"
903,3018,Nordic Storm,USA,MN,,2009,True,2026,"{'wins': 145, 'losses': 117, 'ties': 0, 'count': 262, 'winrate': 0.5534}","{'current': 1498.0, 'recent': 1520.0, 'mean': 1544.0, 'max': 1726.0}"
904,3019,Firebirds,USA,AZ,,2009,True,2026,"{'wins': 170, 'losses': 237, 'ties': 0, 'count': 407, 'winrate': 0.4177}","{'current': 1440.0, 'recent': 1443.0, 'mean': 1498.0, 'max': 1556.0}"
905,3020,SMbld,USA,CA,ca,2009,True,2026,"{'wins': 46, 'losses': 50, 'ties': 0, 'count': 96, 'winrate': 0.4792}","{'current': 1438.0, 'recent': 1428.0, 'mean': 1439.0, 'max': 1515.0}"
906,3023,STARK Industries,USA,MN,,2009,True,2026,"{'wins': 79, 'losses': 120, 'ties': 0, 'count': 199, 'winrate': 0.397}","{'current': 1429.0, 'recent': 1499.0, 'mean': 1464.0, 'max': 1565.0}"
907,3024,My Favorite Team,USA,OR,pnw,2009,True,2026,"{'wins': 164, 'losses': 237, 'ties': 0, 'count': 401, 'winrate': 0.409}","{'current': 1412.0, 'recent': 1453.0, 'mean': 1475.0, 'max': 1641.0}"
908,3026,Orange Crush Robotics,USA,MN,,2009,True,2026,"{'wins': 125, 'losses': 143, 'ties': 0, 'count': 268, 'winrate': 0.4664}","{'current': 1457.0, 'recent': 1529.0, 'mean': 1489.0, 'max': 1577.0}"
909,3035,Droid Rage,USA,TX,fit,2009,True,2026,"{'wins': 223, 'losses': 182, 'ties': 0, 'count': 405, 'winrate': 0.5506}","{'current': 1640.0, 'recent': 1603.0, 'mean': 1511.0, 'max': 1648.0}"
910,3038,Inter-district Computers and Engineering,USA,MN,,2009,True,2026,"{'wins': 88, 'losses': 86, 'ties': 0, 'count': 174, 'winrate': 0.5057}","{'current': 1477.0, 'recent': 1481.0, 'mean': 1501.0, 'max': 1582.0}"
911,3039,Wildcat Robotics,USA,LA,,2009,True,2026,"{'wins': 238, 'losses': 165, 'ties': 2, 'count': 405, 'winrate': 0.5901}","{'current': 1621.0, 'recent': 1617.0, 'mean': 1578.0, 'max': 1755.0}"
912,3042,Cobalt Catalysts,USA,MN,,2009,True,2026,"{'wins': 162, 'losses': 164, 'ties': 0, 'count': 326, 'winrate': 0.4969}","{'current': 1472.0, 'recent': 1498.0, 'mean': 1530.0, 'max': 1660.0}"
913,3044,Team 0xBE4,USA,NY,,2009,True,2026,"{'wins': 179, 'losses': 183, 'ties': 0, 'count': 362, 'winrate': 0.4945}","{'current': 1555.0, 'recent': 1535.0, 'mean': 1547.0, 'max': 1677.0}"
914,3045,Gear Gremlins,USA,CA,ca,2009,True,2026,"{'wins': 150, 'losses': 181, 'ties': 0, 'count': 331, 'winrate': 0.4532}","{'current': 1693.0, 'recent': 1576.0, 'mean': 1487.0, 'max': 1697.0}"
915,3049,BremerTron,USA,WA,pnw,2009,True,2026,"{'wins': 126, 'losses': 201, 'ties': 0, 'count': 327, 'winrate': 0.3853}","{'current': 1488.0, 'recent': 1469.0, 'mean': 1436.0, 'max': 1502.0}"
916,3053,VB Stingers,USA,NY,,2009,True,2026,"{'wins': 25, 'losses': 46, 'ties': 0, 'count': 71, 'winrate': 0.3521}","{'current': 1330.0, 'recent': 1334.0, 'mean': 1396.0, 'max': 1469.0}"
917,3054,IceStorm,USA,MN,,2009,True,2026,"{'wins': 44, 'losses': 82, 'ties': 0, 'count': 126, 'winrate': 0.3492}","{'current': 1365.0, 'recent': 1399.0, 'mean': 1435.0, 'max': 1529.0}"
918,3055,Furious George,USA,MN,,2009,True,2026,"{'wins': 58, 'losses': 86, 'ties': 0, 'count': 144, 'winrate': 0.4028}","{'current': 1470.0, 'recent': 1437.0, 'mean': 1472.0, 'max': 1554.0}"
919,3061,Huskie Robotics,USA,IL,,2009,True,2026,"{'wins': 240, 'losses': 172, 'ties': 0, 'count': 412, 'winrate': 0.5825}","{'current': 1591.0, 'recent': 1672.0, 'mean': 1597.0, 'max': 1755.0}"
920,3065,Jatt High School,Israel,,isr,2009,True,2026,"{'wins': 179, 'losses': 215, 'ties': 1, 'count': 395, 'winrate': 0.4544}","{'current': 1527.0, 'recent': 1566.0, 'mean': 1521.0, 'max': 1585.0}"
921,3067,Robovikes,USA,IL,,2009,True,2026,"{'wins': 124, 'losses': 162, 'ties': 0, 'count': 286, 'winrate': 0.4336}","{'current': 1505.0, 'recent': 1493.0, 'mean': 1495.0, 'max': 1593.0}"
922,3070,Team Pronto 3070,USA,WA,pnw,2009,True,2026,"{'wins': 231, 'losses': 239, 'ties': 0, 'count': 470, 'winrate': 0.4915}","{'current': 1467.0, 'recent': 1562.0, 'mean': 1532.0, 'max': 1698.0}"
923,3072,Backwoods Bots,USA,VA,fch,2009,True,2026,"{'wins': 98, 'losses': 114, 'ties': 0, 'count': 212, 'winrate': 0.4623}","{'current': 1508.0, 'recent': 1474.0, 'mean': 1495.0, 'max': 1607.0}"
924,3075,Ha-Dream Team,Israel,,isr,2009,True,2026,"{'wins': 261, 'losses': 212, 'ties': 0, 'count': 473, 'winrate': 0.5518}","{'current': 1547.0, 'recent': 1611.0, 'mean': 1538.0, 'max': 1663.0}"
925,3082,Chicken Bot Pie,USA,MN,,2009,True,2026,"{'wins': 156, 'losses': 137, 'ties': 0, 'count': 293, 'winrate': 0.5324}","{'current': 1545.0, 'recent': 1552.0, 'mean': 1537.0, 'max': 1634.0}"
926,3083,Artemis,Israel,,isr,2009,True,2026,"{'wins': 163, 'losses': 217, 'ties': 0, 'count': 380, 'winrate': 0.4289}","{'current': 1512.0, 'recent': 1513.0, 'mean': 1487.0, 'max': 1567.0}"
927,3090,Chaotic Robotics,USA,MN,,2009,True,2026,"{'wins': 59, 'losses': 88, 'ties': 0, 'count': 147, 'winrate': 0.4014}","{'current': 1431.0, 'recent': 1406.0, 'mean': 1448.0, 'max': 1518.0}"
928,3091,100 Scholars,USA,GA,pch,2009,True,2026,"{'wins': 147, 'losses': 191, 'ties': 0, 'count': 338, 'winrate': 0.4349}","{'current': 1452.0, 'recent': 1412.0, 'mean': 1437.0, 'max': 1545.0}"
929,3096,The Village Bulldogs,USA,MI,fim,2009,True,2026,"{'wins': 187, 'losses': 244, 'ties': 0, 'count': 431, 'winrate': 0.4339}","{'current': 1448.0, 'recent': 1475.0, 'mean': 1485.0, 'max': 1593.0}"
930,3098,Waterford Robotics,USA,MI,fim,2009,True,2026,"{'wins': 372, 'losses': 293, 'ties': 0, 'count': 665, 'winrate': 0.5594}","{'current': 1466.0, 'recent': 1491.0, 'mean': 1580.0, 'max': 1743.0}"
931,3100,The Lightning Turtles,USA,MN,,2009,True,2026,"{'wins': 146, 'losses': 129, 'ties': 0, 'count': 275, 'winrate': 0.5309}","{'current': 1667.0, 'recent': 1574.0, 'mean': 1519.0, 'max': 1667.0}"
932,3102,Tech-No-Tigers,USA,MN,,2009,True,2026,"{'wins': 176, 'losses': 159, 'ties': 1, 'count': 336, 'winrate': 0.5253}","{'current': 1566.0, 'recent': 1555.0, 'mean': 1544.0, 'max': 1631.0}"
933,3117,Harfangs,Canada,QC,,2009,True,2026,"{'wins': 154, 'losses': 168, 'ties': 1, 'count': 323, 'winrate': 0.4783}","{'current': 1499.0, 'recent': 1501.0, 'mean': 1543.0, 'max': 1696.0}"
934,3128,The Aluminum Narwhals,USA,CA,ca,2010,True,2026,"{'wins': 276, 'losses': 194, 'ties': 0, 'count': 470, 'winrate': 0.5872}","{'current': 1822.0, 'recent': 1671.0, 'mean': 1575.0, 'max': 1822.0}"
935,3130,The ERRORs,USA,MN,,2010,True,2026,"{'wins': 303, 'losses': 182, 'ties': 0, 'count': 485, 'winrate': 0.6247}","{'current': 1616.0, 'recent': 1599.0, 'mean': 1628.0, 'max': 1752.0}"
936,3132,Thunder Down Under,Australia,,,2010,True,2026,"{'wins': 241, 'losses': 187, 'ties': 0, 'count': 428, 'winrate': 0.5631}","{'current': 1653.0, 'recent': 1613.0, 'mean': 1599.0, 'max': 1742.0}"
937,3134,The Accelerators,USA,MN,,2010,True,2026,"{'wins': 89, 'losses': 98, 'ties': 0, 'count': 187, 'winrate': 0.4759}","{'current': 1474.0, 'recent': 1519.0, 'mean': 1486.0, 'max': 1549.0}"
938,3136,O.R.C.A.,USA,VA,fch,2010,True,2026,"{'wins': 212, 'losses': 221, 'ties': 0, 'count': 433, 'winrate': 0.4896}","{'current': 1563.0, 'recent': 1600.0, 'mean': 1509.0, 'max': 1624.0}"
939,3137,T-Birds,USA,NY,,2010,True,2026,"{'wins': 110, 'losses': 99, 'ties': 1, 'count': 210, 'winrate': 0.5262}","{'current': 1450.0, 'recent': 1495.0, 'mean': 1538.0, 'max': 1642.0}"
940,3138,Innovators Robotics,USA,OH,,2010,True,2026,"{'wins': 200, 'losses': 168, 'ties': 0, 'count': 368, 'winrate': 0.5435}","{'current': 1537.0, 'recent': 1489.0, 'mean': 1584.0, 'max': 1739.0}"
941,3140,Flagship,USA,TN,,2010,True,2026,"{'wins': 159, 'losses': 163, 'ties': 0, 'count': 322, 'winrate': 0.4938}","{'current': 1463.0, 'recent': 1524.0, 'mean': 1492.0, 'max': 1588.0}"
942,3142,Aperture,USA,NJ,fma,2010,True,2026,"{'wins': 283, 'losses': 259, 'ties': 0, 'count': 542, 'winrate': 0.5221}","{'current': 1454.0, 'recent': 1580.0, 'mean': 1535.0, 'max': 1639.0}"
943,3146,GRANBY GRUNTS,USA,CT,ne,2010,True,2026,"{'wins': 205, 'losses': 223, 'ties': 0, 'count': 428, 'winrate': 0.479}","{'current': 1588.0, 'recent': 1590.0, 'mean': 1548.0, 'max': 1636.0}"
944,3147,Munster Horsepower,USA,IN,fin,2010,True,2026,"{'wins': 233, 'losses': 246, 'ties': 0, 'count': 479, 'winrate': 0.4864}","{'current': 1465.0, 'recent': 1520.0, 'mean': 1534.0, 'max': 1694.0}"
945,3158,PrepaTec - TECBOT,Mexico,,,2010,True,2026,"{'wins': 223, 'losses': 161, 'ties': 1, 'count': 385, 'winrate': 0.5805}","{'current': 1619.0, 'recent': 1527.0, 'mean': 1551.0, 'max': 1685.0}"
946,3160,F. R. O. G. - FIRST Robotics Organization of Grove,USA,OK,,2010,True,2026,"{'wins': 166, 'losses': 160, 'ties': 0, 'count': 326, 'winrate': 0.5092}","{'current': 1488.0, 'recent': 1522.0, 'mean': 1525.0, 'max': 1622.0}"
947,3161,Tronic Titans,Canada,ON,ont,2010,True,2026,"{'wins': 228, 'losses': 256, 'ties': 0, 'count': 484, 'winrate': 0.4711}","{'current': 1610.0, 'recent': 1594.0, 'mean': 1559.0, 'max': 1724.0}"
948,3163,ROARBOTS,USA,OK,,2010,True,2026,"{'wins': 44, 'losses': 86, 'ties': 0, 'count': 130, 'winrate': 0.3385}","{'current': 1480.0, 'recent': 1447.0, 'mean': 1457.0, 'max': 1491.0}"
949,3164,Stealth Tigers,USA,FL,,2010,True,2026,"{'wins': 126, 'losses': 150, 'ties': 0, 'count': 276, 'winrate': 0.4565}","{'current': 1470.0, 'recent': 1460.0, 'mean': 1487.0, 'max': 1554.0}"
950,3166,Rooks,USA,UT,,2010,True,2026,"{'wins': 73, 'losses': 61, 'ties': 0, 'count': 134, 'winrate': 0.5448}","{'current': 1469.0, 'recent': 1486.0, 'mean': 1481.0, 'max': 1516.0}"
951,3171,HURRICANES,USA,NY,,2010,True,2026,"{'wins': 186, 'losses': 156, 'ties': 0, 'count': 342, 'winrate': 0.5439}","{'current': 1357.0, 'recent': 1534.0, 'mean': 1540.0, 'max': 1649.0}"
952,3173,IgKnighters,USA,NY,,2010,True,2026,"{'wins': 230, 'losses': 200, 'ties': 0, 'count': 430, 'winrate': 0.5349}","{'current': 1636.0, 'recent': 1658.0, 'mean': 1571.0, 'max': 1737.0}"
953,3175,Knight Vision,USA,MI,fim,2010,True,2026,"{'wins': 375, 'losses': 285, 'ties': 0, 'count': 660, 'winrate': 0.5682}","{'current': 1610.0, 'recent': 1684.0, 'mean': 1565.0, 'max': 1740.0}"
954,3176,Purple Precision,USA,IN,fin,2010,True,2026,"{'wins': 275, 'losses': 265, 'ties': 0, 'count': 540, 'winrate': 0.5093}","{'current': 1619.0, 'recent': 1606.0, 'mean': 1546.0, 'max': 1641.0}"
955,3179,The A.N.T.,USA,OK,,2010,True,2026,"{'wins': 120, 'losses': 136, 'ties': 0, 'count': 256, 'winrate': 0.4688}","{'current': 1543.0, 'recent': 1544.0, 'mean': 1483.0, 'max': 1566.0}"
956,3181,Pittsford Panthers,USA,NY,,2010,True,2026,"{'wins': 90, 'losses': 119, 'ties': 0, 'count': 209, 'winrate': 0.4306}","{'current': 1626.0, 'recent': 1549.0, 'mean': 1495.0, 'max': 1626.0}"
957,3182,Athena's Warriors,USA,CT,ne,2010,True,2026,"{'wins': 180, 'losses': 264, 'ties': 0, 'count': 444, 'winrate': 0.4054}","{'current': 1415.0, 'recent': 1521.0, 'mean': 1480.0, 'max': 1567.0}"
958,3184,Blaze Robotics,USA,MN,,2010,True,2026,"{'wins': 206, 'losses': 169, 'ties': 0, 'count': 375, 'winrate': 0.5493}","{'current': 1520.0, 'recent': 1600.0, 'mean': 1547.0, 'max': 1719.0}"
959,3189,Circuit Breakers,USA,CA,ca,2010,True,2026,"{'wins': 162, 'losses': 184, 'ties': 0, 'count': 346, 'winrate': 0.4682}","{'current': 1497.0, 'recent': 1489.0, 'mean': 1478.0, 'max': 1553.0}"
960,3193,Falco Tech,USA,OH,,2010,True,2026,"{'wins': 169, 'losses': 188, 'ties': 1, 'count': 358, 'winrate': 0.4735}","{'current': 1414.0, 'recent': 1512.0, 'mean': 1539.0, 'max': 1701.0}"
961,3196,Team SPORK,USA,NC,fnc,2010,True,2026,"{'wins': 318, 'losses': 283, 'ties': 0, 'count': 601, 'winrate': 0.5291}","{'current': 1470.0, 'recent': 1520.0, 'mean': 1538.0, 'max': 1679.0}"
962,3197,HexHounds,USA,WI,win,2010,True,2026,"{'wins': 230, 'losses': 182, 'ties': 2, 'count': 414, 'winrate': 0.558}","{'current': 1605.0, 'recent': 1623.0, 'mean': 1549.0, 'max': 1697.0}"
963,3200,Raptacon,USA,CO,,2010,True,2026,"{'wins': 132, 'losses': 147, 'ties': 0, 'count': 279, 'winrate': 0.4731}","{'current': 1387.0, 'recent': 1486.0, 'mean': 1500.0, 'max': 1561.0}"
964,3201,Ross Rambotics,USA,OH,,2010,True,2026,"{'wins': 156, 'losses': 173, 'ties': 0, 'count': 329, 'winrate': 0.4742}","{'current': 1540.0, 'recent': 1585.0, 'mean': 1530.0, 'max': 1665.0}"
965,3204,Steampunk Penguins,USA,NY,,2010,True,2026,"{'wins': 65, 'losses': 86, 'ties': 0, 'count': 151, 'winrate': 0.4305}","{'current': 1322.0, 'recent': 1399.0, 'mean': 1423.0, 'max': 1502.0}"
966,3205,Patriots,USA,MA,ne,2010,True,2026,"{'wins': 186, 'losses': 208, 'ties': 0, 'count': 394, 'winrate': 0.4721}","{'current': 1493.0, 'recent': 1531.0, 'mean': 1523.0, 'max': 1655.0}"
967,3206,Royal T-Wrecks,USA,MN,,2010,True,2026,"{'wins': 119, 'losses': 123, 'ties': 0, 'count': 242, 'winrate': 0.4917}","{'current': 1525.0, 'recent': 1556.0, 'mean': 1511.0, 'max': 1621.0}"
968,3211,The Y Team,Israel,,isr,2010,True,2026,"{'wins': 244, 'losses': 209, 'ties': 1, 'count': 454, 'winrate': 0.5385}","{'current': 1505.0, 'recent': 1554.0, 'mean': 1542.0, 'max': 1645.0}"
969,3212,YME Stingbots,USA,MN,,2010,True,2026,"{'wins': 56, 'losses': 83, 'ties': 0, 'count': 139, 'winrate': 0.4029}","{'current': 1450.0, 'recent': 1427.0, 'mean': 1461.0, 'max': 1537.0}"
970,3216,MRT,USA,MT,,2010,True,2026,"{'wins': 114, 'losses': 126, 'ties': 0, 'count': 240, 'winrate': 0.475}","{'current': 1610.0, 'recent': 1561.0, 'mean': 1521.0, 'max': 1610.0}"
971,3218,Panther Robotics,USA,WA,pnw,2010,True,2026,"{'wins': 255, 'losses': 211, 'ties': 0, 'count': 466, 'winrate': 0.5472}","{'current': 1640.0, 'recent': 1640.0, 'mean': 1529.0, 'max': 1732.0}"
972,3219,"TREAD (Trojan Robotics, Engineering, Art, & Design)",USA,WA,pnw,2010,True,2026,"{'wins': 182, 'losses': 219, 'ties': 0, 'count': 401, 'winrate': 0.4539}","{'current': 1432.0, 'recent': 1466.0, 'mean': 1501.0, 'max': 1615.0}"
973,3229,Hawktimus Prime,USA,NC,fnc,2010,True,2026,"{'wins': 226, 'losses': 243, 'ties': 0, 'count': 469, 'winrate': 0.4819}","{'current': 1493.0, 'recent': 1524.0, 'mean': 1494.0, 'max': 1607.0}"
974,3234,Red Arrows,USA,MI,fim,2010,True,2026,"{'wins': 240, 'losses': 221, 'ties': 0, 'count': 461, 'winrate': 0.5206}","{'current': 1447.0, 'recent': 1479.0, 'mean': 1551.0, 'max': 1672.0}"
975,3240,Team Orion,USA,TX,fit,2010,True,2026,"{'wins': 86, 'losses': 96, 'ties': 1, 'count': 183, 'winrate': 0.4727}","{'current': 1341.0, 'recent': 1361.0, 'mean': 1433.0, 'max': 1515.0}"
976,3242,ILLUMICATS,USA,FL,,2010,True,2026,"{'wins': 91, 'losses': 112, 'ties': 0, 'count': 203, 'winrate': 0.4483}","{'current': 1395.0, 'recent': 1392.0, 'mean': 1465.0, 'max': 1590.0}"
977,3243,Amperes,USA,UT,,2010,True,2026,"{'wins': 129, 'losses': 145, 'ties': 1, 'count': 275, 'winrate': 0.4709}","{'current': 1488.0, 'recent': 1472.0, 'mean': 1470.0, 'max': 1550.0}"
978,3245,Ravens,USA,UT,,2010,True,2026,"{'wins': 249, 'losses': 199, 'ties': 0, 'count': 448, 'winrate': 0.5558}","{'current': 1544.0, 'recent': 1537.0, 'mean': 1546.0, 'max': 1689.0}"
979,3247,Robopack,USA,OK,,2010,True,2026,"{'wins': 91, 'losses': 96, 'ties': 0, 'count': 187, 'winrate': 0.4866}","{'current': 1356.0, 'recent': 1468.0, 'mean': 1483.0, 'max': 1529.0}"
980,3255,SuperNURDs,USA,CA,ca,2010,True,2026,"{'wins': 249, 'losses': 147, 'ties': 0, 'count': 396, 'winrate': 0.6288}","{'current': 1644.0, 'recent': 1647.0, 'mean': 1612.0, 'max': 1740.0}"
981,3256,WarriorBorgs,USA,CA,ca,2010,True,2026,"{'wins': 309, 'losses': 285, 'ties': 0, 'count': 594, 'winrate': 0.5202}","{'current': 1779.0, 'recent': 1620.0, 'mean': 1593.0, 'max': 1779.0}"
982,3257,Vortechs,USA,CA,ca,2010,True,2026,"{'wins': 122, 'losses': 132, 'ties': 0, 'count': 254, 'winrate': 0.4803}","{'current': 1645.0, 'recent': 1560.0, 'mean': 1478.0, 'max': 1645.0}"
983,3258,MADAWGS,USA,VA,fch,2010,True,2026,"{'wins': 106, 'losses': 136, 'ties': 1, 'count': 243, 'winrate': 0.4383}","{'current': 1507.0, 'recent': 1478.0, 'mean': 1458.0, 'max': 1594.0}"
984,3260,SHARP,USA,PA,,2010,True,2026,"{'wins': 159, 'losses': 155, 'ties': 0, 'count': 314, 'winrate': 0.5064}","{'current': 1497.0, 'recent': 1516.0, 'mean': 1540.0, 'max': 1698.0}"
985,3267,Mariner Robotics,USA,MN,,2010,True,2026,"{'wins': 75, 'losses': 81, 'ties': 0, 'count': 156, 'winrate': 0.4808}","{'current': 1539.0, 'recent': 1501.0, 'mean': 1484.0, 'max': 1557.0}"
986,3268,Valhallabots,USA,WA,pnw,2010,True,2026,"{'wins': 118, 'losses': 181, 'ties': 0, 'count': 299, 'winrate': 0.3946}","{'current': 1475.0, 'recent': 1438.0, 'mean': 1464.0, 'max': 1529.0}"
987,3275,The Regulators,USA,MN,,2010,True,2026,"{'wins': 95, 'losses': 102, 'ties': 0, 'count': 197, 'winrate': 0.4822}","{'current': 1451.0, 'recent': 1501.0, 'mean': 1485.0, 'max': 1537.0}"
988,3276,TOOLCATS,USA,MN,,2010,True,2026,"{'wins': 192, 'losses': 113, 'ties': 1, 'count': 306, 'winrate': 0.6291}","{'current': 1647.0, 'recent': 1679.0, 'mean': 1587.0, 'max': 1788.0}"
989,3277,ProDigi,USA,MN,,2010,True,2026,"{'wins': 177, 'losses': 143, 'ties': 0, 'count': 320, 'winrate': 0.5531}","{'current': 1624.0, 'recent': 1557.0, 'mean': 1556.0, 'max': 1697.0}"
990,3278,Electric Lakers,USA,MN,,2010,True,2026,"{'wins': 69, 'losses': 96, 'ties': 0, 'count': 165, 'winrate': 0.4182}","{'current': 1513.0, 'recent': 1460.0, 'mean': 1453.0, 'max': 1513.0}"
991,3282,Dallas Robo Tigers,USA,TX,fit,2010,True,2026,"{'wins': 72, 'losses': 130, 'ties': 0, 'count': 202, 'winrate': 0.3564}","{'current': 1431.0, 'recent': 1369.0, 'mean': 1398.0, 'max': 1506.0}"
992,3284,Camdenton  LASER 3284,USA,MO,,2010,True,2026,"{'wins': 363, 'losses': 285, 'ties': 0, 'count': 648, 'winrate': 0.5602}","{'current': 1535.0, 'recent': 1560.0, 'mean': 1607.0, 'max': 1690.0}"
993,3288,Punchers,USA,WY,,2010,True,2026,"{'wins': 142, 'losses': 183, 'ties': 0, 'count': 325, 'winrate': 0.4369}","{'current': 1448.0, 'recent': 1458.0, 'mean': 1486.0, 'max': 1594.0}"
994,3291,Au Pirates,USA,MN,,2010,True,2026,"{'wins': 51, 'losses': 82, 'ties': 0, 'count': 133, 'winrate': 0.3835}","{'current': 1407.0, 'recent': 1449.0, 'mean': 1465.0, 'max': 1557.0}"
995,3293,OtterBots,USA,MN,,2010,True,2026,"{'wins': 140, 'losses': 91, 'ties': 0, 'count': 231, 'winrate': 0.6061}","{'current': 1663.0, 'recent': 1585.0, 'mean': 1584.0, 'max': 1696.0}"
996,3294,Backwoods Engineers,USA,MN,,2010,True,2026,"{'wins': 66, 'losses': 73, 'ties': 0, 'count': 139, 'winrate': 0.4748}","{'current': 1441.0, 'recent': 1478.0, 'mean': 1473.0, 'max': 1521.0}"
997,3295,STEMdroids,USA,CA,ca,2010,True,2026,"{'wins': 47, 'losses': 93, 'ties': 0, 'count': 140, 'winrate': 0.3357}","{'current': 1503.0, 'recent': 1454.0, 'mean': 1402.0, 'max': 1503.0}"
998,3297,Full Metal Jackets,USA,MN,,2010,True,2026,"{'wins': 118, 'losses': 105, 'ties': 0, 'count': 223, 'winrate': 0.5291}","{'current': 1619.0, 'recent': 1577.0, 'mean': 1486.0, 'max': 1629.0}"
999,3298,ArrowBots,USA,MN,,2010,True,2026,"{'wins': 94, 'losses': 144, 'ties': 0, 'count': 238, 'winrate': 0.395}","{'current': 1431.0, 'recent': 1438.0, 'mean': 1461.0, 'max': 1523.0}"
1000,3300,Midwest WARRIORS,USA,MN,,2010,True,2026,"{'wins': 52, 'losses': 90, 'ties': 0, 'count': 142, 'winrate': 0.3662}","{'current': 1427.0, 'recent': 1462.0, 'mean': 1436.0, 'max': 1521.0}"
1001,3302,TurboTrojans,USA,MI,fim,2010,True,2026,"{'wins': 159, 'losses': 249, 'ties': 0, 'count': 408, 'winrate': 0.3897}","{'current': 1455.0, 'recent': 1465.0, 'mean': 1507.0, 'max': 1710.0}"
1002,3309,Friarbots,USA,CA,ca,2010,True,2026,"{'wins': 322, 'losses': 214, 'ties': 0, 'count': 536, 'winrate': 0.6007}","{'current': 1512.0, 'recent': 1546.0, 'mean': 1612.0, 'max': 1831.0}"
1003,3310,Black Hawk Robotics,USA,TX,fit,2010,True,2026,"{'wins': 512, 'losses': 213, 'ties': 0, 'count': 725, 'winrate': 0.7062}","{'current': 1625.0, 'recent': 1715.0, 'mean': 1707.0, 'max': 1888.0}"
1004,3313,Mechatronics,USA,MN,,2010,True,2026,"{'wins': 180, 'losses': 125, 'ties': 0, 'count': 305, 'winrate': 0.5902}","{'current': 1552.0, 'recent': 1544.0, 'mean': 1547.0, 'max': 1629.0}"
1005,3314,Mechanical Mustangs,USA,NJ,fma,2010,True,2026,"{'wins': 559, 'losses': 337, 'ties': 2, 'count': 898, 'winrate': 0.6236}","{'current': 1582.0, 'recent': 1691.0, 'mean': 1627.0, 'max': 1788.0}"
1006,3316,D-Bug,Israel,,isr,2010,True,2026,"{'wins': 223, 'losses': 206, 'ties': 0, 'count': 429, 'winrate': 0.5198}","{'current': 1517.0, 'recent': 1560.0, 'mean': 1550.0, 'max': 1683.0}"
1007,3318,RoboDragons,USA,GA,pch,2010,True,2026,"{'wins': 97, 'losses': 84, 'ties': 2, 'count': 183, 'winrate': 0.5355}","{'current': 1481.0, 'recent': 1498.0, 'mean': 1489.0, 'max': 1655.0}"
1008,3322,Eagle Evolution,USA,MI,fim,2010,True,2026,"{'wins': 367, 'losses': 262, 'ties': 0, 'count': 629, 'winrate': 0.5835}","{'current': 1641.0, 'recent': 1633.0, 'mean': 1607.0, 'max': 1717.0}"
1009,3323,Potential Energy,USA,NH,ne,2010,True,2026,"{'wins': 137, 'losses': 180, 'ties': 0, 'count': 317, 'winrate': 0.4322}","{'current': 1602.0, 'recent': 1525.0, 'mean': 1501.0, 'max': 1602.0}"
1010,3324,The Metrobots,USA,OH,,2010,True,2026,"{'wins': 176, 'losses': 165, 'ties': 0, 'count': 341, 'winrate': 0.5161}","{'current': 1405.0, 'recent': 1492.0, 'mean': 1549.0, 'max': 1708.0}"
1011,3328,NoHoRobo,USA,CA,ca,2010,True,2026,"{'wins': 121, 'losses': 131, 'ties': 0, 'count': 252, 'winrate': 0.4802}","{'current': 1481.0, 'recent': 1428.0, 'mean': 1459.0, 'max': 1578.0}"
1012,3329,Wildbots,USA,GA,pch,2010,True,2026,"{'wins': 197, 'losses': 211, 'ties': 0, 'count': 408, 'winrate': 0.4828}","{'current': 1502.0, 'recent': 1502.0, 'mean': 1481.0, 'max': 1551.0}"
1013,3336,Zimanators,USA,NC,fnc,2010,True,2026,"{'wins': 148, 'losses': 185, 'ties': 2, 'count': 335, 'winrate': 0.4448}","{'current': 1447.0, 'recent': 1430.0, 'mean': 1468.0, 'max': 1575.0}"
1014,3339,BumbleB,Israel,,isr,2010,True,2026,"{'wins': 391, 'losses': 192, 'ties': 0, 'count': 583, 'winrate': 0.6707}","{'current': 1604.0, 'recent': 1702.0, 'mean': 1646.0, 'max': 1779.0}"
1015,3340,Union City EagleX Robotics,USA,NJ,fma,2010,True,2026,"{'wins': 150, 'losses': 196, 'ties': 0, 'count': 346, 'winrate': 0.4335}","{'current': 1396.0, 'recent': 1434.0, 'mean': 1452.0, 'max': 1516.0}"
1016,3341,Option 16,USA,CA,ca,2010,True,2026,"{'wins': 78, 'losses': 110, 'ties': 0, 'count': 188, 'winrate': 0.4149}","{'current': 1453.0, 'recent': 1470.0, 'mean': 1456.0, 'max': 1544.0}"
1017,3344,Space Dragons,USA,GA,pch,2010,True,2026,"{'wins': 161, 'losses': 216, 'ties': 0, 'count': 377, 'winrate': 0.4271}","{'current': 1479.0, 'recent': 1486.0, 'mean': 1465.0, 'max': 1541.0}"
1018,3354,PrepaTec - TecDroid,Mexico,,,2010,True,2026,"{'wins': 153, 'losses': 173, 'ties': 0, 'count': 326, 'winrate': 0.4693}","{'current': 1567.0, 'recent': 1498.0, 'mean': 1488.0, 'max': 1580.0}"
1019,3357,COMETS,USA,MI,fim,2010,True,2026,"{'wins': 565, 'losses': 303, 'ties': 0, 'count': 868, 'winrate': 0.6509}","{'current': 1565.0, 'recent': 1680.0, 'mean': 1659.0, 'max': 1859.0}"
1020,3359,Royal Robotics,USA,VA,fch,2010,True,2026,"{'wins': 143, 'losses': 219, 'ties': 0, 'count': 362, 'winrate': 0.395}","{'current': 1398.0, 'recent': 1429.0, 'mean': 1435.0, 'max': 1591.0}"
1021,3360,Hyperion,Canada,QC,,2010,True,2026,"{'wins': 208, 'losses': 166, 'ties': 0, 'count': 374, 'winrate': 0.5561}","{'current': 1515.0, 'recent': 1537.0, 'mean': 1590.0, 'max': 1715.0}"
1022,3361,Governators,USA,VA,fch,2010,True,2026,"{'wins': 119, 'losses': 156, 'ties': 0, 'count': 275, 'winrate': 0.4327}","{'current': 1479.0, 'recent': 1475.0, 'mean': 1442.0, 'max': 1496.0}"
1023,3373,Team RoboHawk,USA,VA,fch,2010,True,2026,"{'wins': 176, 'losses': 206, 'ties': 0, 'count': 382, 'winrate': 0.4607}","{'current': 1523.0, 'recent': 1540.0, 'mean': 1498.0, 'max': 1580.0}"
1024,3381,Droid Rage,USA,WI,win,2010,True,2026,"{'wins': 117, 'losses': 196, 'ties': 0, 'count': 313, 'winrate': 0.3738}","{'current': 1455.0, 'recent': 1471.0, 'mean': 1474.0, 'max': 1559.0}"
1025,3388,Flash in memory of Margarita Gusak,Israel,,isr,2010,True,2026,"{'wins': 159, 'losses': 173, 'ties': 0, 'count': 332, 'winrate': 0.4789}","{'current': 1484.0, 'recent': 1533.0, 'mean': 1496.0, 'max': 1592.0}"
1026,3390,ANATOLIAN EAGLEBOTS,Türkiye,,,2010,True,2026,"{'wins': 57, 'losses': 100, 'ties': 0, 'count': 157, 'winrate': 0.3631}","{'current': 1397.0, 'recent': 1420.0, 'mean': 1437.0, 'max': 1515.0}"
1027,3393,Horns of Havoc,USA,WA,pnw,2010,True,2026,"{'wins': 208, 'losses': 199, 'ties': 1, 'count': 408, 'winrate': 0.511}","{'current': 1454.0, 'recent': 1421.0, 'mean': 1520.0, 'max': 1757.0}"
1028,3397,Robolions,USA,MO,,2010,True,2026,"{'wins': 115, 'losses': 131, 'ties': 0, 'count': 246, 'winrate': 0.4675}","{'current': 1385.0, 'recent': 1425.0, 'mean': 1480.0, 'max': 1622.0}"
1029,3407,Wild Cards,USA,MN,,2010,True,2026,"{'wins': 54, 'losses': 73, 'ties': 0, 'count': 127, 'winrate': 0.4252}","{'current': 1495.0, 'recent': 1462.0, 'mean': 1456.0, 'max': 1513.0}"
1030,3408,cyberCubs,USA,CA,ca,2010,True,2026,"{'wins': 94, 'losses': 114, 'ties': 0, 'count': 208, 'winrate': 0.4519}","{'current': 1533.0, 'recent': 1494.0, 'mean': 1464.0, 'max': 1551.0}"
1031,3414,Hackbots,USA,MI,fim,2010,True,2026,"{'wins': 377, 'losses': 295, 'ties': 0, 'count': 672, 'winrate': 0.561}","{'current': 1740.0, 'recent': 1670.0, 'mean': 1601.0, 'max': 1740.0}"
1032,3418,RoboRiot,USA,WI,win,2010,True,2026,"{'wins': 107, 'losses': 111, 'ties': 1, 'count': 219, 'winrate': 0.4909}","{'current': 1455.0, 'recent': 1504.0, 'mean': 1532.0, 'max': 1717.0}"
1033,3419,RoHawks,USA,NY,,2010,True,2026,"{'wins': 209, 'losses': 149, 'ties': 0, 'count': 358, 'winrate': 0.5838}","{'current': 1554.0, 'recent': 1582.0, 'mean': 1581.0, 'max': 1728.0}"
1034,3424,Corax,USA,UT,,2010,True,2026,"{'wins': 3, 'losses': 6, 'ties': 0, 'count': 9, 'winrate': 0.3333}","{'current': 1445.0, 'recent': 1445.0, 'mean': 1445.0, 'max': 1445.0}"
1035,3425,PULSARS,USA,MI,fim,2010,True,2026,"{'wins': 7, 'losses': 19, 'ties': 0, 'count': 26, 'winrate': 0.2692}","{'current': 1487.0, 'recent': 1487.0, 'mean': 1487.0, 'max': 1487.0}"
1036,3452,GreengineerZ,USA,MI,fim,2011,True,2026,"{'wins': 329, 'losses': 272, 'ties': 0, 'count': 601, 'winrate': 0.5474}","{'current': 1563.0, 'recent': 1534.0, 'mean': 1592.0, 'max': 1788.0}"
1037,3454,Z Bots,USA,MN,,2011,True,2026,"{'wins': 51, 'losses': 67, 'ties': 0, 'count': 118, 'winrate': 0.4322}","{'current': 1488.0, 'recent': 1494.0, 'mean': 1473.0, 'max': 1543.0}"
1038,3458,Code Blue,USA,MI,fim,2011,True,2026,"{'wins': 157, 'losses': 237, 'ties': 0, 'count': 394, 'winrate': 0.3985}","{'current': 1440.0, 'recent': 1492.0, 'mean': 1470.0, 'max': 1550.0}"
1039,3459,Team PyroTech,USA,NC,fnc,2011,True,2026,"{'wins': 236, 'losses': 271, 'ties': 2, 'count': 509, 'winrate': 0.4656}","{'current': 1444.0, 'recent': 1510.0, 'mean': 1523.0, 'max': 1579.0}"
1040,3461,Operation PEACCE Robotics,USA,CT,ne,2011,True,2026,"{'wins': 215, 'losses': 213, 'ties': 0, 'count': 428, 'winrate': 0.5023}","{'current': 1512.0, 'recent': 1553.0, 'mean': 1546.0, 'max': 1649.0}"
1041,3464,Sim-City,USA,CT,ne,2011,True,2026,"{'wins': 199, 'losses': 203, 'ties': 0, 'count': 402, 'winrate': 0.495}","{'current': 1497.0, 'recent': 1547.0, 'mean': 1554.0, 'max': 1646.0}"
1042,3465,The Omega Factor,USA,OK,,2011,True,2026,"{'wins': 71, 'losses': 129, 'ties': 0, 'count': 200, 'winrate': 0.355}","{'current': 1538.0, 'recent': 1498.0, 'mean': 1477.0, 'max': 1538.0}"
1043,3467,Windham Windup,USA,NH,ne,2011,True,2026,"{'wins': 449, 'losses': 211, 'ties': 1, 'count': 661, 'winrate': 0.68}","{'current': 1946.0, 'recent': 1802.0, 'mean': 1697.0, 'max': 1946.0}"
1044,3468,MAGNAtech,USA,LA,,2011,True,2026,"{'wins': 89, 'losses': 112, 'ties': 0, 'count': 201, 'winrate': 0.4428}","{'current': 1492.0, 'recent': 1507.0, 'mean': 1467.0, 'max': 1537.0}"
1045,3472,PrepaTec - Buluk,Mexico,,,2011,True,2026,"{'wins': 145, 'losses': 161, 'ties': 0, 'count': 306, 'winrate': 0.4739}","{'current': 1487.0, 'recent': 1441.0, 'mean': 1470.0, 'max': 1557.0}"
1046,3473,Team Sprocket,USA,CA,ca,2011,True,2026,"{'wins': 185, 'losses': 176, 'ties': 0, 'count': 361, 'winrate': 0.5125}","{'current': 1419.0, 'recent': 1519.0, 'mean': 1544.0, 'max': 1641.0}"
1047,3476,Code Orange,USA,CA,ca,2011,True,2026,"{'wins': 360, 'losses': 163, 'ties': 0, 'count': 523, 'winrate': 0.6883}","{'current': 1853.0, 'recent': 1739.0, 'mean': 1718.0, 'max': 1853.0}"
1048,3478,PrepaTec - LamBot,Mexico,,,2011,True,2026,"{'wins': 405, 'losses': 155, 'ties': 1, 'count': 561, 'winrate': 0.7228}","{'current': 1692.0, 'recent': 1733.0, 'mean': 1642.0, 'max': 1832.0}"
1049,3480,PrepaTec - ABTOMAT,Mexico,,,2011,True,2026,"{'wins': 117, 'losses': 118, 'ties': 1, 'count': 236, 'winrate': 0.4979}","{'current': 1491.0, 'recent': 1495.0, 'mean': 1469.0, 'max': 1575.0}"
1050,3481,Bronc Botz,USA,TX,fit,2011,True,2026,"{'wins': 260, 'losses': 243, 'ties': 0, 'count': 503, 'winrate': 0.5169}","{'current': 1523.0, 'recent': 1510.0, 'mean': 1554.0, 'max': 1659.0}"
1051,3482,Arrowbotics,USA,CA,ca,2011,True,2026,"{'wins': 112, 'losses': 140, 'ties': 0, 'count': 252, 'winrate': 0.4444}","{'current': 1423.0, 'recent': 1501.0, 'mean': 1496.0, 'max': 1600.0}"
1052,3484,Short Circuit,USA,OH,,2011,True,2026,"{'wins': 97, 'losses': 109, 'ties': 0, 'count': 206, 'winrate': 0.4709}","{'current': 1471.0, 'recent': 1495.0, 'mean': 1495.0, 'max': 1569.0}"
1053,3487,Red Pride Robotics,USA,IN,fin,2011,True,2026,"{'wins': 208, 'losses': 206, 'ties': 1, 'count': 415, 'winrate': 0.5024}","{'current': 1517.0, 'recent': 1565.0, 'mean': 1554.0, 'max': 1614.0}"
1054,3488,Eagle Army,USA,IL,,2011,True,2026,"{'wins': 80, 'losses': 90, 'ties': 0, 'count': 170, 'winrate': 0.4706}","{'current': 1487.0, 'recent': 1540.0, 'mean': 1495.0, 'max': 1570.0}"
1055,3489,Category 5,USA,SC,fsc,2011,True,2026,"{'wins': 228, 'losses': 258, 'ties': 0, 'count': 486, 'winrate': 0.4691}","{'current': 1455.0, 'recent': 1513.0, 'mean': 1548.0, 'max': 1666.0}"
1056,3490,Viper Drive,USA,SC,fsc,2011,True,2026,"{'wins': 203, 'losses': 165, 'ties': 0, 'count': 368, 'winrate': 0.5516}","{'current': 1480.0, 'recent': 1536.0, 'mean': 1537.0, 'max': 1630.0}"
1057,3492,Putnam Area Robotics Team (P.A.R.T.s),USA,WV,,2011,True,2026,"{'wins': 158, 'losses': 145, 'ties': 0, 'count': 303, 'winrate': 0.5215}","{'current': 1547.0, 'recent': 1530.0, 'mean': 1547.0, 'max': 1602.0}"
1058,3494,The Quadrangles,USA,IN,fin,2011,True,2026,"{'wins': 294, 'losses': 281, 'ties': 0, 'count': 575, 'winrate': 0.5113}","{'current': 1628.0, 'recent': 1617.0, 'mean': 1595.0, 'max': 1765.0}"
1059,3501,Firebots,USA,CA,ca,2011,True,2026,"{'wins': 166, 'losses': 176, 'ties': 0, 'count': 342, 'winrate': 0.4854}","{'current': 1638.0, 'recent': 1573.0, 'mean': 1523.0, 'max': 1638.0}"
1060,3502,Octo(PI)Rates,USA,FL,,2011,True,2026,"{'wins': 34, 'losses': 41, 'ties': 0, 'count': 75, 'winrate': 0.4533}","{'current': 1405.0, 'recent': 1394.0, 'mean': 1425.0, 'max': 1497.0}"
1061,3504,Girls of Steel,USA,PA,,2011,True,2026,"{'wins': 196, 'losses': 214, 'ties': 0, 'count': 410, 'winrate': 0.478}","{'current': 1571.0, 'recent': 1550.0, 'mean': 1552.0, 'max': 1610.0}"
1062,3506,YETI Robotics,USA,NC,fnc,2011,True,2026,"{'wins': 347, 'losses': 256, 'ties': 1, 'count': 604, 'winrate': 0.5753}","{'current': 1646.0, 'recent': 1622.0, 'mean': 1561.0, 'max': 1654.0}"
1063,3512,Spartatroniks,USA,CA,ca,2011,True,2026,"{'wins': 238, 'losses': 177, 'ties': 0, 'count': 415, 'winrate': 0.5735}","{'current': 1718.0, 'recent': 1635.0, 'mean': 1589.0, 'max': 1718.0}"
1064,3522,CBoT´S4,Mexico,,,2011,True,2026,"{'wins': 87, 'losses': 73, 'ties': 0, 'count': 160, 'winrate': 0.5438}","{'current': 1485.0, 'recent': 1493.0, 'mean': 1477.0, 'max': 1575.0}"
1065,3526,PrepaTec - Blue Ignition,Mexico,,,2011,True,2026,"{'wins': 128, 'losses': 122, 'ties': 0, 'count': 250, 'winrate': 0.512}","{'current': 1547.0, 'recent': 1492.0, 'mean': 1485.0, 'max': 1584.0}"
1066,3527,PrepaTec - Balam Esmeralda,Mexico,,,2011,True,2026,"{'wins': 88, 'losses': 120, 'ties': 2, 'count': 210, 'winrate': 0.4238}","{'current': 1529.0, 'recent': 1438.0, 'mean': 1432.0, 'max': 1529.0}"
1067,3532,Piranhas,Canada,QC,,2011,True,2026,"{'wins': 29, 'losses': 84, 'ties': 0, 'count': 113, 'winrate': 0.2566}","{'current': 1404.0, 'recent': 1403.0, 'mean': 1378.0, 'max': 1433.0}"
1068,3533,Mekano,Canada,QC,,2011,True,2026,"{'wins': 64, 'losses': 77, 'ties': 0, 'count': 141, 'winrate': 0.4539}","{'current': 1396.0, 'recent': 1409.0, 'mean': 1417.0, 'max': 1480.0}"
1069,3536,Electro Eagles,USA,MI,fim,2011,True,2026,"{'wins': 384, 'losses': 264, 'ties': 0, 'count': 648, 'winrate': 0.5926}","{'current': 1610.0, 'recent': 1620.0, 'mean': 1578.0, 'max': 1669.0}"
1070,3537,Delta Force,USA,MI,fim,2011,True,2026,"{'wins': 181, 'losses': 212, 'ties': 1, 'count': 394, 'winrate': 0.4607}","{'current': 1418.0, 'recent': 1497.0, 'mean': 1509.0, 'max': 1596.0}"
1071,3538,RoboJackets,USA,MI,fim,2011,True,2026,"{'wins': 537, 'losses': 208, 'ties': 0, 'count': 745, 'winrate': 0.7208}","{'current': 1748.0, 'recent': 1773.0, 'mean': 1704.0, 'max': 1872.0}"
1072,3539,Byting Bulldogs,USA,MI,fim,2011,True,2026,"{'wins': 533, 'losses': 261, 'ties': 0, 'count': 794, 'winrate': 0.6713}","{'current': 1727.0, 'recent': 1701.0, 'mean': 1713.0, 'max': 1824.0}"
1073,3543,C4 Robotics,Canada,ON,ont,2011,True,2026,"{'wins': 106, 'losses': 195, 'ties': 0, 'count': 301, 'winrate': 0.3522}","{'current': 1390.0, 'recent': 1462.0, 'mean': 1448.0, 'max': 1499.0}"
1074,3544,Spartiates,Canada,QC,,2011,True,2026,"{'wins': 83, 'losses': 90, 'ties': 0, 'count': 173, 'winrate': 0.4798}","{'current': 1486.0, 'recent': 1487.0, 'mean': 1472.0, 'max': 1533.0}"
1075,3545,Bots in Blue,USA,TX,fit,2011,True,2026,"{'wins': 102, 'losses': 156, 'ties': 1, 'count': 259, 'winrate': 0.3958}","{'current': 1486.0, 'recent': 1472.0, 'mean': 1485.0, 'max': 1615.0}"
1076,3550,Robotronix,Canada,QC,,2011,True,2026,"{'wins': 171, 'losses': 157, 'ties': 0, 'count': 328, 'winrate': 0.5213}","{'current': 1502.0, 'recent': 1544.0, 'mean': 1523.0, 'max': 1600.0}"
1077,3559,Thundercats,USA,IN,fin,2011,True,2026,"{'wins': 143, 'losses': 198, 'ties': 0, 'count': 341, 'winrate': 0.4194}","{'current': 1430.0, 'recent': 1457.0, 'mean': 1494.0, 'max': 1574.0}"
1078,3560,MechaWolves,Canada,ON,ont,2011,True,2026,"{'wins': 118, 'losses': 184, 'ties': 1, 'count': 303, 'winrate': 0.3911}","{'current': 1415.0, 'recent': 1449.0, 'mean': 1465.0, 'max': 1553.0}"
1079,3561,RoboRaiders,USA,TX,fit,2011,True,2026,"{'wins': 106, 'losses': 120, 'ties': 1, 'count': 227, 'winrate': 0.4692}","{'current': 1522.0, 'recent': 1491.0, 'mean': 1448.0, 'max': 1561.0}"
1080,3566,Gone Fishin',USA,MA,ne,2011,True,2026,"{'wins': 154, 'losses': 196, 'ties': 0, 'count': 350, 'winrate': 0.44}","{'current': 1532.0, 'recent': 1472.0, 'mean': 1486.0, 'max': 1630.0}"
1081,3568,Linden RoboEagles,USA,MI,fim,2011,True,2026,"{'wins': 158, 'losses': 206, 'ties': 0, 'count': 364, 'winrate': 0.4341}","{'current': 1450.0, 'recent': 1488.0, 'mean': 1489.0, 'max': 1552.0}"
1082,3572,Wavelength,USA,MI,fim,2011,True,2026,"{'wins': 362, 'losses': 270, 'ties': 1, 'count': 633, 'winrate': 0.5727}","{'current': 1665.0, 'recent': 1650.0, 'mean': 1632.0, 'max': 1719.0}"
1083,3574,HIGH TEKERZ,USA,WA,pnw,2011,True,2026,"{'wins': 195, 'losses': 211, 'ties': 1, 'count': 407, 'winrate': 0.4803}","{'current': 1393.0, 'recent': 1481.0, 'mean': 1542.0, 'max': 1606.0}"
1084,3577,Saint's Robotics,USA,AZ,,2011,True,2026,"{'wins': 70, 'losses': 119, 'ties': 0, 'count': 189, 'winrate': 0.3704}","{'current': 1449.0, 'recent': 1428.0, 'mean': 1432.0, 'max': 1488.0}"
1085,3596,Rocket Robotics,USA,WI,win,2011,True,2026,"{'wins': 68, 'losses': 108, 'ties': 0, 'count': 176, 'winrate': 0.3864}","{'current': 1467.0, 'recent': 1464.0, 'mean': 1485.0, 'max': 1537.0}"
1086,3597,Robo-Rangers,USA,ME,ne,2011,True,2026,"{'wins': 128, 'losses': 166, 'ties': 0, 'count': 294, 'winrate': 0.4354}","{'current': 1494.0, 'recent': 1516.0, 'mean': 1500.0, 'max': 1591.0}"
1087,3598,SEStematic Eliminators,USA,CA,ca,2011,True,2026,"{'wins': 182, 'losses': 192, 'ties': 0, 'count': 374, 'winrate': 0.4866}","{'current': 1539.0, 'recent': 1528.0, 'mean': 1547.0, 'max': 1605.0}"
1088,3602,RoboMos,USA,MI,fim,2011,True,2026,"{'wins': 254, 'losses': 240, 'ties': 1, 'count': 495, 'winrate': 0.5141}","{'current': 1513.0, 'recent': 1525.0, 'mean': 1549.0, 'max': 1622.0}"
1089,3603,Cyber Coyotes,USA,MI,fim,2011,True,2026,"{'wins': 223, 'losses': 246, 'ties': 0, 'count': 469, 'winrate': 0.4755}","{'current': 1624.0, 'recent': 1589.0, 'mean': 1519.0, 'max': 1624.0}"
1090,3604,Goon Squad,USA,MI,fim,2011,True,2026,"{'wins': 378, 'losses': 278, 'ties': 1, 'count': 657, 'winrate': 0.5761}","{'current': 1567.0, 'recent': 1646.0, 'mean': 1610.0, 'max': 1774.0}"
1091,3606,BearMetal,USA,LA,,2011,True,2026,"{'wins': 62, 'losses': 73, 'ties': 0, 'count': 135, 'winrate': 0.4593}","{'current': 1407.0, 'recent': 1447.0, 'mean': 1458.0, 'max': 1539.0}"
1092,3610,Islanders,USA,MN,,2011,True,2026,"{'wins': 49, 'losses': 70, 'ties': 0, 'count': 119, 'winrate': 0.4118}","{'current': 1435.0, 'recent': 1466.0, 'mean': 1441.0, 'max': 1500.0}"
1093,3616,Team Phenomena,USA,LA,,2011,True,2026,"{'wins': 190, 'losses': 178, 'ties': 0, 'count': 368, 'winrate': 0.5163}","{'current': 1586.0, 'recent': 1567.0, 'mean': 1551.0, 'max': 1616.0}"
1094,3618,Petoskey Paladins,USA,MI,fim,2011,True,2026,"{'wins': 326, 'losses': 278, 'ties': 0, 'count': 604, 'winrate': 0.5397}","{'current': 1521.0, 'recent': 1531.0, 'mean': 1562.0, 'max': 1668.0}"
1095,3619,BLACKHAWKS,USA,MI,fim,2011,True,2026,"{'wins': 124, 'losses': 203, 'ties': 0, 'count': 327, 'winrate': 0.3792}","{'current': 1454.0, 'recent': 1404.0, 'mean': 1432.0, 'max': 1545.0}"
1096,3620,Average Joes,USA,MI,fim,2011,True,2026,"{'wins': 456, 'losses': 277, 'ties': 1, 'count': 734, 'winrate': 0.6219}","{'current': 1596.0, 'recent': 1666.0, 'mean': 1647.0, 'max': 1846.0}"
1097,3623,The Robomingos,USA,MA,ne,2011,True,2026,"{'wins': 172, 'losses': 207, 'ties': 1, 'count': 380, 'winrate': 0.4539}","{'current': 1447.0, 'recent': 1472.0, 'mean': 1485.0, 'max': 1626.0}"
1098,3624,Soaring Colts,USA,NY,,2011,True,2026,"{'wins': 154, 'losses': 175, 'ties': 0, 'count': 329, 'winrate': 0.4681}","{'current': 1456.0, 'recent': 1478.0, 'mean': 1513.0, 'max': 1620.0}"
1099,3627,The Jungle Robotics,USA,FL,,2011,True,2026,"{'wins': 96, 'losses': 148, 'ties': 0, 'count': 244, 'winrate': 0.3934}","{'current': 1439.0, 'recent': 1451.0, 'mean': 1473.0, 'max': 1543.0}"
1100,3630,Stampede,USA,MN,,2011,True,2026,"{'wins': 191, 'losses': 154, 'ties': 0, 'count': 345, 'winrate': 0.5536}","{'current': 1491.0, 'recent': 1594.0, 'mean': 1561.0, 'max': 1691.0}"
1101,3632,D-Techs,USA,MI,fim,2011,True,2026,"{'wins': 132, 'losses': 209, 'ties': 1, 'count': 342, 'winrate': 0.3874}","{'current': 1479.0, 'recent': 1453.0, 'mean': 1427.0, 'max': 1500.0}"
1102,3634,Bridgeport Spark City,USA,CT,ne,2011,True,2026,"{'wins': 102, 'losses': 186, 'ties': 0, 'count': 288, 'winrate': 0.3542}","{'current': 1484.0, 'recent': 1450.0, 'mean': 1464.0, 'max': 1522.0}"
1103,3635,Flying Legion,USA,GA,pch,2011,True,2026,"{'wins': 223, 'losses': 201, 'ties': 1, 'count': 425, 'winrate': 0.5259}","{'current': 1535.0, 'recent': 1543.0, 'mean': 1530.0, 'max': 1691.0}"
1104,3636,Generals,USA,OR,pnw,2011,True,2026,"{'wins': 225, 'losses': 199, 'ties': 0, 'count': 424, 'winrate': 0.5307}","{'current': 1462.0, 'recent': 1598.0, 'mean': 1533.0, 'max': 1740.0}"
1105,3637,The Daleks,USA,NJ,fma,2011,True,2026,"{'wins': 252, 'losses': 254, 'ties': 1, 'count': 507, 'winrate': 0.498}","{'current': 1554.0, 'recent': 1574.0, 'mean': 1557.0, 'max': 1630.0}"
1106,3641,The Flying Toasters,USA,MI,fim,2011,True,2026,"{'wins': 436, 'losses': 278, 'ties': 1, 'count': 715, 'winrate': 0.6105}","{'current': 1668.0, 'recent': 1636.0, 'mean': 1661.0, 'max': 1780.0}"
1107,3646,INTEGRA BAHCESEHIR,Türkiye,,,2011,True,2026,"{'wins': 133, 'losses': 122, 'ties': 2, 'count': 257, 'winrate': 0.5214}","{'current': 1519.0, 'recent': 1482.0, 'mean': 1506.0, 'max': 1715.0}"
1108,3647,Millennium Falcons,USA,CA,ca,2011,True,2026,"{'wins': 252, 'losses': 150, 'ties': 0, 'count': 402, 'winrate': 0.6269}","{'current': 1571.0, 'recent': 1626.0, 'mean': 1583.0, 'max': 1751.0}"
1109,3648,Sparta Robotica,USA,CO,,2011,True,2026,"{'wins': 114, 'losses': 131, 'ties': 0, 'count': 245, 'winrate': 0.4653}","{'current': 1473.0, 'recent': 1527.0, 'mean': 1475.0, 'max': 1594.0}"
1110,3654,TechTigers,USA,CT,ne,2011,True,2026,"{'wins': 192, 'losses': 229, 'ties': 0, 'count': 421, 'winrate': 0.4561}","{'current': 1514.0, 'recent': 1530.0, 'mean': 1509.0, 'max': 1641.0}"
1111,3655,Tractor Technicians,USA,MI,fim,2011,True,2026,"{'wins': 340, 'losses': 293, 'ties': 0, 'count': 633, 'winrate': 0.5371}","{'current': 1488.0, 'recent': 1619.0, 'mean': 1558.0, 'max': 1737.0}"
1112,3656,Dexter Dreadbots,USA,MI,fim,2011,True,2026,"{'wins': 387, 'losses': 239, 'ties': 1, 'count': 627, 'winrate': 0.618}","{'current': 1679.0, 'recent': 1636.0, 'mean': 1635.0, 'max': 1745.0}"
1113,3658,Robo - Beavers,USA,MI,fim,2011,True,2026,"{'wins': 176, 'losses': 193, 'ties': 1, 'count': 370, 'winrate': 0.477}","{'current': 1496.0, 'recent': 1519.0, 'mean': 1514.0, 'max': 1581.0}"
1114,3663,CPR - Cedar Park Robotics,USA,WA,pnw,2011,True,2026,"{'wins': 436, 'losses': 264, 'ties': 1, 'count': 701, 'winrate': 0.6227}","{'current': 1635.0, 'recent': 1700.0, 'mean': 1660.0, 'max': 1794.0}"
1115,3667,Mecanum Knights,USA,MI,fim,2011,True,2026,"{'wins': 255, 'losses': 238, 'ties': 0, 'count': 493, 'winrate': 0.5172}","{'current': 1525.0, 'recent': 1534.0, 'mean': 1536.0, 'max': 1771.0}"
1116,3668,TroBots,USA,MI,fim,2011,True,2026,"{'wins': 273, 'losses': 222, 'ties': 0, 'count': 495, 'winrate': 0.5515}","{'current': 1653.0, 'recent': 1625.0, 'mean': 1564.0, 'max': 1667.0}"
1117,3669,CarbonKnights,USA,CA,ca,2011,True,2026,"{'wins': 135, 'losses': 155, 'ties': 1, 'count': 291, 'winrate': 0.4656}","{'current': 1506.0, 'recent': 1549.0, 'mean': 1527.0, 'max': 1619.0}"
1118,3673,C.Y.B.O.R.G. Seagulls,USA,OR,pnw,2011,True,2026,"{'wins': 116, 'losses': 188, 'ties': 0, 'count': 304, 'winrate': 0.3816}","{'current': 1428.0, 'recent': 1448.0, 'mean': 1433.0, 'max': 1504.0}"
1119,3674,CloverBots,USA,WA,pnw,2011,True,2026,"{'wins': 337, 'losses': 221, 'ties': 1, 'count': 559, 'winrate': 0.6038}","{'current': 1653.0, 'recent': 1632.0, 'mean': 1621.0, 'max': 1805.0}"
1120,3676,RedShift Robotics,USA,TX,fit,2011,True,2026,"{'wins': 171, 'losses': 149, 'ties': 0, 'count': 320, 'winrate': 0.5344}","{'current': 1489.0, 'recent': 1516.0, 'mean': 1511.0, 'max': 1664.0}"
1121,3679,rattlers,USA,TX,fit,2011,True,2026,"{'wins': 206, 'losses': 164, 'ties': 1, 'count': 371, 'winrate': 0.5566}","{'current': 1524.0, 'recent': 1545.0, 'mean': 1508.0, 'max': 1604.0}"
1122,3680,Elemental Dragons,USA,NC,fnc,2011,True,2026,"{'wins': 102, 'losses': 150, 'ties': 0, 'count': 252, 'winrate': 0.4048}","{'current': 1428.0, 'recent': 1443.0, 'mean': 1445.0, 'max': 1550.0}"
1123,3681,Robo-Raiders,USA,WA,pnw,2011,True,2026,"{'wins': 116, 'losses': 153, 'ties': 0, 'count': 269, 'winrate': 0.4312}","{'current': 1544.0, 'recent': 1521.0, 'mean': 1506.0, 'max': 1577.0}"
1124,3683,Team DAVE,Canada,ON,ont,2011,True,2026,"{'wins': 457, 'losses': 176, 'ties': 0, 'count': 633, 'winrate': 0.722}","{'current': 1684.0, 'recent': 1751.0, 'mean': 1726.0, 'max': 1871.0}"
1125,3688,Norsemen,USA,MI,fim,2011,True,2026,"{'wins': 291, 'losses': 259, 'ties': 0, 'count': 550, 'winrate': 0.5291}","{'current': 1555.0, 'recent': 1574.0, 'mean': 1606.0, 'max': 1744.0}"
1126,3691,RoboRaiders,USA,MN,,2011,True,2026,"{'wins': 55, 'losses': 100, 'ties': 0, 'count': 155, 'winrate': 0.3548}","{'current': 1450.0, 'recent': 1462.0, 'mean': 1479.0, 'max': 1539.0}"
1127,3692,Rock N' Robotics,USA,WI,win,2011,True,2026,"{'wins': 114, 'losses': 142, 'ties': 0, 'count': 256, 'winrate': 0.4453}","{'current': 1437.0, 'recent': 1472.0, 'mean': 1485.0, 'max': 1532.0}"
1128,3704,RoboSapiens,USA,CA,ca,2011,True,2026,"{'wins': 57, 'losses': 86, 'ties': 0, 'count': 143, 'winrate': 0.3986}","{'current': 1344.0, 'recent': 1419.0, 'mean': 1433.0, 'max': 1490.0}"
1129,3707,TechnoDogs,USA,MI,fim,2011,True,2026,"{'wins': 337, 'losses': 213, 'ties': 0, 'count': 550, 'winrate': 0.6127}","{'current': 1595.0, 'recent': 1584.0, 'mean': 1604.0, 'max': 1909.0}"
1130,3712,RoboCats,USA,OR,pnw,2011,True,2026,"{'wins': 121, 'losses': 196, 'ties': 1, 'count': 318, 'winrate': 0.3821}","{'current': 1445.0, 'recent': 1444.0, 'mean': 1437.0, 'max': 1504.0}"
1131,3714,CHF S.O.A.R.,USA,MD,fch,2011,True,2026,"{'wins': 64, 'losses': 100, 'ties': 1, 'count': 165, 'winrate': 0.3909}","{'current': 1480.0, 'recent': 1471.0, 'mean': 1425.0, 'max': 1480.0}"
1132,3719,STEM Whalers,USA,CT,ne,2011,True,2026,"{'wins': 151, 'losses': 218, 'ties': 0, 'count': 369, 'winrate': 0.4092}","{'current': 1427.0, 'recent': 1421.0, 'mean': 1460.0, 'max': 1591.0}"
1133,3721,Charger Robotics,USA,HI,,2011,True,2026,"{'wins': 89, 'losses': 109, 'ties': 0, 'count': 198, 'winrate': 0.4495}","{'current': 1467.0, 'recent': 1529.0, 'mean': 1482.0, 'max': 1609.0}"
1134,3723,TEKnights,USA,MN,,2011,True,2026,"{'wins': 46, 'losses': 84, 'ties': 0, 'count': 130, 'winrate': 0.3538}","{'current': 1465.0, 'recent': 1459.0, 'mean': 1435.0, 'max': 1483.0}"
1135,3728,Momentum,USA,TX,fit,2011,True,2026,"{'wins': 50, 'losses': 91, 'ties': 0, 'count': 141, 'winrate': 0.3546}","{'current': 1446.0, 'recent': 1380.0, 'mean': 1411.0, 'max': 1501.0}"
1136,3729,The Raiders,USA,CO,,2011,True,2026,"{'wins': 106, 'losses': 145, 'ties': 0, 'count': 251, 'winrate': 0.4223}","{'current': 1474.0, 'recent': 1547.0, 'mean': 1510.0, 'max': 1640.0}"
1137,3734,StarBots,USA,IL,,2011,True,2026,"{'wins': 63, 'losses': 85, 'ties': 0, 'count': 148, 'winrate': 0.4257}","{'current': 1471.0, 'recent': 1501.0, 'mean': 1475.0, 'max': 1549.0}"
1138,3735,VorTX,USA,TX,fit,2011,True,2026,"{'wins': 231, 'losses': 220, 'ties': 0, 'count': 451, 'winrate': 0.5122}","{'current': 1574.0, 'recent': 1546.0, 'mean': 1543.0, 'max': 1601.0}"
1139,3739,Oakbotics,Canada,ON,ont,2011,True,2026,"{'wins': 155, 'losses': 219, 'ties': 1, 'count': 375, 'winrate': 0.4147}","{'current': 1536.0, 'recent': 1545.0, 'mean': 1505.0, 'max': 1622.0}"
1140,3740,Storm Robotics,USA,MN,,2011,True,2026,"{'wins': 45, 'losses': 79, 'ties': 0, 'count': 124, 'winrate': 0.3629}","{'current': 1422.0, 'recent': 1449.0, 'mean': 1437.0, 'max': 1532.0}"
1141,3745,Governors,USA,MN,,2011,True,2026,"{'wins': 35, 'losses': 67, 'ties': 0, 'count': 102, 'winrate': 0.3431}","{'current': 1396.0, 'recent': 1427.0, 'mean': 1451.0, 'max': 1507.0}"
1142,3748,Ragnarok Robotics,USA,MD,fch,2011,True,2026,"{'wins': 166, 'losses': 187, 'ties': 0, 'count': 353, 'winrate': 0.4703}","{'current': 1590.0, 'recent': 1537.0, 'mean': 1493.0, 'max': 1593.0}"
1143,3749,Team Optix,USA,CA,ca,2011,True,2026,"{'wins': 99, 'losses': 126, 'ties': 0, 'count': 225, 'winrate': 0.44}","{'current': 1478.0, 'recent': 1530.0, 'mean': 1468.0, 'max': 1574.0}"
1144,3751,Tower View Robotics,USA,MN,,2011,True,2026,"{'wins': 53, 'losses': 77, 'ties': 0, 'count': 130, 'winrate': 0.4077}","{'current': 1378.0, 'recent': 1445.0, 'mean': 1464.0, 'max': 1527.0}"
1145,3753,BulahBots!,USA,LA,,2011,True,2026,"{'wins': 123, 'losses': 123, 'ties': 0, 'count': 246, 'winrate': 0.5}","{'current': 1614.0, 'recent': 1496.0, 'mean': 1509.0, 'max': 1641.0}"
1146,3756,RamFerno,Canada,ON,ont,2011,True,2026,"{'wins': 129, 'losses': 179, 'ties': 2, 'count': 310, 'winrate': 0.4194}","{'current': 1507.0, 'recent': 1491.0, 'mean': 1490.0, 'max': 1597.0}"
1147,3759,SMARTBOTS,USA,CA,ca,2011,True,2026,"{'wins': 89, 'losses': 121, 'ties': 0, 'count': 210, 'winrate': 0.4238}","{'current': 1463.0, 'recent': 1477.0, 'mean': 1450.0, 'max': 1556.0}"
1148,3760,Robo Raccoons,USA,NY,,2011,True,2026,"{'wins': 42, 'losses': 60, 'ties': 0, 'count': 102, 'winrate': 0.4118}","{'current': 1358.0, 'recent': 1363.0, 'mean': 1400.0, 'max': 1468.0}"
1149,3767,TC Titans,USA,MI,fim,2011,True,2026,"{'wins': 307, 'losses': 259, 'ties': 2, 'count': 568, 'winrate': 0.5423}","{'current': 1563.0, 'recent': 1624.0, 'mean': 1542.0, 'max': 1712.0}"
1150,3770,BlitzCreek,USA,MI,fim,2011,True,2026,"{'wins': 297, 'losses': 257, 'ties': 0, 'count': 554, 'winrate': 0.5361}","{'current': 1538.0, 'recent': 1567.0, 'mean': 1566.0, 'max': 1677.0}"
1151,3773,Arrowhead Robotics,USA,MI,fim,2011,True,2026,"{'wins': 138, 'losses': 213, 'ties': 0, 'count': 351, 'winrate': 0.3932}","{'current': 1466.0, 'recent': 1450.0, 'mean': 1472.0, 'max': 1547.0}"
1152,3777,Bean City Bots,USA,OH,,2011,True,2026,"{'wins': 65, 'losses': 76, 'ties': 0, 'count': 141, 'winrate': 0.461}","{'current': 1489.0, 'recent': 1435.0, 'mean': 1439.0, 'max': 1489.0}"
1153,3786,Chargers,USA,WA,pnw,2011,True,2026,"{'wins': 156, 'losses': 198, 'ties': 0, 'count': 354, 'winrate': 0.4407}","{'current': 1508.0, 'recent': 1467.0, 'mean': 1460.0, 'max': 1532.0}"
1154,3792,Army Ants,USA,MO,,2011,True,2026,"{'wins': 144, 'losses': 154, 'ties': 0, 'count': 298, 'winrate': 0.4832}","{'current': 1462.0, 'recent': 1532.0, 'mean': 1526.0, 'max': 1615.0}"
1155,3794,Prepa Tecmilenio WinT,Mexico,,,2011,True,2026,"{'wins': 118, 'losses': 172, 'ties': 1, 'count': 291, 'winrate': 0.4072}","{'current': 1405.0, 'recent': 1428.0, 'mean': 1439.0, 'max': 1555.0}"
1156,3799,Electric Fire,USA,NY,,2011,True,2026,"{'wins': 92, 'losses': 104, 'ties': 0, 'count': 196, 'winrate': 0.4694}","{'current': 1514.0, 'recent': 1492.0, 'mean': 1483.0, 'max': 1584.0}"
1157,3807,Overland BlazerBots,USA,CO,,2011,True,2026,"{'wins': 60, 'losses': 80, 'ties': 1, 'count': 141, 'winrate': 0.4291}","{'current': 1459.0, 'recent': 1465.0, 'mean': 1436.0, 'max': 1484.0}"
1158,3814,PiBotics,USA,KY,,2011,True,2026,"{'wins': 118, 'losses': 154, 'ties': 0, 'count': 272, 'winrate': 0.4338}","{'current': 1485.0, 'recent': 1530.0, 'mean': 1512.0, 'max': 1631.0}"
1159,3815,NF Raiders,USA,GA,pch,2011,True,2026,"{'wins': 152, 'losses': 189, 'ties': 0, 'count': 341, 'winrate': 0.4457}","{'current': 1439.0, 'recent': 1456.0, 'mean': 1432.0, 'max': 1527.0}"
1160,3821,Pirabots,USA,KY,,2011,True,2026,"{'wins': 49, 'losses': 92, 'ties': 0, 'count': 141, 'winrate': 0.3475}","{'current': 1349.0, 'recent': 1441.0, 'mean': 1448.0, 'max': 1541.0}"
1161,3822,Neon Krakens,USA,NC,fnc,2011,True,2026,"{'wins': 117, 'losses': 179, 'ties': 0, 'count': 296, 'winrate': 0.3953}","{'current': 1448.0, 'recent': 1438.0, 'mean': 1430.0, 'max': 1512.0}"
1162,3824,HVA RoHAWKtics,USA,TN,,2011,True,2026,"{'wins': 264, 'losses': 187, 'ties': 2, 'count': 453, 'winrate': 0.585}","{'current': 1507.0, 'recent': 1493.0, 'mean': 1618.0, 'max': 1798.0}"
1163,3826,"Sequim Robotics Federation ""SRF""",USA,WA,pnw,2011,True,2026,"{'wins': 209, 'losses': 217, 'ties': 1, 'count': 427, 'winrate': 0.4906}","{'current': 1393.0, 'recent': 1496.0, 'mean': 1526.0, 'max': 1644.0}"
1164,3835,Vulcan,Israel,,isr,2011,True,2026,"{'wins': 172, 'losses': 167, 'ties': 1, 'count': 340, 'winrate': 0.5074}","{'current': 1454.0, 'recent': 1498.0, 'mean': 1484.0, 'max': 1649.0}"
1165,3838,Roc City Robotix,USA,NY,,2011,True,2026,"{'wins': 63, 'losses': 83, 'ties': 1, 'count': 147, 'winrate': 0.432}","{'current': 1497.0, 'recent': 1491.0, 'mean': 1494.0, 'max': 1573.0}"
1166,3843,ROBO RACERS,USA,KY,,2011,True,2026,"{'wins': 85, 'losses': 104, 'ties': 0, 'count': 189, 'winrate': 0.4497}","{'current': 1399.0, 'recent': 1478.0, 'mean': 1472.0, 'max': 1530.0}"
1167,3847,Spectrum   -△◅,USA,TX,fit,2011,True,2026,"{'wins': 473, 'losses': 211, 'ties': 1, 'count': 685, 'winrate': 0.6912}","{'current': 1682.0, 'recent': 1713.0, 'mean': 1653.0, 'max': 1818.0}"
1168,3848,Bots in Shining Armour,USA,MN,,2011,True,2026,"{'wins': 50, 'losses': 65, 'ties': 0, 'count': 115, 'winrate': 0.4348}","{'current': 1416.0, 'recent': 1464.0, 'mean': 1485.0, 'max': 1551.0}"
1169,3863,Pantherbotics,USA,CA,ca,2011,True,2026,"{'wins': 151, 'losses': 175, 'ties': 0, 'count': 326, 'winrate': 0.4632}","{'current': 1516.0, 'recent': 1539.0, 'mean': 1511.0, 'max': 1606.0}"
1170,3865,Riley WildBots,USA,IN,fin,2011,True,2026,"{'wins': 125, 'losses': 187, 'ties': 1, 'count': 313, 'winrate': 0.401}","{'current': 1464.0, 'recent': 1457.0, 'mean': 1454.0, 'max': 1492.0}"
1171,3871,THE Trojan Robotics,USA,MN,,2011,True,2026,"{'wins': 47, 'losses': 88, 'ties': 0, 'count': 135, 'winrate': 0.3481}","{'current': 1453.0, 'recent': 1454.0, 'mean': 1449.0, 'max': 1543.0}"
1172,3875,Red Storm Robotics,USA,MI,fim,2011,True,2026,"{'wins': 277, 'losses': 277, 'ties': 0, 'count': 554, 'winrate': 0.5}","{'current': 1539.0, 'recent': 1561.0, 'mean': 1563.0, 'max': 1740.0}"
1173,3876,Mabton LugNutz,USA,WA,pnw,2011,True,2026,"{'wins': 108, 'losses': 222, 'ties': 0, 'count': 330, 'winrate': 0.3273}","{'current': 1472.0, 'recent': 1433.0, 'mean': 1418.0, 'max': 1498.0}"
1174,3880,Tiki Techs,USA,HI,,2011,True,2026,"{'wins': 209, 'losses': 233, 'ties': 0, 'count': 442, 'winrate': 0.4729}","{'current': 1460.0, 'recent': 1501.0, 'mean': 1512.0, 'max': 1548.0}"
1175,3881,WHEA Sharkbots,USA,HI,,2011,True,2026,"{'wins': 120, 'losses': 132, 'ties': 0, 'count': 252, 'winrate': 0.4762}","{'current': 1464.0, 'recent': 1488.0, 'mean': 1495.0, 'max': 1575.0}"
1176,3882,Lunas,USA,HI,,2011,True,2026,"{'wins': 186, 'losses': 154, 'ties': 0, 'count': 340, 'winrate': 0.5471}","{'current': 1559.0, 'recent': 1584.0, 'mean': 1550.0, 'max': 1605.0}"
1177,3883,Data Bits,USA,MN,,2011,True,2026,"{'wins': 170, 'losses': 141, 'ties': 1, 'count': 312, 'winrate': 0.5465}","{'current': 1511.0, 'recent': 1574.0, 'mean': 1569.0, 'max': 1635.0}"
1178,3891,Rodeo Robotics,USA,MN,,2011,True,2026,"{'wins': 27, 'losses': 26, 'ties': 0, 'count': 53, 'winrate': 0.5094}","{'current': 1528.0, 'recent': 1529.0, 'mean': 1529.0, 'max': 1552.0}"
1179,3892,Roboponies,USA,OK,,2011,True,2026,"{'wins': 5, 'losses': 5, 'ties': 0, 'count': 10, 'winrate': 0.5}","{'current': 1484.0, 'recent': 1484.0, 'mean': 1484.0, 'max': 1484.0}"
1180,3893,K-T Extinction,USA,NC,fnc,2011,True,2026,"{'wins': 11, 'losses': 18, 'ties': 0, 'count': 29, 'winrate': 0.3793}","{'current': 1443.0, 'recent': 1443.0, 'mean': 1443.0, 'max': 1443.0}"
1181,3925,Ventura Robotics,USA,CA,ca,2012,True,2026,"{'wins': 159, 'losses': 168, 'ties': 0, 'count': 327, 'winrate': 0.4862}","{'current': 1517.0, 'recent': 1492.0, 'mean': 1516.0, 'max': 1569.0}"
1182,3926,MPArors,USA,MN,,2012,True,2026,"{'wins': 112, 'losses': 112, 'ties': 0, 'count': 224, 'winrate': 0.5}","{'current': 1526.0, 'recent': 1542.0, 'mean': 1518.0, 'max': 1594.0}"
1183,3928,Team Neutrino,USA,IA,,2012,True,2026,"{'wins': 263, 'losses': 167, 'ties': 0, 'count': 430, 'winrate': 0.6116}","{'current': 1692.0, 'recent': 1624.0, 'mean': 1646.0, 'max': 1728.0}"
1184,3931,Cockadoodle Dominators,USA,OK,,2012,True,2026,"{'wins': 195, 'losses': 171, 'ties': 1, 'count': 367, 'winrate': 0.5327}","{'current': 1638.0, 'recent': 1570.0, 'mean': 1569.0, 'max': 1638.0}"
1185,3932,The Dirty Mechanics,USA,FL,,2012,True,2026,"{'wins': 179, 'losses': 145, 'ties': 0, 'count': 324, 'winrate': 0.5525}","{'current': 1615.0, 'recent': 1589.0, 'mean': 1584.0, 'max': 1625.0}"
1186,3933,PrepaTec - Taman Keet,Mexico,,,2012,True,2026,"{'wins': 150, 'losses': 138, 'ties': 2, 'count': 290, 'winrate': 0.5207}","{'current': 1481.0, 'recent': 1473.0, 'mean': 1489.0, 'max': 1546.0}"
1187,3936,RoboBlitz 3936,USA,IN,fin,2012,True,2026,"{'wins': 155, 'losses': 207, 'ties': 1, 'count': 363, 'winrate': 0.4284}","{'current': 1464.0, 'recent': 1487.0, 'mean': 1497.0, 'max': 1587.0}"
1188,3937,Breakaway,USA,AR,,2012,True,2026,"{'wins': 361, 'losses': 179, 'ties': 0, 'count': 540, 'winrate': 0.6685}","{'current': 1722.0, 'recent': 1724.0, 'mean': 1701.0, 'max': 1751.0}"
1189,3939,Botetourt 4-H Robotics,USA,VA,fch,2012,True,2026,"{'wins': 157, 'losses': 180, 'ties': 0, 'count': 337, 'winrate': 0.4659}","{'current': 1530.0, 'recent': 1537.0, 'mean': 1509.0, 'max': 1571.0}"
1190,3940,CyberTooth,USA,IN,fin,2012,True,2026,"{'wins': 344, 'losses': 239, 'ties': 0, 'count': 583, 'winrate': 0.5901}","{'current': 1664.0, 'recent': 1688.0, 'mean': 1622.0, 'max': 1747.0}"
1191,3944,All Knights,USA,AZ,,2012,True,2026,"{'wins': 82, 'losses': 91, 'ties': 0, 'count': 173, 'winrate': 0.474}","{'current': 1433.0, 'recent': 1484.0, 'mean': 1504.0, 'max': 1629.0}"
1192,3950,RoboGym Robotics,USA,NY,,2012,True,2026,"{'wins': 161, 'losses': 158, 'ties': 1, 'count': 320, 'winrate': 0.5047}","{'current': 1537.0, 'recent': 1597.0, 'mean': 1551.0, 'max': 1655.0}"
1193,3951,SUITS,USA,NY,,2012,True,2026,"{'wins': 78, 'losses': 84, 'ties': 0, 'count': 162, 'winrate': 0.4815}","{'current': 1512.0, 'recent': 1485.0, 'mean': 1498.0, 'max': 1553.0}"
1194,3952,Troy Robotics,USA,CA,ca,2012,True,2026,"{'wins': 87, 'losses': 110, 'ties': 0, 'count': 197, 'winrate': 0.4416}","{'current': 1522.0, 'recent': 1507.0, 'mean': 1446.0, 'max': 1522.0}"
1195,3954,4-H Electrotechs,USA,PA,,2012,True,2026,"{'wins': 74, 'losses': 73, 'ties': 0, 'count': 147, 'winrate': 0.5034}","{'current': 1484.0, 'recent': 1495.0, 'mean': 1520.0, 'max': 1586.0}"
1196,3958,Schrodinger's Cat,USA,MA,ne,2012,True,2026,"{'wins': 169, 'losses': 197, 'ties': 0, 'count': 366, 'winrate': 0.4617}","{'current': 1466.0, 'recent': 1457.0, 'mean': 1483.0, 'max': 1560.0}"
1197,3959,Mech Tech,USA,AL,,2012,True,2026,"{'wins': 187, 'losses': 147, 'ties': 0, 'count': 334, 'winrate': 0.5599}","{'current': 1478.0, 'recent': 1528.0, 'mean': 1544.0, 'max': 1672.0}"
1198,3965,Sultan Robotics Team 3965,USA,CA,ca,2012,True,2026,"{'wins': 124, 'losses': 140, 'ties': 0, 'count': 264, 'winrate': 0.4697}","{'current': 1486.0, 'recent': 1462.0, 'mean': 1511.0, 'max': 1590.0}"
1199,3966,Gryphon Command,USA,TN,,2012,True,2026,"{'wins': 110, 'losses': 124, 'ties': 0, 'count': 234, 'winrate': 0.4701}","{'current': 1531.0, 'recent': 1501.0, 'mean': 1489.0, 'max': 1592.0}"
1200,3970,Duncan Dynamics,USA,CA,ca,2012,True,2026,"{'wins': 249, 'losses': 163, 'ties': 0, 'count': 412, 'winrate': 0.6044}","{'current': 1650.0, 'recent': 1648.0, 'mean': 1614.0, 'max': 1770.0}"
1201,3975,Les Dragons,Canada,QC,,2012,True,2026,"{'wins': 49, 'losses': 67, 'ties': 0, 'count': 116, 'winrate': 0.4224}","{'current': 1479.0, 'recent': 1472.0, 'mean': 1461.0, 'max': 1496.0}"
1202,3976,Electric Hornets,USA,SC,fsc,2012,True,2026,"{'wins': 69, 'losses': 130, 'ties': 0, 'count': 199, 'winrate': 0.3467}","{'current': 1378.0, 'recent': 1367.0, 'mean': 1382.0, 'max': 1446.0}"
1203,3984,Topper Robotics,USA,TN,,2012,True,2026,"{'wins': 69, 'losses': 102, 'ties': 0, 'count': 171, 'winrate': 0.4035}","{'current': 1408.0, 'recent': 1484.0, 'mean': 1455.0, 'max': 1566.0}"
1204,3985,Sonic Howl,Canada,QC,,2012,True,2026,"{'wins': 91, 'losses': 133, 'ties': 0, 'count': 224, 'winrate': 0.4063}","{'current': 1428.0, 'recent': 1451.0, 'mean': 1473.0, 'max': 1614.0}"
1205,3986,Express-O,Canada,QC,,2012,True,2026,"{'wins': 154, 'losses': 126, 'ties': 0, 'count': 280, 'winrate': 0.55}","{'current': 1516.0, 'recent': 1554.0, 'mean': 1538.0, 'max': 1744.0}"
1206,3990,Tech for Kids,Canada,QC,,2012,True,2026,"{'wins': 366, 'losses': 131, 'ties': 1, 'count': 498, 'winrate': 0.7359}","{'current': 1710.0, 'recent': 1666.0, 'mean': 1670.0, 'max': 1753.0}"
1207,3996,RIKITIK,Canada,QC,,2012,True,2026,"{'wins': 137, 'losses': 93, 'ties': 0, 'count': 230, 'winrate': 0.5957}","{'current': 1459.0, 'recent': 1513.0, 'mean': 1535.0, 'max': 1613.0}"
1208,4003,TriSonics,USA,MI,fim,2012,True,2026,"{'wins': 410, 'losses': 240, 'ties': 0, 'count': 650, 'winrate': 0.6308}","{'current': 1596.0, 'recent': 1622.0, 'mean': 1648.0, 'max': 1794.0}"
1209,4004,M.A.R.S. Rovers,USA,MI,fim,2012,True,2026,"{'wins': 227, 'losses': 256, 'ties': 0, 'count': 483, 'winrate': 0.47}","{'current': 1535.0, 'recent': 1542.0, 'mean': 1559.0, 'max': 1637.0}"
1210,4005,Hostile Gato Robotics,USA,OK,,2012,True,2026,"{'wins': 138, 'losses': 127, 'ties': 0, 'count': 265, 'winrate': 0.5208}","{'current': 1529.0, 'recent': 1551.0, 'mean': 1509.0, 'max': 1634.0}"
1211,4009,DNA Robotics,USA,MN,,2012,True,2026,"{'wins': 178, 'losses': 133, 'ties': 0, 'count': 311, 'winrate': 0.5723}","{'current': 1532.0, 'recent': 1579.0, 'mean': 1555.0, 'max': 1669.0}"
1212,4010,PrepaTec - Nautilus,Mexico,,,2012,True,2026,"{'wins': 160, 'losses': 204, 'ties': 0, 'count': 364, 'winrate': 0.4396}","{'current': 1369.0, 'recent': 1489.0, 'mean': 1472.0, 'max': 1651.0}"
1213,4013,Clockwork Mania,USA,FL,,2012,True,2026,"{'wins': 122, 'losses': 203, 'ties': 0, 'count': 325, 'winrate': 0.3754}","{'current': 1530.0, 'recent': 1491.0, 'mean': 1495.0, 'max': 1559.0}"
1214,4015,Jags,Canada,ON,ont,2012,True,2026,"{'wins': 105, 'losses': 176, 'ties': 1, 'count': 282, 'winrate': 0.3741}","{'current': 1462.0, 'recent': 1448.0, 'mean': 1447.0, 'max': 1543.0}"
1215,4019,Mechanical Paradise,USA,CA,ca,2012,True,2026,"{'wins': 52, 'losses': 86, 'ties': 0, 'count': 138, 'winrate': 0.3768}","{'current': 1406.0, 'recent': 1396.0, 'mean': 1421.0, 'max': 1501.0}"
1216,4020,Cyber Tribe,USA,TN,,2012,True,2026,"{'wins': 231, 'losses': 119, 'ties': 1, 'count': 351, 'winrate': 0.6595}","{'current': 1701.0, 'recent': 1696.0, 'mean': 1631.0, 'max': 1756.0}"
1217,4021,igKnightion,USA,WI,win,2012,True,2026,"{'wins': 92, 'losses': 119, 'ties': 2, 'count': 213, 'winrate': 0.4366}","{'current': 1490.0, 'recent': 1463.0, 'mean': 1494.0, 'max': 1551.0}"
1218,4024,TechnoSaints,USA,FL,,2012,True,2026,"{'wins': 47, 'losses': 72, 'ties': 0, 'count': 119, 'winrate': 0.395}","{'current': 1397.0, 'recent': 1409.0, 'mean': 1408.0, 'max': 1452.0}"
1219,4026,Decatur Robotics,USA,GA,pch,2012,True,2026,"{'wins': 270, 'losses': 207, 'ties': 0, 'count': 477, 'winrate': 0.566}","{'current': 1595.0, 'recent': 1545.0, 'mean': 1556.0, 'max': 1602.0}"
1220,4027,Centre Punch,USA,PA,,2012,True,2026,"{'wins': 145, 'losses': 120, 'ties': 0, 'count': 265, 'winrate': 0.5472}","{'current': 1605.0, 'recent': 1595.0, 'mean': 1543.0, 'max': 1610.0}"
1221,4028,The Beak Squad,USA,OH,,2012,True,2026,"{'wins': 324, 'losses': 150, 'ties': 0, 'count': 474, 'winrate': 0.6835}","{'current': 1799.0, 'recent': 1763.0, 'mean': 1685.0, 'max': 1806.0}"
1222,4034,Pelham πthons Team 4034,USA,NH,ne,2012,True,2026,"{'wins': 90, 'losses': 130, 'ties': 0, 'count': 220, 'winrate': 0.4091}","{'current': 1445.0, 'recent': 1428.0, 'mean': 1450.0, 'max': 1491.0}"
1223,4039,MakeShift Robotics,Canada,ON,ont,2012,True,2026,"{'wins': 435, 'losses': 221, 'ties': 0, 'count': 656, 'winrate': 0.6631}","{'current': 1663.0, 'recent': 1715.0, 'mean': 1678.0, 'max': 1771.0}"
1224,4041,Iron Tigers,USA,ME,ne,2012,True,2026,"{'wins': 185, 'losses': 196, 'ties': 0, 'count': 381, 'winrate': 0.4856}","{'current': 1467.0, 'recent': 1538.0, 'mean': 1536.0, 'max': 1673.0}"
1225,4043,NerdHerd,USA,OR,pnw,2012,True,2026,"{'wins': 221, 'losses': 208, 'ties': 0, 'count': 429, 'winrate': 0.5152}","{'current': 1485.0, 'recent': 1570.0, 'mean': 1514.0, 'max': 1720.0}"
1226,4048,Redshift,USA,MA,ne,2012,True,2026,"{'wins': 203, 'losses': 220, 'ties': 1, 'count': 424, 'winrate': 0.48}","{'current': 1526.0, 'recent': 1577.0, 'mean': 1566.0, 'max': 1686.0}"
1227,4050,Biohazard,USA,PA,,2012,True,2026,"{'wins': 108, 'losses': 124, 'ties': 0, 'count': 232, 'winrate': 0.4655}","{'current': 1438.0, 'recent': 1486.0, 'mean': 1541.0, 'max': 1752.0}"
1228,4054,The Aeronauts,USA,WI,win,2012,True,2026,"{'wins': 57, 'losses': 75, 'ties': 0, 'count': 132, 'winrate': 0.4318}","{'current': 1435.0, 'recent': 1454.0, 'mean': 1457.0, 'max': 1511.0}"
1229,4060,Bearcat Robotics,USA,WA,pnw,2012,True,2026,"{'wins': 207, 'losses': 259, 'ties': 1, 'count': 467, 'winrate': 0.4443}","{'current': 1461.0, 'recent': 1478.0, 'mean': 1483.0, 'max': 1583.0}"
1230,4061,SciBorgs,USA,WA,pnw,2012,True,2026,"{'wins': 286, 'losses': 231, 'ties': 0, 'count': 517, 'winrate': 0.5532}","{'current': 1533.0, 'recent': 1530.0, 'mean': 1579.0, 'max': 1689.0}"
1231,4063,TriKzR4Kidz,USA,TX,fit,2012,True,2026,"{'wins': 370, 'losses': 221, 'ties': 1, 'count': 592, 'winrate': 0.6258}","{'current': 1577.0, 'recent': 1601.0, 'mean': 1592.0, 'max': 1656.0}"
1232,4065,Nerds of Prey,USA,FL,,2012,True,2026,"{'wins': 132, 'losses': 89, 'ties': 0, 'count': 221, 'winrate': 0.5973}","{'current': 1675.0, 'recent': 1592.0, 'mean': 1520.0, 'max': 1675.0}"
1233,4068,Bearbotics,USA,CO,,2012,True,2026,"{'wins': 164, 'losses': 117, 'ties': 0, 'count': 281, 'winrate': 0.5836}","{'current': 1571.0, 'recent': 1616.0, 'mean': 1519.0, 'max': 1747.0}"
1234,4069,Lo-Ellen Robotics,Canada,ON,ont,2012,True,2026,"{'wins': 259, 'losses': 235, 'ties': 1, 'count': 495, 'winrate': 0.5242}","{'current': 1668.0, 'recent': 1610.0, 'mean': 1594.0, 'max': 1668.0}"
1235,4076,Texan Robotics,USA,TX,fit,2012,True,2026,"{'wins': 30, 'losses': 51, 'ties': 0, 'count': 81, 'winrate': 0.3704}","{'current': 1446.0, 'recent': 1446.0, 'mean': 1417.0, 'max': 1488.0}"
1236,4079,Quantum Leap,USA,CA,ca,2012,True,2026,"{'wins': 105, 'losses': 120, 'ties': 0, 'count': 225, 'winrate': 0.4667}","{'current': 1463.0, 'recent': 1502.0, 'mean': 1489.0, 'max': 1598.0}"
1237,4083,The Legendary Iron Wolverines,USA,SC,fsc,2012,True,2026,"{'wins': 88, 'losses': 139, 'ties': 0, 'count': 227, 'winrate': 0.3877}","{'current': 1387.0, 'recent': 1382.0, 'mean': 1431.0, 'max': 1543.0}"
1238,4085,Technical Difficulties,USA,OH,,2012,True,2026,"{'wins': 163, 'losses': 148, 'ties': 0, 'count': 311, 'winrate': 0.5241}","{'current': 1494.0, 'recent': 1503.0, 'mean': 1554.0, 'max': 1660.0}"
1239,4087,Voodoo Voltage,USA,LA,,2012,True,2026,"{'wins': 156, 'losses': 122, 'ties': 1, 'count': 279, 'winrate': 0.5609}","{'current': 1674.0, 'recent': 1563.0, 'mean': 1525.0, 'max': 1733.0}"
1240,4089,Stealth Robotics,USA,WA,pnw,2012,True,2026,"{'wins': 261, 'losses': 198, 'ties': 0, 'count': 459, 'winrate': 0.5686}","{'current': 1742.0, 'recent': 1592.0, 'mean': 1542.0, 'max': 1742.0}"
1241,4091,DRIFT,Dominican Republic,,,2012,True,2026,"{'wins': 79, 'losses': 112, 'ties': 1, 'count': 192, 'winrate': 0.4141}","{'current': 1471.0, 'recent': 1461.0, 'mean': 1471.0, 'max': 1540.0}"
1242,4093,Hardwired,USA,NY,,2012,True,2026,"{'wins': 39, 'losses': 76, 'ties': 0, 'count': 115, 'winrate': 0.3391}","{'current': 1407.0, 'recent': 1464.0, 'mean': 1452.0, 'max': 1514.0}"
1243,4096,Ctrl-Z,USA,IL,,2012,True,2026,"{'wins': 187, 'losses': 172, 'ties': 1, 'count': 360, 'winrate': 0.5208}","{'current': 1691.0, 'recent': 1598.0, 'mean': 1577.0, 'max': 1691.0}"
1244,4099,The Falcons,USA,MD,fch,2012,True,2026,"{'wins': 229, 'losses': 197, 'ties': 0, 'count': 426, 'winrate': 0.5376}","{'current': 1641.0, 'recent': 1607.0, 'mean': 1531.0, 'max': 1641.0}"
1245,4107,Team Storm,USA,MS,,2012,True,2026,"{'wins': 77, 'losses': 94, 'ties': 0, 'count': 171, 'winrate': 0.4503}","{'current': 1428.0, 'recent': 1499.0, 'mean': 1479.0, 'max': 1612.0}"
1246,4112,EagleBots,USA,GA,pch,2012,True,2026,"{'wins': 205, 'losses': 224, 'ties': 0, 'count': 429, 'winrate': 0.4779}","{'current': 1464.0, 'recent': 1506.0, 'mean': 1514.0, 'max': 1602.0}"
1247,4118,Roaring Riptide,USA,FL,,2012,True,2026,"{'wins': 72, 'losses': 82, 'ties': 1, 'count': 155, 'winrate': 0.4677}","{'current': 1472.0, 'recent': 1500.0, 'mean': 1506.0, 'max': 1630.0}"
1248,4121,Viking  Robotics,USA,OH,,2012,True,2026,"{'wins': 108, 'losses': 106, 'ties': 0, 'count': 214, 'winrate': 0.5047}","{'current': 1548.0, 'recent': 1533.0, 'mean': 1511.0, 'max': 1567.0}"
1249,4122,Ossining OBOTS,USA,NY,,2012,True,2026,"{'wins': 221, 'losses': 184, 'ties': 0, 'count': 405, 'winrate': 0.5457}","{'current': 1560.0, 'recent': 1588.0, 'mean': 1562.0, 'max': 1667.0}"
1250,4123,Tribe Robotics,USA,CA,ca,2012,True,2026,"{'wins': 119, 'losses': 112, 'ties': 0, 'count': 231, 'winrate': 0.5152}","{'current': 1577.0, 'recent': 1560.0, 'mean': 1507.0, 'max': 1616.0}"
1251,4125,Confidential,USA,OR,pnw,2012,True,2026,"{'wins': 254, 'losses': 296, 'ties': 0, 'count': 550, 'winrate': 0.4618}","{'current': 1550.0, 'recent': 1533.0, 'mean': 1542.0, 'max': 1631.0}"
1252,4130,The Blue Devils,USA,MI,fim,2012,True,2026,"{'wins': 282, 'losses': 218, 'ties': 0, 'count': 500, 'winrate': 0.564}","{'current': 1458.0, 'recent': 1571.0, 'mean': 1601.0, 'max': 1719.0}"
1253,4131,Iron Patriots,USA,WA,pnw,2012,True,2026,"{'wins': 254, 'losses': 300, 'ties': 0, 'count': 554, 'winrate': 0.4585}","{'current': 1480.0, 'recent': 1549.0, 'mean': 1525.0, 'max': 1668.0}"
1254,4135,Iron Patriots,USA,CA,ca,2012,True,2026,"{'wins': 162, 'losses': 186, 'ties': 1, 'count': 349, 'winrate': 0.4656}","{'current': 1494.0, 'recent': 1516.0, 'mean': 1511.0, 'max': 1566.0}"
1255,4141,Monarch Robotics,USA,CA,ca,2012,True,2026,"{'wins': 84, 'losses': 121, 'ties': 0, 'count': 205, 'winrate': 0.4098}","{'current': 1521.0, 'recent': 1514.0, 'mean': 1443.0, 'max': 1584.0}"
1256,4143,MARS/WARS,USA,IL,,2012,True,2026,"{'wins': 301, 'losses': 151, 'ties': 0, 'count': 452, 'winrate': 0.6659}","{'current': 1703.0, 'recent': 1700.0, 'mean': 1662.0, 'max': 1763.0}"
1257,4145,WorBots,USA,OH,,2012,True,2026,"{'wins': 223, 'losses': 199, 'ties': 0, 'count': 422, 'winrate': 0.5284}","{'current': 1633.0, 'recent': 1618.0, 'mean': 1580.0, 'max': 1691.0}"
1258,4146,Sabercats,USA,AZ,,2012,True,2026,"{'wins': 162, 'losses': 185, 'ties': 0, 'count': 347, 'winrate': 0.4669}","{'current': 1452.0, 'recent': 1489.0, 'mean': 1532.0, 'max': 1606.0}"
1259,4150,FRobotics,USA,PA,,2012,True,2026,"{'wins': 108, 'losses': 113, 'ties': 0, 'count': 221, 'winrate': 0.4887}","{'current': 1462.0, 'recent': 1532.0, 'mean': 1508.0, 'max': 1605.0}"
1260,4152,Hoya Robotics,Canada,ON,ont,2012,True,2026,"{'wins': 219, 'losses': 198, 'ties': 0, 'count': 417, 'winrate': 0.5252}","{'current': 1636.0, 'recent': 1639.0, 'mean': 1554.0, 'max': 1743.0}"
1261,4153,Project Y,USA,NM,fit,2012,True,2026,"{'wins': 217, 'losses': 206, 'ties': 0, 'count': 423, 'winrate': 0.513}","{'current': 1451.0, 'recent': 1523.0, 'mean': 1533.0, 'max': 1588.0}"
1262,4156,Ninjaneers,USA,IL,,2012,True,2026,"{'wins': 45, 'losses': 72, 'ties': 0, 'count': 117, 'winrate': 0.3846}","{'current': 1432.0, 'recent': 1463.0, 'mean': 1459.0, 'max': 1504.0}"
1263,4159,CardinalBotics,USA,CA,ca,2012,True,2026,"{'wins': 167, 'losses': 181, 'ties': 1, 'count': 349, 'winrate': 0.4799}","{'current': 1579.0, 'recent': 1528.0, 'mean': 1529.0, 'max': 1579.0}"
1264,4160,The RoBucs,USA,CA,ca,2012,True,2026,"{'wins': 91, 'losses': 151, 'ties': 0, 'count': 242, 'winrate': 0.376}","{'current': 1495.0, 'recent': 1498.0, 'mean': 1477.0, 'max': 1532.0}"
1265,4166,Robostang,USA,MN,,2012,True,2026,"{'wins': 39, 'losses': 100, 'ties': 0, 'count': 139, 'winrate': 0.2806}","{'current': 1419.0, 'recent': 1397.0, 'mean': 1425.0, 'max': 1506.0}"
1266,4169,Warrior Robotics,USA,MA,ne,2012,True,2026,"{'wins': 116, 'losses': 181, 'ties': 0, 'count': 297, 'winrate': 0.3906}","{'current': 1323.0, 'recent': 1425.0, 'mean': 1451.0, 'max': 1594.0}"
1267,4171,BayBots,USA,CA,ca,2012,True,2026,"{'wins': 79, 'losses': 142, 'ties': 0, 'count': 221, 'winrate': 0.3575}","{'current': 1449.0, 'recent': 1430.0, 'mean': 1437.0, 'max': 1505.0}"
1268,4173,Bark Bots,USA,WA,pnw,2012,True,2026,"{'wins': 138, 'losses': 190, 'ties': 0, 'count': 328, 'winrate': 0.4207}","{'current': 1494.0, 'recent': 1492.0, 'mean': 1451.0, 'max': 1529.0}"
1269,4174,Mustang Robotics,USA,MN,,2012,True,2026,"{'wins': 98, 'losses': 62, 'ties': 0, 'count': 160, 'winrate': 0.6125}","{'current': 1691.0, 'recent': 1579.0, 'mean': 1514.0, 'max': 1691.0}"
1270,4175,Coded Summit,USA,ID,,2012,True,2026,"{'wins': 98, 'losses': 105, 'ties': 0, 'count': 203, 'winrate': 0.4828}","{'current': 1513.0, 'recent': 1518.0, 'mean': 1495.0, 'max': 1597.0}"
1271,4176,Iron Tigers,USA,MA,ne,2012,True,2026,"{'wins': 171, 'losses': 210, 'ties': 0, 'count': 381, 'winrate': 0.4488}","{'current': 1482.0, 'recent': 1480.0, 'mean': 1498.0, 'max': 1579.0}"
1272,4179,Tahisco Techs,USA,FL,,2012,True,2026,"{'wins': 32, 'losses': 68, 'ties': 0, 'count': 100, 'winrate': 0.32}","{'current': 1357.0, 'recent': 1378.0, 'mean': 1369.0, 'max': 1432.0}"
1273,4180,Iron Riders,USA,WA,pnw,2012,True,2026,"{'wins': 127, 'losses': 199, 'ties': 0, 'count': 326, 'winrate': 0.3896}","{'current': 1495.0, 'recent': 1509.0, 'mean': 1480.0, 'max': 1578.0}"
1274,4181,Quack Attack,USA,MN,,2012,True,2026,"{'wins': 71, 'losses': 86, 'ties': 1, 'count': 158, 'winrate': 0.4525}","{'current': 1503.0, 'recent': 1495.0, 'mean': 1486.0, 'max': 1563.0}"
1275,4182,Viking Robotics,USA,MN,,2012,True,2026,"{'wins': 58, 'losses': 60, 'ties': 0, 'count': 118, 'winrate': 0.4915}","{'current': 1435.0, 'recent': 1451.0, 'mean': 1450.0, 'max': 1594.0}"
1276,4183,Bit Buckets,USA,AZ,,2012,True,2026,"{'wins': 202, 'losses': 171, 'ties': 0, 'count': 373, 'winrate': 0.5416}","{'current': 1532.0, 'recent': 1540.0, 'mean': 1576.0, 'max': 1646.0}"
1277,4186,Alameda Aztechs Robotics,USA,CA,ca,2012,True,2026,"{'wins': 83, 'losses': 137, 'ties': 0, 'count': 220, 'winrate': 0.3773}","{'current': 1476.0, 'recent': 1480.0, 'mean': 1466.0, 'max': 1500.0}"
1278,4188,Columbus Space Program,USA,GA,pch,2012,True,2026,"{'wins': 389, 'losses': 241, 'ties': 0, 'count': 630, 'winrate': 0.6175}","{'current': 1648.0, 'recent': 1593.0, 'mean': 1589.0, 'max': 1660.0}"
1279,4189,Chargers,USA,GA,pch,2012,True,2026,"{'wins': 243, 'losses': 184, 'ties': 2, 'count': 429, 'winrate': 0.5688}","{'current': 1621.0, 'recent': 1546.0, 'mean': 1553.0, 'max': 1654.0}"
1280,4191,IMC,Türkiye,,,2012,True,2026,"{'wins': 86, 'losses': 109, 'ties': 0, 'count': 195, 'winrate': 0.441}","{'current': 1359.0, 'recent': 1375.0, 'mean': 1433.0, 'max': 1532.0}"
1281,4192,Jaguar Robotics,USA,TX,fit,2012,True,2026,"{'wins': 188, 'losses': 223, 'ties': 1, 'count': 412, 'winrate': 0.4575}","{'current': 1530.0, 'recent': 1556.0, 'mean': 1517.0, 'max': 1609.0}"
1282,4198,RoboCats,USA,MN,,2012,True,2026,"{'wins': 150, 'losses': 139, 'ties': 0, 'count': 289, 'winrate': 0.519}","{'current': 1558.0, 'recent': 1556.0, 'mean': 1530.0, 'max': 1602.0}"
1283,4201,The Vitruvian Bots,USA,CA,ca,2012,True,2026,"{'wins': 223, 'losses': 140, 'ties': 0, 'count': 363, 'winrate': 0.6143}","{'current': 1689.0, 'recent': 1657.0, 'mean': 1610.0, 'max': 1792.0}"
1284,4206,Robo Vikes,USA,TX,fit,2012,True,2026,"{'wins': 318, 'losses': 231, 'ties': 0, 'count': 549, 'winrate': 0.5792}","{'current': 1617.0, 'recent': 1680.0, 'mean': 1578.0, 'max': 1806.0}"
1285,4207,PyroBotics,USA,MN,,2012,True,2026,"{'wins': 79, 'losses': 87, 'ties': 0, 'count': 166, 'winrate': 0.4759}","{'current': 1485.0, 'recent': 1525.0, 'mean': 1510.0, 'max': 1563.0}"
1286,4213,MetalCow Robotics,USA,IL,,2012,True,2026,"{'wins': 176, 'losses': 146, 'ties': 0, 'count': 322, 'winrate': 0.5466}","{'current': 1504.0, 'recent': 1564.0, 'mean': 1573.0, 'max': 1702.0}"
1287,4215,TRIBOTS,USA,MN,,2012,True,2026,"{'wins': 52, 'losses': 65, 'ties': 0, 'count': 117, 'winrate': 0.4444}","{'current': 1523.0, 'recent': 1501.0, 'mean': 1485.0, 'max': 1527.0}"
1288,4216,Blue Ops Robotics,USA,MI,fim,2012,True,2026,"{'wins': 224, 'losses': 217, 'ties': 1, 'count': 442, 'winrate': 0.5079}","{'current': 1504.0, 'recent': 1519.0, 'mean': 1548.0, 'max': 1663.0}"
1289,4219,RED!,USA,TX,fit,2012,True,2026,"{'wins': 159, 'losses': 168, 'ties': 0, 'count': 327, 'winrate': 0.4862}","{'current': 1493.0, 'recent': 1503.0, 'mean': 1495.0, 'max': 1569.0}"
1290,4225,RoboCats,USA,MN,,2012,True,2026,"{'wins': 37, 'losses': 72, 'ties': 0, 'count': 109, 'winrate': 0.3394}","{'current': 1415.0, 'recent': 1426.0, 'mean': 1428.0, 'max': 1501.0}"
1291,4226,Huskies,USA,MN,,2012,True,2026,"{'wins': 100, 'losses': 113, 'ties': 0, 'count': 213, 'winrate': 0.4695}","{'current': 1485.0, 'recent': 1506.0, 'mean': 1506.0, 'max': 1579.0}"
1292,4229,Magnetech,USA,MN,,2012,True,2026,"{'wins': 53, 'losses': 85, 'ties': 0, 'count': 138, 'winrate': 0.3841}","{'current': 1435.0, 'recent': 1449.0, 'mean': 1442.0, 'max': 1525.0}"
1293,4230,TopperBots,USA,MN,,2012,True,2026,"{'wins': 107, 'losses': 113, 'ties': 0, 'count': 220, 'winrate': 0.4864}","{'current': 1430.0, 'recent': 1547.0, 'mean': 1504.0, 'max': 1735.0}"
1294,4237,Team Lance-A-Bot,USA,MI,fim,2012,True,2026,"{'wins': 319, 'losses': 225, 'ties': 1, 'count': 545, 'winrate': 0.5862}","{'current': 1805.0, 'recent': 1643.0, 'mean': 1579.0, 'max': 1805.0}"
1295,4238,Resistance Robotics,USA,MN,,2012,True,2026,"{'wins': 60, 'losses': 83, 'ties': 0, 'count': 143, 'winrate': 0.4196}","{'current': 1464.0, 'recent': 1475.0, 'mean': 1434.0, 'max': 1506.0}"
1296,4239,WARPSPEED,USA,MN,,2012,True,2026,"{'wins': 107, 'losses': 108, 'ties': 0, 'count': 215, 'winrate': 0.4977}","{'current': 1429.0, 'recent': 1502.0, 'mean': 1509.0, 'max': 1554.0}"
1297,4240,TroTek Warriors,USA,GA,pch,2012,True,2026,"{'wins': 98, 'losses': 169, 'ties': 1, 'count': 268, 'winrate': 0.3675}","{'current': 1450.0, 'recent': 1443.0, 'mean': 1448.0, 'max': 1505.0}"
1298,4253,Raid Zero,Chinese Taipei,,,2012,True,2026,"{'wins': 280, 'losses': 153, 'ties': 0, 'count': 433, 'winrate': 0.6467}","{'current': 1526.0, 'recent': 1582.0, 'mean': 1589.0, 'max': 1772.0}"
1299,4255,Robodores,USA,CA,ca,2012,True,2026,"{'wins': 120, 'losses': 141, 'ties': 1, 'count': 262, 'winrate': 0.4599}","{'current': 1447.0, 'recent': 1556.0, 'mean': 1513.0, 'max': 1753.0}"
1300,4256,Cyborg Cats,USA,MO,,2012,True,2026,"{'wins': 222, 'losses': 179, 'ties': 0, 'count': 401, 'winrate': 0.5536}","{'current': 1585.0, 'recent': 1573.0, 'mean': 1581.0, 'max': 1676.0}"
1301,4260,BEAR (Blue Earth Area Robotics),USA,MN,,2012,True,2026,"{'wins': 37, 'losses': 74, 'ties': 0, 'count': 111, 'winrate': 0.3333}","{'current': 1456.0, 'recent': 1427.0, 'mean': 1432.0, 'max': 1490.0}"
1302,4265,Secret City Wildbots,USA,TN,,2012,True,2026,"{'wins': 248, 'losses': 146, 'ties': 0, 'count': 394, 'winrate': 0.6294}","{'current': 1499.0, 'recent': 1605.0, 'mean': 1639.0, 'max': 1768.0}"
1303,4269,CardinalBots,USA,OH,,2012,True,2026,"{'wins': 122, 'losses': 127, 'ties': 0, 'count': 249, 'winrate': 0.49}","{'current': 1539.0, 'recent': 1508.0, 'mean': 1523.0, 'max': 1632.0}"
1304,4270,Crusaders,USA,HI,,2012,True,2026,"{'wins': 244, 'losses': 163, 'ties': 1, 'count': 408, 'winrate': 0.5993}","{'current': 1579.0, 'recent': 1651.0, 'mean': 1561.0, 'max': 1744.0}"
1305,4272,Maverick Robotics,USA,IN,fin,2012,True,2026,"{'wins': 356, 'losses': 196, 'ties': 0, 'count': 552, 'winrate': 0.6449}","{'current': 1678.0, 'recent': 1684.0, 'mean': 1603.0, 'max': 1728.0}"
1306,4276,Surf City Vikings,USA,CA,ca,2012,True,2026,"{'wins': 196, 'losses': 160, 'ties': 0, 'count': 356, 'winrate': 0.5506}","{'current': 1504.0, 'recent': 1526.0, 'mean': 1554.0, 'max': 1622.0}"
1307,4277,Thingamajiggers,USA,MN,,2012,True,2026,"{'wins': 45, 'losses': 62, 'ties': 0, 'count': 107, 'winrate': 0.4206}","{'current': 1469.0, 'recent': 1489.0, 'mean': 1480.0, 'max': 1507.0}"
1308,4285,Camo-Bots,USA,PA,fma,2012,True,2026,"{'wins': 223, 'losses': 236, 'ties': 1, 'count': 460, 'winrate': 0.4859}","{'current': 1574.0, 'recent': 1530.0, 'mean': 1526.0, 'max': 1675.0}"
1309,4286,Imperial Robotics,USA,VA,fch,2012,True,2026,"{'wins': 120, 'losses': 181, 'ties': 0, 'count': 301, 'winrate': 0.3987}","{'current': 1370.0, 'recent': 1421.0, 'mean': 1453.0, 'max': 1595.0}"
1310,4293,Komodo,USA,CO,,2012,True,2026,"{'wins': 144, 'losses': 123, 'ties': 1, 'count': 268, 'winrate': 0.5392}","{'current': 1519.0, 'recent': 1540.0, 'mean': 1518.0, 'max': 1604.0}"
1311,4295,Hudson Stingers,USA,TX,fit,2012,True,2026,"{'wins': 106, 'losses': 151, 'ties': 0, 'count': 257, 'winrate': 0.4125}","{'current': 1490.0, 'recent': 1418.0, 'mean': 1428.0, 'max': 1538.0}"
1312,4296,Trident Robotics,USA,IL,,2012,True,2026,"{'wins': 101, 'losses': 117, 'ties': 0, 'count': 218, 'winrate': 0.4633}","{'current': 1509.0, 'recent': 1503.0, 'mean': 1510.0, 'max': 1565.0}"
1313,4299,BCS RoboSharks,USA,NY,,2012,True,2026,"{'wins': 36, 'losses': 52, 'ties': 0, 'count': 88, 'winrate': 0.4091}","{'current': 1437.0, 'recent': 1436.0, 'mean': 1421.0, 'max': 1452.0}"
1314,4306,Robokomodos,USA,TN,,2012,True,2026,"{'wins': 68, 'losses': 87, 'ties': 0, 'count': 155, 'winrate': 0.4387}","{'current': 1441.0, 'recent': 1450.0, 'mean': 1463.0, 'max': 1553.0}"
1315,4308,ABSOLUTE ROBOTICS,Canada,ON,ont,2012,True,2026,"{'wins': 137, 'losses': 188, 'ties': 0, 'count': 325, 'winrate': 0.4215}","{'current': 1429.0, 'recent': 1501.0, 'mean': 1479.0, 'max': 1568.0}"
1316,4311,Swampscott Currents,USA,MA,ne,2012,True,2026,"{'wins': 164, 'losses': 177, 'ties': 1, 'count': 342, 'winrate': 0.481}","{'current': 1609.0, 'recent': 1547.0, 'mean': 1498.0, 'max': 1609.0}"
1317,4314,Springfield Urban League Abe-Ro-Bots,USA,IL,,2012,True,2026,"{'wins': 50, 'losses': 74, 'ties': 0, 'count': 124, 'winrate': 0.4032}","{'current': 1466.0, 'recent': 1467.0, 'mean': 1433.0, 'max': 1539.0}"
1318,4319,Ladies FIRST,Israel,,isr,2012,True,2026,"{'wins': 80, 'losses': 160, 'ties': 1, 'count': 241, 'winrate': 0.334}","{'current': 1423.0, 'recent': 1432.0, 'mean': 1406.0, 'max': 1501.0}"
1319,4320,The Joker,Israel,,isr,2012,True,2026,"{'wins': 189, 'losses': 197, 'ties': 0, 'count': 386, 'winrate': 0.4896}","{'current': 1533.0, 'recent': 1530.0, 'mean': 1525.0, 'max': 1632.0}"
1320,4322,Clockwork,USA,CA,ca,2012,True,2026,"{'wins': 176, 'losses': 161, 'ties': 1, 'count': 338, 'winrate': 0.5222}","{'current': 1678.0, 'recent': 1599.0, 'mean': 1566.0, 'max': 1678.0}"
1321,4325,RoboRangers,USA,MI,fim,2012,True,2026,"{'wins': 218, 'losses': 217, 'ties': 0, 'count': 435, 'winrate': 0.5011}","{'current': 1428.0, 'recent': 1506.0, 'mean': 1564.0, 'max': 1722.0}"
1322,4327,Q Branch,USA,MI,fim,2012,True,2026,"{'wins': 223, 'losses': 269, 'ties': 0, 'count': 492, 'winrate': 0.4533}","{'current': 1538.0, 'recent': 1537.0, 'mean': 1521.0, 'max': 1573.0}"
1323,4328,Furious Falcons,USA,TX,fit,2012,True,2026,"{'wins': 99, 'losses': 136, 'ties': 1, 'count': 236, 'winrate': 0.4216}","{'current': 1472.0, 'recent': 1425.0, 'mean': 1471.0, 'max': 1584.0}"
1324,4329,Lutheran Roboteers,USA,MO,,2012,True,2026,"{'wins': 189, 'losses': 175, 'ties': 1, 'count': 365, 'winrate': 0.5192}","{'current': 1485.0, 'recent': 1586.0, 'mean': 1555.0, 'max': 1636.0}"
1325,4330,Rambunction,USA,MO,,2012,True,2026,"{'wins': 96, 'losses': 143, 'ties': 0, 'count': 239, 'winrate': 0.4017}","{'current': 1525.0, 'recent': 1493.0, 'mean': 1492.0, 'max': 1544.0}"
1326,4332,RoboCats,USA,TX,fit,2012,True,2026,"{'wins': 86, 'losses': 143, 'ties': 0, 'count': 229, 'winrate': 0.3755}","{'current': 1433.0, 'recent': 1403.0, 'mean': 1417.0, 'max': 1469.0}"
1327,4336,Ramageddon Robotics,USA,LA,,2012,True,2026,"{'wins': 143, 'losses': 130, 'ties': 0, 'count': 273, 'winrate': 0.5238}","{'current': 1539.0, 'recent': 1579.0, 'mean': 1498.0, 'max': 1676.0}"
1328,4338,Falcons,Israel,,isr,2012,True,2026,"{'wins': 188, 'losses': 179, 'ties': 1, 'count': 368, 'winrate': 0.5122}","{'current': 1517.0, 'recent': 1546.0, 'mean': 1523.0, 'max': 1680.0}"
1329,4342,Demon Robotics,USA,PA,fma,2012,True,2026,"{'wins': 306, 'losses': 265, 'ties': 1, 'count': 572, 'winrate': 0.5358}","{'current': 1475.0, 'recent': 1603.0, 'mean': 1592.0, 'max': 1656.0}"
1330,4355,Samurai Code - Peñoles - John Deere,Mexico,,,2012,True,2026,"{'wins': 110, 'losses': 156, 'ties': 1, 'count': 267, 'winrate': 0.4139}","{'current': 1457.0, 'recent': 1469.0, 'mean': 1489.0, 'max': 1552.0}"
1331,4360,Spudnik,USA,MN,,2012,True,2026,"{'wins': 49, 'losses': 84, 'ties': 0, 'count': 133, 'winrate': 0.3684}","{'current': 1470.0, 'recent': 1453.0, 'mean': 1418.0, 'max': 1536.0}"
1332,4361,Roxbotix,USA,NJ,fma,2012,True,2026,"{'wins': 207, 'losses': 230, 'ties': 1, 'count': 438, 'winrate': 0.4737}","{'current': 1366.0, 'recent': 1496.0, 'mean': 1504.0, 'max': 1591.0}"
1333,4362,Gems,USA,MI,fim,2012,True,2026,"{'wins': 439, 'losses': 245, 'ties': 0, 'count': 684, 'winrate': 0.6418}","{'current': 1770.0, 'recent': 1718.0, 'mean': 1652.0, 'max': 1797.0}"
1334,4364,Metal Jackets,USA,TX,fit,2012,True,2026,"{'wins': 129, 'losses': 181, 'ties': 0, 'count': 310, 'winrate': 0.4161}","{'current': 1421.0, 'recent': 1465.0, 'mean': 1463.0, 'max': 1561.0}"
1335,4371,Prepa Tecmilenio - ART,Mexico,,,2012,True,2026,"{'wins': 65, 'losses': 98, 'ties': 0, 'count': 163, 'winrate': 0.3988}","{'current': 1421.0, 'recent': 1413.0, 'mean': 1421.0, 'max': 1485.0}"
1336,4375,Westend Gearbusters,USA,MI,fim,2012,True,2026,"{'wins': 166, 'losses': 192, 'ties': 1, 'count': 359, 'winrate': 0.4638}","{'current': 1485.0, 'recent': 1514.0, 'mean': 1515.0, 'max': 1594.0}"
1337,4377,Boyne City Blaze,USA,MI,fim,2012,True,2026,"{'wins': 232, 'losses': 248, 'ties': 0, 'count': 480, 'winrate': 0.4833}","{'current': 1488.0, 'recent': 1530.0, 'mean': 1536.0, 'max': 1638.0}"
1338,4381,Twisted Devils,USA,MI,fim,2012,True,2026,"{'wins': 374, 'losses': 283, 'ties': 0, 'count': 657, 'winrate': 0.5693}","{'current': 1562.0, 'recent': 1625.0, 'mean': 1593.0, 'max': 1742.0}"
1339,4383,The P-TECH Fly-Bots,USA,NY,,2012,True,2026,"{'wins': 26, 'losses': 38, 'ties': 0, 'count': 64, 'winrate': 0.4063}","{'current': 1450.0, 'recent': 1450.0, 'mean': 1403.0, 'max': 1473.0}"
1340,4384,Benzene Bots,USA,MI,fim,2012,True,2026,"{'wins': 219, 'losses': 222, 'ties': 2, 'count': 443, 'winrate': 0.4966}","{'current': 1494.0, 'recent': 1461.0, 'mean': 1537.0, 'max': 1658.0}"
1341,4388,Ridgebotics,USA,CO,,2012,True,2026,"{'wins': 133, 'losses': 124, 'ties': 0, 'count': 257, 'winrate': 0.5175}","{'current': 1567.0, 'recent': 1540.0, 'mean': 1543.0, 'max': 1612.0}"
1342,4390,ATA Coregears,USA,MI,fim,2012,True,2026,"{'wins': 105, 'losses': 173, 'ties': 0, 'count': 278, 'winrate': 0.3777}","{'current': 1460.0, 'recent': 1412.0, 'mean': 1450.0, 'max': 1514.0}"
1343,4391,BraveBots,USA,MI,fim,2012,True,2026,"{'wins': 459, 'losses': 226, 'ties': 0, 'count': 685, 'winrate': 0.6701}","{'current': 1666.0, 'recent': 1740.0, 'mean': 1664.0, 'max': 1801.0}"
1344,4392,The Deceivers,USA,MI,fim,2012,True,2026,"{'wins': 283, 'losses': 218, 'ties': 0, 'count': 501, 'winrate': 0.5649}","{'current': 1559.0, 'recent': 1610.0, 'mean': 1574.0, 'max': 1706.0}"
1345,4395,Dundee Vi-Borgs,USA,MI,fim,2012,True,2026,"{'wins': 149, 'losses': 193, 'ties': 0, 'count': 342, 'winrate': 0.4357}","{'current': 1483.0, 'recent': 1464.0, 'mean': 1495.0, 'max': 1577.0}"
1346,4398,Gladiators,USA,MI,fim,2012,True,2026,"{'wins': 175, 'losses': 179, 'ties': 1, 'count': 355, 'winrate': 0.4944}","{'current': 1633.0, 'recent': 1539.0, 'mean': 1500.0, 'max': 1633.0}"
1347,4400,Cerbotics - Peñoles,Mexico,,,2012,True,2026,"{'wins': 271, 'losses': 169, 'ties': 0, 'count': 440, 'winrate': 0.6159}","{'current': 1766.0, 'recent': 1668.0, 'mean': 1552.0, 'max': 1766.0}"
1348,4401,CETMOV - Peñoles,Mexico,,,2012,True,2026,"{'wins': 122, 'losses': 122, 'ties': 0, 'count': 244, 'winrate': 0.5}","{'current': 1467.0, 'recent': 1483.0, 'mean': 1499.0, 'max': 1543.0}"
1349,4403,PrepaTec - ROULT - Peñoles,Mexico,,,2012,True,2026,"{'wins': 221, 'losses': 150, 'ties': 0, 'count': 371, 'winrate': 0.5957}","{'current': 1738.0, 'recent': 1591.0, 'mean': 1524.0, 'max': 1738.0}"
1350,4405,The Atoms Family,USA,MI,fim,2012,True,2026,"{'wins': 267, 'losses': 252, 'ties': 1, 'count': 520, 'winrate': 0.5144}","{'current': 1516.0, 'recent': 1582.0, 'mean': 1570.0, 'max': 1663.0}"
1351,4414,HighTide,USA,CA,ca,2012,True,2026,"{'wins': 314, 'losses': 53, 'ties': 0, 'count': 367, 'winrate': 0.8556}","{'current': 2013.0, 'recent': 1867.0, 'mean': 1833.0, 'max': 2013.0}"
1352,4415,EPIC Robotz,USA,CA,ca,2012,True,2026,"{'wins': 251, 'losses': 137, 'ties': 0, 'count': 388, 'winrate': 0.6469}","{'current': 1596.0, 'recent': 1681.0, 'mean': 1610.0, 'max': 1778.0}"
1353,4416,Skynet,Israel,,isr,2012,True,2026,"{'wins': 99, 'losses': 148, 'ties': 0, 'count': 247, 'winrate': 0.4008}","{'current': 1487.0, 'recent': 1468.0, 'mean': 1451.0, 'max': 1525.0}"
1354,4418,IMPULSE,USA,CO,,2012,True,2026,"{'wins': 94, 'losses': 107, 'ties': 0, 'count': 201, 'winrate': 0.4677}","{'current': 1468.0, 'recent': 1502.0, 'mean': 1483.0, 'max': 1538.0}"
1355,4419,Team Rewind,USA,CA,ca,2012,True,2026,"{'wins': 79, 'losses': 66, 'ties': 0, 'count': 145, 'winrate': 0.5448}","{'current': 1563.0, 'recent': 1570.0, 'mean': 1561.0, 'max': 1601.0}"
1356,4421,FORGE Robotics,Canada,AB,,2012,True,2026,"{'wins': 98, 'losses': 62, 'ties': 1, 'count': 161, 'winrate': 0.6118}","{'current': 1662.0, 'recent': 1616.0, 'mean': 1616.0, 'max': 1662.0}"
1357,4422,Twisted Angels,USA,MI,fim,2012,True,2026,"{'wins': 148, 'losses': 78, 'ties': 0, 'count': 226, 'winrate': 0.6549}","{'current': 1540.0, 'recent': 1600.0, 'mean': 1600.0, 'max': 1674.0}"
1358,4423,MARS' Minions,USA,IL,,2012,True,2026,"{'wins': 16, 'losses': 14, 'ties': 0, 'count': 30, 'winrate': 0.5333}","{'current': 1531.0, 'recent': 1539.0, 'mean': 1539.0, 'max': 1547.0}"
1359,4450,Olympia Robotics Federation,USA,WA,pnw,2013,True,2026,"{'wins': 221, 'losses': 204, 'ties': 1, 'count': 426, 'winrate': 0.52}","{'current': 1616.0, 'recent': 1566.0, 'mean': 1576.0, 'max': 1653.0}"
1360,4451,ROBOTZ Garage,USA,SC,fsc,2013,True,2026,"{'wins': 370, 'losses': 152, 'ties': 1, 'count': 523, 'winrate': 0.7084}","{'current': 1601.0, 'recent': 1679.0, 'mean': 1681.0, 'max': 1739.0}"
1361,4453,The Red Hot Chili Bots,USA,MI,fim,2013,True,2026,"{'wins': 183, 'losses': 190, 'ties': 0, 'count': 373, 'winrate': 0.4906}","{'current': 1455.0, 'recent': 1493.0, 'mean': 1464.0, 'max': 1533.0}"
1362,4455,The Burger Bots,USA,MO,,2013,True,2026,"{'wins': 68, 'losses': 108, 'ties': 0, 'count': 176, 'winrate': 0.3864}","{'current': 1457.0, 'recent': 1462.0, 'mean': 1448.0, 'max': 1498.0}"
1363,4456,Mech Cadets,USA,DC,fch,2013,True,2026,"{'wins': 203, 'losses': 197, 'ties': 0, 'count': 400, 'winrate': 0.5075}","{'current': 1565.0, 'recent': 1516.0, 'mean': 1525.0, 'max': 1603.0}"
1364,4458,Infernobotix,USA,NY,,2013,True,2026,"{'wins': 137, 'losses': 123, 'ties': 0, 'count': 260, 'winrate': 0.5269}","{'current': 1507.0, 'recent': 1550.0, 'mean': 1550.0, 'max': 1599.0}"
1365,4459,LeoTechs,USA,GA,pch,2013,True,2026,"{'wins': 137, 'losses': 180, 'ties': 0, 'count': 317, 'winrate': 0.4322}","{'current': 1415.0, 'recent': 1406.0, 'mean': 1432.0, 'max': 1528.0}"
1366,4464,Team Illusion,USA,MD,fch,2013,True,2026,"{'wins': 112, 'losses': 169, 'ties': 0, 'count': 281, 'winrate': 0.3986}","{'current': 1444.0, 'recent': 1380.0, 'mean': 1442.0, 'max': 1575.0}"
1367,4467,Titanium Titans,USA,PA,,2013,True,2026,"{'wins': 125, 'losses': 135, 'ties': 0, 'count': 260, 'winrate': 0.4808}","{'current': 1650.0, 'recent': 1620.0, 'mean': 1558.0, 'max': 1650.0}"
1368,4468,Fernbank LINKS,USA,GA,pch,2013,True,2026,"{'wins': 171, 'losses': 190, 'ties': 2, 'count': 363, 'winrate': 0.4738}","{'current': 1442.0, 'recent': 1434.0, 'mean': 1498.0, 'max': 1715.0}"
1369,4469,R.A.I.D. (Raider Artificial Intelligence Division),USA,WA,pnw,2013,True,2026,"{'wins': 247, 'losses': 197, 'ties': 1, 'count': 445, 'winrate': 0.5562}","{'current': 1700.0, 'recent': 1615.0, 'mean': 1599.0, 'max': 1706.0}"
1370,4470,TiGears,USA,CA,ca,2013,True,2026,"{'wins': 78, 'losses': 104, 'ties': 0, 'count': 182, 'winrate': 0.4286}","{'current': 1480.0, 'recent': 1481.0, 'mean': 1477.0, 'max': 1534.0}"
1371,4472,SuperNOVA,USA,VA,fch,2013,True,2026,"{'wins': 236, 'losses': 186, 'ties': 2, 'count': 424, 'winrate': 0.559}","{'current': 1563.0, 'recent': 1555.0, 'mean': 1579.0, 'max': 1765.0}"
1372,4473,Delta Prime Robotics 4-H,USA,ME,ne,2013,True,2026,"{'wins': 159, 'losses': 188, 'ties': 0, 'count': 347, 'winrate': 0.4582}","{'current': 1538.0, 'recent': 1512.0, 'mean': 1529.0, 'max': 1588.0}"
1373,4476,W.A.F.F.L.E.S.,Canada,ON,ont,2013,True,2026,"{'wins': 378, 'losses': 188, 'ties': 0, 'count': 566, 'winrate': 0.6678}","{'current': 1757.0, 'recent': 1729.0, 'mean': 1662.0, 'max': 1774.0}"
1374,4480,UC-Botics,USA,MN,,2013,True,2026,"{'wins': 48, 'losses': 85, 'ties': 0, 'count': 133, 'winrate': 0.3609}","{'current': 1473.0, 'recent': 1477.0, 'mean': 1462.0, 'max': 1531.0}"
1375,4481,Team Rembrandts,Netherlands,,,2013,True,2026,"{'wins': 291, 'losses': 148, 'ties': 0, 'count': 439, 'winrate': 0.6629}","{'current': 1753.0, 'recent': 1746.0, 'mean': 1650.0, 'max': 1777.0}"
1376,4485,Tribe Tech Robotics,USA,IN,fin,2013,True,2026,"{'wins': 144, 'losses': 191, 'ties': 1, 'count': 336, 'winrate': 0.4301}","{'current': 1505.0, 'recent': 1514.0, 'mean': 1536.0, 'max': 1682.0}"
1377,4488,Shockwave,USA,OR,pnw,2013,True,2026,"{'wins': 394, 'losses': 205, 'ties': 0, 'count': 599, 'winrate': 0.6578}","{'current': 1652.0, 'recent': 1617.0, 'mean': 1662.0, 'max': 1756.0}"
1378,4499,The Highlanders,USA,CO,,2013,True,2026,"{'wins': 362, 'losses': 201, 'ties': 0, 'count': 563, 'winrate': 0.643}","{'current': 1750.0, 'recent': 1765.0, 'mean': 1674.0, 'max': 1798.0}"
1379,4500,RoboHounds,USA,MO,,2013,True,2026,"{'wins': 168, 'losses': 146, 'ties': 0, 'count': 314, 'winrate': 0.535}","{'current': 1586.0, 'recent': 1590.0, 'mean': 1556.0, 'max': 1680.0}"
1380,4501,Humans,USA,CA,ca,2013,True,2026,"{'wins': 149, 'losses': 163, 'ties': 2, 'count': 314, 'winrate': 0.4777}","{'current': 1464.0, 'recent': 1493.0, 'mean': 1526.0, 'max': 1627.0}"
1381,4504,B. C. Robotics,USA,TN,,2013,True,2026,"{'wins': 82, 'losses': 108, 'ties': 0, 'count': 190, 'winrate': 0.4316}","{'current': 1488.0, 'recent': 1466.0, 'mean': 1485.0, 'max': 1542.0}"
1382,4505,McDonogh Robotics,USA,MD,fch,2013,True,2026,"{'wins': 165, 'losses': 189, 'ties': 0, 'count': 354, 'winrate': 0.4661}","{'current': 1459.0, 'recent': 1462.0, 'mean': 1483.0, 'max': 1574.0}"
1383,4509,Mechanical Bulls,USA,GA,pch,2013,True,2026,"{'wins': 182, 'losses': 132, 'ties': 1, 'count': 315, 'winrate': 0.5794}","{'current': 1489.0, 'recent': 1559.0, 'mean': 1563.0, 'max': 1731.0}"
1384,4511,Power Amplified,USA,MN,,2013,True,2026,"{'wins': 52, 'losses': 65, 'ties': 0, 'count': 117, 'winrate': 0.4444}","{'current': 1401.0, 'recent': 1463.0, 'mean': 1465.0, 'max': 1522.0}"
1385,4512,Otter Chaos,USA,WA,pnw,2013,True,2026,"{'wins': 193, 'losses': 195, 'ties': 0, 'count': 388, 'winrate': 0.4974}","{'current': 1655.0, 'recent': 1564.0, 'mean': 1531.0, 'max': 1655.0}"
1386,4513,Circuit Breakers,USA,WA,pnw,2013,True,2026,"{'wins': 262, 'losses': 201, 'ties': 0, 'count': 463, 'winrate': 0.5659}","{'current': 1555.0, 'recent': 1573.0, 'mean': 1569.0, 'max': 1695.0}"
1387,4522,Team SCREAM,USA,MO,,2013,True,2026,"{'wins': 418, 'losses': 190, 'ties': 0, 'count': 608, 'winrate': 0.6875}","{'current': 1737.0, 'recent': 1767.0, 'mean': 1688.0, 'max': 1808.0}"
1388,4523,MCROBO,USA,OK,,2013,True,2026,"{'wins': 106, 'losses': 105, 'ties': 0, 'count': 211, 'winrate': 0.5024}","{'current': 1508.0, 'recent': 1502.0, 'mean': 1505.0, 'max': 1575.0}"
1389,4531,STEAMpunk,USA,WI,win,2013,True,2026,"{'wins': 125, 'losses': 148, 'ties': 0, 'count': 273, 'winrate': 0.4579}","{'current': 1567.0, 'recent': 1530.0, 'mean': 1525.0, 'max': 1609.0}"
1390,4533,Phoenix,USA,SC,fsc,2013,True,2026,"{'wins': 145, 'losses': 166, 'ties': 1, 'count': 312, 'winrate': 0.4663}","{'current': 1477.0, 'recent': 1525.0, 'mean': 1519.0, 'max': 1675.0}"
1391,4534,Wired Wizards,USA,NC,fnc,2013,True,2026,"{'wins': 248, 'losses': 194, 'ties': 2, 'count': 444, 'winrate': 0.5608}","{'current': 1567.0, 'recent': 1561.0, 'mean': 1534.0, 'max': 1654.0}"
1392,4536,MinuteBots,USA,MN,,2013,True,2026,"{'wins': 131, 'losses': 124, 'ties': 0, 'count': 255, 'winrate': 0.5137}","{'current': 1477.0, 'recent': 1530.0, 'mean': 1536.0, 'max': 1712.0}"
1393,4539,KAOTIC Robotics,USA,MN,,2013,True,2026,"{'wins': 189, 'losses': 110, 'ties': 1, 'count': 300, 'winrate': 0.6317}","{'current': 1543.0, 'recent': 1572.0, 'mean': 1599.0, 'max': 1823.0}"
1394,4541,CAVineers,USA,MD,fch,2013,True,2026,"{'wins': 229, 'losses': 220, 'ties': 0, 'count': 449, 'winrate': 0.51}","{'current': 1545.0, 'recent': 1569.0, 'mean': 1558.0, 'max': 1641.0}"
1395,4546,Shockwave,USA,NH,ne,2013,True,2026,"{'wins': 138, 'losses': 165, 'ties': 1, 'count': 304, 'winrate': 0.4556}","{'current': 1535.0, 'recent': 1530.0, 'mean': 1506.0, 'max': 1591.0}"
1396,4550,Something's Bruin,USA,CO,,2013,True,2026,"{'wins': 154, 'losses': 129, 'ties': 1, 'count': 284, 'winrate': 0.544}","{'current': 1446.0, 'recent': 1521.0, 'mean': 1522.0, 'max': 1632.0}"
1397,4561,TerrorBytes,USA,NC,fnc,2013,True,2026,"{'wins': 361, 'losses': 190, 'ties': 1, 'count': 552, 'winrate': 0.6549}","{'current': 1581.0, 'recent': 1599.0, 'mean': 1583.0, 'max': 1725.0}"
1398,4564,Orange Chaos,USA,ME,ne,2013,True,2026,"{'wins': 311, 'losses': 191, 'ties': 0, 'count': 502, 'winrate': 0.6195}","{'current': 1535.0, 'recent': 1603.0, 'mean': 1645.0, 'max': 1782.0}"
1399,4567,The Mechanized Mafia,USA,NY,,2013,True,2026,"{'wins': 57, 'losses': 79, 'ties': 1, 'count': 137, 'winrate': 0.4197}","{'current': 1398.0, 'recent': 1402.0, 'mean': 1452.0, 'max': 1546.0}"
1400,4568,Robot Commander,USA,MI,fim,2013,True,2026,"{'wins': 119, 'losses': 166, 'ties': 0, 'count': 285, 'winrate': 0.4175}","{'current': 1428.0, 'recent': 1409.0, 'mean': 1461.0, 'max': 1582.0}"
1401,4571,Rambots,USA,NY,,2013,True,2026,"{'wins': 113, 'losses': 112, 'ties': 0, 'count': 225, 'winrate': 0.5022}","{'current': 1484.0, 'recent': 1490.0, 'mean': 1501.0, 'max': 1584.0}"
1402,4572,Barlow Robotics,USA,CT,ne,2013,True,2026,"{'wins': 133, 'losses': 189, 'ties': 0, 'count': 322, 'winrate': 0.413}","{'current': 1515.0, 'recent': 1506.0, 'mean': 1483.0, 'max': 1560.0}"
1403,4573,Rambotics,USA,NJ,fma,2013,True,2026,"{'wins': 172, 'losses': 206, 'ties': 0, 'count': 378, 'winrate': 0.455}","{'current': 1482.0, 'recent': 1498.0, 'mean': 1517.0, 'max': 1622.0}"
1404,4575,Gemini,USA,PA,fma,2013,True,2026,"{'wins': 198, 'losses': 227, 'ties': 0, 'count': 425, 'winrate': 0.4659}","{'current': 1484.0, 'recent': 1498.0, 'mean': 1507.0, 'max': 1623.0}"
1405,4576,Red Nation Robotics,USA,TN,,2013,True,2026,"{'wins': 132, 'losses': 151, 'ties': 0, 'count': 283, 'winrate': 0.4664}","{'current': 1501.0, 'recent': 1535.0, 'mean': 1518.0, 'max': 1593.0}"
1406,4579,RoboEagles,USA,WA,pnw,2013,True,2026,"{'wins': 129, 'losses': 172, 'ties': 0, 'count': 301, 'winrate': 0.4286}","{'current': 1423.0, 'recent': 1436.0, 'mean': 1473.0, 'max': 1617.0}"
1407,4580,Conductors,USA,IN,fin,2013,True,2026,"{'wins': 125, 'losses': 176, 'ties': 0, 'count': 301, 'winrate': 0.4153}","{'current': 1480.0, 'recent': 1466.0, 'mean': 1484.0, 'max': 1583.0}"
1408,4584,SentinelFox Engineering,Mexico,,,2013,True,2026,"{'wins': 57, 'losses': 49, 'ties': 1, 'count': 107, 'winrate': 0.5374}","{'current': 1533.0, 'recent': 1471.0, 'mean': 1458.0, 'max': 1533.0}"
1409,4585,Husky Robotics,USA,UT,,2013,True,2026,"{'wins': 75, 'losses': 117, 'ties': 1, 'count': 193, 'winrate': 0.3912}","{'current': 1473.0, 'recent': 1406.0, 'mean': 1412.0, 'max': 1477.0}"
1410,4586,PRIMO,Israel,,isr,2013,True,2026,"{'wins': 165, 'losses': 179, 'ties': 0, 'count': 344, 'winrate': 0.4797}","{'current': 1506.0, 'recent': 1531.0, 'mean': 1530.0, 'max': 1614.0}"
1411,4587,Jersey Voltage,USA,TX,fit,2013,True,2026,"{'wins': 243, 'losses': 192, 'ties': 0, 'count': 435, 'winrate': 0.5586}","{'current': 1459.0, 'recent': 1472.0, 'mean': 1576.0, 'max': 1768.0}"
1412,4590,GreenBlitz,Israel,,isr,2013,True,2026,"{'wins': 195, 'losses': 196, 'ties': 0, 'count': 391, 'winrate': 0.4987}","{'current': 1547.0, 'recent': 1577.0, 'mean': 1550.0, 'max': 1748.0}"
1413,4593,Rapid Acceleration,USA,SD,,2013,True,2026,"{'wins': 128, 'losses': 126, 'ties': 0, 'count': 254, 'winrate': 0.5039}","{'current': 1620.0, 'recent': 1570.0, 'mean': 1538.0, 'max': 1625.0}"
1414,4597,SABERBOTS,USA,TX,fit,2013,True,2026,"{'wins': 70, 'losses': 112, 'ties': 0, 'count': 182, 'winrate': 0.3846}","{'current': 1428.0, 'recent': 1426.0, 'mean': 1425.0, 'max': 1518.0}"
1415,4598,ICARUS INNOVATED,USA,UT,,2013,True,2026,"{'wins': 104, 'losses': 126, 'ties': 1, 'count': 231, 'winrate': 0.4524}","{'current': 1489.0, 'recent': 1510.0, 'mean': 1482.0, 'max': 1526.0}"
1416,4601,Circuit Birds,USA,OH,,2013,True,2026,"{'wins': 79, 'losses': 80, 'ties': 0, 'count': 159, 'winrate': 0.4969}","{'current': 1524.0, 'recent': 1478.0, 'mean': 1506.0, 'max': 1621.0}"
1417,4603,Forza One - Peñoles,Mexico,,,2013,True,2026,"{'wins': 134, 'losses': 136, 'ties': 0, 'count': 270, 'winrate': 0.4963}","{'current': 1481.0, 'recent': 1464.0, 'mean': 1478.0, 'max': 1569.0}"
1418,4607,C.I.S.,USA,MN,,2013,True,2026,"{'wins': 216, 'losses': 169, 'ties': 0, 'count': 385, 'winrate': 0.561}","{'current': 1627.0, 'recent': 1695.0, 'mean': 1610.0, 'max': 1742.0}"
1419,4610,BearTecs,USA,TX,fit,2013,True,2026,"{'wins': 184, 'losses': 208, 'ties': 1, 'count': 393, 'winrate': 0.4695}","{'current': 1376.0, 'recent': 1469.0, 'mean': 1502.0, 'max': 1678.0}"
1420,4611,OZone,USA,OH,,2013,True,2026,"{'wins': 180, 'losses': 91, 'ties': 0, 'count': 271, 'winrate': 0.6642}","{'current': 1721.0, 'recent': 1657.0, 'mean': 1608.0, 'max': 1726.0}"
1421,4613,Barker Redbacks,Australia,,,2013,True,2026,"{'wins': 355, 'losses': 109, 'ties': 0, 'count': 464, 'winrate': 0.7651}","{'current': 1499.0, 'recent': 1686.0, 'mean': 1669.0, 'max': 1828.0}"
1422,4617,DAUN,Canada,ON,ont,2013,True,2026,"{'wins': 75, 'losses': 102, 'ties': 0, 'count': 177, 'winrate': 0.4237}","{'current': 1472.0, 'recent': 1448.0, 'mean': 1446.0, 'max': 1472.0}"
1423,4619,HawkBots,USA,CA,ca,2013,True,2026,"{'wins': 53, 'losses': 89, 'ties': 0, 'count': 142, 'winrate': 0.3732}","{'current': 1449.0, 'recent': 1435.0, 'mean': 1487.0, 'max': 1575.0}"
1424,4622,CAT 5,USA,FL,,2013,True,2026,"{'wins': 47, 'losses': 55, 'ties': 0, 'count': 102, 'winrate': 0.4608}","{'current': 1440.0, 'recent': 1423.0, 'mean': 1440.0, 'max': 1516.0}"
1425,4623,Flyer Robotics,USA,MN,,2013,True,2026,"{'wins': 56, 'losses': 61, 'ties': 0, 'count': 117, 'winrate': 0.4786}","{'current': 1459.0, 'recent': 1453.0, 'mean': 1501.0, 'max': 1583.0}"
1426,4624,Rebel Alliance,USA,MN,,2013,True,2026,"{'wins': 138, 'losses': 115, 'ties': 0, 'count': 253, 'winrate': 0.5455}","{'current': 1552.0, 'recent': 1564.0, 'mean': 1535.0, 'max': 1664.0}"
1427,4627,Manning Robotics,Canada,AB,,2013,True,2026,"{'wins': 139, 'losses': 131, 'ties': 0, 'count': 270, 'winrate': 0.5148}","{'current': 1496.0, 'recent': 1495.0, 'mean': 1520.0, 'max': 1650.0}"
1428,4628,Sintian Robotics,USA,CT,ne,2013,True,2026,"{'wins': 76, 'losses': 113, 'ties': 0, 'count': 189, 'winrate': 0.4021}","{'current': 1505.0, 'recent': 1425.0, 'mean': 1436.0, 'max': 1505.0}"
1429,4630,Robodragons,USA,TN,,2013,True,2026,"{'wins': 53, 'losses': 77, 'ties': 0, 'count': 130, 'winrate': 0.4077}","{'current': 1400.0, 'recent': 1447.0, 'mean': 1476.0, 'max': 1524.0}"
1430,4632,Monti-Pythons,USA,MN,,2013,True,2026,"{'wins': 40, 'losses': 51, 'ties': 0, 'count': 91, 'winrate': 0.4396}","{'current': 1453.0, 'recent': 1429.0, 'mean': 1441.0, 'max': 1482.0}"
1431,4635,PrepaTec - Botbusters,Mexico,,,2013,True,2026,"{'wins': 386, 'losses': 139, 'ties': 0, 'count': 525, 'winrate': 0.7352}","{'current': 1790.0, 'recent': 1743.0, 'mean': 1616.0, 'max': 1792.0}"
1432,4637,BambieBotz,USA,PA,fma,2013,True,2026,"{'wins': 113, 'losses': 188, 'ties': 1, 'count': 302, 'winrate': 0.3758}","{'current': 1355.0, 'recent': 1408.0, 'mean': 1463.0, 'max': 1533.0}"
1433,4638,Jagbots,USA,MD,fch,2013,True,2026,"{'wins': 184, 'losses': 188, 'ties': 2, 'count': 374, 'winrate': 0.4947}","{'current': 1504.0, 'recent': 1495.0, 'mean': 1514.0, 'max': 1586.0}"
1434,4639,The RoboSpartans,USA,TX,fit,2013,True,2026,"{'wins': 201, 'losses': 186, 'ties': 0, 'count': 387, 'winrate': 0.5194}","{'current': 1604.0, 'recent': 1570.0, 'mean': 1522.0, 'max': 1646.0}"
1435,4641,TALON Inc.,USA,TX,fit,2013,True,2026,"{'wins': 155, 'losses': 180, 'ties': 0, 'count': 335, 'winrate': 0.4627}","{'current': 1460.0, 'recent': 1521.0, 'mean': 1480.0, 'max': 1577.0}"
1436,4643,Butte Built Bots,USA,CA,ca,2013,True,2026,"{'wins': 69, 'losses': 105, 'ties': 0, 'count': 174, 'winrate': 0.3966}","{'current': 1282.0, 'recent': 1420.0, 'mean': 1423.0, 'max': 1512.0}"
1437,4645,The Chicago Style BotDogs,USA,IL,,2013,True,2026,"{'wins': 115, 'losses': 157, 'ties': 1, 'count': 273, 'winrate': 0.4231}","{'current': 1489.0, 'recent': 1489.0, 'mean': 1489.0, 'max': 1550.0}"
1438,4646,Wildcard Robotics,USA,IA,,2013,True,2026,"{'wins': 172, 'losses': 122, 'ties': 0, 'count': 294, 'winrate': 0.585}","{'current': 1733.0, 'recent': 1638.0, 'mean': 1581.0, 'max': 1733.0}"
1439,4652,Ironmen 2,USA,NJ,fma,2013,True,2026,"{'wins': 102, 'losses': 157, 'ties': 0, 'count': 259, 'winrate': 0.3938}","{'current': 1417.0, 'recent': 1459.0, 'mean': 1453.0, 'max': 1529.0}"
1440,4653,Ironmen Robotics,USA,NJ,fma,2013,True,2026,"{'wins': 199, 'losses': 237, 'ties': 0, 'count': 436, 'winrate': 0.4564}","{'current': 1421.0, 'recent': 1512.0, 'mean': 1526.0, 'max': 1613.0}"
1441,4655,Stateline Robotics,USA,IL,,2013,True,2026,"{'wins': 178, 'losses': 164, 'ties': 0, 'count': 342, 'winrate': 0.5205}","{'current': 1688.0, 'recent': 1627.0, 'mean': 1596.0, 'max': 1749.0}"
1442,4656,Rock Solid Robotics,USA,MN,,2013,True,2026,"{'wins': 75, 'losses': 73, 'ties': 0, 'count': 148, 'winrate': 0.5068}","{'current': 1485.0, 'recent': 1489.0, 'mean': 1519.0, 'max': 1585.0}"
1443,4661,Cypher,Israel,,isr,2013,True,2026,"{'wins': 94, 'losses': 162, 'ties': 0, 'count': 256, 'winrate': 0.3672}","{'current': 1471.0, 'recent': 1459.0, 'mean': 1455.0, 'max': 1531.0}"
1444,4662,Byte Sized Robotics,USA,OR,pnw,2013,True,2026,"{'wins': 155, 'losses': 176, 'ties': 1, 'count': 332, 'winrate': 0.4684}","{'current': 1448.0, 'recent': 1469.0, 'mean': 1480.0, 'max': 1580.0}"
1445,4663,Cyber Tigers,USA,MN,,2013,True,2026,"{'wins': 102, 'losses': 99, 'ties': 0, 'count': 201, 'winrate': 0.5075}","{'current': 1549.0, 'recent': 1564.0, 'mean': 1533.0, 'max': 1610.0}"
1446,4664,Butler Bots,USA,MN,,2013,True,2026,"{'wins': 37, 'losses': 62, 'ties': 0, 'count': 99, 'winrate': 0.3737}","{'current': 1401.0, 'recent': 1445.0, 'mean': 1445.0, 'max': 1499.0}"
1447,4669,Galileo Robotics,USA,CA,ca,2013,True,2026,"{'wins': 85, 'losses': 110, 'ties': 0, 'count': 195, 'winrate': 0.4359}","{'current': 1456.0, 'recent': 1480.0, 'mean': 1479.0, 'max': 1520.0}"
1448,4674,RoboJacks,USA,MN,,2013,True,2026,"{'wins': 78, 'losses': 86, 'ties': 1, 'count': 165, 'winrate': 0.4758}","{'current': 1584.0, 'recent': 1527.0, 'mean': 1481.0, 'max': 1584.0}"
1449,4678,CyberCavs,Canada,ON,ont,2013,True,2026,"{'wins': 373, 'losses': 157, 'ties': 0, 'count': 530, 'winrate': 0.7038}","{'current': 1797.0, 'recent': 1790.0, 'mean': 1714.0, 'max': 1872.0}"
1450,4680,AzTech Eagles,USA,MI,fim,2013,True,2026,"{'wins': 221, 'losses': 230, 'ties': 0, 'count': 451, 'winrate': 0.49}","{'current': 1497.0, 'recent': 1507.0, 'mean': 1516.0, 'max': 1643.0}"
1451,4682,CyBears,USA,WA,pnw,2013,True,2026,"{'wins': 165, 'losses': 179, 'ties': 0, 'count': 344, 'winrate': 0.4797}","{'current': 1493.0, 'recent': 1540.0, 'mean': 1492.0, 'max': 1618.0}"
1452,4687,Spartobots,USA,MN,,2013,True,2026,"{'wins': 28, 'losses': 28, 'ties': 1, 'count': 57, 'winrate': 0.5}","{'current': 1478.0, 'recent': 1477.0, 'mean': 1505.0, 'max': 1570.0}"
1453,4688,Saints Bot,Canada,ON,ont,2013,True,2026,"{'wins': 127, 'losses': 142, 'ties': 0, 'count': 269, 'winrate': 0.4721}","{'current': 1449.0, 'recent': 1531.0, 'mean': 1544.0, 'max': 1635.0}"
1454,4692,Metal Mallards,USA,WA,pnw,2013,True,2026,"{'wins': 137, 'losses': 219, 'ties': 0, 'count': 356, 'winrate': 0.3848}","{'current': 1500.0, 'recent': 1511.0, 'mean': 1478.0, 'max': 1550.0}"
1455,4693,Talk Nerdy to Me,USA,MN,,2013,True,2026,"{'wins': 68, 'losses': 109, 'ties': 1, 'count': 178, 'winrate': 0.3848}","{'current': 1377.0, 'recent': 1451.0, 'mean': 1432.0, 'max': 1514.0}"
1456,4698,Raider Robotics,USA,CA,ca,2013,True,2026,"{'wins': 140, 'losses': 114, 'ties': 0, 'count': 254, 'winrate': 0.5512}","{'current': 1725.0, 'recent': 1629.0, 'mean': 1558.0, 'max': 1725.0}"
1457,4701,Warriors (Team W.I.R.E.),USA,GA,pch,2013,True,2026,"{'wins': 157, 'losses': 201, 'ties': 0, 'count': 358, 'winrate': 0.4385}","{'current': 1385.0, 'recent': 1433.0, 'mean': 1450.0, 'max': 1522.0}"
1458,4702,Cyberdogz,USA,IL,,2013,True,2026,"{'wins': 39, 'losses': 73, 'ties': 0, 'count': 112, 'winrate': 0.3482}","{'current': 1450.0, 'recent': 1427.0, 'mean': 1433.0, 'max': 1479.0}"
1459,4707,FORCE,Dominican Republic,,,2013,True,2026,"{'wins': 44, 'losses': 83, 'ties': 0, 'count': 127, 'winrate': 0.3465}","{'current': 1456.0, 'recent': 1425.0, 'mean': 1460.0, 'max': 1537.0}"
1460,4711,The Flying Aces,USA,CA,ca,2013,True,2026,"{'wins': 81, 'losses': 126, 'ties': 0, 'count': 207, 'winrate': 0.3913}","{'current': 1426.0, 'recent': 1400.0, 'mean': 1446.0, 'max': 1624.0}"
1461,4717,Westerner Robotics,USA,TX,fit,2013,True,2026,"{'wins': 102, 'losses': 148, 'ties': 1, 'count': 251, 'winrate': 0.4084}","{'current': 1425.0, 'recent': 1406.0, 'mean': 1389.0, 'max': 1455.0}"
1462,4723,Prepa Tecmilenio - EARTH - 4723,Mexico,,,2013,True,2026,"{'wins': 60, 'losses': 75, 'ties': 1, 'count': 136, 'winrate': 0.4449}","{'current': 1460.0, 'recent': 1453.0, 'mean': 1430.0, 'max': 1492.0}"
1463,4728,ROCORI Robotics,USA,MN,,2013,True,2026,"{'wins': 150, 'losses': 85, 'ties': 0, 'count': 235, 'winrate': 0.6383}","{'current': 1731.0, 'recent': 1679.0, 'mean': 1556.0, 'max': 1731.0}"
1464,4729,EMU Robotics,Australia,,,2013,True,2026,"{'wins': 52, 'losses': 59, 'ties': 0, 'count': 111, 'winrate': 0.4685}","{'current': 1407.0, 'recent': 1419.0, 'mean': 1434.0, 'max': 1500.0}"
1465,4730,Terminators,USA,GA,pch,2013,True,2026,"{'wins': 93, 'losses': 158, 'ties': 0, 'count': 251, 'winrate': 0.3705}","{'current': 1436.0, 'recent': 1412.0, 'mean': 1437.0, 'max': 1491.0}"
1466,4731,MONARCH-E,Mexico,,,2013,True,2026,"{'wins': 95, 'losses': 117, 'ties': 3, 'count': 215, 'winrate': 0.4488}","{'current': 1494.0, 'recent': 1456.0, 'mean': 1436.0, 'max': 1512.0}"
1467,4734,The Iron Plainsmen,USA,TX,fit,2013,True,2026,"{'wins': 143, 'losses': 160, 'ties': 0, 'count': 303, 'winrate': 0.4719}","{'current': 1503.0, 'recent': 1509.0, 'mean': 1461.0, 'max': 1577.0}"
1468,4735,Prepa Tecmilenio - DEROF - Peñoles,Mexico,,,2013,True,2026,"{'wins': 131, 'losses': 171, 'ties': 0, 'count': 302, 'winrate': 0.4338}","{'current': 1453.0, 'recent': 1440.0, 'mean': 1445.0, 'max': 1516.0}"
1469,4737,Atomigators,USA,MI,fim,2013,True,2026,"{'wins': 130, 'losses': 175, 'ties': 1, 'count': 306, 'winrate': 0.4265}","{'current': 1516.0, 'recent': 1500.0, 'mean': 1505.0, 'max': 1528.0}"
1470,4738,Patribots,USA,CA,ca,2013,True,2026,"{'wins': 199, 'losses': 119, 'ties': 1, 'count': 319, 'winrate': 0.6254}","{'current': 1594.0, 'recent': 1663.0, 'mean': 1555.0, 'max': 1735.0}"
1471,4739,Normanhurst Nitro,Australia,,,2013,True,2026,"{'wins': 47, 'losses': 73, 'ties': 0, 'count': 120, 'winrate': 0.3917}","{'current': 1445.0, 'recent': 1418.0, 'mean': 1415.0, 'max': 1481.0}"
1472,4741,WingNuts,USA,MN,,2013,True,2026,"{'wins': 58, 'losses': 68, 'ties': 0, 'count': 126, 'winrate': 0.4603}","{'current': 1449.0, 'recent': 1478.0, 'mean': 1469.0, 'max': 1588.0}"
1473,4744,Ninjas,Israel,,isr,2013,True,2026,"{'wins': 164, 'losses': 171, 'ties': 0, 'count': 335, 'winrate': 0.4896}","{'current': 1537.0, 'recent': 1547.0, 'mean': 1522.0, 'max': 1643.0}"
1474,4750,Bert,USA,NJ,fma,2013,True,2026,"{'wins': 133, 'losses': 167, 'ties': 0, 'count': 300, 'winrate': 0.4433}","{'current': 1456.0, 'recent': 1446.0, 'mean': 1483.0, 'max': 1663.0}"
1475,4758,RoboBlazers,USA,MI,fim,2013,True,2026,"{'wins': 103, 'losses': 176, 'ties': 0, 'count': 279, 'winrate': 0.3692}","{'current': 1446.0, 'recent': 1417.0, 'mean': 1428.0, 'max': 1480.0}"
1476,4761,The Robockets,USA,MA,ne,2013,True,2026,"{'wins': 195, 'losses': 205, 'ties': 1, 'count': 401, 'winrate': 0.4875}","{'current': 1595.0, 'recent': 1508.0, 'mean': 1528.0, 'max': 1694.0}"
1477,4764,The Memphis MechWarriors,USA,TN,,2013,True,2026,"{'wins': 24, 'losses': 66, 'ties': 0, 'count': 90, 'winrate': 0.2667}","{'current': 1405.0, 'recent': 1403.0, 'mean': 1379.0, 'max': 1405.0}"
1478,4765,PWRUP,USA,CA,ca,2013,True,2026,"{'wins': 78, 'losses': 88, 'ties': 0, 'count': 166, 'winrate': 0.4699}","{'current': 1505.0, 'recent': 1500.0, 'mean': 1485.0, 'max': 1565.0}"
1479,4766,Team SCREAM Jr.,USA,MO,,2013,True,2026,"{'wins': 133, 'losses': 70, 'ties': 0, 'count': 203, 'winrate': 0.6552}","{'current': 1645.0, 'recent': 1636.0, 'mean': 1636.0, 'max': 1783.0}"
1480,4768,"Cody ""The Green Comet""",USA,MI,fim,2013,True,2026,"{'wins': 121, 'losses': 171, 'ties': 0, 'count': 292, 'winrate': 0.4144}","{'current': 1496.0, 'recent': 1457.0, 'mean': 1444.0, 'max': 1503.0}"
1481,4774,The Drop Bears,Australia,,,2013,True,2026,"{'wins': 145, 'losses': 119, 'ties': 0, 'count': 264, 'winrate': 0.5492}","{'current': 1442.0, 'recent': 1551.0, 'mean': 1516.0, 'max': 1686.0}"
1482,4775,Aztech Robotics,Mexico,,,2013,True,2026,"{'wins': 169, 'losses': 154, 'ties': 0, 'count': 323, 'winrate': 0.5232}","{'current': 1525.0, 'recent': 1503.0, 'mean': 1490.0, 'max': 1584.0}"
1483,4776,S.C.O.T.S. Bots,USA,MI,fim,2013,True,2026,"{'wins': 252, 'losses': 242, 'ties': 1, 'count': 495, 'winrate': 0.5101}","{'current': 1478.0, 'recent': 1573.0, 'mean': 1582.0, 'max': 1718.0}"
1484,4778,Stormbots,USA,MN,,2013,True,2026,"{'wins': 101, 'losses': 96, 'ties': 0, 'count': 197, 'winrate': 0.5127}","{'current': 1568.0, 'recent': 1542.0, 'mean': 1533.0, 'max': 1593.0}"
1485,4779,RoboSapiens,USA,MI,fim,2013,True,2026,"{'wins': 255, 'losses': 230, 'ties': 1, 'count': 486, 'winrate': 0.5257}","{'current': 1612.0, 'recent': 1599.0, 'mean': 1581.0, 'max': 1660.0}"
1486,4782,PrepaTec - Borrebots,Mexico,,,2013,True,2026,"{'wins': 65, 'losses': 92, 'ties': 0, 'count': 157, 'winrate': 0.414}","{'current': 1460.0, 'recent': 1435.0, 'mean': 1413.0, 'max': 1492.0}"
1487,4786,Nicolet FEAR,USA,WI,win,2013,True,2026,"{'wins': 192, 'losses': 150, 'ties': 0, 'count': 342, 'winrate': 0.5614}","{'current': 1628.0, 'recent': 1633.0, 'mean': 1563.0, 'max': 1663.0}"
1488,4787,Axiom,USA,IL,,2013,True,2026,"{'wins': 75, 'losses': 139, 'ties': 1, 'count': 215, 'winrate': 0.3512}","{'current': 1507.0, 'recent': 1483.0, 'mean': 1450.0, 'max': 1507.0}"
1489,4788,Can't Control,Australia,,,2013,True,2026,"{'wins': 44, 'losses': 42, 'ties': 0, 'count': 86, 'winrate': 0.5116}","{'current': 1487.0, 'recent': 1546.0, 'mean': 1505.0, 'max': 1633.0}"
1490,4795,Eastbots,USA,NC,fnc,2013,True,2026,"{'wins': 340, 'losses': 197, 'ties': 0, 'count': 537, 'winrate': 0.6331}","{'current': 1627.0, 'recent': 1676.0, 'mean': 1580.0, 'max': 1734.0}"
1491,4809,Black Knight Robotics,USA,MO,,2013,True,2026,"{'wins': 56, 'losses': 76, 'ties': 0, 'count': 132, 'winrate': 0.4242}","{'current': 1494.0, 'recent': 1474.0, 'mean': 1435.0, 'max': 1496.0}"
1492,4810,I AM Robot,USA,MI,fim,2013,True,2026,"{'wins': 168, 'losses': 178, 'ties': 0, 'count': 346, 'winrate': 0.4855}","{'current': 1499.0, 'recent': 1514.0, 'mean': 1535.0, 'max': 1620.0}"
1493,4816,Gadget Girls,USA,NC,fnc,2013,True,2026,"{'wins': 94, 'losses': 177, 'ties': 0, 'count': 271, 'winrate': 0.3469}","{'current': 1400.0, 'recent': 1415.0, 'mean': 1415.0, 'max': 1500.0}"
1494,4821,CyberUs,USA,DC,fch,2013,True,2026,"{'wins': 132, 'losses': 157, 'ties': 0, 'count': 289, 'winrate': 0.4567}","{'current': 1443.0, 'recent': 1496.0, 'mean': 1471.0, 'max': 1550.0}"
1495,4827,Minerbotics,USA,MI,fim,2013,True,2026,"{'wins': 126, 'losses': 167, 'ties': 0, 'count': 293, 'winrate': 0.43}","{'current': 1415.0, 'recent': 1454.0, 'mean': 1470.0, 'max': 1582.0}"
1496,4828,RoboEagles,USA,NC,fnc,2013,True,2026,"{'wins': 226, 'losses': 230, 'ties': 0, 'count': 456, 'winrate': 0.4956}","{'current': 1519.0, 'recent': 1541.0, 'mean': 1518.0, 'max': 1603.0}"
1497,4829,Titanium Tigers,USA,NC,fnc,2013,True,2026,"{'wins': 196, 'losses': 175, 'ties': 0, 'count': 371, 'winrate': 0.5283}","{'current': 1534.0, 'recent': 1555.0, 'mean': 1496.0, 'max': 1668.0}"
1498,4835,Junkyard Dawgs,USA,MI,fim,2013,True,2026,"{'wins': 123, 'losses': 157, 'ties': 0, 'count': 280, 'winrate': 0.4393}","{'current': 1415.0, 'recent': 1462.0, 'mean': 1469.0, 'max': 1514.0}"
1499,4838,Under Currents,USA,MI,fim,2013,True,2026,"{'wins': 91, 'losses': 145, 'ties': 0, 'count': 236, 'winrate': 0.3856}","{'current': 1476.0, 'recent': 1443.0, 'mean': 1431.0, 'max': 1480.0}"
1500,4851,JungleBots,USA,MI,fim,2013,True,2026,"{'wins': 131, 'losses': 159, 'ties': 0, 'count': 290, 'winrate': 0.4517}","{'current': 1446.0, 'recent': 1458.0, 'mean': 1476.0, 'max': 1554.0}"
1501,4854,Trobots,USA,MI,fim,2013,True,2026,"{'wins': 110, 'losses': 160, 'ties': 0, 'count': 270, 'winrate': 0.4074}","{'current': 1352.0, 'recent': 1399.0, 'mean': 1415.0, 'max': 1465.0}"
1502,4855,Ramageddon,USA,MI,fim,2013,True,2026,"{'wins': 211, 'losses': 201, 'ties': 0, 'count': 412, 'winrate': 0.5121}","{'current': 1580.0, 'recent': 1549.0, 'mean': 1557.0, 'max': 1694.0}"
1503,4859,The CyBears,USA,MN,,2013,True,2026,"{'wins': 64, 'losses': 92, 'ties': 0, 'count': 156, 'winrate': 0.4103}","{'current': 1487.0, 'recent': 1496.0, 'mean': 1502.0, 'max': 1601.0}"
1504,4861,Beastbots,USA,NC,fnc,2013,True,2026,"{'wins': 42, 'losses': 53, 'ties': 0, 'count': 95, 'winrate': 0.4421}","{'current': 1462.0, 'recent': 1485.0, 'mean': 1485.0, 'max': 1530.0}"
1505,4862,Manning Mountaineers,Canada,AB,,2013,True,2026,"{'wins': 5, 'losses': 17, 'ties': 0, 'count': 22, 'winrate': 0.2273}","{'current': 1382.0, 'recent': 1423.0, 'mean': 1423.0, 'max': 1464.0}"
1506,4863,The Chicago Style BotPups,USA,IL,,2013,True,2026,"{'wins': 8, 'losses': 14, 'ties': 1, 'count': 23, 'winrate': 0.3696}","{'current': 1438.0, 'recent': 1465.0, 'mean': 1465.0, 'max': 1491.0}"
1507,4864,Innovation Station,USA,SC,fsc,2013,True,2026,"{'wins': 41, 'losses': 35, 'ties': 0, 'count': 76, 'winrate': 0.5395}","{'current': 1461.0, 'recent': 1493.0, 'mean': 1493.0, 'max': 1524.0}"
1508,4904,Bot-Provoking,USA,CA,ca,2014,True,2026,"{'wins': 98, 'losses': 130, 'ties': 0, 'count': 228, 'winrate': 0.4298}","{'current': 1486.0, 'recent': 1485.0, 'mean': 1504.0, 'max': 1574.0}"
1509,4905,Andromeda One,USA,MA,ne,2014,True,2026,"{'wins': 254, 'losses': 221, 'ties': 1, 'count': 476, 'winrate': 0.5347}","{'current': 1531.0, 'recent': 1574.0, 'mean': 1576.0, 'max': 1659.0}"
1510,4907,Thunderstamps,Canada,ON,ont,2014,True,2026,"{'wins': 267, 'losses': 170, 'ties': 1, 'count': 438, 'winrate': 0.6107}","{'current': 1650.0, 'recent': 1709.0, 'mean': 1604.0, 'max': 1796.0}"
1511,4909,Bionics,USA,MA,ne,2014,True,2026,"{'wins': 393, 'losses': 248, 'ties': 0, 'count': 641, 'winrate': 0.6131}","{'current': 1662.0, 'recent': 1668.0, 'mean': 1630.0, 'max': 1698.0}"
1512,4911,CyberKnights,USA,WA,pnw,2014,True,2026,"{'wins': 381, 'losses': 226, 'ties': 0, 'count': 607, 'winrate': 0.6277}","{'current': 1562.0, 'recent': 1606.0, 'mean': 1659.0, 'max': 1816.0}"
1513,4915,Spartronics,USA,WA,pnw,2014,True,2026,"{'wins': 242, 'losses': 206, 'ties': 0, 'count': 448, 'winrate': 0.5402}","{'current': 1652.0, 'recent': 1595.0, 'mean': 1590.0, 'max': 1716.0}"
1514,4917,Sir Lancerbot,Canada,ON,ont,2014,True,2026,"{'wins': 304, 'losses': 215, 'ties': 0, 'count': 519, 'winrate': 0.5857}","{'current': 1595.0, 'recent': 1627.0, 'mean': 1660.0, 'max': 1795.0}"
1515,4919,Team Ronin,USA,CA,ca,2014,True,2026,"{'wins': 42, 'losses': 78, 'ties': 0, 'count': 120, 'winrate': 0.35}","{'current': 1456.0, 'recent': 1451.0, 'mean': 1431.0, 'max': 1531.0}"
1516,4920,Belle River Boltheads,Canada,ON,ont,2014,True,2026,"{'wins': 172, 'losses': 174, 'ties': 2, 'count': 348, 'winrate': 0.4971}","{'current': 1602.0, 'recent': 1606.0, 'mean': 1545.0, 'max': 1634.0}"
1517,4925,The Resistance,USA,NH,ne,2014,True,2026,"{'wins': 109, 'losses': 187, 'ties': 0, 'count': 296, 'winrate': 0.3682}","{'current': 1532.0, 'recent': 1440.0, 'mean': 1459.0, 'max': 1532.0}"
1518,4926,GalacTech,USA,IN,fin,2014,True,2026,"{'wins': 198, 'losses': 220, 'ties': 0, 'count': 418, 'winrate': 0.4737}","{'current': 1494.0, 'recent': 1578.0, 'mean': 1542.0, 'max': 1647.0}"
1519,4930,Electric Mayhem,USA,NY,,2014,True,2026,"{'wins': 138, 'losses': 164, 'ties': 0, 'count': 302, 'winrate': 0.457}","{'current': 1488.0, 'recent': 1513.0, 'mean': 1554.0, 'max': 1664.0}"
1520,4931,Edwardsville Technologies,USA,IL,,2014,True,2026,"{'wins': 74, 'losses': 69, 'ties': 0, 'count': 143, 'winrate': 0.5175}","{'current': 1392.0, 'recent': 1425.0, 'mean': 1454.0, 'max': 1582.0}"
1521,4935,T-Rex,USA,NC,fnc,2014,True,2026,"{'wins': 225, 'losses': 219, 'ties': 1, 'count': 445, 'winrate': 0.5067}","{'current': 1526.0, 'recent': 1493.0, 'mean': 1493.0, 'max': 1546.0}"
1522,4940,Knight Vision,Canada,ON,ont,2014,True,2026,"{'wins': 113, 'losses': 154, 'ties': 0, 'count': 267, 'winrate': 0.4232}","{'current': 1372.0, 'recent': 1486.0, 'mean': 1499.0, 'max': 1610.0}"
1523,4944,The Hi Fives,USA,CO,,2014,True,2026,"{'wins': 169, 'losses': 166, 'ties': 0, 'count': 335, 'winrate': 0.5045}","{'current': 1558.0, 'recent': 1554.0, 'mean': 1552.0, 'max': 1646.0}"
1524,4946,The Alpha Dogs,Canada,ON,ont,2014,True,2026,"{'wins': 376, 'losses': 186, 'ties': 0, 'count': 562, 'winrate': 0.669}","{'current': 1877.0, 'recent': 1760.0, 'mean': 1707.0, 'max': 1877.0}"
1525,4947,Fenix,Canada,QC,,2014,True,2026,"{'wins': 81, 'losses': 64, 'ties': 0, 'count': 145, 'winrate': 0.5586}","{'current': 1530.0, 'recent': 1540.0, 'mean': 1507.0, 'max': 1590.0}"
1526,4951,CDS Cyclones,Canada,ON,ont,2014,True,2026,"{'wins': 137, 'losses': 163, 'ties': 1, 'count': 301, 'winrate': 0.4568}","{'current': 1549.0, 'recent': 1504.0, 'mean': 1504.0, 'max': 1563.0}"
1527,4952,Les Carnicas,Canada,QC,,2014,True,2026,"{'wins': 63, 'losses': 75, 'ties': 0, 'count': 138, 'winrate': 0.4565}","{'current': 1476.0, 'recent': 1486.0, 'mean': 1508.0, 'max': 1587.0}"
1528,4955,LA Tech,Canada,QC,,2014,True,2026,"{'wins': 63, 'losses': 74, 'ties': 0, 'count': 137, 'winrate': 0.4599}","{'current': 1437.0, 'recent': 1459.0, 'mean': 1438.0, 'max': 1500.0}"
1529,4956,RoboSharks,USA,MI,fim,2014,True,2026,"{'wins': 186, 'losses': 179, 'ties': 0, 'count': 365, 'winrate': 0.5096}","{'current': 1559.0, 'recent': 1511.0, 'mean': 1534.0, 'max': 1654.0}"
1530,4959,Staley Robotics,USA,MO,,2014,True,2026,"{'wins': 135, 'losses': 137, 'ties': 0, 'count': 272, 'winrate': 0.4963}","{'current': 1542.0, 'recent': 1514.0, 'mean': 1528.0, 'max': 1592.0}"
1531,4961,Shock and Awe-sum,USA,MI,fim,2014,True,2026,"{'wins': 148, 'losses': 161, 'ties': 0, 'count': 309, 'winrate': 0.479}","{'current': 1488.0, 'recent': 1459.0, 'mean': 1510.0, 'max': 1691.0}"
1532,4964,Roosevelt Robotics,USA,CA,ca,2014,True,2026,"{'wins': 69, 'losses': 79, 'ties': 0, 'count': 148, 'winrate': 0.4662}","{'current': 1472.0, 'recent': 1431.0, 'mean': 1426.0, 'max': 1511.0}"
1533,4967,That ONE Team-OurNextEngineers,USA,MI,fim,2014,True,2026,"{'wins': 392, 'losses': 250, 'ties': 0, 'count': 642, 'winrate': 0.6106}","{'current': 1601.0, 'recent': 1627.0, 'mean': 1649.0, 'max': 1757.0}"
1534,4972,BORUSAN ROBOTICS,Türkiye,,,2014,True,2026,"{'wins': 36, 'losses': 53, 'ties': 0, 'count': 89, 'winrate': 0.4045}","{'current': 1426.0, 'recent': 1446.0, 'mean': 1455.0, 'max': 1513.0}"
1535,4973,Gator Gears,USA,CA,ca,2014,True,2026,"{'wins': 65, 'losses': 105, 'ties': 0, 'count': 170, 'winrate': 0.3824}","{'current': 1400.0, 'recent': 1433.0, 'mean': 1432.0, 'max': 1472.0}"
1536,4976,Revolt Robotics,Canada,ON,ont,2014,True,2026,"{'wins': 298, 'losses': 189, 'ties': 0, 'count': 487, 'winrate': 0.6119}","{'current': 1592.0, 'recent': 1632.0, 'mean': 1649.0, 'max': 1873.0}"
1537,4977,Iron Lion,Mexico,,,2014,True,2026,"{'wins': 21, 'losses': 38, 'ties': 1, 'count': 60, 'winrate': 0.3583}","{'current': 1448.0, 'recent': 1451.0, 'mean': 1466.0, 'max': 1487.0}"
1538,4980,Canine Crusaders,USA,WA,pnw,2014,True,2026,"{'wins': 175, 'losses': 198, 'ties': 0, 'count': 373, 'winrate': 0.4692}","{'current': 1524.0, 'recent': 1510.0, 'mean': 1529.0, 'max': 1630.0}"
1539,4982,Olympus Robotics,USA,IN,fin,2014,True,2026,"{'wins': 159, 'losses': 188, 'ties': 0, 'count': 347, 'winrate': 0.4582}","{'current': 1483.0, 'recent': 1507.0, 'mean': 1535.0, 'max': 1675.0}"
1540,4983,IronBots,USA,MI,fim,2014,True,2026,"{'wins': 161, 'losses': 164, 'ties': 0, 'count': 325, 'winrate': 0.4954}","{'current': 1457.0, 'recent': 1504.0, 'mean': 1491.0, 'max': 1583.0}"
1541,4984,Bullseye,USA,CA,ca,2014,True,2026,"{'wins': 116, 'losses': 129, 'ties': 0, 'count': 245, 'winrate': 0.4735}","{'current': 1477.0, 'recent': 1477.0, 'mean': 1490.0, 'max': 1599.0}"
1542,4990,Basement Bots,USA,CA,ca,2014,True,2026,"{'wins': 105, 'losses': 105, 'ties': 0, 'count': 210, 'winrate': 0.5}","{'current': 1465.0, 'recent': 1484.0, 'mean': 1512.0, 'max': 1570.0}"
1543,4991,Horsepower,USA,PA,,2014,True,2026,"{'wins': 83, 'losses': 87, 'ties': 0, 'count': 170, 'winrate': 0.4882}","{'current': 1469.0, 'recent': 1514.0, 'mean': 1504.0, 'max': 1573.0}"
1544,4994,Kingston Robo-Cards,USA,MI,fim,2014,True,2026,"{'wins': 149, 'losses': 173, 'ties': 0, 'count': 322, 'winrate': 0.4627}","{'current': 1381.0, 'recent': 1479.0, 'mean': 1489.0, 'max': 1589.0}"
1545,4998,TESLA,USA,MI,fim,2014,True,2026,"{'wins': 145, 'losses': 173, 'ties': 0, 'count': 318, 'winrate': 0.456}","{'current': 1434.0, 'recent': 1511.0, 'mean': 1480.0, 'max': 1624.0}"
1546,4999,Momentum,USA,CA,ca,2014,True,2026,"{'wins': 75, 'losses': 107, 'ties': 2, 'count': 184, 'winrate': 0.413}","{'current': 1501.0, 'recent': 1474.0, 'mean': 1477.0, 'max': 1512.0}"
1547,5000,HAMMERHEADS,USA,MA,ne,2014,True,2026,"{'wins': 171, 'losses': 160, 'ties': 0, 'count': 331, 'winrate': 0.5166}","{'current': 1724.0, 'recent': 1585.0, 'mean': 1551.0, 'max': 1724.0}"
1548,5002,Dragon Robotics,USA,TN,,2014,True,2026,"{'wins': 109, 'losses': 137, 'ties': 1, 'count': 247, 'winrate': 0.4433}","{'current': 1441.0, 'recent': 1506.0, 'mean': 1493.0, 'max': 1549.0}"
1549,5010,Tiger Dynasty,USA,IN,fin,2014,True,2026,"{'wins': 225, 'losses': 206, 'ties': 0, 'count': 431, 'winrate': 0.522}","{'current': 1626.0, 'recent': 1627.0, 'mean': 1580.0, 'max': 1689.0}"
1550,5012,Gryffingear,USA,CA,ca,2014,True,2026,"{'wins': 186, 'losses': 188, 'ties': 0, 'count': 374, 'winrate': 0.4973}","{'current': 1576.0, 'recent': 1471.0, 'mean': 1529.0, 'max': 1665.0}"
1551,5013,Trobots,USA,MO,,2014,True,2026,"{'wins': 167, 'losses': 126, 'ties': 0, 'count': 293, 'winrate': 0.57}","{'current': 1565.0, 'recent': 1610.0, 'mean': 1572.0, 'max': 1677.0}"
1552,5016,Huntington Robotics,USA,NY,,2014,True,2026,"{'wins': 122, 'losses': 146, 'ties': 1, 'count': 269, 'winrate': 0.4554}","{'current': 1480.0, 'recent': 1490.0, 'mean': 1500.0, 'max': 1568.0}"
1553,5019,Gearbox Heroes,USA,WI,win,2014,True,2026,"{'wins': 48, 'losses': 83, 'ties': 0, 'count': 131, 'winrate': 0.3664}","{'current': 1438.0, 'recent': 1445.0, 'mean': 1455.0, 'max': 1520.0}"
1554,5024,Raider Robotics,Canada,ON,ont,2014,True,2026,"{'wins': 236, 'losses': 208, 'ties': 0, 'count': 444, 'winrate': 0.5315}","{'current': 1492.0, 'recent': 1569.0, 'mean': 1583.0, 'max': 1774.0}"
1555,5025,Pacific Steel,USA,CA,ca,2014,True,2026,"{'wins': 88, 'losses': 125, 'ties': 0, 'count': 213, 'winrate': 0.4131}","{'current': 1494.0, 'recent': 1472.0, 'mean': 1479.0, 'max': 1582.0}"
1556,5026,Iron Panthers,USA,CA,ca,2014,True,2026,"{'wins': 199, 'losses': 154, 'ties': 0, 'count': 353, 'winrate': 0.5637}","{'current': 1744.0, 'recent': 1641.0, 'mean': 1587.0, 'max': 1744.0}"
1557,5027,Event Horizon (5027),USA,CA,ca,2014,True,2026,"{'wins': 40, 'losses': 81, 'ties': 0, 'count': 121, 'winrate': 0.3306}","{'current': 1397.0, 'recent': 1391.0, 'mean': 1414.0, 'max': 1535.0}"
1558,5031,Full Metal Mustangs,Canada,ON,ont,2014,True,2026,"{'wins': 146, 'losses': 164, 'ties': 0, 'count': 310, 'winrate': 0.471}","{'current': 1534.0, 'recent': 1506.0, 'mean': 1493.0, 'max': 1535.0}"
1559,5032,The Falcons,Canada,ON,ont,2014,True,2026,"{'wins': 169, 'losses': 186, 'ties': 0, 'count': 355, 'winrate': 0.4761}","{'current': 1553.0, 'recent': 1554.0, 'mean': 1501.0, 'max': 1625.0}"
1560,5036,The Robo Devils,Canada,ON,ont,2014,True,2026,"{'wins': 206, 'losses': 206, 'ties': 0, 'count': 412, 'winrate': 0.5}","{'current': 1485.0, 'recent': 1500.0, 'mean': 1511.0, 'max': 1638.0}"
1561,5041,CyBears,USA,IA,,2014,True,2026,"{'wins': 73, 'losses': 97, 'ties': 0, 'count': 170, 'winrate': 0.4294}","{'current': 1530.0, 'recent': 1529.0, 'mean': 1496.0, 'max': 1565.0}"
1562,5045,SpartaBot,USA,TN,,2014,True,2026,"{'wins': 83, 'losses': 122, 'ties': 1, 'count': 206, 'winrate': 0.4053}","{'current': 1420.0, 'recent': 1427.0, 'mean': 1473.0, 'max': 1587.0}"
1563,5046,Jacked Up Jackets,USA,MI,fim,2014,True,2026,"{'wins': 185, 'losses': 174, 'ties': 0, 'count': 359, 'winrate': 0.5153}","{'current': 1626.0, 'recent': 1511.0, 'mean': 1547.0, 'max': 1640.0}"
1564,5049,Minerbots,USA,NV,,2014,True,2026,"{'wins': 32, 'losses': 67, 'ties': 0, 'count': 99, 'winrate': 0.3232}","{'current': 1423.0, 'recent': 1427.0, 'mean': 1431.0, 'max': 1492.0}"
1565,5050,Cow Town Robotics,USA,MI,fim,2014,True,2026,"{'wins': 298, 'losses': 167, 'ties': 0, 'count': 465, 'winrate': 0.6409}","{'current': 1447.0, 'recent': 1558.0, 'mean': 1597.0, 'max': 1772.0}"
1566,5053,Lakers,USA,MI,fim,2014,True,2026,"{'wins': 220, 'losses': 199, 'ties': 0, 'count': 419, 'winrate': 0.5251}","{'current': 1555.0, 'recent': 1529.0, 'mean': 1564.0, 'max': 1754.0}"
1567,5060,IgKnight,USA,MO,,2014,True,2026,"{'wins': 36, 'losses': 64, 'ties': 0, 'count': 100, 'winrate': 0.36}","{'current': 1431.0, 'recent': 1437.0, 'mean': 1433.0, 'max': 1468.0}"
1568,5065,Knights #5065,USA,MI,fim,2014,True,2026,"{'wins': 102, 'losses': 156, 'ties': 0, 'count': 258, 'winrate': 0.3953}","{'current': 1441.0, 'recent': 1417.0, 'mean': 1424.0, 'max': 1480.0}"
1569,5066,Singularity,USA,MI,fim,2014,True,2026,"{'wins': 168, 'losses': 175, 'ties': 0, 'count': 343, 'winrate': 0.4898}","{'current': 1599.0, 'recent': 1549.0, 'mean': 1529.0, 'max': 1599.0}"
1570,5067,Steiner Steel Storm,USA,MI,fim,2014,True,2026,"{'wins': 166, 'losses': 178, 'ties': 0, 'count': 344, 'winrate': 0.4826}","{'current': 1485.0, 'recent': 1513.0, 'mean': 1512.0, 'max': 1611.0}"
1571,5070,Gearnotics,USA,TX,fit,2014,True,2026,"{'wins': 64, 'losses': 145, 'ties': 2, 'count': 211, 'winrate': 0.3081}","{'current': 1451.0, 'recent': 1400.0, 'mean': 1402.0, 'max': 1455.0}"
1572,5071,Charger Robotics,USA,UT,,2014,True,2026,"{'wins': 44, 'losses': 66, 'ties': 1, 'count': 111, 'winrate': 0.4009}","{'current': 1418.0, 'recent': 1451.0, 'mean': 1429.0, 'max': 1542.0}"
1573,5074,RoboMustangs,USA,GA,pch,2014,True,2026,"{'wins': 122, 'losses': 145, 'ties': 2, 'count': 269, 'winrate': 0.4572}","{'current': 1461.0, 'recent': 1450.0, 'mean': 1454.0, 'max': 1604.0}"
1574,5084,Team FridgeBot,USA,MI,fim,2014,True,2026,"{'wins': 245, 'losses': 187, 'ties': 0, 'count': 432, 'winrate': 0.5671}","{'current': 1455.0, 'recent': 1556.0, 'mean': 1560.0, 'max': 1672.0}"
1575,5086,Cadillac Connectors,USA,MI,fim,2014,True,2026,"{'wins': 194, 'losses': 160, 'ties': 0, 'count': 354, 'winrate': 0.548}","{'current': 1639.0, 'recent': 1571.0, 'mean': 1558.0, 'max': 1639.0}"
1576,5089,Robo-Nerds,USA,CA,ca,2014,True,2026,"{'wins': 133, 'losses': 136, 'ties': 1, 'count': 270, 'winrate': 0.4944}","{'current': 1537.0, 'recent': 1535.0, 'mean': 1518.0, 'max': 1591.0}"
1577,5090,TorqueNados,USA,MI,fim,2014,True,2026,"{'wins': 183, 'losses': 188, 'ties': 0, 'count': 371, 'winrate': 0.4933}","{'current': 1461.0, 'recent': 1528.0, 'mean': 1517.0, 'max': 1578.0}"
1578,5096,The Teutonic Force,USA,WI,win,2014,True,2026,"{'wins': 43, 'losses': 72, 'ties': 0, 'count': 115, 'winrate': 0.3739}","{'current': 1476.0, 'recent': 1431.0, 'mean': 1461.0, 'max': 1564.0}"
1579,5098,STING - R,USA,MO,,2014,True,2026,"{'wins': 156, 'losses': 173, 'ties': 0, 'count': 329, 'winrate': 0.4742}","{'current': 1476.0, 'recent': 1499.0, 'mean': 1501.0, 'max': 1545.0}"
1580,5103,MECH&Cheese,USA,TX,fit,2014,True,2026,"{'wins': 93, 'losses': 108, 'ties': 0, 'count': 201, 'winrate': 0.4627}","{'current': 1489.0, 'recent': 1474.0, 'mean': 1454.0, 'max': 1506.0}"
1581,5104,BreakerBots,USA,CA,ca,2014,True,2026,"{'wins': 163, 'losses': 153, 'ties': 0, 'count': 316, 'winrate': 0.5158}","{'current': 1634.0, 'recent': 1586.0, 'mean': 1562.0, 'max': 1645.0}"
1582,5109,Gladiator Robotics,USA,GA,pch,2014,True,2026,"{'wins': 208, 'losses': 189, 'ties': 1, 'count': 398, 'winrate': 0.5239}","{'current': 1540.0, 'recent': 1535.0, 'mean': 1524.0, 'max': 1691.0}"
1583,5110,Roboherd,USA,MI,fim,2014,True,2026,"{'wins': 164, 'losses': 166, 'ties': 1, 'count': 331, 'winrate': 0.497}","{'current': 1499.0, 'recent': 1506.0, 'mean': 1513.0, 'max': 1604.0}"
1584,5112,The Gongoliers,USA,RI,ne,2014,True,2026,"{'wins': 190, 'losses': 216, 'ties': 1, 'count': 407, 'winrate': 0.4681}","{'current': 1598.0, 'recent': 1541.0, 'mean': 1533.0, 'max': 1598.0}"
1585,5113,Combustible Lemons,USA,NJ,fma,2014,True,2026,"{'wins': 144, 'losses': 179, 'ties': 2, 'count': 325, 'winrate': 0.4462}","{'current': 1492.0, 'recent': 1468.0, 'mean': 1505.0, 'max': 1663.0}"
1586,5114,Titanium Tigers,USA,MI,fim,2014,True,2026,"{'wins': 336, 'losses': 223, 'ties': 0, 'count': 559, 'winrate': 0.6011}","{'current': 1620.0, 'recent': 1640.0, 'mean': 1638.0, 'max': 1735.0}"
1587,5115,Knight Riders,USA,MD,fch,2014,True,2026,"{'wins': 198, 'losses': 173, 'ties': 0, 'count': 371, 'winrate': 0.5337}","{'current': 1569.0, 'recent': 1539.0, 'mean': 1516.0, 'max': 1570.0}"
1588,5119,Team STEAM,USA,KS,,2014,True,2026,"{'wins': 87, 'losses': 77, 'ties': 0, 'count': 164, 'winrate': 0.5305}","{'current': 1460.0, 'recent': 1515.0, 'mean': 1520.0, 'max': 1572.0}"
1589,5123,Mechadogs,USA,NY,,2014,True,2026,"{'wins': 59, 'losses': 106, 'ties': 0, 'count': 165, 'winrate': 0.3576}","{'current': 1361.0, 'recent': 1385.0, 'mean': 1414.0, 'max': 1456.0}"
1590,5124,West Torrance Robotics,USA,CA,ca,2014,True,2026,"{'wins': 152, 'losses': 147, 'ties': 1, 'count': 300, 'winrate': 0.5083}","{'current': 1451.0, 'recent': 1508.0, 'mean': 1559.0, 'max': 1671.0}"
1591,5125,Hawks on the Horizon,USA,IL,,2014,True,2026,"{'wins': 80, 'losses': 105, 'ties': 0, 'count': 185, 'winrate': 0.4324}","{'current': 1433.0, 'recent': 1454.0, 'mean': 1464.0, 'max': 1532.0}"
1592,5126,Electromagnetic Panthers (EMP),USA,MO,,2014,True,2026,"{'wins': 123, 'losses': 139, 'ties': 0, 'count': 262, 'winrate': 0.4695}","{'current': 1566.0, 'recent': 1551.0, 'mean': 1508.0, 'max': 1592.0}"
1593,5133,PrepaTec - Blue Steel,Mexico,,,2014,True,2026,"{'wins': 73, 'losses': 77, 'ties': 0, 'count': 150, 'winrate': 0.4867}","{'current': 1458.0, 'recent': 1428.0, 'mean': 1419.0, 'max': 1484.0}"
1594,5135,Black Unicorns,Israel,,isr,2014,True,2026,"{'wins': 136, 'losses': 183, 'ties': 1, 'count': 320, 'winrate': 0.4266}","{'current': 1484.0, 'recent': 1529.0, 'mean': 1469.0, 'max': 1643.0}"
1595,5136,MechaPirates,USA,CA,ca,2014,True,2026,"{'wins': 76, 'losses': 78, 'ties': 1, 'count': 155, 'winrate': 0.4935}","{'current': 1580.0, 'recent': 1513.0, 'mean': 1513.0, 'max': 1580.0}"
1596,5137,Iron Kodiaks,USA,CA,ca,2014,True,2026,"{'wins': 141, 'losses': 143, 'ties': 0, 'count': 284, 'winrate': 0.4965}","{'current': 1578.0, 'recent': 1538.0, 'mean': 1519.0, 'max': 1582.0}"
1597,5141,GRIFFINITE,USA,MO,,2014,True,2026,"{'wins': 79, 'losses': 87, 'ties': 0, 'count': 166, 'winrate': 0.4759}","{'current': 1480.0, 'recent': 1465.0, 'mean': 1465.0, 'max': 1507.0}"
1598,5142,RoboDominators,USA,CT,ne,2014,True,2026,"{'wins': 143, 'losses': 168, 'ties': 0, 'count': 311, 'winrate': 0.4598}","{'current': 1512.0, 'recent': 1531.0, 'mean': 1508.0, 'max': 1642.0}"
1599,5143,Raw Steel,USA,MN,,2014,True,2026,"{'wins': 35, 'losses': 63, 'ties': 0, 'count': 98, 'winrate': 0.3571}","{'current': 1399.0, 'recent': 1423.0, 'mean': 1424.0, 'max': 1466.0}"
1600,5144,LISD TECHnicians,USA,MI,fim,2014,True,2026,"{'wins': 141, 'losses': 153, 'ties': 0, 'count': 294, 'winrate': 0.4796}","{'current': 1635.0, 'recent': 1553.0, 'mean': 1505.0, 'max': 1635.0}"
1601,5145,WolfBotics,USA,FL,,2014,True,2026,"{'wins': 67, 'losses': 84, 'ties': 0, 'count': 151, 'winrate': 0.4437}","{'current': 1366.0, 'recent': 1460.0, 'mean': 1477.0, 'max': 1534.0}"
1602,5147,Hornets,USA,MO,,2014,True,2026,"{'wins': 52, 'losses': 69, 'ties': 0, 'count': 121, 'winrate': 0.4298}","{'current': 1485.0, 'recent': 1434.0, 'mean': 1441.0, 'max': 1485.0}"
1603,5148,New Berlin Blitz,USA,WI,win,2014,True,2026,"{'wins': 113, 'losses': 142, 'ties': 1, 'count': 256, 'winrate': 0.4434}","{'current': 1523.0, 'recent': 1519.0, 'mean': 1526.0, 'max': 1589.0}"
1604,5149,TroyBotics,USA,NY,,2014,True,2026,"{'wins': 30, 'losses': 72, 'ties': 0, 'count': 102, 'winrate': 0.2941}","{'current': 1450.0, 'recent': 1433.0, 'mean': 1428.0, 'max': 1511.0}"
1605,5150,Hybrid Hornets,USA,MI,fim,2014,True,2026,"{'wins': 211, 'losses': 219, 'ties': 0, 'count': 430, 'winrate': 0.4907}","{'current': 1510.0, 'recent': 1494.0, 'mean': 1530.0, 'max': 1750.0}"
1606,5152,Alotobots,USA,MI,fim,2014,True,2026,"{'wins': 251, 'losses': 192, 'ties': 0, 'count': 443, 'winrate': 0.5666}","{'current': 1623.0, 'recent': 1640.0, 'mean': 1578.0, 'max': 1705.0}"
1607,5160,Chargers,USA,NC,fnc,2014,True,2026,"{'wins': 227, 'losses': 192, 'ties': 0, 'count': 419, 'winrate': 0.5418}","{'current': 1532.0, 'recent': 1500.0, 'mean': 1527.0, 'max': 1631.0}"
1608,5162,The Big Red Theory,USA,MI,fim,2014,True,2026,"{'wins': 134, 'losses': 172, 'ties': 0, 'count': 306, 'winrate': 0.4379}","{'current': 1400.0, 'recent': 1426.0, 'mean': 1502.0, 'max': 1653.0}"
1609,5166,Fabricators,USA,MI,fim,2014,True,2026,"{'wins': 298, 'losses': 215, 'ties': 0, 'count': 513, 'winrate': 0.5809}","{'current': 1607.0, 'recent': 1668.0, 'mean': 1602.0, 'max': 1763.0}"
1610,5167,Vi-Bots,USA,MI,fim,2014,True,2026,"{'wins': 160, 'losses': 186, 'ties': 0, 'count': 346, 'winrate': 0.4624}","{'current': 1465.0, 'recent': 1525.0, 'mean': 1532.0, 'max': 1602.0}"
1611,5171,Deus Ex Machina,USA,CA,ca,2014,True,2026,"{'wins': 89, 'losses': 111, 'ties': 0, 'count': 200, 'winrate': 0.445}","{'current': 1555.0, 'recent': 1566.0, 'mean': 1530.0, 'max': 1595.0}"
1612,5176,RoboBills,USA,MO,,2014,True,2026,"{'wins': 54, 'losses': 67, 'ties': 0, 'count': 121, 'winrate': 0.4463}","{'current': 1373.0, 'recent': 1439.0, 'mean': 1472.0, 'max': 1546.0}"
1613,5181,Explorer Robotics,USA,PA,fma,2014,True,2026,"{'wins': 210, 'losses': 183, 'ties': 0, 'count': 393, 'winrate': 0.5344}","{'current': 1619.0, 'recent': 1586.0, 'mean': 1528.0, 'max': 1641.0}"
1614,5182,Chieftainators,USA,MI,fim,2014,True,2026,"{'wins': 101, 'losses': 160, 'ties': 0, 'count': 261, 'winrate': 0.387}","{'current': 1387.0, 'recent': 1444.0, 'mean': 1477.0, 'max': 1556.0}"
1615,5183,Devil Bots,USA,MI,fim,2014,True,2026,"{'wins': 98, 'losses': 153, 'ties': 2, 'count': 253, 'winrate': 0.3913}","{'current': 1422.0, 'recent': 1410.0, 'mean': 1442.0, 'max': 1513.0}"
1616,5188,Area 5188: Classified Robotics,USA,IN,fin,2014,True,2026,"{'wins': 191, 'losses': 218, 'ties': 1, 'count': 410, 'winrate': 0.4671}","{'current': 1483.0, 'recent': 1540.0, 'mean': 1536.0, 'max': 1613.0}"
1617,5189,Team K.I.S.S.,USA,KS,,2014,True,2026,"{'wins': 34, 'losses': 79, 'ties': 0, 'count': 113, 'winrate': 0.3009}","{'current': 1450.0, 'recent': 1428.0, 'mean': 1417.0, 'max': 1459.0}"
1618,5190,Falcon Fury,USA,NC,fnc,2014,True,2026,"{'wins': 262, 'losses': 192, 'ties': 0, 'count': 454, 'winrate': 0.5771}","{'current': 1444.0, 'recent': 1501.0, 'mean': 1552.0, 'max': 1796.0}"
1619,5193,Pantheon,USA,MI,fim,2014,True,2026,"{'wins': 187, 'losses': 167, 'ties': 0, 'count': 354, 'winrate': 0.5282}","{'current': 1672.0, 'recent': 1544.0, 'mean': 1546.0, 'max': 1672.0}"
1620,5197,Northwestern High,USA,MI,fim,2014,True,2026,"{'wins': 104, 'losses': 157, 'ties': 0, 'count': 261, 'winrate': 0.3985}","{'current': 1420.0, 'recent': 1431.0, 'mean': 1419.0, 'max': 1466.0}"
1621,5199,Robot Dolphins From Outer Space,USA,CA,ca,2014,True,2026,"{'wins': 295, 'losses': 154, 'ties': 1, 'count': 450, 'winrate': 0.6567}","{'current': 1642.0, 'recent': 1689.0, 'mean': 1629.0, 'max': 1764.0}"
1622,5205,FullMetal-Jackets,USA,MI,fim,2014,True,2026,"{'wins': 202, 'losses': 195, 'ties': 0, 'count': 397, 'winrate': 0.5088}","{'current': 1453.0, 'recent': 1482.0, 'mean': 1520.0, 'max': 1698.0}"
1623,5212,TAMSformers Robotics,USA,TX,fit,2014,True,2026,"{'wins': 112, 'losses': 133, 'ties': 0, 'count': 245, 'winrate': 0.4571}","{'current': 1472.0, 'recent': 1476.0, 'mean': 1454.0, 'max': 1507.0}"
1624,5213,St. Ignace SHIELD,USA,MI,fim,2014,True,2026,"{'wins': 77, 'losses': 141, 'ties': 0, 'count': 218, 'winrate': 0.3532}","{'current': 1448.0, 'recent': 1460.0, 'mean': 1479.0, 'max': 1526.0}"
1625,5214,The Mighty CavBots,USA,MI,fim,2014,True,2026,"{'wins': 94, 'losses': 169, 'ties': 0, 'count': 263, 'winrate': 0.3574}","{'current': 1419.0, 'recent': 1430.0, 'mean': 1415.0, 'max': 1450.0}"
1626,5216,E-Ville Empire,USA,MI,fim,2014,True,2026,"{'wins': 279, 'losses': 181, 'ties': 0, 'count': 460, 'winrate': 0.6065}","{'current': 1646.0, 'recent': 1653.0, 'mean': 1601.0, 'max': 1702.0}"
1627,5219,TeknoSquad 5219,USA,GA,pch,2014,True,2026,"{'wins': 110, 'losses': 160, 'ties': 0, 'count': 270, 'winrate': 0.4074}","{'current': 1460.0, 'recent': 1399.0, 'mean': 1408.0, 'max': 1460.0}"
1628,5225,The Shambotz,USA,MI,fim,2014,True,2026,"{'wins': 80, 'losses': 160, 'ties': 0, 'count': 240, 'winrate': 0.3333}","{'current': 1429.0, 'recent': 1417.0, 'mean': 1406.0, 'max': 1459.0}"
1629,5227,Eagle Elite,USA,MI,fim,2014,True,2026,"{'wins': 91, 'losses': 141, 'ties': 0, 'count': 232, 'winrate': 0.3922}","{'current': 1504.0, 'recent': 1482.0, 'mean': 1474.0, 'max': 1521.0}"
1630,5229,Heritage Hawkbots,USA,MI,fim,2014,True,2026,"{'wins': 130, 'losses': 149, 'ties': 0, 'count': 279, 'winrate': 0.4659}","{'current': 1531.0, 'recent': 1504.0, 'mean': 1506.0, 'max': 1537.0}"
1631,5231,The Radical Jays,USA,MI,fim,2014,True,2026,"{'wins': 100, 'losses': 156, 'ties': 0, 'count': 256, 'winrate': 0.3906}","{'current': 1369.0, 'recent': 1453.0, 'mean': 1462.0, 'max': 1556.0}"
1632,5232,Talons,USA,MN,,2014,True,2026,"{'wins': 116, 'losses': 107, 'ties': 0, 'count': 223, 'winrate': 0.5202}","{'current': 1434.0, 'recent': 1523.0, 'mean': 1493.0, 'max': 1651.0}"
1633,5234,Marauder Bots,USA,MI,fim,2014,True,2026,"{'wins': 148, 'losses': 174, 'ties': 0, 'count': 322, 'winrate': 0.4596}","{'current': 1444.0, 'recent': 1449.0, 'mean': 1491.0, 'max': 1614.0}"
1634,5235,Gears of Fortune,USA,MI,fim,2014,True,2026,"{'wins': 111, 'losses': 181, 'ties': 0, 'count': 292, 'winrate': 0.3801}","{'current': 1438.0, 'recent': 1459.0, 'mean': 1461.0, 'max': 1510.0}"
1635,5239,The Royal Stags,USA,MI,fim,2014,True,2026,"{'wins': 96, 'losses': 161, 'ties': 0, 'count': 257, 'winrate': 0.3735}","{'current': 1452.0, 'recent': 1419.0, 'mean': 1426.0, 'max': 1503.0}"
1636,5243,Aegis,USA,VA,fch,2014,True,2026,"{'wins': 150, 'losses': 218, 'ties': 0, 'count': 368, 'winrate': 0.4076}","{'current': 1548.0, 'recent': 1453.0, 'mean': 1463.0, 'max': 1548.0}"
1637,5247,Red Devil Robotics,USA,MI,fim,2014,True,2026,"{'wins': 123, 'losses': 162, 'ties': 0, 'count': 285, 'winrate': 0.4316}","{'current': 1447.0, 'recent': 1450.0, 'mean': 1465.0, 'max': 1495.0}"
1638,5248,Robo-Saxons,USA,MI,fim,2014,True,2026,"{'wins': 114, 'losses': 126, 'ties': 0, 'count': 240, 'winrate': 0.475}","{'current': 1481.0, 'recent': 1474.0, 'mean': 1503.0, 'max': 1549.0}"
1639,5253,Bigfork Backwoods Bots 5253,USA,MN,,2014,True,2026,"{'wins': 53, 'losses': 61, 'ties': 0, 'count': 114, 'winrate': 0.4649}","{'current': 1408.0, 'recent': 1472.0, 'mean': 1453.0, 'max': 1545.0}"
1640,5256,Atomics,USA,MI,fim,2014,True,2026,"{'wins': 121, 'losses': 150, 'ties': 0, 'count': 271, 'winrate': 0.4465}","{'current': 1434.0, 'recent': 1484.0, 'mean': 1500.0, 'max': 1578.0}"
1641,5260,Owosso Robotics,USA,MI,fim,2014,True,2026,"{'wins': 102, 'losses': 173, 'ties': 1, 'count': 276, 'winrate': 0.3714}","{'current': 1356.0, 'recent': 1431.0, 'mean': 1464.0, 'max': 1584.0}"
1642,5261,Cyber Shock,USA,TX,fit,2014,True,2026,"{'wins': 118, 'losses': 150, 'ties': 1, 'count': 269, 'winrate': 0.4405}","{'current': 1523.0, 'recent': 1491.0, 'mean': 1476.0, 'max': 1528.0}"
1643,5263,Robo-Bucs,USA,MI,fim,2014,True,2026,"{'wins': 101, 'losses': 158, 'ties': 0, 'count': 259, 'winrate': 0.39}","{'current': 1461.0, 'recent': 1424.0, 'mean': 1452.0, 'max': 1546.0}"
1644,5268,The BioMech Falcons,USA,KS,,2014,True,2026,"{'wins': 71, 'losses': 110, 'ties': 0, 'count': 181, 'winrate': 0.3923}","{'current': 1528.0, 'recent': 1496.0, 'mean': 1482.0, 'max': 1556.0}"
1645,5271,Open Circuits,USA,MN,,2014,True,2026,"{'wins': 44, 'losses': 59, 'ties': 0, 'count': 103, 'winrate': 0.4272}","{'current': 1435.0, 'recent': 1421.0, 'mean': 1462.0, 'max': 1562.0}"
1646,5274,Wolverine Robotics,USA,CA,ca,2014,True,2026,"{'wins': 114, 'losses': 129, 'ties': 1, 'count': 244, 'winrate': 0.4693}","{'current': 1517.0, 'recent': 1539.0, 'mean': 1501.0, 'max': 1565.0}"
1647,5275,T.I.M.E.-Bots,USA,MN,,2014,True,2026,"{'wins': 65, 'losses': 74, 'ties': 1, 'count': 140, 'winrate': 0.4679}","{'current': 1461.0, 'recent': 1478.0, 'mean': 1465.0, 'max': 1544.0}"
1648,5276,Edgar Allan Ohms,USA,FL,,2014,True,2026,"{'wins': 58, 'losses': 75, 'ties': 0, 'count': 133, 'winrate': 0.4361}","{'current': 1425.0, 'recent': 1480.0, 'mean': 1454.0, 'max': 1516.0}"
1649,5278,Los Clasicos,USA,MN,,2014,True,2026,"{'wins': 43, 'losses': 75, 'ties': 0, 'count': 118, 'winrate': 0.3644}","{'current': 1407.0, 'recent': 1468.0, 'mean': 1467.0, 'max': 1553.0}"
1650,5282,Railroader Robotics,USA,MI,fim,2014,True,2026,"{'wins': 122, 'losses': 157, 'ties': 0, 'count': 279, 'winrate': 0.4373}","{'current': 1421.0, 'recent': 1461.0, 'mean': 1477.0, 'max': 1555.0}"
1651,5285,Sea Kings Robotics,USA,CA,ca,2014,True,2026,"{'wins': 103, 'losses': 126, 'ties': 0, 'count': 229, 'winrate': 0.4498}","{'current': 1484.0, 'recent': 1503.0, 'mean': 1484.0, 'max': 1599.0}"
1652,5291,Emperius,Israel,,isr,2014,True,2026,"{'wins': 123, 'losses': 150, 'ties': 0, 'count': 273, 'winrate': 0.4505}","{'current': 1499.0, 'recent': 1511.0, 'mean': 1509.0, 'max': 1625.0}"
1653,5293,Metal Crusaders,USA,GA,pch,2014,True,2026,"{'wins': 169, 'losses': 200, 'ties': 2, 'count': 371, 'winrate': 0.4582}","{'current': 1460.0, 'recent': 1489.0, 'mean': 1490.0, 'max': 1636.0}"
1654,5295,Aldernating Current,USA,WA,pnw,2014,True,2026,"{'wins': 136, 'losses': 197, 'ties': 0, 'count': 333, 'winrate': 0.4084}","{'current': 1473.0, 'recent': 1464.0, 'mean': 1456.0, 'max': 1644.0}"
1655,5298,E-TECH CHARGERS,USA,NY,,2014,True,2026,"{'wins': 87, 'losses': 111, 'ties': 0, 'count': 198, 'winrate': 0.4394}","{'current': 1451.0, 'recent': 1498.0, 'mean': 1455.0, 'max': 1553.0}"
1656,5312,Lobotics - Peñoles,Mexico,,,2014,True,2026,"{'wins': 99, 'losses': 119, 'ties': 0, 'count': 218, 'winrate': 0.4541}","{'current': 1489.0, 'recent': 1442.0, 'mean': 1458.0, 'max': 1593.0}"
1657,5314,Ice Bots,USA,MI,fim,2014,True,2026,"{'wins': 171, 'losses': 165, 'ties': 1, 'count': 337, 'winrate': 0.5089}","{'current': 1519.0, 'recent': 1539.0, 'mean': 1513.0, 'max': 1595.0}"
1658,5331,Lightning Bots,Australia,,,2014,True,2026,"{'wins': 62, 'losses': 74, 'ties': 0, 'count': 136, 'winrate': 0.4559}","{'current': 1450.0, 'recent': 1472.0, 'mean': 1494.0, 'max': 1572.0}"
1659,5338,RoboLoCo,USA,VA,fch,2014,True,2026,"{'wins': 248, 'losses': 202, 'ties': 1, 'count': 451, 'winrate': 0.551}","{'current': 1627.0, 'recent': 1594.0, 'mean': 1577.0, 'max': 1644.0}"
1660,5339,Hurricanes,USA,MN,,2014,True,2026,"{'wins': 38, 'losses': 84, 'ties': 0, 'count': 122, 'winrate': 0.3115}","{'current': 1378.0, 'recent': 1429.0, 'mean': 1447.0, 'max': 1483.0}"
1661,5347,Gryphons,USA,MA,ne,2014,True,2026,"{'wins': 92, 'losses': 148, 'ties': 1, 'count': 241, 'winrate': 0.3838}","{'current': 1493.0, 'recent': 1475.0, 'mean': 1453.0, 'max': 1532.0}"
1662,5348,Charger Robotics,USA,MN,,2014,True,2026,"{'wins': 106, 'losses': 70, 'ties': 0, 'count': 176, 'winrate': 0.6023}","{'current': 1565.0, 'recent': 1574.0, 'mean': 1540.0, 'max': 1621.0}"
1663,5353,LoCo Raptors,USA,VA,fch,2014,True,2026,"{'wins': 13, 'losses': 15, 'ties': 0, 'count': 28, 'winrate': 0.4643}","{'current': 1522.0, 'recent': 1522.0, 'mean': 1522.0, 'max': 1522.0}"
1664,5401,Fightin' Robotic Owls,USA,PA,fma,2015,True,2026,"{'wins': 217, 'losses': 199, 'ties': 1, 'count': 417, 'winrate': 0.5216}","{'current': 1568.0, 'recent': 1558.0, 'mean': 1575.0, 'max': 1699.0}"
1665,5402,Wreckless Robotics,USA,IN,fin,2015,True,2026,"{'wins': 123, 'losses': 139, 'ties': 0, 'count': 262, 'winrate': 0.4695}","{'current': 1571.0, 'recent': 1558.0, 'mean': 1519.0, 'max': 1598.0}"
1666,5406,Celt-X,Canada,ON,ont,2015,True,2026,"{'wins': 361, 'losses': 171, 'ties': 0, 'count': 532, 'winrate': 0.6786}","{'current': 1694.0, 'recent': 1717.0, 'mean': 1722.0, 'max': 1836.0}"
1667,5407,Wolfpack Robotics,USA,PA,fma,2015,True,2026,"{'wins': 165, 'losses': 183, 'ties': 0, 'count': 348, 'winrate': 0.4741}","{'current': 1465.0, 'recent': 1452.0, 'mean': 1504.0, 'max': 1635.0}"
1668,5408,Kennedy Kinetics,Canada,ON,ont,2015,True,2026,"{'wins': 87, 'losses': 115, 'ties': 1, 'count': 203, 'winrate': 0.431}","{'current': 1432.0, 'recent': 1448.0, 'mean': 1462.0, 'max': 1579.0}"
1669,5409,Chargers,Canada,ON,ont,2015,True,2026,"{'wins': 228, 'losses': 150, 'ties': 0, 'count': 378, 'winrate': 0.6032}","{'current': 1611.0, 'recent': 1683.0, 'mean': 1594.0, 'max': 1816.0}"
1670,5410,Eaglebotics,USA,FL,,2015,True,2026,"{'wins': 142, 'losses': 172, 'ties': 0, 'count': 314, 'winrate': 0.4522}","{'current': 1536.0, 'recent': 1509.0, 'mean': 1509.0, 'max': 1599.0}"
1671,5411,RoboTalons,USA,TX,fit,2015,True,2026,"{'wins': 183, 'losses': 171, 'ties': 0, 'count': 354, 'winrate': 0.5169}","{'current': 1477.0, 'recent': 1593.0, 'mean': 1547.0, 'max': 1698.0}"
1672,5413,Stellar Robotics,USA,OH,,2015,True,2026,"{'wins': 106, 'losses': 110, 'ties': 0, 'count': 216, 'winrate': 0.4907}","{'current': 1492.0, 'recent': 1501.0, 'mean': 1567.0, 'max': 1759.0}"
1673,5414,Pearadox,USA,TX,fit,2015,True,2026,"{'wins': 295, 'losses': 188, 'ties': 1, 'count': 484, 'winrate': 0.6105}","{'current': 1511.0, 'recent': 1612.0, 'mean': 1584.0, 'max': 1695.0}"
1674,5417,Eagle Robotics,USA,TX,fit,2015,True,2026,"{'wins': 182, 'losses': 202, 'ties': 0, 'count': 384, 'winrate': 0.474}","{'current': 1450.0, 'recent': 1510.0, 'mean': 1508.0, 'max': 1578.0}"
1675,5419,Berkelium,USA,CA,ca,2015,True,2026,"{'wins': 169, 'losses': 110, 'ties': 0, 'count': 279, 'winrate': 0.6057}","{'current': 1570.0, 'recent': 1631.0, 'mean': 1582.0, 'max': 1701.0}"
1676,5421,BirchBots,USA,NY,,2015,True,2026,"{'wins': 38, 'losses': 38, 'ties': 1, 'count': 77, 'winrate': 0.5}","{'current': 1393.0, 'recent': 1429.0, 'mean': 1446.0, 'max': 1516.0}"
1677,5422,Stormgears,USA,MA,ne,2015,True,2026,"{'wins': 156, 'losses': 227, 'ties': 0, 'count': 383, 'winrate': 0.4073}","{'current': 1654.0, 'recent': 1571.0, 'mean': 1536.0, 'max': 1654.0}"
1678,5424,Rogue Robots,USA,MI,fim,2015,True,2026,"{'wins': 176, 'losses': 174, 'ties': 1, 'count': 351, 'winrate': 0.5028}","{'current': 1493.0, 'recent': 1534.0, 'mean': 1542.0, 'max': 1625.0}"
1679,5427,Steel Talons,USA,TX,fit,2015,True,2026,"{'wins': 190, 'losses': 176, 'ties': 2, 'count': 368, 'winrate': 0.519}","{'current': 1574.0, 'recent': 1573.0, 'mean': 1549.0, 'max': 1602.0}"
1680,5430,Pirate Robolution,USA,CA,ca,2015,True,2026,"{'wins': 68, 'losses': 124, 'ties': 1, 'count': 193, 'winrate': 0.3549}","{'current': 1374.0, 'recent': 1419.0, 'mean': 1416.0, 'max': 1455.0}"
1681,5431,Titan Robotics,USA,TX,fit,2015,True,2026,"{'wins': 220, 'losses': 186, 'ties': 0, 'count': 406, 'winrate': 0.5419}","{'current': 1489.0, 'recent': 1581.0, 'mean': 1586.0, 'max': 1642.0}"
1682,5434,Falcon Robotics,USA,MN,,2015,True,2026,"{'wins': 94, 'losses': 76, 'ties': 0, 'count': 170, 'winrate': 0.5529}","{'current': 1540.0, 'recent': 1572.0, 'mean': 1566.0, 'max': 1646.0}"
1683,5436,Cyber Cats,USA,MI,fim,2015,True,2026,"{'wins': 237, 'losses': 193, 'ties': 0, 'count': 430, 'winrate': 0.5512}","{'current': 1519.0, 'recent': 1595.0, 'mean': 1605.0, 'max': 1744.0}"
1684,5437,Rocky Balboabots,USA,AR,,2015,True,2026,"{'wins': 132, 'losses': 146, 'ties': 0, 'count': 278, 'winrate': 0.4748}","{'current': 1363.0, 'recent': 1407.0, 'mean': 1483.0, 'max': 1644.0}"
1685,5438,Technological Terrors,USA,NJ,fma,2015,True,2026,"{'wins': 109, 'losses': 130, 'ties': 1, 'count': 240, 'winrate': 0.4563}","{'current': 1461.0, 'recent': 1476.0, 'mean': 1466.0, 'max': 1524.0}"
1686,5439,Huskies,Canada,QC,,2015,True,2026,"{'wins': 72, 'losses': 62, 'ties': 0, 'count': 134, 'winrate': 0.5373}","{'current': 1512.0, 'recent': 1539.0, 'mean': 1528.0, 'max': 1588.0}"
1687,5442,Mechanical Monarchy,USA,IL,,2015,True,2026,"{'wins': 121, 'losses': 126, 'ties': 0, 'count': 247, 'winrate': 0.4899}","{'current': 1499.0, 'recent': 1515.0, 'mean': 1538.0, 'max': 1639.0}"
1688,5443,Les PATenteux,Canada,QC,,2015,True,2026,"{'wins': 43, 'losses': 64, 'ties': 0, 'count': 107, 'winrate': 0.4019}","{'current': 1464.0, 'recent': 1455.0, 'mean': 1467.0, 'max': 1541.0}"
1689,5449,Prototype,China,,,2015,True,2026,"{'wins': 73, 'losses': 63, 'ties': 0, 'count': 136, 'winrate': 0.5368}","{'current': 1573.0, 'recent': 1605.0, 'mean': 1536.0, 'max': 1713.0}"
1690,5454,Obsidian,USA,AR,,2015,True,2026,"{'wins': 140, 'losses': 128, 'ties': 2, 'count': 270, 'winrate': 0.5222}","{'current': 1610.0, 'recent': 1597.0, 'mean': 1530.0, 'max': 1672.0}"
1691,5458,Digital Minds,USA,CA,ca,2015,True,2026,"{'wins': 139, 'losses': 128, 'ties': 1, 'count': 268, 'winrate': 0.5205}","{'current': 1569.0, 'recent': 1569.0, 'mean': 1573.0, 'max': 1738.0}"
1692,5459,Ipswich TIGERS,USA,MA,ne,2015,True,2026,"{'wins': 125, 'losses': 161, 'ties': 0, 'count': 286, 'winrate': 0.4371}","{'current': 1500.0, 'recent': 1541.0, 'mean': 1510.0, 'max': 1567.0}"
1693,5460,Strike Zone,USA,MI,fim,2015,True,2026,"{'wins': 425, 'losses': 179, 'ties': 2, 'count': 606, 'winrate': 0.703}","{'current': 1792.0, 'recent': 1770.0, 'mean': 1750.0, 'max': 1959.0}"
1694,5461,Victorian Engineered Robotic Nation or V.E.R.N.,USA,ID,,2015,True,2026,"{'wins': 95, 'losses': 128, 'ties': 0, 'count': 223, 'winrate': 0.426}","{'current': 1519.0, 'recent': 1514.0, 'mean': 1485.0, 'max': 1549.0}"
1695,5462,2Paw Robotics,USA,MI,fim,2015,True,2026,"{'wins': 188, 'losses': 168, 'ties': 0, 'count': 356, 'winrate': 0.5281}","{'current': 1615.0, 'recent': 1566.0, 'mean': 1531.0, 'max': 1619.0}"
1696,5464,Bluejacket Robotics,USA,MN,,2015,True,2026,"{'wins': 108, 'losses': 110, 'ties': 0, 'count': 218, 'winrate': 0.4954}","{'current': 1447.0, 'recent': 1526.0, 'mean': 1511.0, 'max': 1585.0}"
1697,5467,RoboTractors,USA,MI,fim,2015,True,2026,"{'wins': 109, 'losses': 137, 'ties': 0, 'count': 246, 'winrate': 0.4431}","{'current': 1419.0, 'recent': 1414.0, 'mean': 1448.0, 'max': 1588.0}"
1698,5468,Chaos Theory,USA,OR,pnw,2015,True,2026,"{'wins': 283, 'losses': 228, 'ties': 0, 'count': 511, 'winrate': 0.5538}","{'current': 1755.0, 'recent': 1628.0, 'mean': 1574.0, 'max': 1755.0}"
1699,5470,The Cowpunchers,USA,MI,fim,2015,True,2026,"{'wins': 81, 'losses': 139, 'ties': 0, 'count': 220, 'winrate': 0.3682}","{'current': 1451.0, 'recent': 1431.0, 'mean': 1454.0, 'max': 1585.0}"
1700,5472,The Wyld Stallyns,USA,FL,,2015,True,2026,"{'wins': 265, 'losses': 173, 'ties': 1, 'count': 439, 'winrate': 0.6048}","{'current': 1588.0, 'recent': 1647.0, 'mean': 1593.0, 'max': 1787.0}"
1701,5474,Clairemonster,USA,CA,ca,2015,True,2026,"{'wins': 61, 'losses': 72, 'ties': 0, 'count': 133, 'winrate': 0.4586}","{'current': 1570.0, 'recent': 1521.0, 'mean': 1480.0, 'max': 1570.0}"
1702,5478,Pershing Doughbots,USA,MI,fim,2015,True,2026,"{'wins': 93, 'losses': 138, 'ties': 0, 'count': 231, 'winrate': 0.4026}","{'current': 1408.0, 'recent': 1425.0, 'mean': 1425.0, 'max': 1494.0}"
1703,5484,Career Academy Robotics - Wolf Pack,USA,IN,fin,2015,True,2026,"{'wins': 305, 'losses': 253, 'ties': 0, 'count': 558, 'winrate': 0.5466}","{'current': 1508.0, 'recent': 1583.0, 'mean': 1571.0, 'max': 1644.0}"
1704,5486,Robotic Turmoil,USA,MI,fim,2015,True,2026,"{'wins': 97, 'losses': 135, 'ties': 0, 'count': 232, 'winrate': 0.4181}","{'current': 1473.0, 'recent': 1453.0, 'mean': 1460.0, 'max': 1493.0}"
1705,5490,The Dark Byte,USA,PA,fma,2015,True,2026,"{'wins': 84, 'losses': 162, 'ties': 1, 'count': 247, 'winrate': 0.3421}","{'current': 1410.0, 'recent': 1444.0, 'mean': 1435.0, 'max': 1494.0}"
1706,5491,Hard Reset,USA,MA,ne,2015,True,2026,"{'wins': 77, 'losses': 137, 'ties': 1, 'count': 215, 'winrate': 0.3605}","{'current': 1502.0, 'recent': 1423.0, 'mean': 1451.0, 'max': 1514.0}"
1707,5492,Winner's Circle Robo Jockey's,USA,KY,,2015,True,2026,"{'wins': 109, 'losses': 117, 'ties': 0, 'count': 226, 'winrate': 0.4823}","{'current': 1499.0, 'recent': 1531.0, 'mean': 1547.0, 'max': 1622.0}"
1708,5493,SMAbotics,USA,CO,,2015,True,2026,"{'wins': 53, 'losses': 79, 'ties': 0, 'count': 132, 'winrate': 0.4015}","{'current': 1448.0, 'recent': 1453.0, 'mean': 1447.0, 'max': 1477.0}"
1709,5494,Bizarbots Robotics,USA,MA,ne,2015,True,2026,"{'wins': 90, 'losses': 152, 'ties': 0, 'count': 242, 'winrate': 0.3719}","{'current': 1455.0, 'recent': 1497.0, 'mean': 1470.0, 'max': 1539.0}"
1710,5498,The Wired Devils,USA,MI,fim,2015,True,2026,"{'wins': 126, 'losses': 154, 'ties': 1, 'count': 281, 'winrate': 0.4502}","{'current': 1481.0, 'recent': 1494.0, 'mean': 1492.0, 'max': 1568.0}"
1711,5499,Bearium,USA,CA,ca,2015,True,2026,"{'wins': 126, 'losses': 100, 'ties': 0, 'count': 226, 'winrate': 0.5575}","{'current': 1558.0, 'recent': 1538.0, 'mean': 1547.0, 'max': 1616.0}"
1712,5500,Jaguars Robotics & ROVs,USA,CA,ca,2015,True,2026,"{'wins': 31, 'losses': 78, 'ties': 0, 'count': 109, 'winrate': 0.2844}","{'current': 1444.0, 'recent': 1416.0, 'mean': 1401.0, 'max': 1466.0}"
1713,5501,Bobcats,USA,MI,fim,2015,True,2026,"{'wins': 160, 'losses': 140, 'ties': 0, 'count': 300, 'winrate': 0.5333}","{'current': 1476.0, 'recent': 1482.0, 'mean': 1533.0, 'max': 1687.0}"
1714,5503,Smithville Tiger Trons,USA,TX,fit,2015,True,2026,"{'wins': 112, 'losses': 146, 'ties': 0, 'count': 258, 'winrate': 0.4341}","{'current': 1427.0, 'recent': 1465.0, 'mean': 1451.0, 'max': 1521.0}"
1715,5504,The Loose Connections,USA,MI,fim,2015,True,2026,"{'wins': 83, 'losses': 160, 'ties': 0, 'count': 243, 'winrate': 0.3416}","{'current': 1395.0, 'recent': 1413.0, 'mean': 1430.0, 'max': 1486.0}"
1716,5505,V2 - Volts Squared,USA,MI,fim,2015,True,2026,"{'wins': 311, 'losses': 190, 'ties': 1, 'count': 502, 'winrate': 0.6205}","{'current': 1560.0, 'recent': 1599.0, 'mean': 1618.0, 'max': 1741.0}"
1717,5507,Robotic Eagles,USA,CA,ca,2015,True,2026,"{'wins': 131, 'losses': 88, 'ties': 1, 'count': 220, 'winrate': 0.5977}","{'current': 1685.0, 'recent': 1627.0, 'mean': 1578.0, 'max': 1685.0}"
1718,5509,Like a Boss,USA,MI,fim,2015,True,2026,"{'wins': 198, 'losses': 197, 'ties': 1, 'count': 396, 'winrate': 0.5013}","{'current': 1454.0, 'recent': 1489.0, 'mean': 1522.0, 'max': 1717.0}"
1719,5511,Cortechs Robotics,USA,NC,fnc,2015,True,2026,"{'wins': 226, 'losses': 209, 'ties': 0, 'count': 435, 'winrate': 0.5195}","{'current': 1408.0, 'recent': 1477.0, 'mean': 1507.0, 'max': 1627.0}"
1720,5514,MavBots,USA,CA,ca,2015,True,2026,"{'wins': 48, 'losses': 55, 'ties': 0, 'count': 103, 'winrate': 0.466}","{'current': 1467.0, 'recent': 1463.0, 'mean': 1463.0, 'max': 1509.0}"
1721,5515,Blue Power Robotics,China,,,2015,True,2026,"{'wins': 86, 'losses': 83, 'ties': 0, 'count': 169, 'winrate': 0.5089}","{'current': 1504.0, 'recent': 1474.0, 'mean': 1480.0, 'max': 1548.0}"
1722,5516,Iron Maple,China,,,2015,True,2026,"{'wins': 62, 'losses': 66, 'ties': 1, 'count': 129, 'winrate': 0.4845}","{'current': 1527.0, 'recent': 1535.0, 'mean': 1482.0, 'max': 1625.0}"
1723,5517,The Engineers on Fire,USA,MI,fim,2015,True,2026,"{'wins': 129, 'losses': 147, 'ties': 0, 'count': 276, 'winrate': 0.4674}","{'current': 1360.0, 'recent': 1445.0, 'mean': 1497.0, 'max': 1605.0}"
1724,5518,Techno Wolves,USA,NC,fnc,2015,True,2026,"{'wins': 161, 'losses': 167, 'ties': 1, 'count': 329, 'winrate': 0.4909}","{'current': 1440.0, 'recent': 1474.0, 'mean': 1473.0, 'max': 1609.0}"
1725,5522,Stargazer,China,,,2015,True,2026,"{'wins': 36, 'losses': 38, 'ties': 0, 'count': 74, 'winrate': 0.4865}","{'current': 1481.0, 'recent': 1481.0, 'mean': 1485.0, 'max': 1563.0}"
1726,5525,Alcona Tool Cats,USA,MI,fim,2015,True,2026,"{'wins': 110, 'losses': 142, 'ties': 0, 'count': 252, 'winrate': 0.4365}","{'current': 1466.0, 'recent': 1494.0, 'mean': 1482.0, 'max': 1565.0}"
1727,5526,Type C - Peñoles,Mexico,,,2015,True,2026,"{'wins': 162, 'losses': 143, 'ties': 1, 'count': 306, 'winrate': 0.531}","{'current': 1477.0, 'recent': 1530.0, 'mean': 1518.0, 'max': 1623.0}"
1728,5527,Cyber Phoenix,USA,MI,fim,2015,True,2026,"{'wins': 82, 'losses': 132, 'ties': 1, 'count': 215, 'winrate': 0.3837}","{'current': 1488.0, 'recent': 1459.0, 'mean': 1443.0, 'max': 1488.0}"
1729,5528,Ultime,Canada,QC,,2015,True,2026,"{'wins': 130, 'losses': 91, 'ties': 0, 'count': 221, 'winrate': 0.5882}","{'current': 1574.0, 'recent': 1543.0, 'mean': 1547.0, 'max': 1641.0}"
1730,5530,Greenhills Lawnmowers,USA,MI,fim,2015,True,2026,"{'wins': 199, 'losses': 200, 'ties': 1, 'count': 400, 'winrate': 0.4988}","{'current': 1472.0, 'recent': 1523.0, 'mean': 1550.0, 'max': 1647.0}"
1731,5531,Orange Crush,USA,MI,fim,2015,True,2026,"{'wins': 125, 'losses': 156, 'ties': 1, 'count': 282, 'winrate': 0.445}","{'current': 1539.0, 'recent': 1462.0, 'mean': 1481.0, 'max': 1557.0}"
1732,5532,The Panther Bots,USA,MI,fim,2015,True,2026,"{'wins': 81, 'losses': 138, 'ties': 0, 'count': 219, 'winrate': 0.3699}","{'current': 1389.0, 'recent': 1412.0, 'mean': 1414.0, 'max': 1460.0}"
1733,5533,Electric Horse Power,USA,MI,fim,2015,True,2026,"{'wins': 123, 'losses': 152, 'ties': 0, 'count': 275, 'winrate': 0.4473}","{'current': 1641.0, 'recent': 1519.0, 'mean': 1513.0, 'max': 1641.0}"
1734,5534,Onaway Onabots,USA,MI,fim,2015,True,2026,"{'wins': 170, 'losses': 176, 'ties': 1, 'count': 347, 'winrate': 0.4914}","{'current': 1590.0, 'recent': 1559.0, 'mean': 1522.0, 'max': 1590.0}"
1735,5535,Bionic Bison,USA,MI,fim,2015,True,2026,"{'wins': 178, 'losses': 182, 'ties': 0, 'count': 360, 'winrate': 0.4944}","{'current': 1586.0, 'recent': 1570.0, 'mean': 1526.0, 'max': 1649.0}"
1736,5538,Vikingbots,USA,MI,fim,2015,True,2026,"{'wins': 129, 'losses': 159, 'ties': 2, 'count': 290, 'winrate': 0.4483}","{'current': 1453.0, 'recent': 1459.0, 'mean': 1459.0, 'max': 1532.0}"
1737,5541,Shakopee Sabers,USA,MN,,2015,True,2026,"{'wins': 34, 'losses': 67, 'ties': 1, 'count': 102, 'winrate': 0.3382}","{'current': 1408.0, 'recent': 1395.0, 'mean': 1417.0, 'max': 1492.0}"
1738,5547,The Talons,USA,MI,fim,2015,True,2026,"{'wins': 169, 'losses': 175, 'ties': 0, 'count': 344, 'winrate': 0.4913}","{'current': 1450.0, 'recent': 1510.0, 'mean': 1520.0, 'max': 1591.0}"
1739,5549,Gryphon Robotics,USA,VA,fch,2015,True,2026,"{'wins': 145, 'losses': 159, 'ties': 0, 'count': 304, 'winrate': 0.477}","{'current': 1609.0, 'recent': 1525.0, 'mean': 1478.0, 'max': 1609.0}"
1740,5550,BRONChO BOTS,USA,OK,,2015,True,2026,"{'wins': 104, 'losses': 120, 'ties': 0, 'count': 224, 'winrate': 0.4643}","{'current': 1597.0, 'recent': 1553.0, 'mean': 1517.0, 'max': 1604.0}"
1741,5553,Robo'Lyon,France,,,2015,True,2026,"{'wins': 79, 'losses': 76, 'ties': 0, 'count': 155, 'winrate': 0.5097}","{'current': 1409.0, 'recent': 1495.0, 'mean': 1501.0, 'max': 1564.0}"
1742,5554,The Poros Robotics,Israel,,isr,2015,True,2026,"{'wins': 171, 'losses': 172, 'ties': 0, 'count': 343, 'winrate': 0.4985}","{'current': 1520.0, 'recent': 1548.0, 'mean': 1546.0, 'max': 1675.0}"
1743,5557,BB-R8ERS,USA,FL,,2015,True,2026,"{'wins': 94, 'losses': 89, 'ties': 0, 'count': 183, 'winrate': 0.5137}","{'current': 1520.0, 'recent': 1556.0, 'mean': 1483.0, 'max': 1663.0}"
1744,5559,Gear Grinders,USA,MI,fim,2015,True,2026,"{'wins': 119, 'losses': 145, 'ties': 0, 'count': 264, 'winrate': 0.4508}","{'current': 1540.0, 'recent': 1465.0, 'mean': 1465.0, 'max': 1553.0}"
1745,5560,Central Lake Trobotics,USA,MI,fim,2015,True,2026,"{'wins': 119, 'losses': 125, 'ties': 1, 'count': 245, 'winrate': 0.4878}","{'current': 1411.0, 'recent': 1467.0, 'mean': 1501.0, 'max': 1560.0}"
1746,5561,Raider Robotics,USA,MI,fim,2015,True,2026,"{'wins': 221, 'losses': 170, 'ties': 1, 'count': 392, 'winrate': 0.5651}","{'current': 1554.0, 'recent': 1545.0, 'mean': 1562.0, 'max': 1688.0}"
1747,5563,Phalanx,USA,MA,ne,2015,True,2026,"{'wins': 125, 'losses': 174, 'ties': 0, 'count': 299, 'winrate': 0.4181}","{'current': 1496.0, 'recent': 1490.0, 'mean': 1500.0, 'max': 1571.0}"
1748,5567,Code Red Robotics,USA,MI,fim,2015,True,2026,"{'wins': 171, 'losses': 147, 'ties': 0, 'count': 318, 'winrate': 0.5377}","{'current': 1535.0, 'recent': 1543.0, 'mean': 1576.0, 'max': 1682.0}"
1749,5572,Rosbots,USA,TX,fit,2015,True,2026,"{'wins': 270, 'losses': 161, 'ties': 1, 'count': 432, 'winrate': 0.6262}","{'current': 1624.0, 'recent': 1604.0, 'mean': 1577.0, 'max': 1724.0}"
1750,5576,Team Terminator,USA,IA,,2015,True,2026,"{'wins': 77, 'losses': 100, 'ties': 0, 'count': 177, 'winrate': 0.435}","{'current': 1275.0, 'recent': 1424.0, 'mean': 1484.0, 'max': 1651.0}"
1751,5577,Kinematic Wolves,USA,MI,fim,2015,True,2026,"{'wins': 154, 'losses': 169, 'ties': 1, 'count': 324, 'winrate': 0.4769}","{'current': 1503.0, 'recent': 1509.0, 'mean': 1495.0, 'max': 1616.0}"
1752,5583,SistamatiK,USA,MO,,2015,True,2026,"{'wins': 35, 'losses': 64, 'ties': 0, 'count': 99, 'winrate': 0.3535}","{'current': 1409.0, 'recent': 1401.0, 'mean': 1424.0, 'max': 1535.0}"
1753,5584,ICRobotics,Australia,,,2015,True,2026,"{'wins': 109, 'losses': 54, 'ties': 0, 'count': 163, 'winrate': 0.6687}","{'current': 1719.0, 'recent': 1620.0, 'mean': 1562.0, 'max': 1719.0}"
1754,5586,Bond Brigade,USA,WI,win,2015,True,2026,"{'wins': 81, 'losses': 118, 'ties': 1, 'count': 200, 'winrate': 0.4075}","{'current': 1460.0, 'recent': 1497.0, 'mean': 1474.0, 'max': 1618.0}"
1755,5587,Titan Robotics,USA,VA,fch,2015,True,2026,"{'wins': 187, 'losses': 200, 'ties': 0, 'count': 387, 'winrate': 0.4832}","{'current': 1505.0, 'recent': 1511.0, 'mean': 1529.0, 'max': 1606.0}"
1756,5588,Reign Robotics,USA,WA,pnw,2015,True,2026,"{'wins': 140, 'losses': 181, 'ties': 0, 'count': 321, 'winrate': 0.4361}","{'current': 1498.0, 'recent': 1479.0, 'mean': 1508.0, 'max': 1671.0}"
1757,5590,Alumiboti,USA,NY,,2015,True,2026,"{'wins': 37, 'losses': 44, 'ties': 1, 'count': 82, 'winrate': 0.4573}","{'current': 1448.0, 'recent': 1484.0, 'mean': 1478.0, 'max': 1548.0}"
1758,5596,Wolverine Robotics,Canada,ON,ont,2015,True,2026,"{'wins': 110, 'losses': 149, 'ties': 0, 'count': 259, 'winrate': 0.4247}","{'current': 1428.0, 'recent': 1445.0, 'mean': 1480.0, 'max': 1599.0}"
1759,5603,The WarriorBots,USA,MI,fim,2015,True,2026,"{'wins': 160, 'losses': 157, 'ties': 0, 'count': 317, 'winrate': 0.5047}","{'current': 1476.0, 'recent': 1540.0, 'mean': 1539.0, 'max': 1647.0}"
1760,5607,Team Firewall,USA,NC,fnc,2015,True,2026,"{'wins': 139, 'losses': 202, 'ties': 1, 'count': 342, 'winrate': 0.4079}","{'current': 1499.0, 'recent': 1497.0, 'mean': 1479.0, 'max': 1569.0}"
1761,5608,Lassiter Robotics,USA,GA,pch,2015,True,2026,"{'wins': 117, 'losses': 137, 'ties': 1, 'count': 255, 'winrate': 0.4608}","{'current': 1426.0, 'recent': 1443.0, 'mean': 1446.0, 'max': 1597.0}"
1762,5610,Turbulence,USA,MI,fim,2015,True,2026,"{'wins': 119, 'losses': 141, 'ties': 0, 'count': 260, 'winrate': 0.4577}","{'current': 1438.0, 'recent': 1495.0, 'mean': 1490.0, 'max': 1557.0}"
1763,5612,Robo-Raptors,USA,MI,fim,2015,True,2026,"{'wins': 172, 'losses': 157, 'ties': 1, 'count': 330, 'winrate': 0.5227}","{'current': 1531.0, 'recent': 1527.0, 'mean': 1520.0, 'max': 1586.0}"
1764,5613,ThunderDogs,USA,NM,fit,2015,True,2026,"{'wins': 114, 'losses': 159, 'ties': 0, 'count': 273, 'winrate': 0.4176}","{'current': 1425.0, 'recent': 1463.0, 'mean': 1461.0, 'max': 1550.0}"
1765,5614,Team Sycamore,Israel,,isr,2015,True,2026,"{'wins': 217, 'losses': 147, 'ties': 0, 'count': 364, 'winrate': 0.5962}","{'current': 1590.0, 'recent': 1634.0, 'mean': 1576.0, 'max': 1728.0}"
1766,5618,PLS,Canada,QC,,2015,True,2026,"{'wins': 94, 'losses': 78, 'ties': 0, 'count': 172, 'winrate': 0.5465}","{'current': 1468.0, 'recent': 1492.0, 'mean': 1538.0, 'max': 1675.0}"
1767,5623,Robotic Rams,USA,MI,fim,2015,True,2026,"{'wins': 130, 'losses': 146, 'ties': 0, 'count': 276, 'winrate': 0.471}","{'current': 1452.0, 'recent': 1496.0, 'mean': 1496.0, 'max': 1620.0}"
1768,5624,TIGER TECH Robotics,USA,NJ,fma,2015,True,2026,"{'wins': 121, 'losses': 150, 'ties': 1, 'count': 272, 'winrate': 0.4467}","{'current': 1394.0, 'recent': 1404.0, 'mean': 1453.0, 'max': 1576.0}"
1769,5635,Demacia,Israel,,isr,2015,True,2026,"{'wins': 172, 'losses': 165, 'ties': 0, 'count': 337, 'winrate': 0.5104}","{'current': 1535.0, 'recent': 1549.0, 'mean': 1538.0, 'max': 1697.0}"
1770,5638,JukeBots,USA,MN,,2015,True,2026,"{'wins': 67, 'losses': 65, 'ties': 0, 'count': 132, 'winrate': 0.5076}","{'current': 1585.0, 'recent': 1554.0, 'mean': 1535.0, 'max': 1585.0}"
1771,5641,Byron Robotics,USA,MI,fim,2015,True,2026,"{'wins': 124, 'losses': 154, 'ties': 0, 'count': 278, 'winrate': 0.446}","{'current': 1482.0, 'recent': 1493.0, 'mean': 1493.0, 'max': 1648.0}"
1772,5642,Mumford Mechanical Mustangs,USA,MI,fim,2015,True,2026,"{'wins': 70, 'losses': 120, 'ties': 0, 'count': 190, 'winrate': 0.3684}","{'current': 1407.0, 'recent': 1421.0, 'mean': 1420.0, 'max': 1490.0}"
1773,5648,Melbourne RoboCats 5648,Australia,,,2015,True,2026,"{'wins': 45, 'losses': 74, 'ties': 0, 'count': 119, 'winrate': 0.3782}","{'current': 1432.0, 'recent': 1404.0, 'mean': 1418.0, 'max': 1463.0}"
1774,5651,Maynard Jackson RoboJags,USA,GA,pch,2015,True,2026,"{'wins': 95, 'losses': 157, 'ties': 0, 'count': 252, 'winrate': 0.377}","{'current': 1440.0, 'recent': 1397.0, 'mean': 1424.0, 'max': 1520.0}"
1775,5653,Iron Mosquitos,USA,MN,,2015,True,2026,"{'wins': 106, 'losses': 107, 'ties': 0, 'count': 213, 'winrate': 0.4977}","{'current': 1634.0, 'recent': 1584.0, 'mean': 1526.0, 'max': 1634.0}"
1776,5654,Phoenix,Israel,,isr,2015,True,2026,"{'wins': 211, 'losses': 190, 'ties': 0, 'count': 401, 'winrate': 0.5262}","{'current': 1516.0, 'recent': 1574.0, 'mean': 1552.0, 'max': 1693.0}"
1777,5655,KelRot,Türkiye,,,2015,True,2026,"{'wins': 52, 'losses': 54, 'ties': 0, 'count': 106, 'winrate': 0.4906}","{'current': 1484.0, 'recent': 1465.0, 'mean': 1447.0, 'max': 1492.0}"
1778,5658,STORMBOTICS,USA,MN,,2015,True,2026,"{'wins': 51, 'losses': 70, 'ties': 0, 'count': 121, 'winrate': 0.4215}","{'current': 1444.0, 'recent': 1471.0, 'mean': 1492.0, 'max': 1564.0}"
1779,5660,Symmetrical Chaos,USA,MI,fim,2015,True,2026,"{'wins': 162, 'losses': 160, 'ties': 1, 'count': 323, 'winrate': 0.5031}","{'current': 1630.0, 'recent': 1611.0, 'mean': 1542.0, 'max': 1667.0}"
1780,5665,FENERBAHÇE DOGUS SPARC,Türkiye,,,2015,True,2026,"{'wins': 114, 'losses': 118, 'ties': 0, 'count': 232, 'winrate': 0.4914}","{'current': 1556.0, 'recent': 1554.0, 'mean': 1501.0, 'max': 1601.0}"
1781,5667,The Digital Eagles,USA,OH,,2015,True,2026,"{'wins': 110, 'losses': 119, 'ties': 0, 'count': 229, 'winrate': 0.4803}","{'current': 1569.0, 'recent': 1536.0, 'mean': 1518.0, 'max': 1665.0}"
1782,5669,Techmen,USA,CA,ca,2015,True,2026,"{'wins': 50, 'losses': 95, 'ties': 0, 'count': 145, 'winrate': 0.3448}","{'current': 1519.0, 'recent': 1425.0, 'mean': 1432.0, 'max': 1519.0}"
1783,5672,First Nations-STEM,Canada,ON,ont,2015,True,2026,"{'wins': 103, 'losses': 166, 'ties': 0, 'count': 269, 'winrate': 0.3829}","{'current': 1403.0, 'recent': 1466.0, 'mean': 1462.0, 'max': 1542.0}"
1784,5674,The Gearhounds,USA,MI,fim,2015,True,2026,"{'wins': 150, 'losses': 150, 'ties': 1, 'count': 301, 'winrate': 0.5}","{'current': 1520.0, 'recent': 1523.0, 'mean': 1530.0, 'max': 1622.0}"
1785,5675,WiredCats,USA,MI,fim,2015,True,2026,"{'wins': 281, 'losses': 170, 'ties': 0, 'count': 451, 'winrate': 0.6231}","{'current': 1672.0, 'recent': 1662.0, 'mean': 1631.0, 'max': 1707.0}"
1786,5676,The H.E.R.O.E.S,USA,MI,fim,2015,True,2026,"{'wins': 186, 'losses': 139, 'ties': 0, 'count': 325, 'winrate': 0.5723}","{'current': 1564.0, 'recent': 1567.0, 'mean': 1575.0, 'max': 1730.0}"
1787,5682,Equus Engineering,USA,TX,fit,2015,True,2026,"{'wins': 84, 'losses': 110, 'ties': 0, 'count': 194, 'winrate': 0.433}","{'current': 1478.0, 'recent': 1443.0, 'mean': 1449.0, 'max': 1478.0}"
1788,5683,R.A.V.E.N.,USA,WA,pnw,2015,True,2026,"{'wins': 97, 'losses': 141, 'ties': 0, 'count': 238, 'winrate': 0.4076}","{'current': 1444.0, 'recent': 1463.0, 'mean': 1451.0, 'max': 1482.0}"
1789,5684,Titans of Tech,USA,NJ,fma,2015,True,2026,"{'wins': 157, 'losses': 159, 'ties': 0, 'count': 316, 'winrate': 0.4968}","{'current': 1448.0, 'recent': 1522.0, 'mean': 1531.0, 'max': 1624.0}"
1790,5687,The Outliers,USA,ME,ne,2015,True,2026,"{'wins': 458, 'losses': 164, 'ties': 1, 'count': 623, 'winrate': 0.736}","{'current': 1876.0, 'recent': 1772.0, 'mean': 1735.0, 'max': 1876.0}"
1791,5689,CK Cyber Pack,Canada,ON,ont,2015,True,2026,"{'wins': 60, 'losses': 91, 'ties': 2, 'count': 153, 'winrate': 0.3987}","{'current': 1449.0, 'recent': 1476.0, 'mean': 1475.0, 'max': 1552.0}"
1792,5690,SubZero Robotics,USA,MN,,2015,True,2026,"{'wins': 160, 'losses': 122, 'ties': 0, 'count': 282, 'winrate': 0.5674}","{'current': 1553.0, 'recent': 1566.0, 'mean': 1564.0, 'max': 1632.0}"
1793,5695,Heavy Duty Eagles,USA,MI,fim,2015,True,2026,"{'wins': 115, 'losses': 166, 'ties': 0, 'count': 281, 'winrate': 0.4093}","{'current': 1515.0, 'recent': 1482.0, 'mean': 1483.0, 'max': 1564.0}"
1794,5697,Bearcats,USA,MI,fim,2015,True,2026,"{'wins': 110, 'losses': 153, 'ties': 0, 'count': 263, 'winrate': 0.4183}","{'current': 1459.0, 'recent': 1439.0, 'mean': 1469.0, 'max': 1613.0}"
1795,5700,SOTA Cyberdragons,USA,CA,ca,2015,True,2026,"{'wins': 115, 'losses': 115, 'ties': 1, 'count': 231, 'winrate': 0.5}","{'current': 1511.0, 'recent': 1524.0, 'mean': 1515.0, 'max': 1561.0}"
1796,5702,Robotowatomi,USA,MI,fim,2015,True,2026,"{'wins': 85, 'losses': 130, 'ties': 0, 'count': 215, 'winrate': 0.3953}","{'current': 1426.0, 'recent': 1445.0, 'mean': 1459.0, 'max': 1521.0}"
1797,5704,Weird & Wired,USA,MI,fim,2015,True,2026,"{'wins': 58, 'losses': 131, 'ties': 0, 'count': 189, 'winrate': 0.3069}","{'current': 1399.0, 'recent': 1416.0, 'mean': 1419.0, 'max': 1453.0}"
1798,5705,DESERT EAGLES - JOHN DEERE,Mexico,,,2015,True,2026,"{'wins': 88, 'losses': 120, 'ties': 0, 'count': 208, 'winrate': 0.4231}","{'current': 1438.0, 'recent': 1461.0, 'mean': 1440.0, 'max': 1525.0}"
1799,5706,Tahquamenon Phenomenon,USA,MI,fim,2015,True,2026,"{'wins': 78, 'losses': 141, 'ties': 0, 'count': 219, 'winrate': 0.3562}","{'current': 1466.0, 'recent': 1429.0, 'mean': 1434.0, 'max': 1469.0}"
1800,5708,Zebrotics,USA,MI,fim,2015,True,2026,"{'wins': 97, 'losses': 149, 'ties': 0, 'count': 246, 'winrate': 0.3943}","{'current': 1576.0, 'recent': 1516.0, 'mean': 1481.0, 'max': 1576.0}"
1801,5712,Hemlock's Gray Matter,USA,MI,fim,2015,True,2026,"{'wins': 336, 'losses': 185, 'ties': 2, 'count': 523, 'winrate': 0.6444}","{'current': 1702.0, 'recent': 1724.0, 'mean': 1647.0, 'max': 1784.0}"
1802,5715,DRC,Israel,,isr,2015,True,2026,"{'wins': 160, 'losses': 146, 'ties': 2, 'count': 308, 'winrate': 0.5227}","{'current': 1526.0, 'recent': 1570.0, 'mean': 1521.0, 'max': 1588.0}"
1803,5716,PrepaTec - Keybot,Mexico,,,2015,True,2026,"{'wins': 91, 'losses': 88, 'ties': 0, 'count': 179, 'winrate': 0.5084}","{'current': 1587.0, 'recent': 1477.0, 'mean': 1460.0, 'max': 1587.0}"
1804,5719,Pink Titans,Canada,ON,ont,2015,True,2026,"{'wins': 122, 'losses': 141, 'ties': 0, 'count': 263, 'winrate': 0.4639}","{'current': 1466.0, 'recent': 1516.0, 'mean': 1515.0, 'max': 1593.0}"
1805,5720,Jagobotics,USA,MN,,2015,True,2026,"{'wins': 33, 'losses': 59, 'ties': 0, 'count': 92, 'winrate': 0.3587}","{'current': 1336.0, 'recent': 1428.0, 'mean': 1438.0, 'max': 1504.0}"
1806,5722,Plutonium Panthers 5722,USA,FL,,2015,True,2026,"{'wins': 22, 'losses': 46, 'ties': 0, 'count': 68, 'winrate': 0.3235}","{'current': 1419.0, 'recent': 1403.0, 'mean': 1404.0, 'max': 1468.0}"
1807,5724,Spartan Robotics,USA,VA,fch,2015,True,2026,"{'wins': 186, 'losses': 182, 'ties': 0, 'count': 368, 'winrate': 0.5054}","{'current': 1506.0, 'recent': 1539.0, 'mean': 1521.0, 'max': 1603.0}"
1808,5726,RHUMBOTZ,USA,TX,fit,2015,True,2026,"{'wins': 114, 'losses': 139, 'ties': 0, 'count': 253, 'winrate': 0.4506}","{'current': 1422.0, 'recent': 1461.0, 'mean': 1454.0, 'max': 1511.0}"
1809,5727,Omegabytes,USA,NC,fnc,2015,True,2026,"{'wins': 194, 'losses': 177, 'ties': 1, 'count': 372, 'winrate': 0.5228}","{'current': 1461.0, 'recent': 1578.0, 'mean': 1517.0, 'max': 1722.0}"
1810,5728,MC2,USA,CA,ca,2015,True,2026,"{'wins': 38, 'losses': 66, 'ties': 0, 'count': 104, 'winrate': 0.3654}","{'current': 1458.0, 'recent': 1434.0, 'mean': 1439.0, 'max': 1489.0}"
1811,5732,ROBOTIGERS,USA,NJ,fma,2015,True,2026,"{'wins': 86, 'losses': 155, 'ties': 1, 'count': 242, 'winrate': 0.3574}","{'current': 1424.0, 'recent': 1470.0, 'mean': 1428.0, 'max': 1571.0}"
1812,5735,Control Freaks,USA,MA,ne,2015,True,2026,"{'wins': 177, 'losses': 192, 'ties': 0, 'count': 369, 'winrate': 0.4797}","{'current': 1470.0, 'recent': 1547.0, 'mean': 1541.0, 'max': 1639.0}"
1813,5736,Kingsmen Robotics,USA,NY,,2015,True,2026,"{'wins': 150, 'losses': 80, 'ties': 0, 'count': 230, 'winrate': 0.6522}","{'current': 1808.0, 'recent': 1655.0, 'mean': 1600.0, 'max': 1808.0}"
1814,5740,Trojanators,USA,PA,,2015,True,2026,"{'wins': 112, 'losses': 116, 'ties': 0, 'count': 228, 'winrate': 0.4912}","{'current': 1537.0, 'recent': 1565.0, 'mean': 1534.0, 'max': 1609.0}"
1815,5744,RoboRunners,USA,TN,,2015,True,2026,"{'wins': 34, 'losses': 59, 'ties': 0, 'count': 93, 'winrate': 0.3656}","{'current': 1436.0, 'recent': 1436.0, 'mean': 1428.0, 'max': 1458.0}"
1816,5746,Human Error,USA,CT,ne,2015,True,2026,"{'wins': 91, 'losses': 131, 'ties': 0, 'count': 222, 'winrate': 0.4099}","{'current': 1459.0, 'recent': 1486.0, 'mean': 1481.0, 'max': 1512.0}"
1817,5756,REC'in Crew,USA,MI,fim,2015,True,2026,"{'wins': 119, 'losses': 160, 'ties': 1, 'count': 280, 'winrate': 0.4268}","{'current': 1478.0, 'recent': 1452.0, 'mean': 1458.0, 'max': 1497.0}"
1818,5760,The Marinators,USA,CA,ca,2015,True,2026,"{'wins': 15, 'losses': 25, 'ties': 0, 'count': 40, 'winrate': 0.375}","{'current': 1436.0, 'recent': 1430.0, 'mean': 1436.0, 'max': 1448.0}"
1819,5773,YAFL Mechatronics,Türkiye,,,2015,True,2026,"{'wins': 35, 'losses': 60, 'ties': 0, 'count': 95, 'winrate': 0.3684}","{'current': 1483.0, 'recent': 1427.0, 'mean': 1434.0, 'max': 1488.0}"
1820,5788,Eagle Spec Ops,USA,TX,fit,2015,True,2026,"{'wins': 48, 'losses': 51, 'ties': 0, 'count': 99, 'winrate': 0.4848}","{'current': 1449.0, 'recent': 1486.0, 'mean': 1486.0, 'max': 1520.0}"
1821,5789,The Other Owls,USA,PA,fma,2015,True,2026,"{'wins': 25, 'losses': 20, 'ties': 0, 'count': 45, 'winrate': 0.5556}","{'current': 1521.0, 'recent': 1521.0, 'mean': 1521.0, 'max': 1521.0}"
1822,5790,Proto-Titans,USA,TX,fit,2015,True,2026,"{'wins': 16, 'losses': 12, 'ties': 0, 'count': 28, 'winrate': 0.5714}","{'current': 1445.0, 'recent': 1445.0, 'mean': 1445.0, 'max': 1445.0}"
1823,5800,Magic Island Robotics,Brazil,,,2016,True,2026,"{'wins': 52, 'losses': 70, 'ties': 0, 'count': 122, 'winrate': 0.4262}","{'current': 1481.0, 'recent': 1491.0, 'mean': 1479.0, 'max': 1505.0}"
1824,5801,CTC Inspire,USA,MO,,2016,True,2026,"{'wins': 234, 'losses': 138, 'ties': 0, 'count': 372, 'winrate': 0.629}","{'current': 1570.0, 'recent': 1631.0, 'mean': 1624.0, 'max': 1697.0}"
1825,5804,TORCH,USA,VA,fch,2016,True,2026,"{'wins': 288, 'losses': 193, 'ties': 1, 'count': 482, 'winrate': 0.5985}","{'current': 1540.0, 'recent': 1658.0, 'mean': 1612.0, 'max': 1739.0}"
1826,5805,SMbly Required,USA,CA,ca,2016,True,2026,"{'wins': 112, 'losses': 135, 'ties': 0, 'count': 247, 'winrate': 0.4534}","{'current': 1518.0, 'recent': 1442.0, 'mean': 1495.0, 'max': 1605.0}"
1827,5806,Basement Lions,USA,NY,,2016,True,2026,"{'wins': 64, 'losses': 76, 'ties': 0, 'count': 140, 'winrate': 0.4571}","{'current': 1461.0, 'recent': 1447.0, 'mean': 1460.0, 'max': 1496.0}"
1828,5809,The Jesubots 5809,USA,MO,,2016,True,2026,"{'wins': 129, 'losses': 146, 'ties': 0, 'count': 275, 'winrate': 0.4691}","{'current': 1675.0, 'recent': 1605.0, 'mean': 1542.0, 'max': 1694.0}"
1829,5811,BONDS,USA,OH,,2016,True,2026,"{'wins': 121, 'losses': 98, 'ties': 0, 'count': 219, 'winrate': 0.5525}","{'current': 1598.0, 'recent': 1558.0, 'mean': 1553.0, 'max': 1612.0}"
1830,5813,Morpheus,USA,NH,ne,2016,True,2026,"{'wins': 313, 'losses': 166, 'ties': 1, 'count': 480, 'winrate': 0.6531}","{'current': 1728.0, 'recent': 1707.0, 'mean': 1678.0, 'max': 1764.0}"
1831,5816,Gra-V Robotics,USA,FL,,2016,True,2026,"{'wins': 81, 'losses': 109, 'ties': 0, 'count': 190, 'winrate': 0.4263}","{'current': 1475.0, 'recent': 1460.0, 'mean': 1471.0, 'max': 1541.0}"
1832,5817,Uni-Rex,USA,CA,ca,2016,True,2026,"{'wins': 157, 'losses': 161, 'ties': 0, 'count': 318, 'winrate': 0.4937}","{'current': 1650.0, 'recent': 1608.0, 'mean': 1578.0, 'max': 1650.0}"
1833,5822,WolfByte,USA,IL,,2016,True,2026,"{'wins': 131, 'losses': 149, 'ties': 0, 'count': 280, 'winrate': 0.4679}","{'current': 1494.0, 'recent': 1528.0, 'mean': 1536.0, 'max': 1613.0}"
1834,5823,ACE,China,,,2016,True,2026,"{'wins': 60, 'losses': 49, 'ties': 1, 'count': 110, 'winrate': 0.55}","{'current': 1605.0, 'recent': 1542.0, 'mean': 1532.0, 'max': 1605.0}"
1835,5826,Avis Automata,USA,WI,win,2016,True,2026,"{'wins': 83, 'losses': 76, 'ties': 0, 'count': 159, 'winrate': 0.522}","{'current': 1587.0, 'recent': 1542.0, 'mean': 1538.0, 'max': 1598.0}"
1836,5828,Flying Riots,USA,GA,pch,2016,True,2026,"{'wins': 105, 'losses': 173, 'ties': 1, 'count': 279, 'winrate': 0.3781}","{'current': 1436.0, 'recent': 1425.0, 'mean': 1406.0, 'max': 1470.0}"
1837,5829,Awtybots,USA,TX,fit,2016,True,2026,"{'wins': 190, 'losses': 202, 'ties': 0, 'count': 392, 'winrate': 0.4847}","{'current': 1606.0, 'recent': 1558.0, 'mean': 1523.0, 'max': 1606.0}"
1838,5830,LIFE Engineering,USA,MD,fch,2016,True,2026,"{'wins': 100, 'losses': 153, 'ties': 0, 'count': 253, 'winrate': 0.3953}","{'current': 1480.0, 'recent': 1454.0, 'mean': 1454.0, 'max': 1485.0}"
1839,5835,Sage Hill Robotics,USA,CA,ca,2016,True,2026,"{'wins': 51, 'losses': 74, 'ties': 1, 'count': 126, 'winrate': 0.4087}","{'current': 1414.0, 'recent': 1450.0, 'mean': 1436.0, 'max': 1517.0}"
1840,5837,Unity4Tech,USA,IA,,2016,True,2026,"{'wins': 60, 'losses': 66, 'ties': 0, 'count': 126, 'winrate': 0.4762}","{'current': 1501.0, 'recent': 1521.0, 'mean': 1494.0, 'max': 1538.0}"
1841,5841,The Patriots,USA,MD,fch,2016,True,2026,"{'wins': 85, 'losses': 165, 'ties': 0, 'count': 250, 'winrate': 0.34}","{'current': 1391.0, 'recent': 1399.0, 'mean': 1425.0, 'max': 1545.0}"
1842,5842,Royal Robotics,USA,FL,,2016,True,2026,"{'wins': 147, 'losses': 139, 'ties': 0, 'count': 286, 'winrate': 0.514}","{'current': 1535.0, 'recent': 1533.0, 'mean': 1531.0, 'max': 1666.0}"
1843,5843,Flurb,USA,MI,fim,2016,True,2026,"{'wins': 190, 'losses': 158, 'ties': 0, 'count': 348, 'winrate': 0.546}","{'current': 1636.0, 'recent': 1587.0, 'mean': 1575.0, 'max': 1636.0}"
1844,5847,Ironclad,USA,IL,,2016,True,2026,"{'wins': 188, 'losses': 127, 'ties': 0, 'count': 315, 'winrate': 0.5968}","{'current': 1741.0, 'recent': 1650.0, 'mean': 1611.0, 'max': 1741.0}"
1845,5849,Joker,China,,,2016,True,2026,"{'wins': 26, 'losses': 52, 'ties': 0, 'count': 78, 'winrate': 0.3333}","{'current': 1503.0, 'recent': 1481.0, 'mean': 1446.0, 'max': 1503.0}"
1846,5851,Striking Vikings,USA,CA,ca,2016,True,2026,"{'wins': 139, 'losses': 117, 'ties': 0, 'count': 256, 'winrate': 0.543}","{'current': 1504.0, 'recent': 1565.0, 'mean': 1549.0, 'max': 1613.0}"
1847,5856,Bullbots,USA,CT,ne,2016,True,2026,"{'wins': 99, 'losses': 131, 'ties': 0, 'count': 230, 'winrate': 0.4304}","{'current': 1365.0, 'recent': 1413.0, 'mean': 1464.0, 'max': 1550.0}"
1848,5857,Walnut Valley Robotics,USA,CA,ca,2016,True,2026,"{'wins': 65, 'losses': 123, 'ties': 0, 'count': 188, 'winrate': 0.3457}","{'current': 1468.0, 'recent': 1436.0, 'mean': 1446.0, 'max': 1525.0}"
1849,5860,Full Metal Muskrats,USA,MI,fim,2016,True,2026,"{'wins': 141, 'losses': 178, 'ties': 0, 'count': 319, 'winrate': 0.442}","{'current': 1538.0, 'recent': 1503.0, 'mean': 1513.0, 'max': 1556.0}"
1850,5863,Hypercubed,USA,LA,,2016,True,2026,"{'wins': 46, 'losses': 75, 'ties': 0, 'count': 121, 'winrate': 0.3802}","{'current': 1395.0, 'recent': 1467.0, 'mean': 1449.0, 'max': 1522.0}"
1851,5866,Fe [Iron] Tigers,USA,TX,fit,2016,True,2026,"{'wins': 118, 'losses': 152, 'ties': 0, 'count': 270, 'winrate': 0.437}","{'current': 1453.0, 'recent': 1462.0, 'mean': 1472.0, 'max': 1510.0}"
1852,5869,QHHS Aqueducks,USA,CA,ca,2016,True,2026,"{'wins': 69, 'losses': 117, 'ties': 0, 'count': 186, 'winrate': 0.371}","{'current': 1483.0, 'recent': 1456.0, 'mean': 1446.0, 'max': 1484.0}"
1853,5870,League of Logic,Canada,ON,ont,2016,True,2026,"{'wins': 103, 'losses': 156, 'ties': 1, 'count': 260, 'winrate': 0.3981}","{'current': 1481.0, 'recent': 1494.0, 'mean': 1471.0, 'max': 1532.0}"
1854,5871,Chickadees,USA,ID,,2016,True,2026,"{'wins': 51, 'losses': 104, 'ties': 0, 'count': 155, 'winrate': 0.329}","{'current': 1420.0, 'recent': 1411.0, 'mean': 1432.0, 'max': 1507.0}"
1855,5872,Wiredcats,USA,FL,,2016,True,2026,"{'wins': 68, 'losses': 89, 'ties': 0, 'count': 157, 'winrate': 0.4331}","{'current': 1392.0, 'recent': 1414.0, 'mean': 1444.0, 'max': 1518.0}"
1856,5874,Prepa Tecmilenio BorderBots,Mexico,,,2016,True,2026,"{'wins': 40, 'losses': 59, 'ties': 0, 'count': 99, 'winrate': 0.404}","{'current': 1404.0, 'recent': 1415.0, 'mean': 1426.0, 'max': 1497.0}"
1857,5876,ARTEMIS,Australia,,,2016,True,2026,"{'wins': 58, 'losses': 65, 'ties': 0, 'count': 123, 'winrate': 0.4715}","{'current': 1402.0, 'recent': 1438.0, 'mean': 1443.0, 'max': 1496.0}"
1858,5878,The Great Lakers,USA,MI,fim,2016,True,2026,"{'wins': 114, 'losses': 153, 'ties': 0, 'count': 267, 'winrate': 0.427}","{'current': 1426.0, 'recent': 1455.0, 'mean': 1480.0, 'max': 1643.0}"
1859,5881,TVHS Dragons,USA,NY,,2016,True,2026,"{'wins': 48, 'losses': 69, 'ties': 0, 'count': 117, 'winrate': 0.4103}","{'current': 1441.0, 'recent': 1457.0, 'mean': 1466.0, 'max': 1531.0}"
1860,5883,Spice Gears,Poland,,,2016,True,2026,"{'wins': 136, 'losses': 78, 'ties': 0, 'count': 214, 'winrate': 0.6355}","{'current': 1507.0, 'recent': 1506.0, 'mean': 1534.0, 'max': 1725.0}"
1861,5885,Villanova WiredCats,Canada,ON,ont,2016,True,2026,"{'wins': 168, 'losses': 175, 'ties': 0, 'count': 343, 'winrate': 0.4898}","{'current': 1646.0, 'recent': 1593.0, 'mean': 1592.0, 'max': 1686.0}"
1862,5887,PrepaTec IMPERATOR,Mexico,,,2016,True,2026,"{'wins': 111, 'losses': 122, 'ties': 0, 'count': 233, 'winrate': 0.4764}","{'current': 1501.0, 'recent': 1464.0, 'mean': 1450.0, 'max': 1501.0}"
1863,5889,Commandobots,USA,OK,,2016,True,2026,"{'wins': 112, 'losses': 100, 'ties': 0, 'count': 212, 'winrate': 0.5283}","{'current': 1514.0, 'recent': 1537.0, 'mean': 1520.0, 'max': 1584.0}"
1864,5892,Energy HEROs,USA,TX,fit,2016,True,2026,"{'wins': 223, 'losses': 190, 'ties': 0, 'count': 413, 'winrate': 0.54}","{'current': 1542.0, 'recent': 1569.0, 'mean': 1576.0, 'max': 1672.0}"
1865,5894,CyberJags,USA,TX,fit,2016,True,2026,"{'wins': 89, 'losses': 116, 'ties': 1, 'count': 206, 'winrate': 0.4345}","{'current': 1392.0, 'recent': 1440.0, 'mean': 1436.0, 'max': 1480.0}"
1866,5895,Peddie Robotics,USA,NJ,fma,2016,True,2026,"{'wins': 384, 'losses': 136, 'ties': 1, 'count': 521, 'winrate': 0.738}","{'current': 1654.0, 'recent': 1750.0, 'mean': 1715.0, 'max': 1811.0}"
1867,5900,The Fighting Mongooses,USA,GA,pch,2016,True,2026,"{'wins': 161, 'losses': 227, 'ties': 0, 'count': 388, 'winrate': 0.4149}","{'current': 1464.0, 'recent': 1491.0, 'mean': 1486.0, 'max': 1529.0}"
1868,5901,BattleCats,USA,MI,fim,2016,True,2026,"{'wins': 159, 'losses': 164, 'ties': 0, 'count': 323, 'winrate': 0.4923}","{'current': 1452.0, 'recent': 1518.0, 'mean': 1502.0, 'max': 1626.0}"
1869,5902,The Wire Clippers,USA,NH,ne,2016,True,2026,"{'wins': 95, 'losses': 148, 'ties': 1, 'count': 244, 'winrate': 0.3914}","{'current': 1472.0, 'recent': 1468.0, 'mean': 1458.0, 'max': 1523.0}"
1870,5903,ThorBots,USA,WI,win,2016,True,2026,"{'wins': 109, 'losses': 94, 'ties': 0, 'count': 203, 'winrate': 0.5369}","{'current': 1506.0, 'recent': 1557.0, 'mean': 1547.0, 'max': 1585.0}"
1871,5907,CC Shambots,USA,MI,fim,2016,True,2026,"{'wins': 275, 'losses': 179, 'ties': 0, 'count': 454, 'winrate': 0.6057}","{'current': 1650.0, 'recent': 1640.0, 'mean': 1619.0, 'max': 1677.0}"
1872,5908,Spartans,USA,TX,fit,2016,True,2026,"{'wins': 106, 'losses': 156, 'ties': 0, 'count': 262, 'winrate': 0.4046}","{'current': 1452.0, 'recent': 1433.0, 'mean': 1446.0, 'max': 1528.0}"
1873,5912,Copper Hawks,Canada,ON,ont,2016,True,2026,"{'wins': 102, 'losses': 102, 'ties': 0, 'count': 204, 'winrate': 0.5}","{'current': 1440.0, 'recent': 1536.0, 'mean': 1526.0, 'max': 1598.0}"
1874,5913,Patriotics,USA,MN,,2016,True,2026,"{'wins': 166, 'losses': 91, 'ties': 0, 'count': 257, 'winrate': 0.6459}","{'current': 1636.0, 'recent': 1645.0, 'mean': 1609.0, 'max': 1717.0}"
1875,5914,Robotic Warriors,USA,MN,,2016,True,2026,"{'wins': 111, 'losses': 119, 'ties': 0, 'count': 230, 'winrate': 0.4826}","{'current': 1438.0, 'recent': 1493.0, 'mean': 1519.0, 'max': 1591.0}"
1876,5918,Pumatrons,USA,MO,,2016,True,2026,"{'wins': 48, 'losses': 78, 'ties': 0, 'count': 126, 'winrate': 0.381}","{'current': 1446.0, 'recent': 1444.0, 'mean': 1441.0, 'max': 1509.0}"
1877,5919,JoCo RoBos,USA,NC,fnc,2016,True,2026,"{'wins': 75, 'losses': 153, 'ties': 0, 'count': 228, 'winrate': 0.3289}","{'current': 1447.0, 'recent': 1403.0, 'mean': 1420.0, 'max': 1477.0}"
1878,5920,VIKotics,USA,WA,pnw,2016,True,2026,"{'wins': 185, 'losses': 186, 'ties': 0, 'count': 371, 'winrate': 0.4987}","{'current': 1513.0, 'recent': 1525.0, 'mean': 1543.0, 'max': 1598.0}"
1879,5923,WildC.A.T.S.,USA,TX,fit,2016,True,2026,"{'wins': 91, 'losses': 139, 'ties': 0, 'count': 230, 'winrate': 0.3957}","{'current': 1353.0, 'recent': 1432.0, 'mean': 1437.0, 'max': 1546.0}"
1880,5924,Golden Gate Robotics,USA,CA,ca,2016,True,2026,"{'wins': 100, 'losses': 147, 'ties': 0, 'count': 247, 'winrate': 0.4049}","{'current': 1473.0, 'recent': 1508.0, 'mean': 1513.0, 'max': 1607.0}"
1881,5926,Da Moose,USA,MI,fim,2016,True,2026,"{'wins': 161, 'losses': 187, 'ties': 0, 'count': 348, 'winrate': 0.4626}","{'current': 1546.0, 'recent': 1531.0, 'mean': 1520.0, 'max': 1617.0}"
1882,5927,Globetrotters,USA,MI,fim,2016,True,2026,"{'wins': 174, 'losses': 151, 'ties': 1, 'count': 326, 'winrate': 0.5353}","{'current': 1525.0, 'recent': 1538.0, 'mean': 1555.0, 'max': 1656.0}"
1883,5928,MetalBoost,Israel,,isr,2016,True,2026,"{'wins': 103, 'losses': 146, 'ties': 0, 'count': 249, 'winrate': 0.4137}","{'current': 1483.0, 'recent': 1468.0, 'mean': 1474.0, 'max': 1556.0}"
1884,5929,Raider Robotics,USA,MN,,2016,True,2026,"{'wins': 37, 'losses': 67, 'ties': 1, 'count': 105, 'winrate': 0.3571}","{'current': 1418.0, 'recent': 1386.0, 'mean': 1416.0, 'max': 1521.0}"
1885,5932,Prepa Tecmilenio - Quetzales,Mexico,,,2016,True,2026,"{'wins': 36, 'losses': 49, 'ties': 1, 'count': 86, 'winrate': 0.4244}","{'current': 1464.0, 'recent': 1402.0, 'mean': 1405.0, 'max': 1464.0}"
1886,5933,JudgeMent Call Robotics,USA,UT,,2016,True,2026,"{'wins': 121, 'losses': 132, 'ties': 0, 'count': 253, 'winrate': 0.4783}","{'current': 1436.0, 'recent': 1488.0, 'mean': 1521.0, 'max': 1634.0}"
1887,5934,Crowbotics,USA,IL,,2016,True,2026,"{'wins': 100, 'losses': 81, 'ties': 0, 'count': 181, 'winrate': 0.5525}","{'current': 1637.0, 'recent': 1603.0, 'mean': 1554.0, 'max': 1684.0}"
1888,5935,Tech Tigers,USA,IA,,2016,True,2026,"{'wins': 33, 'losses': 47, 'ties': 0, 'count': 80, 'winrate': 0.4125}","{'current': 1464.0, 'recent': 1487.0, 'mean': 1465.0, 'max': 1518.0}"
1889,5937,MI Robotics,USA,WA,pnw,2016,True,2026,"{'wins': 134, 'losses': 167, 'ties': 1, 'count': 302, 'winrate': 0.4454}","{'current': 1630.0, 'recent': 1565.0, 'mean': 1541.0, 'max': 1636.0}"
1890,5940,BREAD,USA,CA,ca,2016,True,2026,"{'wins': 248, 'losses': 92, 'ties': 0, 'count': 340, 'winrate': 0.7294}","{'current': 1782.0, 'recent': 1839.0, 'mean': 1690.0, 'max': 1876.0}"
1891,5941,Cast Iron Orcas,USA,WA,pnw,2016,True,2026,"{'wins': 84, 'losses': 129, 'ties': 0, 'count': 213, 'winrate': 0.3944}","{'current': 1371.0, 'recent': 1446.0, 'mean': 1464.0, 'max': 1564.0}"
1892,5948,PrepaTec - Lebotics,Mexico,,,2016,True,2026,"{'wins': 88, 'losses': 71, 'ties': 1, 'count': 160, 'winrate': 0.5531}","{'current': 1671.0, 'recent': 1527.0, 'mean': 1489.0, 'max': 1671.0}"
1893,5951,Makers Assemble,Israel,,isr,2016,True,2026,"{'wins': 196, 'losses': 162, 'ties': 0, 'count': 358, 'winrate': 0.5475}","{'current': 1600.0, 'recent': 1618.0, 'mean': 1589.0, 'max': 1756.0}"
1894,5959,PrepaTec - Titanium Rams,Mexico,,,2016,True,2026,"{'wins': 60, 'losses': 76, 'ties': 0, 'count': 136, 'winrate': 0.4412}","{'current': 1441.0, 'recent': 1474.0, 'mean': 1443.0, 'max': 1522.0}"
1895,5962,perSEVERE,USA,MA,ne,2016,True,2026,"{'wins': 131, 'losses': 190, 'ties': 0, 'count': 321, 'winrate': 0.4081}","{'current': 1531.0, 'recent': 1470.0, 'mean': 1487.0, 'max': 1561.0}"
1896,5965,Power Struck Girls,USA,LA,,2016,True,2026,"{'wins': 41, 'losses': 85, 'ties': 0, 'count': 126, 'winrate': 0.3254}","{'current': 1435.0, 'recent': 1403.0, 'mean': 1413.0, 'max': 1494.0}"
1897,5968,Little Apple Cyborgs,USA,KS,,2016,True,2026,"{'wins': 62, 'losses': 86, 'ties': 0, 'count': 148, 'winrate': 0.4189}","{'current': 1517.0, 'recent': 1511.0, 'mean': 1479.0, 'max': 1550.0}"
1898,5970,Beavertronics,USA,OR,pnw,2016,True,2026,"{'wins': 131, 'losses': 155, 'ties': 0, 'count': 286, 'winrate': 0.458}","{'current': 1432.0, 'recent': 1455.0, 'mean': 1493.0, 'max': 1654.0}"
1899,5975,Beta Blues,USA,OR,pnw,2016,True,2026,"{'wins': 94, 'losses': 157, 'ties': 1, 'count': 252, 'winrate': 0.375}","{'current': 1457.0, 'recent': 1392.0, 'mean': 1429.0, 'max': 1519.0}"
1900,5980,East Grand Rapids Robotics,USA,MI,fim,2016,True,2026,"{'wins': 166, 'losses': 194, 'ties': 0, 'count': 360, 'winrate': 0.4611}","{'current': 1431.0, 'recent': 1491.0, 'mean': 1531.0, 'max': 1655.0}"
1901,5982,Merrill's Circuits of Destruction,USA,MI,fim,2016,True,2026,"{'wins': 103, 'losses': 133, 'ties': 0, 'count': 236, 'winrate': 0.4364}","{'current': 1499.0, 'recent': 1490.0, 'mean': 1492.0, 'max': 1538.0}"
1902,5985,Project Bucephalus,Australia,,,2016,True,2026,"{'wins': 158, 'losses': 127, 'ties': 1, 'count': 286, 'winrate': 0.5542}","{'current': 1461.0, 'recent': 1517.0, 'mean': 1569.0, 'max': 1709.0}"
1903,5986,┌ Iron Fangs ┐,USA,TX,fit,2016,True,2026,"{'wins': 118, 'losses': 135, 'ties': 3, 'count': 256, 'winrate': 0.4668}","{'current': 1397.0, 'recent': 1372.0, 'mean': 1440.0, 'max': 1582.0}"
1904,5987,Galaxia in memory of David Zohar,Israel,,isr,2016,True,2026,"{'wins': 235, 'losses': 180, 'ties': 0, 'count': 415, 'winrate': 0.5663}","{'current': 1551.0, 'recent': 1618.0, 'mean': 1593.0, 'max': 1718.0}"
1905,5988,Narooma High RoboRebels,Australia,,,2016,True,2026,"{'wins': 43, 'losses': 75, 'ties': 0, 'count': 118, 'winrate': 0.3644}","{'current': 1286.0, 'recent': 1372.0, 'mean': 1403.0, 'max': 1477.0}"
1906,5990,TRIGON,Israel,,isr,2016,True,2026,"{'wins': 213, 'losses': 157, 'ties': 2, 'count': 372, 'winrate': 0.5753}","{'current': 1608.0, 'recent': 1622.0, 'mean': 1582.0, 'max': 1805.0}"
1907,5992,Pirates,USA,NJ,fma,2016,True,2026,"{'wins': 150, 'losses': 166, 'ties': 0, 'count': 316, 'winrate': 0.4747}","{'current': 1460.0, 'recent': 1509.0, 'mean': 1496.0, 'max': 1569.0}"
1908,5993,Istech Robotics Society,Türkiye,,,2016,True,2026,"{'wins': 53, 'losses': 69, 'ties': 0, 'count': 122, 'winrate': 0.4344}","{'current': 1541.0, 'recent': 1477.0, 'mean': 1481.0, 'max': 1541.0}"
1909,5996,R.U.R.,Czech Republic,,,2016,True,2026,"{'wins': 42, 'losses': 64, 'ties': 0, 'count': 106, 'winrate': 0.3962}","{'current': 1464.0, 'recent': 1469.0, 'mean': 1464.0, 'max': 1540.0}"
1910,6000,Firehawk Robotics,USA,CA,ca,2016,True,2026,"{'wins': 49, 'losses': 69, 'ties': 0, 'count': 118, 'winrate': 0.4153}","{'current': 1392.0, 'recent': 1447.0, 'mean': 1444.0, 'max': 1537.0}"
1911,6002,ZooBOTix,USA,MI,fim,2016,True,2026,"{'wins': 275, 'losses': 184, 'ties': 1, 'count': 460, 'winrate': 0.5989}","{'current': 1783.0, 'recent': 1661.0, 'mean': 1612.0, 'max': 1783.0}"
1912,6004,f(x) Robotics,USA,NC,fnc,2016,True,2026,"{'wins': 160, 'losses': 190, 'ties': 1, 'count': 351, 'winrate': 0.4573}","{'current': 1481.0, 'recent': 1488.0, 'mean': 1490.0, 'max': 1526.0}"
1913,6005,Cardinaltronics,USA,MI,fim,2016,True,2026,"{'wins': 101, 'losses': 139, 'ties': 0, 'count': 240, 'winrate': 0.4208}","{'current': 1448.0, 'recent': 1454.0, 'mean': 1452.0, 'max': 1502.0}"
1914,6014,ARC,Türkiye,,,2016,True,2026,"{'wins': 90, 'losses': 100, 'ties': 0, 'count': 190, 'winrate': 0.4737}","{'current': 1508.0, 'recent': 1469.0, 'mean': 1464.0, 'max': 1526.0}"
1915,6016,Tiger Robotics,USA,NJ,fma,2016,True,2026,"{'wins': 93, 'losses': 162, 'ties': 0, 'count': 255, 'winrate': 0.3647}","{'current': 1420.0, 'recent': 1449.0, 'mean': 1453.0, 'max': 1518.0}"
1916,6017,PrepaTec - Cyberius,Mexico,,,2016,True,2026,"{'wins': 160, 'losses': 121, 'ties': 1, 'count': 282, 'winrate': 0.5691}","{'current': 1680.0, 'recent': 1538.0, 'mean': 1483.0, 'max': 1680.0}"
1917,6023,DISCBOTS,USA,GA,pch,2016,True,2026,"{'wins': 144, 'losses': 161, 'ties': 1, 'count': 306, 'winrate': 0.4722}","{'current': 1476.0, 'recent': 1494.0, 'mean': 1492.0, 'max': 1574.0}"
1918,6024,R Factor,India,,,2016,True,2026,"{'wins': 107, 'losses': 130, 'ties': 0, 'count': 237, 'winrate': 0.4515}","{'current': 1487.0, 'recent': 1495.0, 'mean': 1520.0, 'max': 1578.0}"
1919,6025,Adroit Androids,Türkiye,,,2016,True,2026,"{'wins': 106, 'losses': 81, 'ties': 0, 'count': 187, 'winrate': 0.5668}","{'current': 1434.0, 'recent': 1408.0, 'mean': 1495.0, 'max': 1614.0}"
1920,6026,Tiger Strike,USA,OK,,2016,True,2026,"{'wins': 112, 'losses': 96, 'ties': 0, 'count': 208, 'winrate': 0.5385}","{'current': 1505.0, 'recent': 1537.0, 'mean': 1542.0, 'max': 1635.0}"
1921,6029,Railbots,USA,MI,fim,2016,True,2026,"{'wins': 92, 'losses': 160, 'ties': 0, 'count': 252, 'winrate': 0.3651}","{'current': 1489.0, 'recent': 1466.0, 'mean': 1451.0, 'max': 1507.0}"
1922,6032,Pirate Robotics,USA,OH,,2016,True,2026,"{'wins': 85, 'losses': 102, 'ties': 0, 'count': 187, 'winrate': 0.4545}","{'current': 1400.0, 'recent': 1472.0, 'mean': 1494.0, 'max': 1594.0}"
1923,6033,Gadget Agents,USA,MI,fim,2016,True,2026,"{'wins': 131, 'losses': 155, 'ties': 0, 'count': 286, 'winrate': 0.458}","{'current': 1517.0, 'recent': 1501.0, 'mean': 1501.0, 'max': 1577.0}"
1924,6036,Peninsula Robotics,USA,CA,ca,2016,True,2026,"{'wins': 218, 'losses': 123, 'ties': 0, 'count': 341, 'winrate': 0.6393}","{'current': 1741.0, 'recent': 1739.0, 'mean': 1638.0, 'max': 1853.0}"
1925,6038,ITOBOT,Türkiye,,,2016,True,2026,"{'wins': 50, 'losses': 58, 'ties': 0, 'count': 108, 'winrate': 0.463}","{'current': 1440.0, 'recent': 1453.0, 'mean': 1480.0, 'max': 1522.0}"
1926,6044,Circuit Breakers,USA,MN,,2016,True,2026,"{'wins': 32, 'losses': 60, 'ties': 0, 'count': 92, 'winrate': 0.3478}","{'current': 1393.0, 'recent': 1405.0, 'mean': 1422.0, 'max': 1490.0}"
1927,6045,Sabre Robotics,USA,MN,,2016,True,2026,"{'wins': 91, 'losses': 75, 'ties': 0, 'count': 166, 'winrate': 0.5482}","{'current': 1619.0, 'recent': 1590.0, 'mean': 1510.0, 'max': 1657.0}"
1928,6047,Proctor Frostbyte,USA,MN,,2016,True,2026,"{'wins': 40, 'losses': 63, 'ties': 0, 'count': 103, 'winrate': 0.3883}","{'current': 1390.0, 'recent': 1375.0, 'mean': 1401.0, 'max': 1494.0}"
1929,6057,Thunderbots,USA,MI,fim,2016,True,2026,"{'wins': 96, 'losses': 139, 'ties': 0, 'count': 235, 'winrate': 0.4085}","{'current': 1363.0, 'recent': 1438.0, 'mean': 1447.0, 'max': 1489.0}"
1930,6059,System Overload Robotics,USA,CA,ca,2016,True,2026,"{'wins': 74, 'losses': 108, 'ties': 0, 'count': 182, 'winrate': 0.4066}","{'current': 1467.0, 'recent': 1470.0, 'mean': 1456.0, 'max': 1498.0}"
1931,6060,Circuit Serpents,USA,CA,ca,2016,True,2026,"{'wins': 88, 'losses': 105, 'ties': 0, 'count': 193, 'winrate': 0.456}","{'current': 1469.0, 'recent': 1478.0, 'mean': 1491.0, 'max': 1552.0}"
1932,6064,IstanBULLS,Türkiye,,,2016,True,2026,"{'wins': 78, 'losses': 63, 'ties': 0, 'count': 141, 'winrate': 0.5532}","{'current': 1415.0, 'recent': 1446.0, 'mean': 1480.0, 'max': 1634.0}"
1933,6067,The Underdogs,USA,MI,fim,2016,True,2026,"{'wins': 123, 'losses': 130, 'ties': 0, 'count': 253, 'winrate': 0.4862}","{'current': 1423.0, 'recent': 1486.0, 'mean': 1522.0, 'max': 1629.0}"
1934,6068,Delta Overload,USA,MS,,2016,True,2026,"{'wins': 49, 'losses': 57, 'ties': 1, 'count': 107, 'winrate': 0.4626}","{'current': 1382.0, 'recent': 1465.0, 'mean': 1458.0, 'max': 1554.0}"
1935,6071,The Aluminators,USA,MI,fim,2016,True,2026,"{'wins': 103, 'losses': 145, 'ties': 0, 'count': 248, 'winrate': 0.4153}","{'current': 1450.0, 'recent': 1440.0, 'mean': 1474.0, 'max': 1553.0}"
1936,6072,Triton Tech 6072,USA,CA,ca,2016,True,2026,"{'wins': 98, 'losses': 130, 'ties': 0, 'count': 228, 'winrate': 0.4298}","{'current': 1413.0, 'recent': 1457.0, 'mean': 1473.0, 'max': 1563.0}"
1937,6073,Cav-Bots,USA,MI,fim,2016,True,2026,"{'wins': 100, 'losses': 137, 'ties': 1, 'count': 238, 'winrate': 0.4223}","{'current': 1445.0, 'recent': 1466.0, 'mean': 1479.0, 'max': 1527.0}"
1938,6077,Wiking Kujon,USA,MI,fim,2016,True,2026,"{'wins': 162, 'losses': 156, 'ties': 1, 'count': 319, 'winrate': 0.5094}","{'current': 1599.0, 'recent': 1541.0, 'mean': 1551.0, 'max': 1649.0}"
1939,6078,RoboRams,USA,MI,fim,2016,True,2026,"{'wins': 155, 'losses': 175, 'ties': 0, 'count': 330, 'winrate': 0.4697}","{'current': 1522.0, 'recent': 1569.0, 'mean': 1534.0, 'max': 1635.0}"
1940,6079,JET SET,USA,MI,fim,2016,True,2026,"{'wins': 101, 'losses': 148, 'ties': 0, 'count': 249, 'winrate': 0.4056}","{'current': 1382.0, 'recent': 1459.0, 'mean': 1467.0, 'max': 1602.0}"
1941,6081,Digital Dislocators,USA,MI,fim,2016,True,2026,"{'wins': 202, 'losses': 153, 'ties': 0, 'count': 355, 'winrate': 0.569}","{'current': 1542.0, 'recent': 1608.0, 'mean': 1561.0, 'max': 1689.0}"
1942,6083,Overlooking,Chinese Taipei,,,2016,True,2026,"{'wins': 73, 'losses': 82, 'ties': 0, 'count': 155, 'winrate': 0.471}","{'current': 1558.0, 'recent': 1513.0, 'mean': 1496.0, 'max': 1558.0}"
1943,6085,Green Devil Bots,USA,MI,fim,2016,True,2026,"{'wins': 148, 'losses': 162, 'ties': 0, 'count': 310, 'winrate': 0.4774}","{'current': 1499.0, 'recent': 1492.0, 'mean': 1488.0, 'max': 1524.0}"
1944,6087,Cybertronic Lancers,USA,MI,fim,2016,True,2026,"{'wins': 160, 'losses': 155, 'ties': 0, 'count': 315, 'winrate': 0.5079}","{'current': 1457.0, 'recent': 1507.0, 'mean': 1529.0, 'max': 1611.0}"
1945,6088,Stephenson Eagles,USA,MI,fim,2016,True,2026,"{'wins': 140, 'losses': 170, 'ties': 0, 'count': 310, 'winrate': 0.4516}","{'current': 1407.0, 'recent': 1486.0, 'mean': 1495.0, 'max': 1576.0}"
1946,6090,Wayland Wildcats,USA,MI,fim,2016,True,2026,"{'wins': 267, 'losses': 164, 'ties': 0, 'count': 431, 'winrate': 0.6195}","{'current': 1718.0, 'recent': 1659.0, 'mean': 1646.0, 'max': 1755.0}"
1947,6091,Eagle 1,USA,MI,fim,2016,True,2026,"{'wins': 83, 'losses': 136, 'ties': 1, 'count': 220, 'winrate': 0.3795}","{'current': 1464.0, 'recent': 1437.0, 'mean': 1426.0, 'max': 1464.0}"
1948,6094,Manic Mechanics,USA,MI,fim,2016,True,2026,"{'wins': 83, 'losses': 120, 'ties': 0, 'count': 203, 'winrate': 0.4089}","{'current': 1500.0, 'recent': 1468.0, 'mean': 1474.0, 'max': 1529.0}"
1949,6096,UPSM Cobrots,USA,MI,fim,2016,True,2026,"{'wins': 74, 'losses': 146, 'ties': 2, 'count': 222, 'winrate': 0.3378}","{'current': 1442.0, 'recent': 1395.0, 'mean': 1395.0, 'max': 1442.0}"
1950,6098,bIrobot,USA,MI,fim,2016,True,2026,"{'wins': 132, 'losses': 157, 'ties': 0, 'count': 289, 'winrate': 0.4567}","{'current': 1471.0, 'recent': 1485.0, 'mean': 1519.0, 'max': 1625.0}"
1951,6099,Knight Riders,USA,MI,fim,2016,True,2026,"{'wins': 111, 'losses': 148, 'ties': 0, 'count': 259, 'winrate': 0.4286}","{'current': 1447.0, 'recent': 1482.0, 'mean': 1479.0, 'max': 1507.0}"
1952,6100,MS Mobots,USA,MI,fim,2016,True,2026,"{'wins': 121, 'losses': 136, 'ties': 0, 'count': 257, 'winrate': 0.4708}","{'current': 1486.0, 'recent': 1519.0, 'mean': 1520.0, 'max': 1575.0}"
1953,6101,Strange Quarks,USA,MI,fim,2016,True,2026,"{'wins': 107, 'losses': 147, 'ties': 0, 'count': 254, 'winrate': 0.4213}","{'current': 1413.0, 'recent': 1449.0, 'mean': 1487.0, 'max': 1575.0}"
1954,6104,Desert Eagles in memory of Yehonatan Maimon,Israel,,isr,2016,True,2026,"{'wins': 148, 'losses': 161, 'ties': 0, 'count': 309, 'winrate': 0.479}","{'current': 1489.0, 'recent': 1504.0, 'mean': 1534.0, 'max': 1622.0}"
1955,6106,PrepaTec - TecGear,Mexico,,,2016,True,2026,"{'wins': 93, 'losses': 109, 'ties': 1, 'count': 203, 'winrate': 0.4606}","{'current': 1501.0, 'recent': 1439.0, 'mean': 1445.0, 'max': 1525.0}"
1956,6107,CyberJagzz,USA,AL,,2016,True,2026,"{'wins': 56, 'losses': 69, 'ties': 0, 'count': 125, 'winrate': 0.448}","{'current': 1471.0, 'recent': 1458.0, 'mean': 1445.0, 'max': 1485.0}"
1957,6110,Doc Botics,Canada,ON,ont,2016,True,2026,"{'wins': 133, 'losses': 140, 'ties': 0, 'count': 273, 'winrate': 0.4872}","{'current': 1504.0, 'recent': 1517.0, 'mean': 1523.0, 'max': 1569.0}"
1958,6112,Cyberstangs,USA,MI,fim,2016,True,2026,"{'wins': 110, 'losses': 153, 'ties': 1, 'count': 264, 'winrate': 0.4186}","{'current': 1476.0, 'recent': 1491.0, 'mean': 1487.0, 'max': 1558.0}"
1959,6113,M.A.R.C. 1,USA,MI,fim,2016,True,2026,"{'wins': 106, 'losses': 135, 'ties': 0, 'count': 241, 'winrate': 0.4398}","{'current': 1340.0, 'recent': 1448.0, 'mean': 1485.0, 'max': 1548.0}"
1960,6114,Hamilton CyberHawks,USA,MI,fim,2016,True,2026,"{'wins': 119, 'losses': 141, 'ties': 0, 'count': 260, 'winrate': 0.4577}","{'current': 1576.0, 'recent': 1531.0, 'mean': 1492.0, 'max': 1589.0}"
1961,6120,CyberStangs,USA,MI,fim,2016,True,2026,"{'wins': 154, 'losses': 169, 'ties': 0, 'count': 323, 'winrate': 0.4768}","{'current': 1526.0, 'recent': 1530.0, 'mean': 1511.0, 'max': 1551.0}"
1962,6121,RoboVikes,USA,MI,fim,2016,True,2026,"{'wins': 188, 'losses': 164, 'ties': 0, 'count': 352, 'winrate': 0.5341}","{'current': 1563.0, 'recent': 1554.0, 'mean': 1564.0, 'max': 1644.0}"
1963,6122,Potential Energy,USA,MI,fim,2016,True,2026,"{'wins': 97, 'losses': 119, 'ties': 0, 'count': 216, 'winrate': 0.4491}","{'current': 1433.0, 'recent': 1481.0, 'mean': 1496.0, 'max': 1576.0}"
1964,6128,M.O.T.O.R (More Than Our Robot),USA,MI,fim,2016,True,2026,"{'wins': 106, 'losses': 137, 'ties': 1, 'count': 244, 'winrate': 0.4365}","{'current': 1554.0, 'recent': 1505.0, 'mean': 1470.0, 'max': 1554.0}"
1965,6132,Iron Rangers,USA,MN,,2016,True,2026,"{'wins': 40, 'losses': 60, 'ties': 0, 'count': 100, 'winrate': 0.4}","{'current': 1401.0, 'recent': 1462.0, 'mean': 1459.0, 'max': 1521.0}"
1966,6135,Arctos,Canada,ON,ont,2016,True,2026,"{'wins': 137, 'losses': 183, 'ties': 0, 'count': 320, 'winrate': 0.4281}","{'current': 1377.0, 'recent': 1476.0, 'mean': 1497.0, 'max': 1599.0}"
1967,6145,War Eagles,USA,FL,,2016,True,2026,"{'wins': 17, 'losses': 28, 'ties': 0, 'count': 45, 'winrate': 0.3778}","{'current': 1440.0, 'recent': 1436.0, 'mean': 1414.0, 'max': 1440.0}"
1968,6146,Blackjacks,USA,MN,,2016,True,2026,"{'wins': 81, 'losses': 72, 'ties': 0, 'count': 153, 'winrate': 0.5294}","{'current': 1561.0, 'recent': 1575.0, 'mean': 1521.0, 'max': 1603.0}"
1969,6147,Tonkabots,USA,MN,,2016,True,2026,"{'wins': 95, 'losses': 76, 'ties': 0, 'count': 171, 'winrate': 0.5556}","{'current': 1633.0, 'recent': 1579.0, 'mean': 1486.0, 'max': 1724.0}"
1970,6152,Robo-Falcons,USA,MI,fim,2016,True,2026,"{'wins': 126, 'losses': 148, 'ties': 0, 'count': 274, 'winrate': 0.4599}","{'current': 1675.0, 'recent': 1564.0, 'mean': 1501.0, 'max': 1675.0}"
1971,6153,Blue Crew,USA,ME,ne,2016,True,2026,"{'wins': 170, 'losses': 172, 'ties': 0, 'count': 342, 'winrate': 0.4971}","{'current': 1503.0, 'recent': 1548.0, 'mean': 1545.0, 'max': 1600.0}"
1972,6155,ElektraBots,USA,TX,fit,2016,True,2026,"{'wins': 86, 'losses': 117, 'ties': 2, 'count': 205, 'winrate': 0.4244}","{'current': 1399.0, 'recent': 1396.0, 'mean': 1421.0, 'max': 1486.0}"
1973,6162,Cap Alpaca 6162,Canada,ON,ont,2016,True,2026,"{'wins': 74, 'losses': 119, 'ties': 1, 'count': 194, 'winrate': 0.384}","{'current': 1345.0, 'recent': 1440.0, 'mean': 1415.0, 'max': 1542.0}"
1974,6166,Thorobotics,USA,WI,win,2016,True,2026,"{'wins': 60, 'losses': 92, 'ties': 0, 'count': 152, 'winrate': 0.3947}","{'current': 1495.0, 'recent': 1495.0, 'mean': 1484.0, 'max': 1557.0}"
1975,6167,CB Bearbots,USA,SC,fsc,2016,True,2026,"{'wins': 76, 'losses': 119, 'ties': 0, 'count': 195, 'winrate': 0.3897}","{'current': 1473.0, 'recent': 1467.0, 'mean': 1460.0, 'max': 1548.0}"
1976,6168,alzahrawi,Israel,,isr,2016,True,2026,"{'wins': 107, 'losses': 154, 'ties': 1, 'count': 262, 'winrate': 0.4103}","{'current': 1463.0, 'recent': 1508.0, 'mean': 1505.0, 'max': 1587.0}"
1977,6170,Prepa Tecmilenio Vitronik,Mexico,,,2016,True,2026,"{'wins': 95, 'losses': 93, 'ties': 1, 'count': 189, 'winrate': 0.5053}","{'current': 1447.0, 'recent': 1470.0, 'mean': 1466.0, 'max': 1515.0}"
1978,6171,⚛ Chain Reaction ⚛,USA,TX,fit,2016,True,2026,"{'wins': 104, 'losses': 147, 'ties': 0, 'count': 251, 'winrate': 0.4143}","{'current': 1477.0, 'recent': 1457.0, 'mean': 1490.0, 'max': 1544.0}"
1979,6175,EVW Mystery Machine,USA,MN,,2016,True,2026,"{'wins': 76, 'losses': 78, 'ties': 0, 'count': 154, 'winrate': 0.4935}","{'current': 1584.0, 'recent': 1539.0, 'mean': 1516.0, 'max': 1584.0}"
1980,6180,Mechanical Lions,USA,TX,fit,2016,True,2026,"{'wins': 85, 'losses': 121, 'ties': 1, 'count': 207, 'winrate': 0.413}","{'current': 1473.0, 'recent': 1443.0, 'mean': 1427.0, 'max': 1473.0}"
1981,6184,C4 (Capital City Chaotic Coders),USA,FL,,2016,True,2026,"{'wins': 46, 'losses': 66, 'ties': 0, 'count': 112, 'winrate': 0.4107}","{'current': 1581.0, 'recent': 1488.0, 'mean': 1459.0, 'max': 1581.0}"
1982,6186,Hope BotCats,USA,AR,,2016,True,2026,"{'wins': 36, 'losses': 50, 'ties': 0, 'count': 86, 'winrate': 0.4186}","{'current': 1429.0, 'recent': 1457.0, 'mean': 1405.0, 'max': 1482.0}"
1983,6188,Sting Robotics,Canada,AB,,2016,True,2026,"{'wins': 36, 'losses': 47, 'ties': 0, 'count': 83, 'winrate': 0.4337}","{'current': 1473.0, 'recent': 1416.0, 'mean': 1452.0, 'max': 1552.0}"
1984,6190,Cybernetic Crusaders,USA,MI,fim,2016,True,2026,"{'wins': 79, 'losses': 143, 'ties': 0, 'count': 222, 'winrate': 0.3559}","{'current': 1352.0, 'recent': 1392.0, 'mean': 1441.0, 'max': 1565.0}"
1985,6191,RoboKryptonite,Chinese Taipei,,,2016,True,2026,"{'wins': 38, 'losses': 81, 'ties': 0, 'count': 119, 'winrate': 0.3193}","{'current': 1459.0, 'recent': 1412.0, 'mean': 1409.0, 'max': 1472.0}"
1986,6199,E-Hawks - Peñoles,Mexico,,,2016,True,2026,"{'wins': 55, 'losses': 64, 'ties': 0, 'count': 119, 'winrate': 0.4622}","{'current': 1427.0, 'recent': 1393.0, 'mean': 1407.0, 'max': 1455.0}"
1987,6200,PrepaTec - XRAMS,Mexico,,,2016,True,2026,"{'wins': 80, 'losses': 81, 'ties': 1, 'count': 162, 'winrate': 0.4969}","{'current': 1366.0, 'recent': 1451.0, 'mean': 1478.0, 'max': 1565.0}"
1988,6201,The Highlanders,USA,MA,ne,2016,True,2026,"{'wins': 164, 'losses': 169, 'ties': 0, 'count': 333, 'winrate': 0.4925}","{'current': 1492.0, 'recent': 1517.0, 'mean': 1523.0, 'max': 1650.0}"
1989,6217,Bomb-Botz,USA,MN,,2016,True,2026,"{'wins': 89, 'losses': 98, 'ties': 0, 'count': 187, 'winrate': 0.4759}","{'current': 1468.0, 'recent': 1521.0, 'mean': 1514.0, 'max': 1578.0}"
1990,6220,The Golden Griffins,USA,CA,ca,2016,True,2026,"{'wins': 61, 'losses': 78, 'ties': 0, 'count': 139, 'winrate': 0.4388}","{'current': 1520.0, 'recent': 1500.0, 'mean': 1470.0, 'max': 1574.0}"
1991,6223,Arsenal of Engineering,USA,WI,win,2016,True,2026,"{'wins': 71, 'losses': 74, 'ties': 2, 'count': 147, 'winrate': 0.4898}","{'current': 1529.0, 'recent': 1535.0, 'mean': 1489.0, 'max': 1617.0}"
1992,6226,Blue Devils,USA,NJ,fma,2016,True,2026,"{'wins': 155, 'losses': 168, 'ties': 1, 'count': 324, 'winrate': 0.4799}","{'current': 1440.0, 'recent': 1518.0, 'mean': 1525.0, 'max': 1584.0}"
1993,6228,MAT Robotics,Türkiye,,,2016,True,2026,"{'wins': 29, 'losses': 38, 'ties': 0, 'count': 67, 'winrate': 0.4328}","{'current': 1446.0, 'recent': 1422.0, 'mean': 1432.0, 'max': 1502.0}"
1994,6230,Team Koi,Israel,,isr,2016,True,2026,"{'wins': 86, 'losses': 127, 'ties': 0, 'count': 213, 'winrate': 0.4038}","{'current': 1414.0, 'recent': 1410.0, 'mean': 1425.0, 'max': 1484.0}"
1995,6232,Florya Bisons,Türkiye,,,2016,True,2026,"{'wins': 72, 'losses': 75, 'ties': 0, 'count': 147, 'winrate': 0.4898}","{'current': 1439.0, 'recent': 1452.0, 'mean': 1434.0, 'max': 1504.0}"
1996,6237,Martin Motion,USA,IL,,2016,True,2026,"{'wins': 102, 'losses': 115, 'ties': 0, 'count': 217, 'winrate': 0.47}","{'current': 1655.0, 'recent': 1559.0, 'mean': 1549.0, 'max': 1655.0}"
1997,6238,Popcorn Penguins,USA,CA,ca,2016,True,2026,"{'wins': 83, 'losses': 93, 'ties': 0, 'count': 176, 'winrate': 0.4716}","{'current': 1629.0, 'recent': 1559.0, 'mean': 1530.0, 'max': 1640.0}"
1998,6239,The Irrational Engineers,USA,MD,fch,2016,True,2026,"{'wins': 78, 'losses': 112, 'ties': 1, 'count': 191, 'winrate': 0.411}","{'current': 1510.0, 'recent': 1442.0, 'mean': 1482.0, 'max': 1583.0}"
1999,6240,Eagles of the Knight,USA,NC,fnc,2016,True,2026,"{'wins': 56, 'losses': 149, 'ties': 1, 'count': 206, 'winrate': 0.2743}","{'current': 1408.0, 'recent': 1378.0, 'mean': 1383.0, 'max': 1455.0}"
2000,6242,Chaos Theory,USA,NC,fnc,2016,True,2026,"{'wins': 20, 'losses': 36, 'ties': 0, 'count': 56, 'winrate': 0.3571}","{'current': 1436.0, 'recent': 1456.0, 'mean': 1456.0, 'max': 1476.0}"
2001,6243,Energy NERDs,USA,TX,fit,2016,True,2026,"{'wins': 33, 'losses': 38, 'ties': 0, 'count': 71, 'winrate': 0.4648}","{'current': 1473.0, 'recent': 1495.0, 'mean': 1495.0, 'max': 1517.0}"
2002,6244,Light SaBres,USA,MN,,2016,True,2026,"{'wins': 5, 'losses': 9, 'ties': 0, 'count': 14, 'winrate': 0.3571}","{'current': 1465.0, 'recent': 1471.0, 'mean': 1471.0, 'max': 1477.0}"
2003,6300,The Northwoodians,USA,NY,,2017,True,2026,"{'wins': 96, 'losses': 112, 'ties': 0, 'count': 208, 'winrate': 0.4615}","{'current': 1509.0, 'recent': 1509.0, 'mean': 1531.0, 'max': 1615.0}"
2004,6302,Greeneville High School Robotics,USA,TN,,2017,True,2026,"{'wins': 46, 'losses': 77, 'ties': 0, 'count': 123, 'winrate': 0.374}","{'current': 1455.0, 'recent': 1451.0, 'mean': 1459.0, 'max': 1503.0}"
2005,6304,EAGLE,China,,,2017,True,2026,"{'wins': 58, 'losses': 61, 'ties': 0, 'count': 119, 'winrate': 0.4874}","{'current': 1561.0, 'recent': 1513.0, 'mean': 1523.0, 'max': 1642.0}"
2006,6305,Stable Circuits,USA,CA,ca,2017,True,2026,"{'wins': 85, 'losses': 118, 'ties': 0, 'count': 203, 'winrate': 0.4187}","{'current': 1520.0, 'recent': 1493.0, 'mean': 1483.0, 'max': 1520.0}"
2007,6318,FE Freedom Engineers,USA,WI,win,2017,True,2026,"{'wins': 52, 'losses': 75, 'ties': 2, 'count': 129, 'winrate': 0.4109}","{'current': 1477.0, 'recent': 1457.0, 'mean': 1471.0, 'max': 1565.0}"
2008,6322,OneClay ARMORY,USA,FL,,2017,True,2026,"{'wins': 31, 'losses': 48, 'ties': 1, 'count': 80, 'winrate': 0.3938}","{'current': 1369.0, 'recent': 1393.0, 'mean': 1404.0, 'max': 1445.0}"
2009,6324,The Blue Devils,USA,NH,ne,2017,True,2026,"{'wins': 177, 'losses': 146, 'ties': 1, 'count': 324, 'winrate': 0.5478}","{'current': 1708.0, 'recent': 1595.0, 'mean': 1556.0, 'max': 1708.0}"
2010,6326,⚡ Baltimore Bolts ⚡,USA,MD,fch,2017,True,2026,"{'wins': 130, 'losses': 180, 'ties': 1, 'count': 311, 'winrate': 0.4196}","{'current': 1453.0, 'recent': 1516.0, 'mean': 1504.0, 'max': 1590.0}"
2011,6328,Mechanical Advantage,USA,MA,ne,2017,True,2026,"{'wins': 336, 'losses': 145, 'ties': 0, 'count': 481, 'winrate': 0.6985}","{'current': 1876.0, 'recent': 1790.0, 'mean': 1701.0, 'max': 1905.0}"
2012,6329,The Bucks' Wrath,USA,ME,ne,2017,True,2026,"{'wins': 337, 'losses': 136, 'ties': 1, 'count': 474, 'winrate': 0.712}","{'current': 1872.0, 'recent': 1812.0, 'mean': 1724.0, 'max': 1889.0}"
2013,6333,Scavenger Robotics,USA,CT,ne,2017,True,2026,"{'wins': 80, 'losses': 136, 'ties': 0, 'count': 216, 'winrate': 0.3704}","{'current': 1521.0, 'recent': 1498.0, 'mean': 1476.0, 'max': 1524.0}"
2014,6340,The Marist Manatees,USA,GA,pch,2017,True,2026,"{'wins': 232, 'losses': 166, 'ties': 0, 'count': 398, 'winrate': 0.5829}","{'current': 1544.0, 'recent': 1602.0, 'mean': 1604.0, 'max': 1708.0}"
2015,6343,Steel Ridge,USA,WA,pnw,2017,True,2026,"{'wins': 141, 'losses': 171, 'ties': 0, 'count': 312, 'winrate': 0.4519}","{'current': 1472.0, 'recent': 1517.0, 'mean': 1506.0, 'max': 1602.0}"
2016,6344,Yale Jiggawattz,USA,MI,fim,2017,True,2026,"{'wins': 148, 'losses': 159, 'ties': 1, 'count': 308, 'winrate': 0.4821}","{'current': 1478.0, 'recent': 1524.0, 'mean': 1559.0, 'max': 1722.0}"
2017,6346,Cybears Robotics Team,USA,CT,ne,2017,True,2026,"{'wins': 101, 'losses': 127, 'ties': 0, 'count': 228, 'winrate': 0.443}","{'current': 1540.0, 'recent': 1531.0, 'mean': 1497.0, 'max': 1561.0}"
2018,6348,PrepaTec - HORUS,Mexico,,,2017,True,2026,"{'wins': 127, 'losses': 106, 'ties': 1, 'count': 234, 'winrate': 0.5449}","{'current': 1506.0, 'recent': 1529.0, 'mean': 1505.0, 'max': 1560.0}"
2019,6350,Clawbots,USA,WA,pnw,2017,True,2026,"{'wins': 103, 'losses': 134, 'ties': 0, 'count': 237, 'winrate': 0.4346}","{'current': 1413.0, 'recent': 1468.0, 'mean': 1467.0, 'max': 1590.0}"
2020,6352,LAUNCH TEAM,USA,AZ,,2017,True,2026,"{'wins': 78, 'losses': 71, 'ties': 0, 'count': 149, 'winrate': 0.5235}","{'current': 1493.0, 'recent': 1540.0, 'mean': 1542.0, 'max': 1582.0}"
2021,6353,EFZ Robotics,China,,,2017,True,2026,"{'wins': 57, 'losses': 71, 'ties': 1, 'count': 129, 'winrate': 0.4457}","{'current': 1605.0, 'recent': 1471.0, 'mean': 1463.0, 'max': 1605.0}"
2022,6357,The Spring Konstant,USA,TX,fit,2017,True,2026,"{'wins': 170, 'losses': 161, 'ties': 0, 'count': 331, 'winrate': 0.5136}","{'current': 1528.0, 'recent': 1552.0, 'mean': 1517.0, 'max': 1648.0}"
2023,6358,The Buhlean Operators,USA,ID,,2017,True,2026,"{'wins': 74, 'losses': 104, 'ties': 0, 'count': 178, 'winrate': 0.4157}","{'current': 1519.0, 'recent': 1528.0, 'mean': 1532.0, 'max': 1597.0}"
2024,6364,Ten Ton,Canada,BC,,2017,True,2026,"{'wins': 111, 'losses': 89, 'ties': 1, 'count': 201, 'winrate': 0.5547}","{'current': 1441.0, 'recent': 1535.0, 'mean': 1521.0, 'max': 1583.0}"
2025,6366,RAM Rodz Robotics,USA,SC,fsc,2017,True,2026,"{'wins': 157, 'losses': 138, 'ties': 1, 'count': 296, 'winrate': 0.5321}","{'current': 1563.0, 'recent': 1557.0, 'mean': 1554.0, 'max': 1635.0}"
2026,6367,The ElectroLights,USA,MA,ne,2017,True,2026,"{'wins': 83, 'losses': 131, 'ties': 0, 'count': 214, 'winrate': 0.3879}","{'current': 1469.0, 'recent': 1487.0, 'mean': 1474.0, 'max': 1524.0}"
2027,6369,Mercenary Robotics,USA,TX,fit,2017,True,2026,"{'wins': 214, 'losses': 137, 'ties': 0, 'count': 351, 'winrate': 0.6097}","{'current': 1809.0, 'recent': 1673.0, 'mean': 1596.0, 'max': 1809.0}"
2028,6377,Howdy Bots,USA,TX,fit,2017,True,2026,"{'wins': 224, 'losses': 175, 'ties': 0, 'count': 399, 'winrate': 0.5614}","{'current': 1585.0, 'recent': 1615.0, 'mean': 1605.0, 'max': 1719.0}"
2029,6381,Red Raider Robotics,USA,WI,win,2017,True,2026,"{'wins': 110, 'losses': 99, 'ties': 0, 'count': 209, 'winrate': 0.5263}","{'current': 1538.0, 'recent': 1568.0, 'mean': 1545.0, 'max': 1604.0}"
2030,6390,Hephaestus,Canada,BC,,2017,True,2026,"{'wins': 94, 'losses': 95, 'ties': 0, 'count': 189, 'winrate': 0.4974}","{'current': 1483.0, 'recent': 1507.0, 'mean': 1521.0, 'max': 1600.0}"
2031,6391,Ursuline Bearbotics,USA,MO,,2017,True,2026,"{'wins': 122, 'losses': 100, 'ties': 0, 'count': 222, 'winrate': 0.5495}","{'current': 1599.0, 'recent': 1561.0, 'mean': 1546.0, 'max': 1601.0}"
2032,6394,MITO,China,,,2017,True,2026,"{'wins': 15, 'losses': 23, 'ties': 0, 'count': 38, 'winrate': 0.3947}","{'current': 1490.0, 'recent': 1483.0, 'mean': 1467.0, 'max': 1547.0}"
2033,6397,Romero Robotics,Canada,ON,ont,2017,True,2026,"{'wins': 98, 'losses': 135, 'ties': 0, 'count': 233, 'winrate': 0.4206}","{'current': 1477.0, 'recent': 1448.0, 'mean': 1454.0, 'max': 1485.0}"
2034,6399,Tinspiratio,China,,,2017,True,2026,"{'wins': 13, 'losses': 15, 'ties': 0, 'count': 28, 'winrate': 0.4643}","{'current': 1474.0, 'recent': 1474.0, 'mean': 1417.0, 'max': 1474.0}"
2035,6401,8-bit RAMs,USA,NY,,2017,True,2026,"{'wins': 90, 'losses': 111, 'ties': 2, 'count': 203, 'winrate': 0.4483}","{'current': 1439.0, 'recent': 1479.0, 'mean': 1490.0, 'max': 1530.0}"
2036,6402,GÖKTÜRKLER,Türkiye,,,2017,True,2026,"{'wins': 30, 'losses': 53, 'ties': 0, 'count': 83, 'winrate': 0.3614}","{'current': 1474.0, 'recent': 1479.0, 'mean': 1458.0, 'max': 1499.0}"
2037,6404,Brazilian Storm,Brazil,,,2017,True,2026,"{'wins': 58, 'losses': 77, 'ties': 0, 'count': 135, 'winrate': 0.4296}","{'current': 1349.0, 'recent': 1434.0, 'mean': 1459.0, 'max': 1520.0}"
2038,6410,Supreme Eagles,USA,CA,ca,2017,True,2026,"{'wins': 11, 'losses': 30, 'ties': 0, 'count': 41, 'winrate': 0.2683}","{'current': 1456.0, 'recent': 1456.0, 'mean': 1409.0, 'max': 1456.0}"
2039,6413,Degrees of Freedom,USA,AZ,,2017,True,2026,"{'wins': 124, 'losses': 142, 'ties': 0, 'count': 266, 'winrate': 0.4662}","{'current': 1530.0, 'recent': 1554.0, 'mean': 1526.0, 'max': 1587.0}"
2040,6414,Voyager,China,,,2017,True,2026,"{'wins': 19, 'losses': 35, 'ties': 0, 'count': 54, 'winrate': 0.3519}","{'current': 1450.0, 'recent': 1468.0, 'mean': 1463.0, 'max': 1486.0}"
2041,6415,Gultepe Robotics Team 6415,Türkiye,,,2017,True,2026,"{'wins': 54, 'losses': 57, 'ties': 1, 'count': 112, 'winrate': 0.4866}","{'current': 1395.0, 'recent': 1424.0, 'mean': 1454.0, 'max': 1551.0}"
2042,6417,Fridolins,Switzerland,,,2017,True,2026,"{'wins': 119, 'losses': 84, 'ties': 0, 'count': 203, 'winrate': 0.5862}","{'current': 1637.0, 'recent': 1545.0, 'mean': 1545.0, 'max': 1637.0}"
2043,6418,The Missfits,USA,CA,ca,2017,True,2026,"{'wins': 126, 'losses': 101, 'ties': 0, 'count': 227, 'winrate': 0.5551}","{'current': 1608.0, 'recent': 1561.0, 'mean': 1566.0, 'max': 1608.0}"
2044,6419,Kernel Chaos,USA,IA,,2017,True,2026,"{'wins': 67, 'losses': 89, 'ties': 0, 'count': 156, 'winrate': 0.4295}","{'current': 1638.0, 'recent': 1529.0, 'mean': 1512.0, 'max': 1638.0}"
2045,6420,Fire Island Robotics,USA,IA,,2017,True,2026,"{'wins': 106, 'losses': 120, 'ties': 0, 'count': 226, 'winrate': 0.469}","{'current': 1387.0, 'recent': 1521.0, 'mean': 1516.0, 'max': 1603.0}"
2046,6421,WarriorBots,USA,WI,win,2017,True,2026,"{'wins': 158, 'losses': 124, 'ties': 1, 'count': 283, 'winrate': 0.5601}","{'current': 1540.0, 'recent': 1595.0, 'mean': 1567.0, 'max': 1706.0}"
2047,6423,Ward Melville Iron Patriots,USA,NY,,2017,True,2026,"{'wins': 79, 'losses': 61, 'ties': 0, 'count': 140, 'winrate': 0.5643}","{'current': 1524.0, 'recent': 1507.0, 'mean': 1499.0, 'max': 1592.0}"
2048,6424,Stealth Panther Robotics,USA,MO,,2017,True,2026,"{'wins': 255, 'losses': 142, 'ties': 0, 'count': 397, 'winrate': 0.6423}","{'current': 1579.0, 'recent': 1646.0, 'mean': 1619.0, 'max': 1746.0}"
2049,6428,STEMINEERS,USA,MI,fim,2017,True,2026,"{'wins': 58, 'losses': 133, 'ties': 1, 'count': 192, 'winrate': 0.3047}","{'current': 1376.0, 'recent': 1402.0, 'mean': 1407.0, 'max': 1458.0}"
2050,6429,4th Dimension,Türkiye,,,2017,True,2026,"{'wins': 112, 'losses': 78, 'ties': 0, 'count': 190, 'winrate': 0.5895}","{'current': 1646.0, 'recent': 1539.0, 'mean': 1539.0, 'max': 1646.0}"
2051,6430,Kalsedon,Türkiye,,,2017,True,2026,"{'wins': 29, 'losses': 63, 'ties': 1, 'count': 93, 'winrate': 0.3172}","{'current': 1426.0, 'recent': 1403.0, 'mean': 1410.0, 'max': 1456.0}"
2052,6431,NoktaParantez,Türkiye,,,2017,True,2026,"{'wins': 83, 'losses': 92, 'ties': 1, 'count': 176, 'winrate': 0.4744}","{'current': 1597.0, 'recent': 1450.0, 'mean': 1452.0, 'max': 1597.0}"
2053,6432,Valkyries,Australia,,,2017,True,2026,"{'wins': 45, 'losses': 55, 'ties': 0, 'count': 100, 'winrate': 0.45}","{'current': 1444.0, 'recent': 1428.0, 'mean': 1441.0, 'max': 1498.0}"
2054,6433,HZ4Z,China,,,2017,True,2026,"{'wins': 14, 'losses': 23, 'ties': 0, 'count': 37, 'winrate': 0.3784}","{'current': 1435.0, 'recent': 1374.0, 'mean': 1380.0, 'max': 1435.0}"
2055,6434,Bossley Park High School Wolfgang,Australia,,,2017,True,2026,"{'wins': 63, 'losses': 75, 'ties': 0, 'count': 138, 'winrate': 0.4565}","{'current': 1440.0, 'recent': 1454.0, 'mean': 1479.0, 'max': 1543.0}"
2056,6436,PARS ROBOTICS,Türkiye,,,2017,True,2026,"{'wins': 83, 'losses': 56, 'ties': 2, 'count': 141, 'winrate': 0.5957}","{'current': 1665.0, 'recent': 1563.0, 'mean': 1532.0, 'max': 1665.0}"
2057,6443,AEMBOT,USA,OR,pnw,2017,True,2026,"{'wins': 205, 'losses': 195, 'ties': 2, 'count': 402, 'winrate': 0.5124}","{'current': 1485.0, 'recent': 1580.0, 'mean': 1561.0, 'max': 1749.0}"
2058,6453,Bog Bots!,USA,MN,,2017,True,2026,"{'wins': 45, 'losses': 53, 'ties': 0, 'count': 98, 'winrate': 0.4592}","{'current': 1445.0, 'recent': 1446.0, 'mean': 1468.0, 'max': 1566.0}"
2059,6455,The Coded Collective,USA,IA,,2017,True,2026,"{'wins': 34, 'losses': 56, 'ties': 0, 'count': 90, 'winrate': 0.3778}","{'current': 1464.0, 'recent': 1429.0, 'mean': 1438.0, 'max': 1477.0}"
2060,6459,AG Robotik,Türkiye,,,2017,True,2026,"{'wins': 115, 'losses': 79, 'ties': 0, 'count': 194, 'winrate': 0.5928}","{'current': 1858.0, 'recent': 1622.0, 'mean': 1544.0, 'max': 1858.0}"
2061,6463,Robotic Reapers,USA,NY,,2017,True,2026,"{'wins': 30, 'losses': 57, 'ties': 0, 'count': 87, 'winrate': 0.3448}","{'current': 1472.0, 'recent': 1436.0, 'mean': 1452.0, 'max': 1494.0}"
2062,6465,Mystic Biscuit,USA,OR,pnw,2017,True,2026,"{'wins': 117, 'losses': 154, 'ties': 1, 'count': 272, 'winrate': 0.432}","{'current': 1506.0, 'recent': 1495.0, 'mean': 1489.0, 'max': 1530.0}"
2063,6473,Rock Star Robotics,USA,FL,,2017,True,2026,"{'wins': 62, 'losses': 58, 'ties': 0, 'count': 120, 'winrate': 0.5167}","{'current': 1421.0, 'recent': 1466.0, 'mean': 1451.0, 'max': 1495.0}"
2064,6476,Supernova Star Squad,Australia,,,2017,True,2026,"{'wins': 33, 'losses': 54, 'ties': 0, 'count': 87, 'winrate': 0.3793}","{'current': 1327.0, 'recent': 1382.0, 'mean': 1419.0, 'max': 1489.0}"
2065,6479,AZTECH Robotics,USA,AZ,,2017,True,2026,"{'wins': 98, 'losses': 91, 'ties': 0, 'count': 189, 'winrate': 0.5185}","{'current': 1532.0, 'recent': 1530.0, 'mean': 1541.0, 'max': 1627.0}"
2066,6483,Prepa Tecmilenio - CHARGER,Mexico,,,2017,True,2026,"{'wins': 39, 'losses': 53, 'ties': 0, 'count': 92, 'winrate': 0.4239}","{'current': 1464.0, 'recent': 1411.0, 'mean': 1422.0, 'max': 1494.0}"
2067,6487,Clockwork Knights,China,,,2017,True,2026,"{'wins': 48, 'losses': 50, 'ties': 0, 'count': 98, 'winrate': 0.4898}","{'current': 1572.0, 'recent': 1550.0, 'mean': 1507.0, 'max': 1583.0}"
2068,6488,RoboRams,USA,TX,fit,2017,True,2026,"{'wins': 73, 'losses': 112, 'ties': 2, 'count': 187, 'winrate': 0.3957}","{'current': 1470.0, 'recent': 1470.0, 'mean': 1445.0, 'max': 1489.0}"
2069,6489,Bronco Bolts,USA,LA,,2017,True,2026,"{'wins': 19, 'losses': 25, 'ties': 0, 'count': 44, 'winrate': 0.4318}","{'current': 1433.0, 'recent': 1460.0, 'mean': 1451.0, 'max': 1487.0}"
2070,6494,Wings of Liberty,China,,,2017,True,2026,"{'wins': 12, 'losses': 24, 'ties': 0, 'count': 36, 'winrate': 0.3333}","{'current': 1534.0, 'recent': 1454.0, 'mean': 1428.0, 'max': 1534.0}"
2071,6497,Pymble P-Platers,Australia,,,2017,True,2026,"{'wins': 32, 'losses': 13, 'ties': 0, 'count': 45, 'winrate': 0.7111}","{'current': 1661.0, 'recent': 1585.0, 'mean': 1585.0, 'max': 1661.0}"
2072,6498,Castle Robotics,USA,IN,fin,2017,True,2026,"{'wins': 152, 'losses': 179, 'ties': 1, 'count': 332, 'winrate': 0.4593}","{'current': 1566.0, 'recent': 1557.0, 'mean': 1555.0, 'max': 1590.0}"
2073,6500,GearCats,USA,NC,fnc,2017,True,2026,"{'wins': 182, 'losses': 165, 'ties': 1, 'count': 348, 'winrate': 0.5244}","{'current': 1595.0, 'recent': 1558.0, 'mean': 1549.0, 'max': 1595.0}"
2074,6502,DARC SIDE,USA,NC,fnc,2017,True,2026,"{'wins': 226, 'losses': 180, 'ties': 0, 'count': 406, 'winrate': 0.5567}","{'current': 1538.0, 'recent': 1568.0, 'mean': 1603.0, 'max': 1719.0}"
2075,6506,Steel Boot Robotics,USA,CA,ca,2017,True,2026,"{'wins': 55, 'losses': 79, 'ties': 0, 'count': 134, 'winrate': 0.4104}","{'current': 1523.0, 'recent': 1455.0, 'mean': 1449.0, 'max': 1523.0}"
2076,6508,Hastings Heroes,Australia,,,2017,True,2026,"{'wins': 81, 'losses': 60, 'ties': 0, 'count': 141, 'winrate': 0.5745}","{'current': 1463.0, 'recent': 1511.0, 'mean': 1545.0, 'max': 1609.0}"
2077,6510,Pymble Pride,Australia,,,2017,True,2026,"{'wins': 139, 'losses': 82, 'ties': 0, 'count': 221, 'winrate': 0.629}","{'current': 1563.0, 'recent': 1596.0, 'mean': 1585.0, 'max': 1634.0}"
2078,6515,Unimatics,USA,CA,ca,2017,True,2026,"{'wins': 33, 'losses': 43, 'ties': 0, 'count': 76, 'winrate': 0.4342}","{'current': 1469.0, 'recent': 1459.0, 'mean': 1443.0, 'max': 1486.0}"
2079,6517,So-Kno Robo,USA,TN,,2017,True,2026,"{'wins': 105, 'losses': 84, 'ties': 0, 'count': 189, 'winrate': 0.5556}","{'current': 1643.0, 'recent': 1592.0, 'mean': 1565.0, 'max': 1643.0}"
2080,6526,Cyber Rangers,USA,TX,fit,2017,True,2026,"{'wins': 74, 'losses': 107, 'ties': 1, 'count': 182, 'winrate': 0.4093}","{'current': 1478.0, 'recent': 1408.0, 'mean': 1407.0, 'max': 1478.0}"
2081,6527,RamShock,USA,FL,,2017,True,2026,"{'wins': 24, 'losses': 35, 'ties': 0, 'count': 59, 'winrate': 0.4068}","{'current': 1460.0, 'recent': 1443.0, 'mean': 1461.0, 'max': 1507.0}"
2082,6528,Terror Bytes,USA,MI,fim,2017,True,2026,"{'wins': 115, 'losses': 119, 'ties': 0, 'count': 234, 'winrate': 0.4915}","{'current': 1548.0, 'recent': 1524.0, 'mean': 1514.0, 'max': 1667.0}"
2083,6532,TechnoPaths,USA,MI,fim,2017,True,2026,"{'wins': 94, 'losses': 115, 'ties': 1, 'count': 210, 'winrate': 0.45}","{'current': 1439.0, 'recent': 1481.0, 'mean': 1458.0, 'max': 1507.0}"
2084,6533,BeaverTech noducks,USA,MI,fim,2017,True,2026,"{'wins': 76, 'losses': 126, 'ties': 0, 'count': 202, 'winrate': 0.3762}","{'current': 1382.0, 'recent': 1406.0, 'mean': 1413.0, 'max': 1448.0}"
2085,6538,Linc-Bots,USA,MI,fim,2017,True,2026,"{'wins': 141, 'losses': 144, 'ties': 0, 'count': 285, 'winrate': 0.4947}","{'current': 1474.0, 'recent': 1469.0, 'mean': 1518.0, 'max': 1708.0}"
2086,6548,Perry RAMBOTS,USA,MI,fim,2017,True,2026,"{'wins': 195, 'losses': 170, 'ties': 1, 'count': 366, 'winrate': 0.5342}","{'current': 1512.0, 'recent': 1546.0, 'mean': 1561.0, 'max': 1623.0}"
2087,6556,Spartan Robotics 6556,USA,MI,fim,2017,True,2026,"{'wins': 95, 'losses': 132, 'ties': 0, 'count': 227, 'winrate': 0.4185}","{'current': 1462.0, 'recent': 1415.0, 'mean': 1447.0, 'max': 1508.0}"
2088,6558,Aluminum Sting,USA,MI,fim,2017,True,2026,"{'wins': 89, 'losses': 133, 'ties': 0, 'count': 222, 'winrate': 0.4009}","{'current': 1473.0, 'recent': 1429.0, 'mean': 1466.0, 'max': 1567.0}"
2089,6560,Charging Champions,USA,CA,ca,2017,True,2026,"{'wins': 198, 'losses': 138, 'ties': 0, 'count': 336, 'winrate': 0.5893}","{'current': 1548.0, 'recent': 1606.0, 'mean': 1596.0, 'max': 1754.0}"
2090,6566,Battering Rams,USA,MI,fim,2017,True,2026,"{'wins': 91, 'losses': 124, 'ties': 1, 'count': 216, 'winrate': 0.4236}","{'current': 1474.0, 'recent': 1486.0, 'mean': 1479.0, 'max': 1520.0}"
2091,6569,Gladiators,USA,MI,fim,2017,True,2026,"{'wins': 189, 'losses': 161, 'ties': 0, 'count': 350, 'winrate': 0.54}","{'current': 1477.0, 'recent': 1546.0, 'mean': 1568.0, 'max': 1863.0}"
2092,6570,Whiteford Bobcats,USA,MI,fim,2017,True,2026,"{'wins': 137, 'losses': 133, 'ties': 0, 'count': 270, 'winrate': 0.5074}","{'current': 1529.0, 'recent': 1550.0, 'mean': 1537.0, 'max': 1591.0}"
2093,6574,Ferradermis,USA,WI,win,2017,True,2026,"{'wins': 161, 'losses': 128, 'ties': 1, 'count': 290, 'winrate': 0.5569}","{'current': 1558.0, 'recent': 1586.0, 'mean': 1565.0, 'max': 1636.0}"
2094,6588,Counter-Torque Robotics,USA,MI,fim,2017,True,2026,"{'wins': 103, 'losses': 124, 'ties': 1, 'count': 228, 'winrate': 0.4539}","{'current': 1491.0, 'recent': 1471.0, 'mean': 1456.0, 'max': 1495.0}"
2095,6590,SaviTech,USA,NY,,2017,True,2026,"{'wins': 31, 'losses': 44, 'ties': 0, 'count': 75, 'winrate': 0.4133}","{'current': 1439.0, 'recent': 1455.0, 'mean': 1457.0, 'max': 1505.0}"
2096,6591,Panther Powered Robotics 6591,USA,MI,fim,2017,True,2026,"{'wins': 116, 'losses': 132, 'ties': 0, 'count': 248, 'winrate': 0.4677}","{'current': 1442.0, 'recent': 1448.0, 'mean': 1493.0, 'max': 1664.0}"
2097,6593,HyperDrive Robotics,USA,NY,,2017,True,2026,"{'wins': 54, 'losses': 49, 'ties': 1, 'count': 104, 'winrate': 0.524}","{'current': 1530.0, 'recent': 1480.0, 'mean': 1471.0, 'max': 1530.0}"
2098,6606,Prepa Tecmilenio Pink Hawks 6606,Mexico,,,2017,True,2026,"{'wins': 46, 'losses': 93, 'ties': 0, 'count': 139, 'winrate': 0.3309}","{'current': 1393.0, 'recent': 1416.0, 'mean': 1422.0, 'max': 1473.0}"
2099,6608,Prepa Tecmilenio - ARCADIA,Mexico,,,2017,True,2026,"{'wins': 45, 'losses': 66, 'ties': 1, 'count': 112, 'winrate': 0.4063}","{'current': 1307.0, 'recent': 1417.0, 'mean': 1431.0, 'max': 1542.0}"
2100,6610,Robot Roll Call,USA,MI,fim,2017,True,2026,"{'wins': 80, 'losses': 141, 'ties': 0, 'count': 221, 'winrate': 0.362}","{'current': 1470.0, 'recent': 1441.0, 'mean': 1434.0, 'max': 1475.0}"
2101,6615,Bellevillains,USA,MI,fim,2017,True,2026,"{'wins': 160, 'losses': 126, 'ties': 2, 'count': 288, 'winrate': 0.559}","{'current': 1637.0, 'recent': 1562.0, 'mean': 1534.0, 'max': 1647.0}"
2102,6616,Mechanical Pumas,USA,MI,fim,2017,True,2026,"{'wins': 98, 'losses': 122, 'ties': 0, 'count': 220, 'winrate': 0.4455}","{'current': 1479.0, 'recent': 1431.0, 'mean': 1451.0, 'max': 1502.0}"
2103,6618,WARHBOTS,USA,MI,fim,2017,True,2026,"{'wins': 192, 'losses': 158, 'ties': 0, 'count': 350, 'winrate': 0.5486}","{'current': 1482.0, 'recent': 1541.0, 'mean': 1568.0, 'max': 1648.0}"
2104,6619,GravitechX,USA,CA,ca,2017,True,2026,"{'wins': 83, 'losses': 105, 'ties': 1, 'count': 189, 'winrate': 0.4418}","{'current': 1575.0, 'recent': 1551.0, 'mean': 1507.0, 'max': 1703.0}"
2105,6620,Voltage Vikings,USA,RI,ne,2017,True,2026,"{'wins': 84, 'losses': 140, 'ties': 0, 'count': 224, 'winrate': 0.375}","{'current': 1492.0, 'recent': 1459.0, 'mean': 1467.0, 'max': 1508.0}"
2106,6621,Artemis,USA,NY,,2017,True,2026,"{'wins': 74, 'losses': 91, 'ties': 0, 'count': 165, 'winrate': 0.4485}","{'current': 1541.0, 'recent': 1548.0, 'mean': 1515.0, 'max': 1723.0}"
2107,6622,Stan Robotix,Canada,QC,,2017,True,2026,"{'wins': 36, 'losses': 53, 'ties': 0, 'count': 89, 'winrate': 0.4045}","{'current': 1457.0, 'recent': 1451.0, 'mean': 1450.0, 'max': 1481.0}"
2108,6628,KMS BOTKICKERS,USA,MN,,2017,True,2026,"{'wins': 40, 'losses': 60, 'ties': 0, 'count': 100, 'winrate': 0.4}","{'current': 1408.0, 'recent': 1441.0, 'mean': 1472.0, 'max': 1542.0}"
2109,6632,Northview Robotics,Canada,ON,ont,2017,True,2026,"{'wins': 75, 'losses': 124, 'ties': 0, 'count': 199, 'winrate': 0.3769}","{'current': 1469.0, 'recent': 1480.0, 'mean': 1504.0, 'max': 1534.0}"
2110,6637,BetaWolves,USA,MI,fim,2017,True,2026,"{'wins': 179, 'losses': 160, 'ties': 0, 'count': 339, 'winrate': 0.528}","{'current': 1560.0, 'recent': 1553.0, 'mean': 1565.0, 'max': 1698.0}"
2111,6639,The Mechanical Minds,USA,NC,fnc,2017,True,2026,"{'wins': 120, 'losses': 153, 'ties': 0, 'count': 273, 'winrate': 0.4396}","{'current': 1462.0, 'recent': 1474.0, 'mean': 1473.0, 'max': 1589.0}"
2112,6642,Stingers of Steel,USA,MI,fim,2017,True,2026,"{'wins': 88, 'losses': 139, 'ties': 0, 'count': 227, 'winrate': 0.3877}","{'current': 1456.0, 'recent': 1467.0, 'mean': 1465.0, 'max': 1509.0}"
2113,6643,Walnuts and Bolts,USA,WI,win,2017,True,2026,"{'wins': 36, 'losses': 73, 'ties': 0, 'count': 109, 'winrate': 0.3303}","{'current': 1505.0, 'recent': 1437.0, 'mean': 1418.0, 'max': 1505.0}"
2114,6645,Alloy Obsession,USA,TX,fit,2017,True,2026,"{'wins': 96, 'losses': 133, 'ties': 1, 'count': 230, 'winrate': 0.4196}","{'current': 1490.0, 'recent': 1473.0, 'mean': 1457.0, 'max': 1523.0}"
2115,6647,PrepaTec - VOLTEC,Mexico,,,2017,True,2026,"{'wins': 202, 'losses': 150, 'ties': 0, 'count': 352, 'winrate': 0.5739}","{'current': 1703.0, 'recent': 1589.0, 'mean': 1584.0, 'max': 1703.0}"
2116,6648,MechaSpartans,USA,NY,,2017,True,2026,"{'wins': 35, 'losses': 59, 'ties': 1, 'count': 95, 'winrate': 0.3737}","{'current': 1434.0, 'recent': 1419.0, 'mean': 1415.0, 'max': 1440.0}"
2117,6651,Golden Bots,USA,IL,,2017,True,2026,"{'wins': 83, 'losses': 101, 'ties': 0, 'count': 184, 'winrate': 0.4511}","{'current': 1490.0, 'recent': 1492.0, 'mean': 1492.0, 'max': 1538.0}"
2118,6652,Tigres,Mexico,,,2017,True,2026,"{'wins': 92, 'losses': 149, 'ties': 1, 'count': 242, 'winrate': 0.3822}","{'current': 1507.0, 'recent': 1475.0, 'mean': 1445.0, 'max': 1540.0}"
2119,6657,Arborbotics,USA,CA,ca,2017,True,2026,"{'wins': 89, 'losses': 100, 'ties': 1, 'count': 190, 'winrate': 0.4711}","{'current': 1475.0, 'recent': 1531.0, 'mean': 1502.0, 'max': 1581.0}"
2120,6658,Rockbotics,USA,CA,ca,2017,True,2026,"{'wins': 58, 'losses': 90, 'ties': 0, 'count': 148, 'winrate': 0.3919}","{'current': 1452.0, 'recent': 1441.0, 'mean': 1418.0, 'max': 1502.0}"
2121,6662,FalconX,USA,CA,ca,2017,True,2026,"{'wins': 65, 'losses': 97, 'ties': 0, 'count': 162, 'winrate': 0.4012}","{'current': 1466.0, 'recent': 1491.0, 'mean': 1482.0, 'max': 1562.0}"
2122,6665,C-Otters,USA,CA,ca,2017,True,2026,"{'wins': 74, 'losses': 104, 'ties': 0, 'count': 178, 'winrate': 0.4157}","{'current': 1417.0, 'recent': 1430.0, 'mean': 1443.0, 'max': 1542.0}"
2123,6672,Fusion Corps,USA,TX,fit,2017,True,2026,"{'wins': 292, 'losses': 137, 'ties': 0, 'count': 429, 'winrate': 0.6807}","{'current': 1550.0, 'recent': 1658.0, 'mean': 1648.0, 'max': 1766.0}"
2124,6676,Prepa Tecmilenio - Thunder Hawks - 6676,Mexico,,,2017,True,2026,"{'wins': 33, 'losses': 58, 'ties': 0, 'count': 91, 'winrate': 0.3626}","{'current': 1440.0, 'recent': 1385.0, 'mean': 1373.0, 'max': 1440.0}"
2125,6686,Bionic Broncos,USA,FL,,2017,True,2026,"{'wins': 26, 'losses': 50, 'ties': 0, 'count': 76, 'winrate': 0.3421}","{'current': 1360.0, 'recent': 1370.0, 'mean': 1395.0, 'max': 1454.0}"
2126,6690,MV roboPride,USA,NH,ne,2017,True,2026,"{'wins': 102, 'losses': 137, 'ties': 0, 'count': 239, 'winrate': 0.4268}","{'current': 1451.0, 'recent': 1469.0, 'mean': 1468.0, 'max': 1547.0}"
2127,6691,Torque,USA,NH,ne,2017,True,2026,"{'wins': 78, 'losses': 103, 'ties': 0, 'count': 181, 'winrate': 0.4309}","{'current': 1468.0, 'recent': 1442.0, 'mean': 1482.0, 'max': 1574.0}"
2128,6695,GalvaKnights,USA,CA,ca,2017,True,2026,"{'wins': 63, 'losses': 92, 'ties': 0, 'count': 155, 'winrate': 0.4065}","{'current': 1511.0, 'recent': 1457.0, 'mean': 1481.0, 'max': 1588.0}"
2129,6696,Cardinal Dynamics,USA,OR,pnw,2017,True,2026,"{'wins': 135, 'losses': 119, 'ties': 0, 'count': 254, 'winrate': 0.5315}","{'current': 1687.0, 'recent': 1533.0, 'mean': 1505.0, 'max': 1687.0}"
2130,6702,PrepaTec - StingBots,Mexico,,,2017,True,2026,"{'wins': 94, 'losses': 92, 'ties': 1, 'count': 187, 'winrate': 0.5053}","{'current': 1481.0, 'recent': 1489.0, 'mean': 1474.0, 'max': 1536.0}"
2131,6704,Mid Pacific Owl Robotics,USA,HI,,2017,True,2026,"{'wins': 57, 'losses': 93, 'ties': 0, 'count': 150, 'winrate': 0.38}","{'current': 1447.0, 'recent': 1469.0, 'mean': 1494.0, 'max': 1601.0}"
2132,6705,Wildcat5e,USA,GA,pch,2017,True,2026,"{'wins': 227, 'losses': 157, 'ties': 1, 'count': 385, 'winrate': 0.5909}","{'current': 1497.0, 'recent': 1514.0, 'mean': 1540.0, 'max': 1692.0}"
2133,6706,Golem,China,,,2017,True,2026,"{'wins': 60, 'losses': 53, 'ties': 1, 'count': 114, 'winrate': 0.5307}","{'current': 1634.0, 'recent': 1595.0, 'mean': 1543.0, 'max': 1656.0}"
2134,6709,S.P.U.D. INC,USA,MN,,2017,True,2026,"{'wins': 53, 'losses': 70, 'ties': 0, 'count': 123, 'winrate': 0.4309}","{'current': 1537.0, 'recent': 1527.0, 'mean': 1503.0, 'max': 1569.0}"
2135,6712,Mountaineers,USA,GA,pch,2017,True,2026,"{'wins': 111, 'losses': 161, 'ties': 1, 'count': 273, 'winrate': 0.4084}","{'current': 1415.0, 'recent': 1456.0, 'mean': 1432.0, 'max': 1571.0}"
2136,6721,Tindley Trailblazers,USA,IN,fin,2017,True,2026,"{'wins': 136, 'losses': 174, 'ties': 1, 'count': 311, 'winrate': 0.4389}","{'current': 1581.0, 'recent': 1537.0, 'mean': 1520.0, 'max': 1581.0}"
2137,6722,LED Robotics,USA,FL,,2017,True,2026,"{'wins': 87, 'losses': 85, 'ties': 0, 'count': 172, 'winrate': 0.5058}","{'current': 1489.0, 'recent': 1545.0, 'mean': 1512.0, 'max': 1678.0}"
2138,6725,WildBOTS,Canada,ON,ont,2017,True,2026,"{'wins': 83, 'losses': 124, 'ties': 1, 'count': 208, 'winrate': 0.4014}","{'current': 1420.0, 'recent': 1442.0, 'mean': 1481.0, 'max': 1571.0}"
2139,6729,RobCoBots,USA,NC,fnc,2017,True,2026,"{'wins': 169, 'losses': 157, 'ties': 0, 'count': 326, 'winrate': 0.5184}","{'current': 1507.0, 'recent': 1500.0, 'mean': 1498.0, 'max': 1565.0}"
2140,6731,Record Robotics,USA,MA,ne,2017,True,2026,"{'wins': 117, 'losses': 153, 'ties': 2, 'count': 272, 'winrate': 0.4338}","{'current': 1510.0, 'recent': 1509.0, 'mean': 1492.0, 'max': 1588.0}"
2141,6732,BHS RoboRaiders,USA,WI,win,2017,True,2026,"{'wins': 37, 'losses': 63, 'ties': 0, 'count': 100, 'winrate': 0.37}","{'current': 1507.0, 'recent': 1436.0, 'mean': 1434.0, 'max': 1507.0}"
2142,6738,Excalibur,Israel,,isr,2017,True,2026,"{'wins': 130, 'losses': 154, 'ties': 0, 'count': 284, 'winrate': 0.4577}","{'current': 1505.0, 'recent': 1533.0, 'mean': 1510.0, 'max': 1559.0}"
2143,6740,G3 - Glue Gun & Glitter,Israel,,isr,2017,True,2026,"{'wins': 130, 'losses': 156, 'ties': 0, 'count': 286, 'winrate': 0.4545}","{'current': 1535.0, 'recent': 1542.0, 'mean': 1502.0, 'max': 1602.0}"
2144,6743,Tiger Engineering,USA,FL,,2017,True,2026,"{'wins': 41, 'losses': 40, 'ties': 0, 'count': 81, 'winrate': 0.5062}","{'current': 1511.0, 'recent': 1531.0, 'mean': 1477.0, 'max': 1562.0}"
2145,6744,MEHLVILLE RC,USA,MO,,2017,True,2026,"{'wins': 41, 'losses': 50, 'ties': 0, 'count': 91, 'winrate': 0.4505}","{'current': 1476.0, 'recent': 1494.0, 'mean': 1488.0, 'max': 1532.0}"
2146,6749,tERAbytes,USA,MN,,2017,True,2026,"{'wins': 56, 'losses': 61, 'ties': 0, 'count': 117, 'winrate': 0.4786}","{'current': 1479.0, 'recent': 1514.0, 'mean': 1503.0, 'max': 1548.0}"
2147,6753,CBA RoboKings,USA,MI,fim,2017,True,2026,"{'wins': 170, 'losses': 172, 'ties': 0, 'count': 342, 'winrate': 0.4971}","{'current': 1592.0, 'recent': 1564.0, 'mean': 1597.0, 'max': 1707.0}"
2148,6758,Otternauts,USA,MN,,2017,True,2026,"{'wins': 49, 'losses': 70, 'ties': 1, 'count': 120, 'winrate': 0.4125}","{'current': 1506.0, 'recent': 1506.0, 'mean': 1494.0, 'max': 1524.0}"
2149,6762,Oscats,USA,NH,ne,2017,True,2026,"{'wins': 45, 'losses': 97, 'ties': 0, 'count': 142, 'winrate': 0.3169}","{'current': 1446.0, 'recent': 1432.0, 'mean': 1441.0, 'max': 1464.0}"
2150,6764,Flash Drives,USA,CA,ca,2017,True,2026,"{'wins': 31, 'losses': 74, 'ties': 0, 'count': 105, 'winrate': 0.2952}","{'current': 1370.0, 'recent': 1381.0, 'mean': 1389.0, 'max': 1421.0}"
2151,6766,AtomStorm,China,,,2017,True,2026,"{'wins': 44, 'losses': 45, 'ties': 0, 'count': 89, 'winrate': 0.4944}","{'current': 1675.0, 'recent': 1601.0, 'mean': 1504.0, 'max': 1675.0}"
2152,6768,Denison Robo-Jackets,USA,TX,fit,2017,True,2026,"{'wins': 95, 'losses': 113, 'ties': 1, 'count': 209, 'winrate': 0.4569}","{'current': 1415.0, 'recent': 1457.0, 'mean': 1468.0, 'max': 1584.0}"
2153,6772,The Marist Manta Rays,USA,GA,pch,2017,True,2026,"{'wins': 16, 'losses': 15, 'ties': 1, 'count': 32, 'winrate': 0.5156}","{'current': 1527.0, 'recent': 1527.0, 'mean': 1527.0, 'max': 1527.0}"
2154,6773,Max Throttle Mavericks,USA,TX,fit,2017,True,2026,"{'wins': 28, 'losses': 8, 'ties': 0, 'count': 36, 'winrate': 0.7778}","{'current': 1693.0, 'recent': 1693.0, 'mean': 1693.0, 'max': 1693.0}"
2155,6774,Oh-Kno Robo,USA,TN,,2017,True,2026,"{'wins': 4, 'losses': 6, 'ties': 0, 'count': 10, 'winrate': 0.4}","{'current': 1457.0, 'recent': 1457.0, 'mean': 1457.0, 'max': 1457.0}"
2156,6800,Valor,USA,TX,fit,2018,True,2026,"{'wins': 303, 'losses': 119, 'ties': 0, 'count': 422, 'winrate': 0.718}","{'current': 1775.0, 'recent': 1766.0, 'mean': 1718.0, 'max': 1789.0}"
2157,6802,Snot Otters,USA,VA,fch,2018,True,2026,"{'wins': 166, 'losses': 148, 'ties': 2, 'count': 316, 'winrate': 0.5285}","{'current': 1457.0, 'recent': 1555.0, 'mean': 1555.0, 'max': 1628.0}"
2158,6805,Quack Attack,USA,NE,,2018,True,2026,"{'wins': 41, 'losses': 53, 'ties': 0, 'count': 94, 'winrate': 0.4362}","{'current': 1432.0, 'recent': 1484.0, 'mean': 1475.0, 'max': 1524.0}"
2159,6806,Mineola Wild Reds,USA,NY,,2018,True,2026,"{'wins': 94, 'losses': 147, 'ties': 0, 'count': 241, 'winrate': 0.39}","{'current': 1480.0, 'recent': 1492.0, 'mean': 1503.0, 'max': 1542.0}"
2160,6808,William Tennent Robotics,USA,PA,fma,2018,True,2026,"{'wins': 92, 'losses': 142, 'ties': 0, 'count': 234, 'winrate': 0.3932}","{'current': 1457.0, 'recent': 1468.0, 'mean': 1462.0, 'max': 1527.0}"
2161,6809,Aviators,USA,OK,,2018,True,2026,"{'wins': 45, 'losses': 63, 'ties': 0, 'count': 108, 'winrate': 0.4167}","{'current': 1528.0, 'recent': 1491.0, 'mean': 1474.0, 'max': 1528.0}"
2162,6814,Ellipse,USA,CA,ca,2018,True,2026,"{'wins': 89, 'losses': 110, 'ties': 0, 'count': 199, 'winrate': 0.4472}","{'current': 1474.0, 'recent': 1474.0, 'mean': 1477.0, 'max': 1569.0}"
2163,6817,10 Factorial,USA,MO,,2018,True,2026,"{'wins': 47, 'losses': 65, 'ties': 0, 'count': 112, 'winrate': 0.4196}","{'current': 1468.0, 'recent': 1455.0, 'mean': 1443.0, 'max': 1510.0}"
2164,6822,THE SHISHKABOTS,USA,CA,ca,2018,True,2026,"{'wins': 53, 'losses': 90, 'ties': 0, 'count': 143, 'winrate': 0.3706}","{'current': 1418.0, 'recent': 1417.0, 'mean': 1421.0, 'max': 1485.0}"
2165,6824,LVA Robot Pigeons,USA,NV,,2018,True,2026,"{'wins': 46, 'losses': 54, 'ties': 0, 'count': 100, 'winrate': 0.46}","{'current': 1444.0, 'recent': 1432.0, 'mean': 1463.0, 'max': 1579.0}"
2166,6829,Ignite Robotics,USA,GA,pch,2018,True,2026,"{'wins': 228, 'losses': 149, 'ties': 0, 'count': 377, 'winrate': 0.6048}","{'current': 1624.0, 'recent': 1579.0, 'mean': 1564.0, 'max': 1633.0}"
2167,6831,A-05 Annex,USA,OR,pnw,2018,True,2026,"{'wins': 128, 'losses': 172, 'ties': 0, 'count': 300, 'winrate': 0.4267}","{'current': 1479.0, 'recent': 1521.0, 'mean': 1525.0, 'max': 1613.0}"
2168,6832,STEAMex,Mexico,,,2018,True,2026,"{'wins': 49, 'losses': 91, 'ties': 0, 'count': 140, 'winrate': 0.35}","{'current': 1357.0, 'recent': 1445.0, 'mean': 1435.0, 'max': 1518.0}"
2169,6833,Python Robotics,USA,AZ,,2018,True,2026,"{'wins': 79, 'losses': 106, 'ties': 0, 'count': 185, 'winrate': 0.427}","{'current': 1429.0, 'recent': 1436.0, 'mean': 1464.0, 'max': 1547.0}"
2170,6834,Bionic Warriors,USA,OH,,2018,True,2026,"{'wins': 28, 'losses': 52, 'ties': 0, 'count': 80, 'winrate': 0.35}","{'current': 1490.0, 'recent': 1470.0, 'mean': 1462.0, 'max': 1514.0}"
2171,6838,X-SHARC,Türkiye,,,2018,True,2026,"{'wins': 159, 'losses': 97, 'ties': 0, 'count': 256, 'winrate': 0.6211}","{'current': 1469.0, 'recent': 1561.0, 'mean': 1524.0, 'max': 1632.0}"
2172,6843,Guardian Gears,USA,MO,,2018,True,2026,"{'wins': 52, 'losses': 71, 'ties': 0, 'count': 123, 'winrate': 0.4228}","{'current': 1468.0, 'recent': 1425.0, 'mean': 1458.0, 'max': 1541.0}"
2173,6845,River Bots,USA,OR,pnw,2018,True,2026,"{'wins': 86, 'losses': 120, 'ties': 0, 'count': 206, 'winrate': 0.4175}","{'current': 1454.0, 'recent': 1419.0, 'mean': 1465.0, 'max': 1628.0}"
2174,6854,Viking Robotics,Canada,ON,ont,2018,True,2026,"{'wins': 78, 'losses': 120, 'ties': 0, 'count': 198, 'winrate': 0.3939}","{'current': 1434.0, 'recent': 1459.0, 'mean': 1464.0, 'max': 1502.0}"
2175,6859,Big Metal Lakers 6859- BML Robotics,Canada,ON,ont,2018,True,2026,"{'wins': 85, 'losses': 116, 'ties': 0, 'count': 201, 'winrate': 0.4229}","{'current': 1392.0, 'recent': 1441.0, 'mean': 1463.0, 'max': 1536.0}"
2176,6860,Equitum Robotics,USA,NJ,fma,2018,True,2026,"{'wins': 65, 'losses': 127, 'ties': 0, 'count': 192, 'winrate': 0.3385}","{'current': 1419.0, 'recent': 1392.0, 'mean': 1392.0, 'max': 1460.0}"
2177,6861,The Tyros Team,USA,MI,fim,2018,True,2026,"{'wins': 146, 'losses': 127, 'ties': 0, 'count': 273, 'winrate': 0.5348}","{'current': 1609.0, 'recent': 1566.0, 'mean': 1569.0, 'max': 1609.0}"
2178,6863,Squirrels,USA,MD,fch,2018,True,2026,"{'wins': 88, 'losses': 136, 'ties': 0, 'count': 224, 'winrate': 0.3929}","{'current': 1502.0, 'recent': 1503.0, 'mean': 1466.0, 'max': 1521.0}"
2179,6864,GryphTech Robotics,Canada,ON,ont,2018,True,2026,"{'wins': 93, 'losses': 161, 'ties': 0, 'count': 254, 'winrate': 0.3661}","{'current': 1448.0, 'recent': 1475.0, 'mean': 1467.0, 'max': 1511.0}"
2180,6865,Manitoulin Metal,Canada,ON,ont,2018,True,2026,"{'wins': 75, 'losses': 151, 'ties': 0, 'count': 226, 'winrate': 0.3319}","{'current': 1303.0, 'recent': 1450.0, 'mean': 1448.0, 'max': 1542.0}"
2181,6868,Cadet Robotics,USA,NY,,2018,True,2026,"{'wins': 42, 'losses': 55, 'ties': 1, 'count': 98, 'winrate': 0.4337}","{'current': 1559.0, 'recent': 1535.0, 'mean': 1512.0, 'max': 1559.0}"
2182,6869,Gladiateurs,Canada,QC,,2018,True,2026,"{'wins': 38, 'losses': 44, 'ties': 0, 'count': 82, 'winrate': 0.4634}","{'current': 1400.0, 'recent': 1417.0, 'mean': 1447.0, 'max': 1567.0}"
2183,6872,Panthera Ferro,Canada,QC,,2018,True,2026,"{'wins': 18, 'losses': 31, 'ties': 0, 'count': 49, 'winrate': 0.3673}","{'current': 1441.0, 'recent': 1440.0, 'mean': 1442.0, 'max': 1451.0}"
2184,6873,The Generals,USA,NY,,2018,True,2026,"{'wins': 26, 'losses': 42, 'ties': 0, 'count': 68, 'winrate': 0.3824}","{'current': 1495.0, 'recent': 1491.0, 'mean': 1453.0, 'max': 1521.0}"
2185,6874,Mediterra,Türkiye,,,2018,True,2026,"{'wins': 31, 'losses': 45, 'ties': 0, 'count': 76, 'winrate': 0.4079}","{'current': 1489.0, 'recent': 1472.0, 'mean': 1455.0, 'max': 1517.0}"
2186,6875,Amazon Warriors Robotics,Canada,ON,ont,2018,True,2026,"{'wins': 98, 'losses': 136, 'ties': 1, 'count': 235, 'winrate': 0.4191}","{'current': 1467.0, 'recent': 1472.0, 'mean': 1475.0, 'max': 1529.0}"
2187,6877,Mechanical Mustangs,USA,MI,fim,2018,True,2026,"{'wins': 83, 'losses': 123, 'ties': 0, 'count': 206, 'winrate': 0.4029}","{'current': 1547.0, 'recent': 1522.0, 'mean': 1509.0, 'max': 1547.0}"
2188,6880,Universal Serial Brawlers (USB),USA,NY,,2018,True,2026,"{'wins': 42, 'losses': 52, 'ties': 0, 'count': 94, 'winrate': 0.4468}","{'current': 1330.0, 'recent': 1371.0, 'mean': 1417.0, 'max': 1600.0}"
2189,6882,Fahrenheit Robotics,USA,VA,fch,2018,True,2026,"{'wins': 99, 'losses': 120, 'ties': 1, 'count': 220, 'winrate': 0.4523}","{'current': 1516.0, 'recent': 1427.0, 'mean': 1446.0, 'max': 1518.0}"
2190,6884,Deep-Space Robotics,USA,CA,ca,2018,True,2026,"{'wins': 52, 'losses': 111, 'ties': 0, 'count': 163, 'winrate': 0.319}","{'current': 1445.0, 'recent': 1480.0, 'mean': 1469.0, 'max': 1538.0}"
2191,6885,The Pilots,USA,CA,ca,2018,True,2026,"{'wins': 45, 'losses': 82, 'ties': 0, 'count': 127, 'winrate': 0.3543}","{'current': 1445.0, 'recent': 1411.0, 'mean': 1418.0, 'max': 1486.0}"
2192,6887,Dalton Catabots,USA,GA,pch,2018,True,2026,"{'wins': 96, 'losses': 152, 'ties': 0, 'count': 248, 'winrate': 0.3871}","{'current': 1461.0, 'recent': 1423.0, 'mean': 1423.0, 'max': 1485.0}"
2193,6888,Foothills Robotics,USA,NC,fnc,2018,True,2026,"{'wins': 93, 'losses': 136, 'ties': 1, 'count': 230, 'winrate': 0.4065}","{'current': 1494.0, 'recent': 1505.0, 'mean': 1490.0, 'max': 1557.0}"
2194,6894,Iced Java,USA,NC,fnc,2018,True,2026,"{'wins': 144, 'losses': 120, 'ties': 0, 'count': 264, 'winrate': 0.5455}","{'current': 1510.0, 'recent': 1535.0, 'mean': 1500.0, 'max': 1588.0}"
2195,6895,Mechanical Madness 4-H,USA,NH,ne,2018,True,2026,"{'wins': 68, 'losses': 121, 'ties': 1, 'count': 190, 'winrate': 0.3605}","{'current': 1433.0, 'recent': 1455.0, 'mean': 1443.0, 'max': 1475.0}"
2196,6896,CABOTS - Fresnillo PLC - Conalep Caborca,Mexico,,,2018,True,2026,"{'wins': 47, 'losses': 62, 'ties': 0, 'count': 109, 'winrate': 0.4312}","{'current': 1476.0, 'recent': 1422.0, 'mean': 1441.0, 'max': 1500.0}"
2197,6897,Astraea Robotics,USA,NJ,fma,2018,True,2026,"{'wins': 73, 'losses': 115, 'ties': 0, 'count': 188, 'winrate': 0.3883}","{'current': 1437.0, 'recent': 1481.0, 'mean': 1475.0, 'max': 1567.0}"
2198,6901,Knights Robotics,USA,TX,fit,2018,True,2026,"{'wins': 105, 'losses': 125, 'ties': 1, 'count': 231, 'winrate': 0.4567}","{'current': 1495.0, 'recent': 1470.0, 'mean': 1473.0, 'max': 1581.0}"
2199,6902,STRIKE,Brazil,,,2018,True,2026,"{'wins': 41, 'losses': 58, 'ties': 1, 'count': 100, 'winrate': 0.415}","{'current': 1364.0, 'recent': 1415.0, 'mean': 1432.0, 'max': 1476.0}"
2200,6904,TeraWatts,USA,CA,ca,2018,True,2026,"{'wins': 44, 'losses': 79, 'ties': 0, 'count': 123, 'winrate': 0.3577}","{'current': 1392.0, 'recent': 1422.0, 'mean': 1439.0, 'max': 1498.0}"
2201,6905,Raiders of the ARC- TEAR-A-BYTE,USA,GA,pch,2018,True,2026,"{'wins': 68, 'losses': 131, 'ties': 0, 'count': 199, 'winrate': 0.3417}","{'current': 1468.0, 'recent': 1389.0, 'mean': 1391.0, 'max': 1471.0}"
2202,6907,The G.O.A.T,China,,,2018,True,2026,"{'wins': 84, 'losses': 46, 'ties': 1, 'count': 131, 'winrate': 0.645}","{'current': 1685.0, 'recent': 1589.0, 'mean': 1587.0, 'max': 1685.0}"
2203,6908,Infuzed,USA,NC,fnc,2013,True,2026,"{'wins': 97, 'losses': 130, 'ties': 1, 'count': 228, 'winrate': 0.4276}","{'current': 1421.0, 'recent': 1397.0, 'mean': 1436.0, 'max': 1535.0}"
2204,6909,SAKURA Tempesta,Japan,,,2018,True,2026,"{'wins': 61, 'losses': 74, 'ties': 0, 'count': 135, 'winrate': 0.4519}","{'current': 1469.0, 'recent': 1474.0, 'mean': 1496.0, 'max': 1553.0}"
2205,6910,Mill Creek Steel Talons,USA,GA,pch,2018,True,2026,"{'wins': 87, 'losses': 135, 'ties': 0, 'count': 222, 'winrate': 0.3919}","{'current': 1446.0, 'recent': 1416.0, 'mean': 1425.0, 'max': 1449.0}"
2206,6911,SO BOTZ,USA,NY,,2018,True,2026,"{'wins': 123, 'losses': 128, 'ties': 0, 'count': 251, 'winrate': 0.49}","{'current': 1535.0, 'recent': 1564.0, 'mean': 1542.0, 'max': 1608.0}"
2207,6914,Retro5ive,USA,MI,fim,2018,True,2026,"{'wins': 91, 'losses': 128, 'ties': 0, 'count': 219, 'winrate': 0.4155}","{'current': 1551.0, 'recent': 1514.0, 'mean': 1511.0, 'max': 1551.0}"
2208,6916,Iron Thunder,USA,OH,,2018,True,2026,"{'wins': 15, 'losses': 34, 'ties': 0, 'count': 49, 'winrate': 0.3061}","{'current': 1411.0, 'recent': 1414.0, 'mean': 1428.0, 'max': 1492.0}"
2209,6918,Napa Cellar Rats,USA,CA,ca,2018,True,2026,"{'wins': 60, 'losses': 93, 'ties': 0, 'count': 153, 'winrate': 0.3922}","{'current': 1506.0, 'recent': 1498.0, 'mean': 1498.0, 'max': 1612.0}"
2210,6919,The Commodores,USA,GA,pch,2018,True,2026,"{'wins': 300, 'losses': 125, 'ties': 1, 'count': 426, 'winrate': 0.7054}","{'current': 1654.0, 'recent': 1664.0, 'mean': 1631.0, 'max': 1701.0}"
2211,6921,Technados,USA,NJ,fma,2018,True,2026,"{'wins': 103, 'losses': 125, 'ties': 0, 'count': 228, 'winrate': 0.4518}","{'current': 1538.0, 'recent': 1539.0, 'mean': 1508.0, 'max': 1569.0}"
2212,6925,W.A.Robotics,USA,GA,pch,2018,True,2026,"{'wins': 121, 'losses': 156, 'ties': 0, 'count': 277, 'winrate': 0.4368}","{'current': 1533.0, 'recent': 1526.0, 'mean': 1501.0, 'max': 1561.0}"
2213,6929,Cuivre & Or,Canada,QC,,2018,True,2026,"{'wins': 31, 'losses': 42, 'ties': 0, 'count': 73, 'winrate': 0.4247}","{'current': 1467.0, 'recent': 1490.0, 'mean': 1490.0, 'max': 1542.0}"
2214,6932,SMART,USA,NC,fnc,2018,True,2026,"{'wins': 80, 'losses': 152, 'ties': 0, 'count': 232, 'winrate': 0.3448}","{'current': 1378.0, 'recent': 1447.0, 'mean': 1446.0, 'max': 1496.0}"
2215,6933,Archytas,USA,VT,ne,2018,True,2026,"{'wins': 144, 'losses': 136, 'ties': 1, 'count': 281, 'winrate': 0.5142}","{'current': 1509.0, 'recent': 1573.0, 'mean': 1561.0, 'max': 1610.0}"
2216,6934,Scorps,USA,CA,ca,2018,True,2026,"{'wins': 50, 'losses': 71, 'ties': 0, 'count': 121, 'winrate': 0.4132}","{'current': 1576.0, 'recent': 1445.0, 'mean': 1462.0, 'max': 1576.0}"
2217,6936,Vault 6936,USA,OH,,2018,True,2026,"{'wins': 50, 'losses': 82, 'ties': 0, 'count': 132, 'winrate': 0.3788}","{'current': 1354.0, 'recent': 1470.0, 'mean': 1479.0, 'max': 1570.0}"
2218,6940,Violet Z,China,,,2018,True,2026,"{'wins': 47, 'losses': 49, 'ties': 0, 'count': 96, 'winrate': 0.4896}","{'current': 1580.0, 'recent': 1534.0, 'mean': 1490.0, 'max': 1637.0}"
2219,6941,IronPulse Robotics,China,,,2018,True,2026,"{'wins': 105, 'losses': 69, 'ties': 0, 'count': 174, 'winrate': 0.6034}","{'current': 1674.0, 'recent': 1608.0, 'mean': 1584.0, 'max': 1674.0}"
2220,6945,Children of the Corn,USA,NJ,fma,2018,True,2026,"{'wins': 92, 'losses': 125, 'ties': 0, 'count': 217, 'winrate': 0.424}","{'current': 1365.0, 'recent': 1419.0, 'mean': 1450.0, 'max': 1575.0}"
2221,6947,Savage Tumaz,Chinese Taipei,,,2018,True,2026,"{'wins': 62, 'losses': 65, 'ties': 1, 'count': 128, 'winrate': 0.4883}","{'current': 1477.0, 'recent': 1520.0, 'mean': 1499.0, 'max': 1624.0}"
2222,6948,EAGLES,Türkiye,,,2018,True,2026,"{'wins': 74, 'losses': 63, 'ties': 0, 'count': 137, 'winrate': 0.5401}","{'current': 1635.0, 'recent': 1568.0, 'mean': 1547.0, 'max': 1635.0}"
2223,6956,SHAM-ROCK-BOTICS ☘,USA,IN,fin,2018,True,2026,"{'wins': 129, 'losses': 157, 'ties': 0, 'count': 286, 'winrate': 0.451}","{'current': 1495.0, 'recent': 1539.0, 'mean': 1520.0, 'max': 1591.0}"
2224,6961,SIbots,USA,SC,fsc,2018,True,2026,"{'wins': 60, 'losses': 92, 'ties': 0, 'count': 152, 'winrate': 0.3947}","{'current': 1416.0, 'recent': 1426.0, 'mean': 1414.0, 'max': 1463.0}"
2225,6962,Antares,USA,CA,ca,2018,True,2026,"{'wins': 74, 'losses': 68, 'ties': 1, 'count': 143, 'winrate': 0.521}","{'current': 1703.0, 'recent': 1567.0, 'mean': 1544.0, 'max': 1703.0}"
2226,6963,Blood Sweat and Gears,USA,MI,fim,2018,True,2026,"{'wins': 87, 'losses': 100, 'ties': 0, 'count': 187, 'winrate': 0.4652}","{'current': 1466.0, 'recent': 1462.0, 'mean': 1473.0, 'max': 1544.0}"
2227,6964,BearBots (FRC),USA,OH,,2018,True,2026,"{'wins': 63, 'losses': 90, 'ties': 0, 'count': 153, 'winrate': 0.4118}","{'current': 1444.0, 'recent': 1511.0, 'mean': 1514.0, 'max': 1567.0}"
2228,6969,Cyborgs6969,USA,NY,,2018,True,2026,"{'wins': 45, 'losses': 77, 'ties': 0, 'count': 122, 'winrate': 0.3689}","{'current': 1397.0, 'recent': 1432.0, 'mean': 1439.0, 'max': 1494.0}"
2229,6974,Zia Robotics,USA,NM,fit,2018,True,2026,"{'wins': 77, 'losses': 115, 'ties': 0, 'count': 192, 'winrate': 0.401}","{'current': 1469.0, 'recent': 1465.0, 'mean': 1468.0, 'max': 1538.0}"
2230,6975,The Neil McNeil Brotherhood Bots,Canada,ON,ont,2018,True,2026,"{'wins': 45, 'losses': 95, 'ties': 0, 'count': 140, 'winrate': 0.3214}","{'current': 1438.0, 'recent': 1418.0, 'mean': 1417.0, 'max': 1440.0}"
2231,6978,QuickStrike Niagara,Canada,ON,ont,2018,True,2026,"{'wins': 132, 'losses': 127, 'ties': 1, 'count': 260, 'winrate': 0.5096}","{'current': 1563.0, 'recent': 1561.0, 'mean': 1535.0, 'max': 1612.0}"
2232,6981,Clockwork Concord,USA,CA,ca,2018,True,2026,"{'wins': 30, 'losses': 66, 'ties': 0, 'count': 96, 'winrate': 0.3125}","{'current': 1361.0, 'recent': 1375.0, 'mean': 1387.0, 'max': 1456.0}"
2233,6985,ENKA TECH,Türkiye,,,2018,True,2026,"{'wins': 82, 'losses': 55, 'ties': 0, 'count': 137, 'winrate': 0.5985}","{'current': 1606.0, 'recent': 1560.0, 'mean': 1551.0, 'max': 1606.0}"
2234,6986,PPT Bots,China,,,2018,True,2026,"{'wins': 43, 'losses': 26, 'ties': 0, 'count': 69, 'winrate': 0.6232}","{'current': 1635.0, 'recent': 1635.0, 'mean': 1568.0, 'max': 1635.0}"
2235,6988,ACI35,Türkiye,,,2018,True,2026,"{'wins': 64, 'losses': 88, 'ties': 0, 'count': 152, 'winrate': 0.4211}","{'current': 1439.0, 'recent': 1382.0, 'mean': 1431.0, 'max': 1536.0}"
2236,6989,KAISER,Türkiye,,,2018,True,2026,"{'wins': 96, 'losses': 100, 'ties': 0, 'count': 196, 'winrate': 0.4898}","{'current': 1605.0, 'recent': 1528.0, 'mean': 1524.0, 'max': 1605.0}"
2237,6995,NOMAD,USA,CA,ca,2018,True,2026,"{'wins': 174, 'losses': 89, 'ties': 0, 'count': 263, 'winrate': 0.6616}","{'current': 1696.0, 'recent': 1649.0, 'mean': 1589.0, 'max': 1700.0}"
2238,6996,Koalafied,Australia,,,2018,True,2026,"{'wins': 77, 'losses': 50, 'ties': 0, 'count': 127, 'winrate': 0.6063}","{'current': 1553.0, 'recent': 1544.0, 'mean': 1525.0, 'max': 1565.0}"
2239,6998,Unipards,Chinese Taipei,,,2018,True,2026,"{'wins': 58, 'losses': 56, 'ties': 0, 'count': 114, 'winrate': 0.5088}","{'current': 1540.0, 'recent': 1518.0, 'mean': 1504.0, 'max': 1544.0}"
2240,7002,风云蹦豆,China,,,2018,True,2026,"{'wins': 10, 'losses': 14, 'ties': 0, 'count': 24, 'winrate': 0.4167}","{'current': 1512.0, 'recent': 1471.0, 'mean': 1461.0, 'max': 1512.0}"
2241,7018,EOLOTICS - Peñoles,Mexico,,,2018,True,2026,"{'wins': 37, 'losses': 63, 'ties': 0, 'count': 100, 'winrate': 0.37}","{'current': 1344.0, 'recent': 1413.0, 'mean': 1420.0, 'max': 1510.0}"
2242,7019,Rubber Ducks,USA,MN,,2018,True,2026,"{'wins': 27, 'losses': 39, 'ties': 0, 'count': 66, 'winrate': 0.4091}","{'current': 1405.0, 'recent': 1474.0, 'mean': 1452.0, 'max': 1524.0}"
2243,7028,Binary Battalion,USA,MN,,2018,True,2026,"{'wins': 135, 'losses': 82, 'ties': 0, 'count': 217, 'winrate': 0.6221}","{'current': 1603.0, 'recent': 1669.0, 'mean': 1640.0, 'max': 1740.0}"
2244,7030,The ROBOlympians,USA,NY,,2018,True,2026,"{'wins': 37, 'losses': 40, 'ties': 0, 'count': 77, 'winrate': 0.4805}","{'current': 1416.0, 'recent': 1447.0, 'mean': 1450.0, 'max': 1482.0}"
2245,7031,Duanesburg Jr./Sr. High School,USA,NY,,2018,True,2026,"{'wins': 25, 'losses': 39, 'ties': 0, 'count': 64, 'winrate': 0.3906}","{'current': 1443.0, 'recent': 1443.0, 'mean': 1445.0, 'max': 1466.0}"
2246,7033,Manna Roosters 7033,Brazil,,,2018,True,2026,"{'wins': 54, 'losses': 52, 'ties': 0, 'count': 106, 'winrate': 0.5094}","{'current': 1459.0, 'recent': 1465.0, 'mean': 1449.0, 'max': 1515.0}"
2247,7034,2B Determined,USA,OR,pnw,2018,True,2026,"{'wins': 200, 'losses': 141, 'ties': 0, 'count': 341, 'winrate': 0.5865}","{'current': 1560.0, 'recent': 1629.0, 'mean': 1597.0, 'max': 1768.0}"
2248,7035,MEF Thunders,Türkiye,,,2018,True,2026,"{'wins': 46, 'losses': 54, 'ties': 0, 'count': 100, 'winrate': 0.46}","{'current': 1409.0, 'recent': 1440.0, 'mean': 1440.0, 'max': 1499.0}"
2249,7036,The Beta Bots,USA,NY,,2018,True,2026,"{'wins': 26, 'losses': 40, 'ties': 0, 'count': 66, 'winrate': 0.3939}","{'current': 1436.0, 'recent': 1442.0, 'mean': 1439.0, 'max': 1483.0}"
2250,7037,Jeunes D'Argent - FresnilloPLC,Mexico,,,2018,True,2026,"{'wins': 30, 'losses': 48, 'ties': 0, 'count': 78, 'winrate': 0.3846}","{'current': 1404.0, 'recent': 1405.0, 'mean': 1398.0, 'max': 1456.0}"
2251,7038,Totino-Grace Pizza Pi's,USA,MN,,2018,True,2026,"{'wins': 48, 'losses': 73, 'ties': 0, 'count': 121, 'winrate': 0.3967}","{'current': 1389.0, 'recent': 1460.0, 'mean': 1466.0, 'max': 1534.0}"
2252,7039,❌⭕,Israel,,isr,2018,True,2026,"{'wins': 171, 'losses': 148, 'ties': 0, 'count': 319, 'winrate': 0.5361}","{'current': 1564.0, 'recent': 1611.0, 'mean': 1606.0, 'max': 1676.0}"
2253,7041,Doomsday Dogs,USA,MN,,2018,True,2026,"{'wins': 27, 'losses': 32, 'ties': 1, 'count': 60, 'winrate': 0.4583}","{'current': 1443.0, 'recent': 1434.0, 'mean': 1471.0, 'max': 1531.0}"
2254,7042,Poly Rabbotics,USA,CA,ca,2018,True,2026,"{'wins': 114, 'losses': 105, 'ties': 0, 'count': 219, 'winrate': 0.5205}","{'current': 1476.0, 'recent': 1550.0, 'mean': 1528.0, 'max': 1598.0}"
2255,7045,MCCrusaders,USA,NJ,fma,2018,True,2026,"{'wins': 121, 'losses': 113, 'ties': 0, 'count': 234, 'winrate': 0.5171}","{'current': 1533.0, 'recent': 1557.0, 'mean': 1516.0, 'max': 1596.0}"
2256,7048,Red River Rage,USA,ND,,2018,True,2026,"{'wins': 78, 'losses': 114, 'ties': 0, 'count': 192, 'winrate': 0.4063}","{'current': 1480.0, 'recent': 1504.0, 'mean': 1498.0, 'max': 1563.0}"
2257,7050,SARNIC,Türkiye,,,2018,True,2026,"{'wins': 25, 'losses': 28, 'ties': 0, 'count': 53, 'winrate': 0.4717}","{'current': 1490.0, 'recent': 1467.0, 'mean': 1457.0, 'max': 1490.0}"
2258,7054,SC Sailors,USA,MI,fim,2018,True,2026,"{'wins': 136, 'losses': 138, 'ties': 0, 'count': 274, 'winrate': 0.4964}","{'current': 1626.0, 'recent': 1560.0, 'mean': 1541.0, 'max': 1626.0}"
2259,7056,The F.A.S.T. Team - Fowlerville Area Scientific Technicians,USA,MI,fim,2018,True,2026,"{'wins': 177, 'losses': 147, 'ties': 4, 'count': 328, 'winrate': 0.5457}","{'current': 1617.0, 'recent': 1621.0, 'mean': 1598.0, 'max': 1642.0}"
2260,7058,StrathDroids,Canada,ON,ont,2018,True,2026,"{'wins': 85, 'losses': 107, 'ties': 0, 'count': 192, 'winrate': 0.4427}","{'current': 1442.0, 'recent': 1495.0, 'mean': 1516.0, 'max': 1596.0}"
2261,7064,Voltron Robotics,USA,KS,,2018,True,2026,"{'wins': 37, 'losses': 63, 'ties': 0, 'count': 100, 'winrate': 0.37}","{'current': 1492.0, 'recent': 1465.0, 'mean': 1461.0, 'max': 1497.0}"
2262,7067,Team Streak,Israel,,isr,2018,True,2026,"{'wins': 127, 'losses': 128, 'ties': 1, 'count': 256, 'winrate': 0.498}","{'current': 1482.0, 'recent': 1528.0, 'mean': 1518.0, 'max': 1587.0}"
2263,7068,Mechanical Masterminds,USA,MN,,2018,True,2026,"{'wins': 71, 'losses': 82, 'ties': 0, 'count': 153, 'winrate': 0.4641}","{'current': 1514.0, 'recent': 1538.0, 'mean': 1525.0, 'max': 1570.0}"
2264,7072,O.G.R.E. (Opelika's Greatest Robotics Engineers),USA,AL,,2018,True,2026,"{'wins': 92, 'losses': 95, 'ties': 0, 'count': 187, 'winrate': 0.492}","{'current': 1572.0, 'recent': 1530.0, 'mean': 1527.0, 'max': 1576.0}"
2265,7085,Wired Warriors,USA,SC,fsc,2018,True,2026,"{'wins': 79, 'losses': 93, 'ties': 0, 'count': 172, 'winrate': 0.4593}","{'current': 1492.0, 'recent': 1451.0, 'mean': 1453.0, 'max': 1497.0}"
2266,7086,IOROBOT,Türkiye,,,2018,True,2026,"{'wins': 49, 'losses': 41, 'ties': 0, 'count': 90, 'winrate': 0.5444}","{'current': 1435.0, 'recent': 1476.0, 'mean': 1486.0, 'max': 1527.0}"
2267,7088,Somerset Robodogs,USA,TX,fit,2018,True,2026,"{'wins': 92, 'losses': 128, 'ties': 0, 'count': 220, 'winrate': 0.4182}","{'current': 1442.0, 'recent': 1449.0, 'mean': 1452.0, 'max': 1504.0}"
2268,7091,KnightOwls,USA,TX,fit,2018,True,2026,"{'wins': 61, 'losses': 103, 'ties': 1, 'count': 165, 'winrate': 0.3727}","{'current': 1423.0, 'recent': 1407.0, 'mean': 1405.0, 'max': 1447.0}"
2269,7094,Alpha Omega,USA,MS,,2018,True,2026,"{'wins': 70, 'losses': 77, 'ties': 1, 'count': 148, 'winrate': 0.4764}","{'current': 1506.0, 'recent': 1509.0, 'mean': 1490.0, 'max': 1542.0}"
2270,7102,PrepaTec - Daedalus,Mexico,,,2018,True,2026,"{'wins': 89, 'losses': 89, 'ties': 0, 'count': 178, 'winrate': 0.5}","{'current': 1522.0, 'recent': 1505.0, 'mean': 1465.0, 'max': 1555.0}"
2271,7103,Robo Remedy @ Manitowoc Lutheran High School,USA,WI,win,2018,True,2026,"{'wins': 82, 'losses': 97, 'ties': 0, 'count': 179, 'winrate': 0.4581}","{'current': 1513.0, 'recent': 1557.0, 'mean': 1540.0, 'max': 1622.0}"
2272,7104,The Bot Brothers,USA,GA,pch,2018,True,2026,"{'wins': 91, 'losses': 125, 'ties': 1, 'count': 217, 'winrate': 0.4217}","{'current': 1453.0, 'recent': 1452.0, 'mean': 1462.0, 'max': 1550.0}"
2273,7109,Clare Chaos Theory,USA,MI,fim,2018,True,2026,"{'wins': 68, 'losses': 104, 'ties': 0, 'count': 172, 'winrate': 0.3953}","{'current': 1477.0, 'recent': 1427.0, 'mean': 1430.0, 'max': 1477.0}"
2274,7110,Heights Bytes,USA,NJ,fma,2018,True,2026,"{'wins': 116, 'losses': 132, 'ties': 0, 'count': 248, 'winrate': 0.4677}","{'current': 1441.0, 'recent': 1493.0, 'mean': 1499.0, 'max': 1567.0}"
2275,7111,RAD Robotics,USA,AL,,2018,True,2026,"{'wins': 73, 'losses': 78, 'ties': 0, 'count': 151, 'winrate': 0.4834}","{'current': 1475.0, 'recent': 1511.0, 'mean': 1506.0, 'max': 1586.0}"
2276,7112,EverGreen,Israel,,isr,2018,True,2026,"{'wins': 107, 'losses': 140, 'ties': 0, 'count': 247, 'winrate': 0.4332}","{'current': 1506.0, 'recent': 1500.0, 'mean': 1481.0, 'max': 1566.0}"
2277,7113,Control Rising,Australia,,,2018,True,2026,"{'wins': 16, 'losses': 26, 'ties': 0, 'count': 42, 'winrate': 0.381}","{'current': 1444.0, 'recent': 1424.0, 'mean': 1409.0, 'max': 1444.0}"
2278,7115,Red Lion Bots,USA,TX,fit,2018,True,2026,"{'wins': 75, 'losses': 108, 'ties': 2, 'count': 185, 'winrate': 0.4108}","{'current': 1378.0, 'recent': 1383.0, 'mean': 1393.0, 'max': 1437.0}"
2279,7117,Robotic Dragons,USA,MO,,2018,True,2026,"{'wins': 39, 'losses': 37, 'ties': 1, 'count': 77, 'winrate': 0.513}","{'current': 1476.0, 'recent': 1437.0, 'mean': 1433.0, 'max': 1476.0}"
2280,7119,Sunset RoboBison,USA,TX,fit,2018,True,2026,"{'wins': 88, 'losses': 112, 'ties': 0, 'count': 200, 'winrate': 0.44}","{'current': 1575.0, 'recent': 1502.0, 'mean': 1479.0, 'max': 1575.0}"
2281,7121,Keller Fusion Robotics,USA,TX,fit,2018,True,2026,"{'wins': 128, 'losses': 138, 'ties': 1, 'count': 267, 'winrate': 0.4813}","{'current': 1387.0, 'recent': 1524.0, 'mean': 1521.0, 'max': 1616.0}"
2282,7125,Tigerbotics,USA,TX,fit,2018,True,2026,"{'wins': 63, 'losses': 119, 'ties': 0, 'count': 182, 'winrate': 0.3462}","{'current': 1421.0, 'recent': 1406.0, 'mean': 1401.0, 'max': 1436.0}"
2283,7127,LongMetal Robotics,USA,MA,ne,2018,True,2026,"{'wins': 122, 'losses': 118, 'ties': 1, 'count': 241, 'winrate': 0.5083}","{'current': 1582.0, 'recent': 1537.0, 'mean': 1545.0, 'max': 1634.0}"
2284,7128,XLR8,Australia,,,2018,True,2026,"{'wins': 41, 'losses': 57, 'ties': 0, 'count': 98, 'winrate': 0.4184}","{'current': 1407.0, 'recent': 1455.0, 'mean': 1455.0, 'max': 1508.0}"
2285,7130,Future Shock,Chinese Taipei,,,2018,True,2026,"{'wins': 48, 'losses': 66, 'ties': 0, 'count': 114, 'winrate': 0.4211}","{'current': 1488.0, 'recent': 1487.0, 'mean': 1498.0, 'max': 1613.0}"
2286,7135,System Reset,Canada,BC,,2018,True,2026,"{'wins': 40, 'losses': 45, 'ties': 0, 'count': 85, 'winrate': 0.4706}","{'current': 1429.0, 'recent': 1414.0, 'mean': 1427.0, 'max': 1461.0}"
2287,7137,Project 212,USA,CA,ca,2018,True,2026,"{'wins': 90, 'losses': 96, 'ties': 0, 'count': 186, 'winrate': 0.4839}","{'current': 1554.0, 'recent': 1517.0, 'mean': 1489.0, 'max': 1554.0}"
2288,7138,Wing It,USA,TX,fit,2018,True,2026,"{'wins': 53, 'losses': 88, 'ties': 0, 'count': 141, 'winrate': 0.3759}","{'current': 1392.0, 'recent': 1394.0, 'mean': 1412.0, 'max': 1491.0}"
2289,7145,RoboHawks,USA,MI,fim,2018,True,2026,"{'wins': 78, 'losses': 118, 'ties': 1, 'count': 197, 'winrate': 0.3985}","{'current': 1459.0, 'recent': 1430.0, 'mean': 1418.0, 'max': 1461.0}"
2290,7147,Rising Falcons,USA,MI,fim,2018,True,2026,"{'wins': 61, 'losses': 102, 'ties': 0, 'count': 163, 'winrate': 0.3742}","{'current': 1492.0, 'recent': 1464.0, 'mean': 1462.0, 'max': 1520.0}"
2291,7153,Aetos Dios (Eagles of Zeus),USA,CT,ne,2018,True,2026,"{'wins': 155, 'losses': 174, 'ties': 0, 'count': 329, 'winrate': 0.4711}","{'current': 1473.0, 'recent': 1548.0, 'mean': 1506.0, 'max': 1613.0}"
2292,7155,The Robotic Rangers,USA,MI,fim,2018,True,2026,"{'wins': 72, 'losses': 119, 'ties': 0, 'count': 191, 'winrate': 0.377}","{'current': 1477.0, 'recent': 1434.0, 'mean': 1444.0, 'max': 1479.0}"
2293,7157,μBotics,USA,CA,ca,2018,True,2026,"{'wins': 170, 'losses': 110, 'ties': 1, 'count': 281, 'winrate': 0.6068}","{'current': 1518.0, 'recent': 1661.0, 'mean': 1587.0, 'max': 1774.0}"
2294,7160,Ludington O-Bots,USA,MI,fim,2018,True,2026,"{'wins': 151, 'losses': 125, 'ties': 0, 'count': 276, 'winrate': 0.5471}","{'current': 1558.0, 'recent': 1564.0, 'mean': 1572.0, 'max': 1651.0}"
2295,7163,A.I. Metal Pies,Australia,,,2018,True,2026,"{'wins': 26, 'losses': 41, 'ties': 0, 'count': 67, 'winrate': 0.3881}","{'current': 1451.0, 'recent': 1446.0, 'mean': 1443.0, 'max': 1466.0}"
2296,7165,Perkins Pirates,USA,OH,,2018,True,2026,"{'wins': 69, 'losses': 78, 'ties': 1, 'count': 148, 'winrate': 0.4696}","{'current': 1466.0, 'recent': 1527.0, 'mean': 1524.0, 'max': 1596.0}"
2297,7166,Red Thunder Robotics,USA,MI,fim,2018,True,2026,"{'wins': 175, 'losses': 117, 'ties': 1, 'count': 293, 'winrate': 0.599}","{'current': 1720.0, 'recent': 1642.0, 'mean': 1596.0, 'max': 1720.0}"
2298,7174,Charger Robotics,USA,MI,fim,2018,True,2026,"{'wins': 189, 'losses': 147, 'ties': 0, 'count': 336, 'winrate': 0.5625}","{'current': 1612.0, 'recent': 1588.0, 'mean': 1565.0, 'max': 1628.0}"
2299,7177,Turismo,Israel,,isr,2018,True,2026,"{'wins': 91, 'losses': 141, 'ties': 0, 'count': 232, 'winrate': 0.3922}","{'current': 1432.0, 'recent': 1443.0, 'mean': 1475.0, 'max': 1559.0}"
2300,7178,Yeti,USA,MI,fim,2018,True,2026,"{'wins': 141, 'losses': 136, 'ties': 0, 'count': 277, 'winrate': 0.509}","{'current': 1506.0, 'recent': 1547.0, 'mean': 1554.0, 'max': 1659.0}"
2301,7183,W.A.R.,USA,NV,,2018,True,2026,"{'wins': 36, 'losses': 45, 'ties': 0, 'count': 81, 'winrate': 0.4444}","{'current': 1478.0, 'recent': 1467.0, 'mean': 1466.0, 'max': 1509.0}"
2302,7188,SaddleBots,USA,MI,fim,2018,True,2026,"{'wins': 88, 'losses': 112, 'ties': 0, 'count': 200, 'winrate': 0.44}","{'current': 1631.0, 'recent': 1526.0, 'mean': 1483.0, 'max': 1631.0}"
2303,7190,Vancouver Rainstorms,Canada,BC,,2018,True,2026,"{'wins': 57, 'losses': 67, 'ties': 0, 'count': 124, 'winrate': 0.4597}","{'current': 1400.0, 'recent': 1423.0, 'mean': 1459.0, 'max': 1596.0}"
2304,7195,Twin River Robotics,USA,MI,fim,2018,True,2026,"{'wins': 98, 'losses': 129, 'ties': 0, 'count': 227, 'winrate': 0.4317}","{'current': 1562.0, 'recent': 1501.0, 'mean': 1488.0, 'max': 1562.0}"
2305,7196,Tech Tigers,USA,MI,fim,2018,True,2026,"{'wins': 103, 'losses': 118, 'ties': 0, 'count': 221, 'winrate': 0.4661}","{'current': 1531.0, 'recent': 1495.0, 'mean': 1491.0, 'max': 1597.0}"
2306,7197,Mountie Megabots,USA,MI,fim,2018,True,2026,"{'wins': 172, 'losses': 139, 'ties': 0, 'count': 311, 'winrate': 0.5531}","{'current': 1593.0, 'recent': 1597.0, 'mean': 1562.0, 'max': 1651.0}"
2307,7198,TL Fearsome Gears,USA,IN,fin,2018,True,2026,"{'wins': 88, 'losses': 139, 'ties': 0, 'count': 227, 'winrate': 0.3877}","{'current': 1420.0, 'recent': 1461.0, 'mean': 1481.0, 'max': 1612.0}"
2308,7200,Banting Robotics,Canada,ON,ont,2018,True,2026,"{'wins': 107, 'losses': 124, 'ties': 0, 'count': 231, 'winrate': 0.4632}","{'current': 1548.0, 'recent': 1544.0, 'mean': 1526.0, 'max': 1585.0}"
2309,7201,Crobotics,Croatia,,,2018,True,2026,"{'wins': 30, 'losses': 37, 'ties': 0, 'count': 67, 'winrate': 0.4478}","{'current': 1442.0, 'recent': 1435.0, 'mean': 1442.0, 'max': 1481.0}"
2310,7202,Cyber Orioles,USA,MI,fim,2018,True,2026,"{'wins': 79, 'losses': 99, 'ties': 1, 'count': 179, 'winrate': 0.4441}","{'current': 1497.0, 'recent': 1504.0, 'mean': 1505.0, 'max': 1523.0}"
2311,7203,Cyber Bearcats,USA,MI,fim,2018,True,2026,"{'wins': 56, 'losses': 106, 'ties': 0, 'count': 162, 'winrate': 0.3457}","{'current': 1321.0, 'recent': 1385.0, 'mean': 1392.0, 'max': 1451.0}"
2312,7210,RoboJackets  7210,USA,MI,fim,2018,True,2026,"{'wins': 57, 'losses': 128, 'ties': 1, 'count': 186, 'winrate': 0.3091}","{'current': 1429.0, 'recent': 1435.0, 'mean': 1429.0, 'max': 1494.0}"
2313,7211,Hollywood,USA,MI,fim,2018,True,2026,"{'wins': 198, 'losses': 153, 'ties': 0, 'count': 351, 'winrate': 0.5641}","{'current': 1570.0, 'recent': 1631.0, 'mean': 1610.0, 'max': 1696.0}"
2314,7220,Steel Falcons,USA,MI,fim,2018,True,2026,"{'wins': 122, 'losses': 113, 'ties': 1, 'count': 236, 'winrate': 0.5191}","{'current': 1607.0, 'recent': 1554.0, 'mean': 1535.0, 'max': 1617.0}"
2315,7221,Viking Robotics,USA,MI,fim,2018,True,2026,"{'wins': 62, 'losses': 114, 'ties': 0, 'count': 176, 'winrate': 0.3523}","{'current': 1444.0, 'recent': 1433.0, 'mean': 1432.0, 'max': 1473.0}"
2316,7225,Mechatronic Mustangs,USA,MI,fim,2018,True,2026,"{'wins': 112, 'losses': 136, 'ties': 0, 'count': 248, 'winrate': 0.4516}","{'current': 1475.0, 'recent': 1495.0, 'mean': 1535.0, 'max': 1665.0}"
2317,7226,Error 404,USA,MI,fim,2018,True,2026,"{'wins': 136, 'losses': 144, 'ties': 1, 'count': 281, 'winrate': 0.4858}","{'current': 1529.0, 'recent': 1556.0, 'mean': 1532.0, 'max': 1641.0}"
2318,7230,Mythic Mechanix,USA,CA,ca,2018,True,2026,"{'wins': 55, 'losses': 54, 'ties': 0, 'count': 109, 'winrate': 0.5046}","{'current': 1483.0, 'recent': 1464.0, 'mean': 1458.0, 'max': 1544.0}"
2319,7235,Red Lake Ogichidaag,USA,MN,,2018,True,2026,"{'wins': 33, 'losses': 71, 'ties': 0, 'count': 104, 'winrate': 0.3173}","{'current': 1462.0, 'recent': 1449.0, 'mean': 1437.0, 'max': 1469.0}"
2320,7245,LionBot Robotics,USA,CA,ca,2018,True,2026,"{'wins': 43, 'losses': 72, 'ties': 0, 'count': 115, 'winrate': 0.3739}","{'current': 1466.0, 'recent': 1435.0, 'mean': 1431.0, 'max': 1478.0}"
2321,7247,Magical Smurfs,USA,MI,fim,2018,True,2026,"{'wins': 61, 'losses': 90, 'ties': 0, 'count': 151, 'winrate': 0.404}","{'current': 1495.0, 'recent': 1455.0, 'mean': 1451.0, 'max': 1497.0}"
2322,7248,Tactical Hams,USA,MI,fim,2018,True,2026,"{'wins': 66, 'losses': 127, 'ties': 0, 'count': 193, 'winrate': 0.342}","{'current': 1462.0, 'recent': 1465.0, 'mean': 1465.0, 'max': 1478.0}"
2323,7250,OsCODEa 0w|5,USA,MI,fim,2018,True,2026,"{'wins': 108, 'losses': 130, 'ties': 0, 'count': 238, 'winrate': 0.4538}","{'current': 1499.0, 'recent': 1505.0, 'mean': 1493.0, 'max': 1528.0}"
2324,7255,Mechanical Mettle,USA,MO,,2018,True,2026,"{'wins': 33, 'losses': 61, 'ties': 0, 'count': 94, 'winrate': 0.3511}","{'current': 1442.0, 'recent': 1404.0, 'mean': 1406.0, 'max': 1442.0}"
2325,7256,Irish Robotics,USA,MI,fim,2018,True,2026,"{'wins': 84, 'losses': 103, 'ties': 0, 'count': 187, 'winrate': 0.4492}","{'current': 1404.0, 'recent': 1443.0, 'mean': 1460.0, 'max': 1519.0}"
2326,7257,Semiconductors,USA,MN,,2018,True,2026,"{'wins': 83, 'losses': 66, 'ties': 0, 'count': 149, 'winrate': 0.557}","{'current': 1659.0, 'recent': 1609.0, 'mean': 1566.0, 'max': 1683.0}"
2327,7271,Hangar 84,USA,NM,fit,2018,True,2026,"{'wins': 55, 'losses': 94, 'ties': 0, 'count': 149, 'winrate': 0.3691}","{'current': 1450.0, 'recent': 1425.0, 'mean': 1434.0, 'max': 1485.0}"
2328,7272,Envirobots,USA,NY,,2018,True,2026,"{'wins': 25, 'losses': 35, 'ties': 1, 'count': 61, 'winrate': 0.418}","{'current': 1458.0, 'recent': 1451.0, 'mean': 1441.0, 'max': 1466.0}"
2329,7273,ZooM 7273,USA,MN,,2018,True,2026,"{'wins': 21, 'losses': 49, 'ties': 0, 'count': 70, 'winrate': 0.3}","{'current': 1469.0, 'recent': 1444.0, 'mean': 1449.0, 'max': 1473.0}"
2330,7274,Brashear Bulls Robotics,USA,PA,,2018,True,2026,"{'wins': 28, 'losses': 37, 'ties': 0, 'count': 65, 'winrate': 0.4308}","{'current': 1457.0, 'recent': 1484.0, 'mean': 1495.0, 'max': 1540.0}"
2331,7287,Esquimalt Atom Smashers,Canada,BC,,2018,True,2026,"{'wins': 54, 'losses': 57, 'ties': 0, 'count': 111, 'winrate': 0.4865}","{'current': 1475.0, 'recent': 1461.0, 'mean': 1458.0, 'max': 1571.0}"
2332,7288,NOMMA D3V1LB0TS,USA,LA,,2018,True,2026,"{'wins': 22, 'losses': 35, 'ties': 0, 'count': 57, 'winrate': 0.386}","{'current': 1406.0, 'recent': 1385.0, 'mean': 1386.0, 'max': 1406.0}"
2333,7289,Blue Eagles,USA,MI,fim,2018,True,2026,"{'wins': 97, 'losses': 101, 'ties': 1, 'count': 199, 'winrate': 0.4899}","{'current': 1468.0, 'recent': 1496.0, 'mean': 1511.0, 'max': 1549.0}"
2334,7296,TeRoBoT,Türkiye,,,2018,True,2026,"{'wins': 37, 'losses': 46, 'ties': 0, 'count': 83, 'winrate': 0.4458}","{'current': 1383.0, 'recent': 1387.0, 'mean': 1444.0, 'max': 1557.0}"
2335,7298,TOROS,Türkiye,,,2018,True,2026,"{'wins': 27, 'losses': 38, 'ties': 0, 'count': 65, 'winrate': 0.4154}","{'current': 1433.0, 'recent': 1407.0, 'mean': 1401.0, 'max': 1433.0}"
2336,7312,T3,USA,TX,fit,2018,True,2026,"{'wins': 147, 'losses': 149, 'ties': 1, 'count': 297, 'winrate': 0.4966}","{'current': 1532.0, 'recent': 1526.0, 'mean': 1493.0, 'max': 1618.0}"
2337,7314,Tornadoes,USA,NH,ne,2018,True,2026,"{'wins': 48, 'losses': 105, 'ties': 0, 'count': 153, 'winrate': 0.3137}","{'current': 1439.0, 'recent': 1419.0, 'mean': 1410.0, 'max': 1440.0}"
2338,7318,Nanuet Knightronz,USA,NY,,2018,True,2026,"{'wins': 23, 'losses': 48, 'ties': 0, 'count': 71, 'winrate': 0.3239}","{'current': 1409.0, 'recent': 1431.0, 'mean': 1433.0, 'max': 1497.0}"
2339,7323,TriTron,USA,CA,ca,2018,True,2026,"{'wins': 44, 'losses': 49, 'ties': 0, 'count': 93, 'winrate': 0.4731}","{'current': 1491.0, 'recent': 1491.0, 'mean': 1488.0, 'max': 1528.0}"
2340,7327,Metal Jackets,USA,CA,ca,2018,True,2026,"{'wins': 42, 'losses': 69, 'ties': 0, 'count': 111, 'winrate': 0.3784}","{'current': 1294.0, 'recent': 1409.0, 'mean': 1443.0, 'max': 1577.0}"
2341,7332,Vancouver Puddle Jumpers,Canada,BC,,2018,True,2026,"{'wins': 18, 'losses': 38, 'ties': 0, 'count': 56, 'winrate': 0.3214}","{'current': 1376.0, 'recent': 1368.0, 'mean': 1368.0, 'max': 1400.0}"
2342,7333,Ghost,Netherlands,,,2018,True,2026,"{'wins': 15, 'losses': 23, 'ties': 0, 'count': 38, 'winrate': 0.3947}","{'current': 1490.0, 'recent': 1485.0, 'mean': 1485.0, 'max': 1490.0}"
2343,7334,Esquimalt Proton Pulverizers,Canada,BC,,2018,True,2026,"{'wins': 14, 'losses': 14, 'ties': 0, 'count': 28, 'winrate': 0.5}","{'current': 1527.0, 'recent': 1527.0, 'mean': 1527.0, 'max': 1527.0}"
2344,7403,Lightning Blue Lizards,Colombia,,,2019,True,2026,"{'wins': 30, 'losses': 39, 'ties': 0, 'count': 69, 'winrate': 0.4348}","{'current': 1481.0, 'recent': 1476.0, 'mean': 1466.0, 'max': 1510.0}"
2345,7407,Wired Boars,USA,CT,ne,2019,True,2026,"{'wins': 228, 'losses': 114, 'ties': 0, 'count': 342, 'winrate': 0.6667}","{'current': 1735.0, 'recent': 1776.0, 'mean': 1736.0, 'max': 1803.0}"
2346,7413,Plus Ultra,USA,CA,ca,2019,True,2026,"{'wins': 55, 'losses': 90, 'ties': 0, 'count': 145, 'winrate': 0.3793}","{'current': 1449.0, 'recent': 1459.0, 'mean': 1466.0, 'max': 1504.0}"
2347,7414,Retrobotics,USA,PA,fma,2019,True,2026,"{'wins': 117, 'losses': 121, 'ties': 0, 'count': 238, 'winrate': 0.4916}","{'current': 1472.0, 'recent': 1535.0, 'mean': 1521.0, 'max': 1585.0}"
2348,7415,Jaguar Robotics Sponsored By Feit Electric,USA,CA,ca,2019,True,2026,"{'wins': 80, 'losses': 73, 'ties': 0, 'count': 153, 'winrate': 0.5229}","{'current': 1702.0, 'recent': 1557.0, 'mean': 1520.0, 'max': 1702.0}"
2349,7417,Bionic Bombers,USA,IL,,2019,True,2026,"{'wins': 65, 'losses': 95, 'ties': 0, 'count': 160, 'winrate': 0.4063}","{'current': 1439.0, 'recent': 1483.0, 'mean': 1481.0, 'max': 1536.0}"
2350,7419,TECH Support,USA,CA,ca,2019,True,2026,"{'wins': 119, 'losses': 119, 'ties': 0, 'count': 238, 'winrate': 0.5}","{'current': 1618.0, 'recent': 1565.0, 'mean': 1575.0, 'max': 1623.0}"
2351,7421,PrepaTec - OVERTURE,Mexico,,,2019,True,2026,"{'wins': 129, 'losses': 81, 'ties': 1, 'count': 211, 'winrate': 0.6137}","{'current': 1572.0, 'recent': 1579.0, 'mean': 1553.0, 'max': 1630.0}"
2352,7425,Green Valley Robotics,USA,NV,,2019,True,2026,"{'wins': 50, 'losses': 52, 'ties': 0, 'count': 102, 'winrate': 0.4902}","{'current': 1546.0, 'recent': 1514.0, 'mean': 1511.0, 'max': 1546.0}"
2353,7426,PAIR OF DICE ROBOTICS,USA,NV,,2019,True,2026,"{'wins': 176, 'losses': 100, 'ties': 0, 'count': 276, 'winrate': 0.6377}","{'current': 1693.0, 'recent': 1645.0, 'mean': 1637.0, 'max': 1715.0}"
2354,7428,Gigawatts,USA,AL,,2019,True,2026,"{'wins': 59, 'losses': 78, 'ties': 0, 'count': 137, 'winrate': 0.4307}","{'current': 1423.0, 'recent': 1498.0, 'mean': 1487.0, 'max': 1584.0}"
2355,7431,Wingspan,USA,FL,,2019,True,2026,"{'wins': 58, 'losses': 74, 'ties': 1, 'count': 133, 'winrate': 0.4398}","{'current': 1322.0, 'recent': 1462.0, 'mean': 1464.0, 'max': 1565.0}"
2356,7433,Iona Fusion,Australia,,,2019,True,2026,"{'wins': 76, 'losses': 43, 'ties': 0, 'count': 119, 'winrate': 0.6387}","{'current': 1610.0, 'recent': 1581.0, 'mean': 1586.0, 'max': 1613.0}"
2357,7436,8-Bit Miners,USA,UT,,2019,True,2026,"{'wins': 38, 'losses': 49, 'ties': 0, 'count': 87, 'winrate': 0.4368}","{'current': 1440.0, 'recent': 1463.0, 'mean': 1453.0, 'max': 1528.0}"
2358,7439,Qubit Robotics,Türkiye,,,2019,True,2026,"{'wins': 26, 'losses': 42, 'ties': 0, 'count': 68, 'winrate': 0.3824}","{'current': 1477.0, 'recent': 1429.0, 'mean': 1422.0, 'max': 1477.0}"
2359,7443,Jag-Wires,USA,NC,fnc,2019,True,2026,"{'wins': 126, 'losses': 141, 'ties': 1, 'count': 268, 'winrate': 0.472}","{'current': 1420.0, 'recent': 1495.0, 'mean': 1507.0, 'max': 1562.0}"
2360,7444,MOON STAR ROBOTICS,Türkiye,,,2019,True,2026,"{'wins': 76, 'losses': 61, 'ties': 0, 'count': 137, 'winrate': 0.5547}","{'current': 1651.0, 'recent': 1578.0, 'mean': 1562.0, 'max': 1651.0}"
2361,7447,Rōnin Robotics,USA,CA,ca,2019,True,2026,"{'wins': 63, 'losses': 65, 'ties': 0, 'count': 128, 'winrate': 0.4922}","{'current': 1480.0, 'recent': 1477.0, 'mean': 1485.0, 'max': 1544.0}"
2362,7451,AvengerRobotics,USA,GA,pch,2019,True,2026,"{'wins': 159, 'losses': 153, 'ties': 1, 'count': 313, 'winrate': 0.5096}","{'current': 1493.0, 'recent': 1548.0, 'mean': 1553.0, 'max': 1626.0}"
2363,7452,Dupo Tigers,USA,IL,,2019,True,2026,"{'wins': 18, 'losses': 32, 'ties': 0, 'count': 50, 'winrate': 0.36}","{'current': 1426.0, 'recent': 1427.0, 'mean': 1431.0, 'max': 1450.0}"
2364,7457,suPURDUEper Robotics,USA,IN,fin,2019,True,2026,"{'wins': 303, 'losses': 83, 'ties': 0, 'count': 386, 'winrate': 0.785}","{'current': 1824.0, 'recent': 1787.0, 'mean': 1765.0, 'max': 1863.0}"
2365,7459,Taubatexas Robotics,Brazil,,,2019,True,2026,"{'wins': 51, 'losses': 62, 'ties': 0, 'count': 113, 'winrate': 0.4513}","{'current': 1406.0, 'recent': 1420.0, 'mean': 1436.0, 'max': 1489.0}"
2366,7461,Sushi Squad,USA,WA,pnw,2019,True,2026,"{'wins': 130, 'losses': 112, 'ties': 0, 'count': 242, 'winrate': 0.5372}","{'current': 1548.0, 'recent': 1581.0, 'mean': 1552.0, 'max': 1689.0}"
2367,7466,Cymurghs,Türkiye,,,2019,True,2026,"{'wins': 25, 'losses': 43, 'ties': 0, 'count': 68, 'winrate': 0.3676}","{'current': 1530.0, 'recent': 1396.0, 'mean': 1395.0, 'max': 1530.0}"
2368,7471,Robo Montagnards,Canada,QC,,2019,True,2026,"{'wins': 19, 'losses': 32, 'ties': 0, 'count': 51, 'winrate': 0.3725}","{'current': 1466.0, 'recent': 1455.0, 'mean': 1448.0, 'max': 1478.0}"
2369,7472,R2JESU Robotics,USA,MO,,2019,True,2026,"{'wins': 41, 'losses': 47, 'ties': 1, 'count': 89, 'winrate': 0.4663}","{'current': 1446.0, 'recent': 1465.0, 'mean': 1458.0, 'max': 1489.0}"
2370,7474,JXN United,USA,MS,,2019,True,2026,"{'wins': 11, 'losses': 28, 'ties': 1, 'count': 40, 'winrate': 0.2875}","{'current': 1423.0, 'recent': 1375.0, 'mean': 1368.0, 'max': 1423.0}"
2371,7476,Spongebotics,Canada,ON,ont,2019,True,2026,"{'wins': 76, 'losses': 95, 'ties': 0, 'count': 171, 'winrate': 0.4444}","{'current': 1513.0, 'recent': 1516.0, 'mean': 1516.0, 'max': 1581.0}"
2372,7477,Giddy GOATS,USA,IN,fin,2019,True,2026,"{'wins': 50, 'losses': 97, 'ties': 0, 'count': 147, 'winrate': 0.3401}","{'current': 1408.0, 'recent': 1439.0, 'mean': 1434.0, 'max': 1463.0}"
2373,7479,Cardinal Robotics,USA,CO,,2019,True,2026,"{'wins': 17, 'losses': 41, 'ties': 0, 'count': 58, 'winrate': 0.2931}","{'current': 1440.0, 'recent': 1408.0, 'mean': 1415.0, 'max': 1455.0}"
2374,7480,Machine Mavericks,Canada,ON,ont,2019,True,2026,"{'wins': 135, 'losses': 138, 'ties': 0, 'count': 273, 'winrate': 0.4945}","{'current': 1486.0, 'recent': 1561.0, 'mean': 1548.0, 'max': 1630.0}"
2375,7483,Mechanically Challenged,USA,AR,,2019,True,2026,"{'wins': 55, 'losses': 88, 'ties': 0, 'count': 143, 'winrate': 0.3846}","{'current': 1436.0, 'recent': 1450.0, 'mean': 1448.0, 'max': 1491.0}"
2376,7485,Mo Co Robo,USA,CO,,2019,True,2026,"{'wins': 28, 'losses': 54, 'ties': 0, 'count': 82, 'winrate': 0.3415}","{'current': 1482.0, 'recent': 1474.0, 'mean': 1468.0, 'max': 1510.0}"
2377,7491,Cyber Soldiers,USA,MI,fim,2019,True,2026,"{'wins': 112, 'losses': 104, 'ties': 0, 'count': 216, 'winrate': 0.5185}","{'current': 1474.0, 'recent': 1519.0, 'mean': 1540.0, 'max': 1624.0}"
2378,7492,Turbo Torque,USA,TX,fit,2019,True,2026,"{'wins': 145, 'losses': 107, 'ties': 0, 'count': 252, 'winrate': 0.5754}","{'current': 1568.0, 'recent': 1528.0, 'mean': 1537.0, 'max': 1602.0}"
2379,7496,Robo Indians,USA,IL,,2019,True,2026,"{'wins': 22, 'losses': 44, 'ties': 0, 'count': 66, 'winrate': 0.3333}","{'current': 1421.0, 'recent': 1401.0, 'mean': 1405.0, 'max': 1445.0}"
2380,7497,MARAHO,Chinese Taipei,,,2019,True,2026,"{'wins': 36, 'losses': 47, 'ties': 0, 'count': 83, 'winrate': 0.4337}","{'current': 1472.0, 'recent': 1471.0, 'mean': 1471.0, 'max': 1515.0}"
2381,7500,MARAUDERS,USA,FL,,2019,True,2026,"{'wins': 60, 'losses': 56, 'ties': 0, 'count': 116, 'winrate': 0.5172}","{'current': 1431.0, 'recent': 1460.0, 'mean': 1462.0, 'max': 1552.0}"
2382,7501,Golden Gears,USA,MI,fim,2019,True,2026,"{'wins': 127, 'losses': 120, 'ties': 0, 'count': 247, 'winrate': 0.5142}","{'current': 1557.0, 'recent': 1565.0, 'mean': 1562.0, 'max': 1597.0}"
2383,7503,Radicubs,USA,TX,fit,2019,True,2026,"{'wins': 83, 'losses': 122, 'ties': 0, 'count': 205, 'winrate': 0.4049}","{'current': 1578.0, 'recent': 1500.0, 'mean': 1497.0, 'max': 1578.0}"
2384,7504,CyBearBots,USA,NY,,2019,True,2026,"{'wins': 45, 'losses': 45, 'ties': 1, 'count': 91, 'winrate': 0.5}","{'current': 1528.0, 'recent': 1498.0, 'mean': 1501.0, 'max': 1531.0}"
2385,7506,WILDCARDS,USA,TX,fit,2019,True,2026,"{'wins': 92, 'losses': 120, 'ties': 0, 'count': 212, 'winrate': 0.434}","{'current': 1591.0, 'recent': 1516.0, 'mean': 1497.0, 'max': 1591.0}"
2386,7514,EVE Robotics,USA,GA,pch,2019,True,2026,"{'wins': 73, 'losses': 100, 'ties': 0, 'count': 173, 'winrate': 0.422}","{'current': 1488.0, 'recent': 1441.0, 'mean': 1464.0, 'max': 1559.0}"
2387,7515,Dark Side Robotics,USA,WV,,2019,True,2026,"{'wins': 51, 'losses': 69, 'ties': 0, 'count': 120, 'winrate': 0.425}","{'current': 1467.0, 'recent': 1487.0, 'mean': 1470.0, 'max': 1538.0}"
2388,7516,Louisville Centrons,USA,KY,,2019,True,2026,"{'wins': 22, 'losses': 41, 'ties': 0, 'count': 63, 'winrate': 0.3492}","{'current': 1451.0, 'recent': 1413.0, 'mean': 1415.0, 'max': 1451.0}"
2389,7520,Team MineKee,Canada,ON,ont,2019,True,2026,"{'wins': 121, 'losses': 111, 'ties': 1, 'count': 233, 'winrate': 0.5215}","{'current': 1733.0, 'recent': 1562.0, 'mean': 1553.0, 'max': 1733.0}"
2390,7521,ULTIMATE Robotics,USA,TX,fit,2019,True,2026,"{'wins': 110, 'losses': 109, 'ties': 0, 'count': 219, 'winrate': 0.5023}","{'current': 1409.0, 'recent': 1445.0, 'mean': 1470.0, 'max': 1647.0}"
2391,7525,Pioneers,USA,TN,,2019,True,2026,"{'wins': 92, 'losses': 79, 'ties': 0, 'count': 171, 'winrate': 0.538}","{'current': 1534.0, 'recent': 1540.0, 'mean': 1537.0, 'max': 1607.0}"
2392,7528,Nuts and Bolts,USA,CA,ca,2019,True,2026,"{'wins': 49, 'losses': 99, 'ties': 0, 'count': 148, 'winrate': 0.3311}","{'current': 1489.0, 'recent': 1474.0, 'mean': 1460.0, 'max': 1501.0}"
2393,7530,Raiders of the Lost Spark,USA,MN,,2019,True,2026,"{'wins': 56, 'losses': 70, 'ties': 0, 'count': 126, 'winrate': 0.4444}","{'current': 1465.0, 'recent': 1478.0, 'mean': 1496.0, 'max': 1574.0}"
2394,7531,Servos Strike Back,USA,IA,,2019,True,2026,"{'wins': 44, 'losses': 73, 'ties': 0, 'count': 117, 'winrate': 0.3761}","{'current': 1471.0, 'recent': 1500.0, 'mean': 1496.0, 'max': 1528.0}"
2395,7534,Dragonflies,USA,TX,fit,2019,True,2026,"{'wins': 67, 'losses': 101, 'ties': 0, 'count': 168, 'winrate': 0.3988}","{'current': 1417.0, 'recent': 1435.0, 'mean': 1436.0, 'max': 1482.0}"
2396,7536,ANKA ROBOTICS,Türkiye,,,2019,True,2026,"{'wins': 60, 'losses': 36, 'ties': 0, 'count': 96, 'winrate': 0.625}","{'current': 1543.0, 'recent': 1538.0, 'mean': 1515.0, 'max': 1554.0}"
2397,7538,Metal Mountain,USA,GA,pch,2019,True,2026,"{'wins': 100, 'losses': 136, 'ties': 2, 'count': 238, 'winrate': 0.4244}","{'current': 1356.0, 'recent': 1466.0, 'mean': 1441.0, 'max': 1513.0}"
2398,7539,Elev8,India,,,2019,True,2026,"{'wins': 91, 'losses': 61, 'ties': 0, 'count': 152, 'winrate': 0.5987}","{'current': 1555.0, 'recent': 1586.0, 'mean': 1570.0, 'max': 1650.0}"
2399,7540,Timberwolf Robotics,USA,NM,fit,2019,True,2026,"{'wins': 88, 'losses': 106, 'ties': 0, 'count': 194, 'winrate': 0.4536}","{'current': 1506.0, 'recent': 1493.0, 'mean': 1492.0, 'max': 1546.0}"
2400,7541,Maple River Robotics 7541,USA,MN,,2019,True,2026,"{'wins': 47, 'losses': 27, 'ties': 0, 'count': 74, 'winrate': 0.6351}","{'current': 1521.0, 'recent': 1579.0, 'mean': 1574.0, 'max': 1638.0}"
2401,7546,Prepa Tec - MinerZ,Mexico,,,2019,True,2026,"{'wins': 49, 'losses': 56, 'ties': 0, 'count': 105, 'winrate': 0.4667}","{'current': 1543.0, 'recent': 1482.0, 'mean': 1459.0, 'max': 1543.0}"
2402,7551,Extreme Mechanism,Chinese Taipei,,,2019,True,2026,"{'wins': 34, 'losses': 36, 'ties': 0, 'count': 70, 'winrate': 0.4857}","{'current': 1487.0, 'recent': 1487.0, 'mean': 1483.0, 'max': 1519.0}"
2403,7553,OSTC -  SWEET BOTS,USA,MI,fim,2019,True,2026,"{'wins': 115, 'losses': 105, 'ties': 2, 'count': 222, 'winrate': 0.5225}","{'current': 1564.0, 'recent': 1538.0, 'mean': 1570.0, 'max': 1721.0}"
2404,7558,ALT-F4,Canada,ON,ont,2019,True,2026,"{'wins': 198, 'losses': 91, 'ties': 0, 'count': 289, 'winrate': 0.6851}","{'current': 1794.0, 'recent': 1727.0, 'mean': 1689.0, 'max': 1794.0}"
2405,7563,SESI SENAI MEGAZORD,Brazil,,,2019,True,2026,"{'wins': 105, 'losses': 43, 'ties': 0, 'count': 148, 'winrate': 0.7095}","{'current': 1645.0, 'recent': 1576.0, 'mean': 1545.0, 'max': 1645.0}"
2406,7565,SESI SENAI ROBONÁTICOS,Brazil,,,2019,True,2026,"{'wins': 94, 'losses': 73, 'ties': 0, 'count': 167, 'winrate': 0.5629}","{'current': 1602.0, 'recent': 1573.0, 'mean': 1549.0, 'max': 1602.0}"
2407,7567,SESI SENAI OCTOPUS,Brazil,,,2019,True,2026,"{'wins': 80, 'losses': 69, 'ties': 0, 'count': 149, 'winrate': 0.5369}","{'current': 1556.0, 'recent': 1535.0, 'mean': 1522.0, 'max': 1560.0}"
2408,7570,New Tech,Poland,,,2019,True,2026,"{'wins': 34, 'losses': 26, 'ties': 0, 'count': 60, 'winrate': 0.5667}","{'current': 1433.0, 'recent': 1443.0, 'mean': 1455.0, 'max': 1512.0}"
2409,7576,FMWill,Türkiye,,,2019,True,2026,"{'wins': 70, 'losses': 65, 'ties': 0, 'count': 135, 'winrate': 0.5185}","{'current': 1419.0, 'recent': 1477.0, 'mean': 1483.0, 'max': 1550.0}"
2410,7577,VELABOTS - Peñoles,Mexico,,,2019,True,2026,"{'wins': 36, 'losses': 48, 'ties': 0, 'count': 84, 'winrate': 0.4286}","{'current': 1456.0, 'recent': 1498.0, 'mean': 1470.0, 'max': 1533.0}"
2411,7578,Quantum Mechanics,USA,ND,,2019,True,2026,"{'wins': 33, 'losses': 53, 'ties': 0, 'count': 86, 'winrate': 0.3837}","{'current': 1533.0, 'recent': 1492.0, 'mean': 1477.0, 'max': 1541.0}"
2412,7583,Embers,Australia,,,2019,True,2026,"{'wins': 45, 'losses': 50, 'ties': 0, 'count': 95, 'winrate': 0.4737}","{'current': 1446.0, 'recent': 1451.0, 'mean': 1447.0, 'max': 1492.0}"
2413,7587,Metuchen Momentum,USA,NJ,fma,2019,True,2026,"{'wins': 80, 'losses': 97, 'ties': 1, 'count': 178, 'winrate': 0.4522}","{'current': 1588.0, 'recent': 1501.0, 'mean': 1502.0, 'max': 1588.0}"
2414,7589,Lishan Blue Magpie,Chinese Taipei,,,2019,True,2026,"{'wins': 33, 'losses': 61, 'ties': 1, 'count': 95, 'winrate': 0.3526}","{'current': 1484.0, 'recent': 1448.0, 'mean': 1454.0, 'max': 1484.0}"
2415,7594,Nautilus,China,,,2019,True,2026,"{'wins': 13, 'losses': 21, 'ties': 1, 'count': 35, 'winrate': 0.3857}","{'current': 1479.0, 'recent': 1450.0, 'mean': 1452.0, 'max': 1479.0}"
2416,7597,Team HorsePowered,USA,MI,fim,2019,True,2026,"{'wins': 54, 'losses': 89, 'ties': 0, 'count': 143, 'winrate': 0.3776}","{'current': 1442.0, 'recent': 1405.0, 'mean': 1415.0, 'max': 1467.0}"
2417,7598,SCA Constellations,USA,MI,fim,2019,True,2026,"{'wins': 68, 'losses': 101, 'ties': 0, 'count': 169, 'winrate': 0.4024}","{'current': 1436.0, 'recent': 1427.0, 'mean': 1457.0, 'max': 1570.0}"
2418,7601,Shenzhen Unity Stallion,China,,,2019,True,2026,"{'wins': 4, 'losses': 10, 'ties': 0, 'count': 14, 'winrate': 0.2857}","{'current': 1474.0, 'recent': 1474.0, 'mean': 1462.0, 'max': 1474.0}"
2419,7603,7603 VESPA ROBOTICS,Canada,ON,ont,2019,True,2026,"{'wins': 77, 'losses': 96, 'ties': 0, 'count': 173, 'winrate': 0.4451}","{'current': 1515.0, 'recent': 1470.0, 'mean': 1485.0, 'max': 1536.0}"
2420,7605,ASTRO,Canada,QC,,2019,True,2026,"{'wins': 84, 'losses': 58, 'ties': 0, 'count': 142, 'winrate': 0.5915}","{'current': 1519.0, 'recent': 1546.0, 'mean': 1551.0, 'max': 1578.0}"
2421,7607,The Blackbirds,USA,CA,ca,2019,True,2026,"{'wins': 42, 'losses': 111, 'ties': 1, 'count': 154, 'winrate': 0.276}","{'current': 1494.0, 'recent': 1424.0, 'mean': 1419.0, 'max': 1494.0}"
2422,7611,Amal Hawks Robotics,Türkiye,,,2019,True,2026,"{'wins': 37, 'losses': 56, 'ties': 1, 'count': 94, 'winrate': 0.3989}","{'current': 1511.0, 'recent': 1449.0, 'mean': 1450.0, 'max': 1511.0}"
2423,7616,Cerberus,USA,TX,fit,2019,True,2026,"{'wins': 120, 'losses': 123, 'ties': 0, 'count': 243, 'winrate': 0.4938}","{'current': 1489.0, 'recent': 1502.0, 'mean': 1485.0, 'max': 1566.0}"
2424,7617,RoboBlazers,USA,IN,fin,2019,True,2026,"{'wins': 162, 'losses': 160, 'ties': 0, 'count': 322, 'winrate': 0.5031}","{'current': 1534.0, 'recent': 1618.0, 'mean': 1584.0, 'max': 1671.0}"
2425,7619,illumiBOTi,USA,WI,win,2019,True,2026,"{'wins': 63, 'losses': 69, 'ties': 0, 'count': 132, 'winrate': 0.4773}","{'current': 1488.0, 'recent': 1522.0, 'mean': 1507.0, 'max': 1576.0}"
2426,7627,Bearcat Robotics,USA,WA,pnw,2019,True,2026,"{'wins': 88, 'losses': 109, 'ties': 0, 'count': 197, 'winrate': 0.4467}","{'current': 1527.0, 'recent': 1547.0, 'mean': 1521.0, 'max': 1650.0}"
2427,7632,An Kang Robotics Maker,Chinese Taipei,,,2019,True,2026,"{'wins': 102, 'losses': 51, 'ties': 0, 'count': 153, 'winrate': 0.6667}","{'current': 1683.0, 'recent': 1610.0, 'mean': 1589.0, 'max': 1686.0}"
2428,7634,New Hawks,USA,UT,,2019,True,2026,"{'wins': 47, 'losses': 68, 'ties': 0, 'count': 115, 'winrate': 0.4087}","{'current': 1449.0, 'recent': 1473.0, 'mean': 1492.0, 'max': 1576.0}"
2429,7636,Robomania,Chinese Taipei,,,2019,True,2026,"{'wins': 55, 'losses': 44, 'ties': 0, 'count': 99, 'winrate': 0.5556}","{'current': 1483.0, 'recent': 1496.0, 'mean': 1484.0, 'max': 1544.0}"
2430,7652,Miami Beach Bots,USA,FL,,2019,True,2026,"{'wins': 29, 'losses': 38, 'ties': 0, 'count': 67, 'winrate': 0.4328}","{'current': 1444.0, 'recent': 1435.0, 'mean': 1445.0, 'max': 1494.0}"
2431,7653,Minebots 7653 - Fresnillo PLC -CECyTE 18 Ciénega,Mexico,,,2019,True,2026,"{'wins': 30, 'losses': 45, 'ties': 0, 'count': 75, 'winrate': 0.4}","{'current': 1448.0, 'recent': 1456.0, 'mean': 1458.0, 'max': 1476.0}"
2432,7654,Robot In Shed,USA,NV,,2019,True,2026,"{'wins': 16, 'losses': 36, 'ties': 0, 'count': 52, 'winrate': 0.3077}","{'current': 1429.0, 'recent': 1415.0, 'mean': 1415.0, 'max': 1449.0}"
2433,7656,MC Hammers,USA,MI,fim,2019,True,2026,"{'wins': 94, 'losses': 98, 'ties': 3, 'count': 195, 'winrate': 0.4897}","{'current': 1589.0, 'recent': 1540.0, 'mean': 1552.0, 'max': 1608.0}"
2434,7657,Thunderbots,USA,IN,fin,2019,True,2026,"{'wins': 112, 'losses': 138, 'ties': 0, 'count': 250, 'winrate': 0.448}","{'current': 1456.0, 'recent': 1534.0, 'mean': 1526.0, 'max': 1619.0}"
2435,7658,MagiTech,USA,MI,fim,2019,True,2026,"{'wins': 62, 'losses': 96, 'ties': 0, 'count': 158, 'winrate': 0.3924}","{'current': 1365.0, 'recent': 1455.0, 'mean': 1463.0, 'max': 1521.0}"
2436,7659,HNMCS Robotics,Canada,ON,ont,2019,True,2026,"{'wins': 75, 'losses': 113, 'ties': 0, 'count': 188, 'winrate': 0.3989}","{'current': 1429.0, 'recent': 1490.0, 'mean': 1490.0, 'max': 1539.0}"
2437,7660,The Byting Irish,USA,MI,fim,2019,True,2026,"{'wins': 137, 'losses': 126, 'ties': 0, 'count': 263, 'winrate': 0.5209}","{'current': 1471.0, 'recent': 1515.0, 'mean': 1548.0, 'max': 1642.0}"
2438,7667,OtterBots,USA,CA,ca,2019,True,2026,"{'wins': 71, 'losses': 77, 'ties': 0, 'count': 148, 'winrate': 0.4797}","{'current': 1617.0, 'recent': 1528.0, 'mean': 1535.0, 'max': 1617.0}"
2439,7668,GatorBots,USA,NY,,2019,True,2026,"{'wins': 27, 'losses': 50, 'ties': 0, 'count': 77, 'winrate': 0.3506}","{'current': 1391.0, 'recent': 1387.0, 'mean': 1392.0, 'max': 1435.0}"
2440,7672,SCORPIONS ROBOTICS,Türkiye,,,2019,True,2026,"{'wins': 47, 'losses': 51, 'ties': 0, 'count': 98, 'winrate': 0.4796}","{'current': 1458.0, 'recent': 1463.0, 'mean': 1456.0, 'max': 1502.0}"
2441,7673,Formosan Sika,Chinese Taipei,,,2019,True,2026,"{'wins': 45, 'losses': 64, 'ties': 0, 'count': 109, 'winrate': 0.4128}","{'current': 1429.0, 'recent': 1452.0, 'mean': 1461.0, 'max': 1505.0}"
2442,7674,RaiderBots,USA,NH,ne,2019,True,2026,"{'wins': 71, 'losses': 106, 'ties': 1, 'count': 178, 'winrate': 0.4017}","{'current': 1591.0, 'recent': 1538.0, 'mean': 1531.0, 'max': 1591.0}"
2443,7676,THS RoboDogs,USA,GA,pch,2019,True,2026,"{'wins': 55, 'losses': 93, 'ties': 1, 'count': 149, 'winrate': 0.3725}","{'current': 1384.0, 'recent': 1382.0, 'mean': 1392.0, 'max': 1442.0}"
2444,7677,Bodacious Bulldogs,USA,MN,,2019,True,2026,"{'wins': 42, 'losses': 53, 'ties': 0, 'count': 95, 'winrate': 0.4421}","{'current': 1452.0, 'recent': 1492.0, 'mean': 1486.0, 'max': 1536.0}"
2445,7687,Corcebots - Peñoles,Mexico,,,2019,True,2026,"{'wins': 29, 'losses': 35, 'ties': 1, 'count': 65, 'winrate': 0.4538}","{'current': 1442.0, 'recent': 1442.0, 'mean': 1442.0, 'max': 1503.0}"
2446,7688,Creekside Robotics,Canada,BC,,2019,True,2026,"{'wins': 31, 'losses': 39, 'ties': 0, 'count': 70, 'winrate': 0.4429}","{'current': 1523.0, 'recent': 1456.0, 'mean': 1447.0, 'max': 1523.0}"
2447,7691,TSA All Stars,USA,TX,fit,2019,True,2026,"{'wins': 87, 'losses': 105, 'ties': 1, 'count': 193, 'winrate': 0.4534}","{'current': 1493.0, 'recent': 1489.0, 'mean': 1495.0, 'max': 1521.0}"
2448,7692,Beach Bums  7692,USA,MI,fim,2019,True,2026,"{'wins': 74, 'losses': 102, 'ties': 0, 'count': 176, 'winrate': 0.4205}","{'current': 1559.0, 'recent': 1491.0, 'mean': 1484.0, 'max': 1559.0}"
2449,7694,THE IRON LIONS,USA,CT,ne,2019,True,2026,"{'wins': 79, 'losses': 105, 'ties': 0, 'count': 184, 'winrate': 0.4293}","{'current': 1511.0, 'recent': 1502.0, 'mean': 1500.0, 'max': 1529.0}"
2450,7695,Trojan Thunder,USA,IN,fin,2019,True,2026,"{'wins': 11, 'losses': 25, 'ties': 0, 'count': 36, 'winrate': 0.3056}","{'current': 1512.0, 'recent': 1512.0, 'mean': 1491.0, 'max': 1512.0}"
2451,7700,West Tech Paladins,Canada,QC,,2019,True,2026,"{'wins': 18, 'losses': 36, 'ties': 0, 'count': 54, 'winrate': 0.3333}","{'current': 1404.0, 'recent': 1432.0, 'mean': 1435.0, 'max': 1472.0}"
2452,7712,ACCN UMOJA,Canada,ON,ont,2019,True,2026,"{'wins': 104, 'losses': 102, 'ties': 0, 'count': 206, 'winrate': 0.5049}","{'current': 1535.0, 'recent': 1555.0, 'mean': 1543.0, 'max': 1573.0}"
2453,7713,Norse Code,USA,MI,fim,2019,True,2026,"{'wins': 60, 'losses': 78, 'ties': 0, 'count': 138, 'winrate': 0.4348}","{'current': 1518.0, 'recent': 1448.0, 'mean': 1464.0, 'max': 1524.0}"
2454,7716,JLW Formula 01,USA,MI,fim,2019,True,2026,"{'wins': 62, 'losses': 97, 'ties': 0, 'count': 159, 'winrate': 0.3899}","{'current': 1443.0, 'recent': 1457.0, 'mean': 1437.0, 'max': 1505.0}"
2455,7717,Steam Punks,Dominican Republic,,,2019,True,2026,"{'wins': 21, 'losses': 39, 'ties': 0, 'count': 60, 'winrate': 0.35}","{'current': 1507.0, 'recent': 1489.0, 'mean': 1484.0, 'max': 1507.0}"
2456,7718,HVPA Dragons,USA,NY,,2019,True,2026,"{'wins': 47, 'losses': 64, 'ties': 0, 'count': 111, 'winrate': 0.4234}","{'current': 1410.0, 'recent': 1438.0, 'mean': 1435.0, 'max': 1469.0}"
2457,7724,Molokai Robotics,USA,HI,,2019,True,2026,"{'wins': 41, 'losses': 53, 'ties': 0, 'count': 94, 'winrate': 0.4362}","{'current': 1446.0, 'recent': 1474.0, 'mean': 1491.0, 'max': 1571.0}"
2458,7725,PrepaTec - NUTS & VOLTS,Mexico,,,2019,True,2026,"{'wins': 59, 'losses': 81, 'ties': 1, 'count': 141, 'winrate': 0.422}","{'current': 1529.0, 'recent': 1411.0, 'mean': 1424.0, 'max': 1529.0}"
2459,7729,RAMs,Türkiye,,,2019,True,2026,"{'wins': 20, 'losses': 39, 'ties': 0, 'count': 59, 'winrate': 0.339}","{'current': 1394.0, 'recent': 1396.0, 'mean': 1394.0, 'max': 1439.0}"
2460,7730,uNReal,USA,NY,,2019,True,2026,"{'wins': 30, 'losses': 53, 'ties': 0, 'count': 83, 'winrate': 0.3614}","{'current': 1419.0, 'recent': 1410.0, 'mean': 1412.0, 'max': 1440.0}"
2461,7737,RaptorBotics,USA,CO,,2019,True,2026,"{'wins': 15, 'losses': 30, 'ties': 0, 'count': 45, 'winrate': 0.3333}","{'current': 1391.0, 'recent': 1375.0, 'mean': 1383.0, 'max': 1416.0}"
2462,7738,Helion,China,,,2019,True,2026,"{'wins': 12, 'losses': 21, 'ties': 1, 'count': 34, 'winrate': 0.3676}","{'current': 1274.0, 'recent': 1386.0, 'mean': 1418.0, 'max': 1513.0}"
2463,7742,Cosmos Robot Works,Türkiye,,,2019,True,2026,"{'wins': 40, 'losses': 78, 'ties': 0, 'count': 118, 'winrate': 0.339}","{'current': 1465.0, 'recent': 1413.0, 'mean': 1414.0, 'max': 1465.0}"
2464,7748,TECHTOLIA ROBOTICS,Türkiye,,,2019,True,2026,"{'wins': 48, 'losses': 73, 'ties': 0, 'count': 121, 'winrate': 0.3967}","{'current': 1504.0, 'recent': 1455.0, 'mean': 1453.0, 'max': 1504.0}"
2465,7755,Phantom Circuits,USA,AZ,,2019,True,2026,"{'wins': 46, 'losses': 58, 'ties': 0, 'count': 104, 'winrate': 0.4423}","{'current': 1508.0, 'recent': 1434.0, 'mean': 1439.0, 'max': 1508.0}"
2466,7757,Atomic Dishwashers,Canada,ON,ont,2019,True,2026,"{'wins': 77, 'losses': 128, 'ties': 0, 'count': 205, 'winrate': 0.3756}","{'current': 1481.0, 'recent': 1473.0, 'mean': 1488.0, 'max': 1526.0}"
2467,7758,MEVOLUTION,Türkiye,,,2019,True,2026,"{'wins': 36, 'losses': 39, 'ties': 0, 'count': 75, 'winrate': 0.48}","{'current': 1322.0, 'recent': 1412.0, 'mean': 1434.0, 'max': 1559.0}"
2468,7759,Bulldog Bytes,USA,NY,,2019,True,2026,"{'wins': 25, 'losses': 42, 'ties': 0, 'count': 67, 'winrate': 0.3731}","{'current': 1426.0, 'recent': 1429.0, 'mean': 1426.0, 'max': 1470.0}"
2469,7760,Griffin Innovations,USA,CT,ne,2019,True,2026,"{'wins': 46, 'losses': 99, 'ties': 0, 'count': 145, 'winrate': 0.3172}","{'current': 1515.0, 'recent': 1470.0, 'mean': 1458.0, 'max': 1515.0}"
2470,7762,AutoPilots,USA,MI,fim,2019,True,2026,"{'wins': 106, 'losses': 112, 'ties': 0, 'count': 218, 'winrate': 0.4862}","{'current': 1442.0, 'recent': 1479.0, 'mean': 1493.0, 'max': 1630.0}"
2471,7763,Carrborobotics,USA,NC,fnc,2019,True,2026,"{'wins': 141, 'losses': 101, 'ties': 0, 'count': 242, 'winrate': 0.5826}","{'current': 1467.0, 'recent': 1567.0, 'mean': 1549.0, 'max': 1683.0}"
2472,7768,The AutoMatons,USA,MI,fim,2019,True,2026,"{'wins': 117, 'losses': 113, 'ties': 0, 'count': 230, 'winrate': 0.5087}","{'current': 1461.0, 'recent': 1509.0, 'mean': 1498.0, 'max': 1580.0}"
2473,7769,The CREW,USA,MI,fim,2019,True,2026,"{'wins': 252, 'losses': 118, 'ties': 0, 'count': 370, 'winrate': 0.6811}","{'current': 1928.0, 'recent': 1769.0, 'mean': 1704.0, 'max': 1928.0}"
2474,7770,Infinite Voltage,USA,MD,fch,2019,True,2026,"{'wins': 99, 'losses': 115, 'ties': 0, 'count': 214, 'winrate': 0.4626}","{'current': 1408.0, 'recent': 1466.0, 'mean': 1485.0, 'max': 1578.0}"
2475,7772,The Lucky 7's,USA,MI,fim,2019,True,2026,"{'wins': 60, 'losses': 100, 'ties': 0, 'count': 160, 'winrate': 0.375}","{'current': 1489.0, 'recent': 1468.0, 'mean': 1460.0, 'max': 1497.0}"
2476,7777,Septobots,USA,CA,ca,2019,True,2026,"{'wins': 49, 'losses': 76, 'ties': 0, 'count': 125, 'winrate': 0.392}","{'current': 1417.0, 'recent': 1440.0, 'mean': 1435.0, 'max': 1457.0}"
2477,7782,Wolverine Circuit Breakers,USA,MI,fim,2019,True,2026,"{'wins': 126, 'losses': 110, 'ties': 0, 'count': 236, 'winrate': 0.5339}","{'current': 1538.0, 'recent': 1562.0, 'mean': 1569.0, 'max': 1629.0}"
2478,7784,Vassar Voltage,USA,MI,fim,2019,True,2026,"{'wins': 74, 'losses': 103, 'ties': 0, 'count': 177, 'winrate': 0.4181}","{'current': 1471.0, 'recent': 1470.0, 'mean': 1473.0, 'max': 1525.0}"
2479,7790,Baywatch Robotics,USA,MI,fim,2019,True,2026,"{'wins': 122, 'losses': 117, 'ties': 1, 'count': 240, 'winrate': 0.5104}","{'current': 1571.0, 'recent': 1562.0, 'mean': 1552.0, 'max': 1631.0}"
2480,7794,Eagle Engineers,USA,MI,fim,2019,True,2026,"{'wins': 49, 'losses': 87, 'ties': 0, 'count': 136, 'winrate': 0.3603}","{'current': 1321.0, 'recent': 1408.0, 'mean': 1407.0, 'max': 1482.0}"
2481,7796,Breaker Robotics,Canada,BC,,2019,True,2026,"{'wins': 49, 'losses': 64, 'ties': 0, 'count': 113, 'winrate': 0.4336}","{'current': 1394.0, 'recent': 1418.0, 'mean': 1436.0, 'max': 1490.0}"
2482,7797,RipSaw Robotics,USA,MN,,2019,True,2026,"{'wins': 43, 'losses': 43, 'ties': 0, 'count': 86, 'winrate': 0.5}","{'current': 1532.0, 'recent': 1485.0, 'mean': 1488.0, 'max': 1542.0}"
2483,7808,Kalkaska Dragoneers,USA,MI,fim,2019,True,2026,"{'wins': 43, 'losses': 82, 'ties': 1, 'count': 126, 'winrate': 0.3452}","{'current': 1484.0, 'recent': 1450.0, 'mean': 1443.0, 'max': 1484.0}"
2484,7809,FROST BYTE  Robotics,USA,MI,fim,2019,True,2026,"{'wins': 68, 'losses': 91, 'ties': 0, 'count': 159, 'winrate': 0.4277}","{'current': 1476.0, 'recent': 1459.0, 'mean': 1462.0, 'max': 1498.0}"
2485,7810,Eagle Robotics,USA,MI,fim,2019,True,2026,"{'wins': 51, 'losses': 89, 'ties': 0, 'count': 140, 'winrate': 0.3643}","{'current': 1431.0, 'recent': 1433.0, 'mean': 1437.0, 'max': 1483.0}"
2486,7813,New Haven RoboRaptors,USA,MI,fim,2019,True,2026,"{'wins': 37, 'losses': 82, 'ties': 1, 'count': 120, 'winrate': 0.3125}","{'current': 1423.0, 'recent': 1413.0, 'mean': 1429.0, 'max': 1497.0}"
2487,7814,RV Gearheads,USA,MI,fim,2019,True,2026,"{'wins': 62, 'losses': 97, 'ties': 0, 'count': 159, 'winrate': 0.3899}","{'current': 1548.0, 'recent': 1442.0, 'mean': 1433.0, 'max': 1548.0}"
2488,7818,Williamston High School Vespidae,USA,MI,fim,2019,True,2026,"{'wins': 49, 'losses': 86, 'ties': 0, 'count': 135, 'winrate': 0.363}","{'current': 1438.0, 'recent': 1458.0, 'mean': 1454.0, 'max': 1510.0}"
2489,7833,FALCONS,USA,FL,,2019,True,2026,"{'wins': 22, 'losses': 34, 'ties': 0, 'count': 56, 'winrate': 0.3929}","{'current': 1427.0, 'recent': 1395.0, 'mean': 1402.0, 'max': 1437.0}"
2490,7840,EMONER ROBOTICS,Türkiye,,,2019,True,2026,"{'wins': 59, 'losses': 59, 'ties': 0, 'count': 118, 'winrate': 0.5}","{'current': 1651.0, 'recent': 1538.0, 'mean': 1541.0, 'max': 1651.0}"
2491,7845,8BIT,Israel,,isr,2019,True,2026,"{'wins': 113, 'losses': 117, 'ties': 0, 'count': 230, 'winrate': 0.4913}","{'current': 1522.0, 'recent': 1581.0, 'mean': 1557.0, 'max': 1630.0}"
2492,7848,WI-FIghterz,USA,IL,,2019,True,2026,"{'wins': 78, 'losses': 84, 'ties': 0, 'count': 162, 'winrate': 0.4815}","{'current': 1550.0, 'recent': 1558.0, 'mean': 1549.0, 'max': 1588.0}"
2493,7849,Da Vinci's Creation,USA,MN,,2019,True,2026,"{'wins': 34, 'losses': 40, 'ties': 0, 'count': 74, 'winrate': 0.4595}","{'current': 1451.0, 'recent': 1445.0, 'mean': 1433.0, 'max': 1503.0}"
2494,7850,Bio-Bots,USA,MN,,2019,True,2026,"{'wins': 36, 'losses': 42, 'ties': 0, 'count': 78, 'winrate': 0.4615}","{'current': 1465.0, 'recent': 1463.0, 'mean': 1467.0, 'max': 1524.0}"
2495,7855,Chronic Robophobia,USA,MI,fim,2019,True,2026,"{'wins': 57, 'losses': 106, 'ties': 0, 'count': 163, 'winrate': 0.3497}","{'current': 1420.0, 'recent': 1413.0, 'mean': 1420.0, 'max': 1481.0}"
2496,7858,Warriors,USA,MN,,2019,True,2026,"{'wins': 44, 'losses': 44, 'ties': 0, 'count': 88, 'winrate': 0.5}","{'current': 1556.0, 'recent': 1521.0, 'mean': 1526.0, 'max': 1558.0}"
2497,7864,The Bear Bots,USA,MN,,2019,True,2026,"{'wins': 31, 'losses': 26, 'ties': 0, 'count': 57, 'winrate': 0.5439}","{'current': 1402.0, 'recent': 1452.0, 'mean': 1467.0, 'max': 1503.0}"
2498,7865,HODAbotics,USA,MI,fim,2019,True,2026,"{'wins': 55, 'losses': 87, 'ties': 0, 'count': 142, 'winrate': 0.3873}","{'current': 1406.0, 'recent': 1406.0, 'mean': 1401.0, 'max': 1459.0}"
2499,7885,Panther Tech,USA,OH,,2019,True,2026,"{'wins': 25, 'losses': 46, 'ties': 1, 'count': 72, 'winrate': 0.3542}","{'current': 1444.0, 'recent': 1462.0, 'mean': 1462.0, 'max': 1482.0}"
2500,7886,Cadet Robotics,USA,MD,fch,2019,True,2026,"{'wins': 74, 'losses': 106, 'ties': 0, 'count': 180, 'winrate': 0.4111}","{'current': 1418.0, 'recent': 1390.0, 'mean': 1419.0, 'max': 1516.0}"
2501,7890,SeQuEnCe,USA,NC,fnc,2019,True,2026,"{'wins': 169, 'losses': 107, 'ties': 0, 'count': 276, 'winrate': 0.6123}","{'current': 1551.0, 'recent': 1561.0, 'mean': 1557.0, 'max': 1705.0}"
2502,7895,Trobots,USA,ID,,2019,True,2026,"{'wins': 56, 'losses': 80, 'ties': 0, 'count': 136, 'winrate': 0.4118}","{'current': 1402.0, 'recent': 1487.0, 'mean': 1474.0, 'max': 1563.0}"
2503,7900,Trial N' Terror,USA,WI,win,2019,True,2026,"{'wins': 39, 'losses': 55, 'ties': 1, 'count': 95, 'winrate': 0.4158}","{'current': 1454.0, 'recent': 1455.0, 'mean': 1450.0, 'max': 1512.0}"
2504,7902,Markham FireBirds,Canada,ON,ont,2019,True,2026,"{'wins': 112, 'losses': 123, 'ties': 0, 'count': 235, 'winrate': 0.4766}","{'current': 1636.0, 'recent': 1537.0, 'mean': 1509.0, 'max': 1636.0}"
2505,7903,Tigers,USA,NY,,2019,True,2026,"{'wins': 16, 'losses': 43, 'ties': 0, 'count': 59, 'winrate': 0.2712}","{'current': 1288.0, 'recent': 1387.0, 'mean': 1387.0, 'max': 1493.0}"
2506,7906,Underdogs,USA,UT,,2019,True,2026,"{'wins': 30, 'losses': 59, 'ties': 0, 'count': 89, 'winrate': 0.3371}","{'current': 1410.0, 'recent': 1446.0, 'mean': 1454.0, 'max': 1520.0}"
2507,7907,Spartan Robotics,USA,NH,ne,2019,True,2026,"{'wins': 52, 'losses': 105, 'ties': 0, 'count': 157, 'winrate': 0.3312}","{'current': 1368.0, 'recent': 1391.0, 'mean': 1393.0, 'max': 1407.0}"
2508,7911,Scrap Cat Robotics Team Puma,USA,MI,fim,2019,True,2026,"{'wins': 50, 'losses': 90, 'ties': 0, 'count': 140, 'winrate': 0.3571}","{'current': 1387.0, 'recent': 1423.0, 'mean': 1439.0, 'max': 1515.0}"
2509,7915,Ripon Robotics,USA,WI,win,2019,True,2026,"{'wins': 62, 'losses': 53, 'ties': 1, 'count': 116, 'winrate': 0.5388}","{'current': 1632.0, 'recent': 1558.0, 'mean': 1542.0, 'max': 1632.0}"
2510,7917,Frontier,USA,TN,,2019,True,2026,"{'wins': 17, 'losses': 28, 'ties': 0, 'count': 45, 'winrate': 0.3778}","{'current': 1434.0, 'recent': 1454.0, 'mean': 1454.0, 'max': 1474.0}"
2511,7918,ReCuRsIoN,USA,NC,fnc,2019,True,2026,"{'wins': 20, 'losses': 13, 'ties': 0, 'count': 33, 'winrate': 0.6061}","{'current': 1560.0, 'recent': 1560.0, 'mean': 1560.0, 'max': 1560.0}"
2512,8005,Mega MeadowBots,USA,NV,,2020,True,2026,"{'wins': 64, 'losses': 58, 'ties': 0, 'count': 122, 'winrate': 0.5246}","{'current': 1638.0, 'recent': 1542.0, 'mean': 1542.0, 'max': 1638.0}"
2513,8006,The Phantoms,USA,CA,ca,2020,True,2026,"{'wins': 52, 'losses': 82, 'ties': 0, 'count': 134, 'winrate': 0.3881}","{'current': 1439.0, 'recent': 1425.0, 'mean': 1428.0, 'max': 1469.0}"
2514,8011,Wayi Guangzhou,China,,,2020,True,2026,"{'wins': 49, 'losses': 38, 'ties': 0, 'count': 87, 'winrate': 0.5632}","{'current': 1632.0, 'recent': 1593.0, 'mean': 1593.0, 'max': 1654.0}"
2515,8012,APEX Robotics,USA,AZ,,2020,True,2026,"{'wins': 22, 'losses': 32, 'ties': 0, 'count': 54, 'winrate': 0.4074}","{'current': 1296.0, 'recent': 1386.0, 'mean': 1386.0, 'max': 1436.0}"
2516,8013,Boston Lions,USA,MA,ne,2020,True,2026,"{'wins': 158, 'losses': 100, 'ties': 0, 'count': 258, 'winrate': 0.6124}","{'current': 1635.0, 'recent': 1653.0, 'mean': 1632.0, 'max': 1760.0}"
2517,8015,The Cheetahs,China,,,2020,True,2026,"{'wins': 30, 'losses': 37, 'ties': 0, 'count': 67, 'winrate': 0.4478}","{'current': 1466.0, 'recent': 1461.0, 'mean': 1461.0, 'max': 1492.0}"
2518,8016,Eco Robotics,USA,CA,ca,2020,True,2026,"{'wins': 51, 'losses': 53, 'ties': 0, 'count': 104, 'winrate': 0.4904}","{'current': 1499.0, 'recent': 1495.0, 'mean': 1495.0, 'max': 1521.0}"
2519,8020,CyberpunK,Chinese Taipei,,,2020,True,2026,"{'wins': 93, 'losses': 63, 'ties': 0, 'count': 156, 'winrate': 0.5962}","{'current': 1584.0, 'recent': 1561.0, 'mean': 1561.0, 'max': 1597.0}"
2520,8023,Argonauts,USA,ME,ne,2020,True,2026,"{'wins': 84, 'losses': 109, 'ties': 0, 'count': 193, 'winrate': 0.4352}","{'current': 1464.0, 'recent': 1488.0, 'mean': 1463.0, 'max': 1557.0}"
2521,8024,Robotans,USA,WI,win,2020,True,2026,"{'wins': 55, 'losses': 70, 'ties': 2, 'count': 127, 'winrate': 0.4409}","{'current': 1393.0, 'recent': 1458.0, 'mean': 1458.0, 'max': 1517.0}"
2522,8029,Steel Bronco Robotics,USA,IL,,2020,True,2026,"{'wins': 59, 'losses': 75, 'ties': 0, 'count': 134, 'winrate': 0.4403}","{'current': 1485.0, 'recent': 1476.0, 'mean': 1469.0, 'max': 1513.0}"
2523,8032,SAASquatch Robotics,USA,WA,pnw,2020,True,2026,"{'wins': 78, 'losses': 95, 'ties': 0, 'count': 173, 'winrate': 0.4509}","{'current': 1600.0, 'recent': 1522.0, 'mean': 1508.0, 'max': 1600.0}"
2524,8033,Highlander Robotics,USA,CA,ca,2020,True,2026,"{'wins': 147, 'losses': 81, 'ties': 0, 'count': 228, 'winrate': 0.6447}","{'current': 1582.0, 'recent': 1680.0, 'mean': 1680.0, 'max': 1731.0}"
2525,8041,Lake City Ultrabots,USA,MI,fim,2020,True,2026,"{'wins': 68, 'losses': 81, 'ties': 0, 'count': 149, 'winrate': 0.4564}","{'current': 1419.0, 'recent': 1465.0, 'mean': 1470.0, 'max': 1491.0}"
2526,8042,Fenrir,Türkiye,,,2020,True,2026,"{'wins': 27, 'losses': 40, 'ties': 0, 'count': 67, 'winrate': 0.403}","{'current': 1448.0, 'recent': 1441.0, 'mean': 1435.0, 'max': 1474.0}"
2527,8044,Denham Venom,USA,LA,,2020,True,2026,"{'wins': 178, 'losses': 71, 'ties': 0, 'count': 249, 'winrate': 0.7149}","{'current': 1829.0, 'recent': 1706.0, 'mean': 1706.0, 'max': 1829.0}"
2528,8045,The Wallace Dynasty,USA,CA,ca,2020,True,2026,"{'wins': 23, 'losses': 41, 'ties': 0, 'count': 64, 'winrate': 0.3594}","{'current': 1383.0, 'recent': 1438.0, 'mean': 1438.0, 'max': 1482.0}"
2529,8046,LakerBots,USA,NH,ne,2020,True,2026,"{'wins': 135, 'losses': 98, 'ties': 0, 'count': 233, 'winrate': 0.5794}","{'current': 1677.0, 'recent': 1619.0, 'mean': 1608.0, 'max': 1677.0}"
2530,8048,East Palo Alto ChurroBots,USA,CA,ca,2020,True,2026,"{'wins': 82, 'losses': 75, 'ties': 0, 'count': 157, 'winrate': 0.5223}","{'current': 1636.0, 'recent': 1578.0, 'mean': 1578.0, 'max': 1636.0}"
2531,8051,TinkRex,USA,WA,pnw,2020,True,2026,"{'wins': 72, 'losses': 71, 'ties': 1, 'count': 144, 'winrate': 0.5035}","{'current': 1571.0, 'recent': 1508.0, 'mean': 1508.0, 'max': 1571.0}"
2532,8056,Laissez Faire,Türkiye,,,2020,True,2026,"{'wins': 29, 'losses': 43, 'ties': 0, 'count': 72, 'winrate': 0.4028}","{'current': 1464.0, 'recent': 1433.0, 'mean': 1430.0, 'max': 1476.0}"
2533,8057,All Wired Up,USA,FL,,2020,True,2026,"{'wins': 15, 'losses': 31, 'ties': 0, 'count': 46, 'winrate': 0.3261}","{'current': 1462.0, 'recent': 1451.0, 'mean': 1451.0, 'max': 1473.0}"
2534,8060,Command B,USA,CA,ca,2020,True,2026,"{'wins': 22, 'losses': 53, 'ties': 0, 'count': 75, 'winrate': 0.2933}","{'current': 1466.0, 'recent': 1410.0, 'mean': 1407.0, 'max': 1466.0}"
2535,8066,WOLF ARMY ROBOTICS,Brazil,,,2020,True,2026,"{'wins': 24, 'losses': 34, 'ties': 0, 'count': 58, 'winrate': 0.4138}","{'current': 1399.0, 'recent': 1408.0, 'mean': 1408.0, 'max': 1448.0}"
2536,8067,Alpha Lab,Canada,QC,,2020,True,2026,"{'wins': 32, 'losses': 36, 'ties': 0, 'count': 68, 'winrate': 0.4706}","{'current': 1458.0, 'recent': 1473.0, 'mean': 1473.0, 'max': 1503.0}"
2537,8069,Super Hornets,USA,MO,,2020,True,2026,"{'wins': 34, 'losses': 33, 'ties': 0, 'count': 67, 'winrate': 0.5075}","{'current': 1466.0, 'recent': 1486.0, 'mean': 1486.0, 'max': 1560.0}"
2538,8075,CyberTigers,USA,NJ,fma,2020,True,2026,"{'wins': 61, 'losses': 87, 'ties': 1, 'count': 149, 'winrate': 0.4128}","{'current': 1438.0, 'recent': 1430.0, 'mean': 1430.0, 'max': 1460.0}"
2539,8077,DREAM,USA,MO,,2020,True,2026,"{'wins': 24, 'losses': 32, 'ties': 0, 'count': 56, 'winrate': 0.4286}","{'current': 1376.0, 'recent': 1437.0, 'mean': 1437.0, 'max': 1504.0}"
2540,8079,River Robotics Team,Türkiye,,,2020,True,2026,"{'wins': 59, 'losses': 42, 'ties': 0, 'count': 101, 'winrate': 0.5842}","{'current': 1531.0, 'recent': 1468.0, 'mean': 1487.0, 'max': 1565.0}"
2541,8080,Sequoyah High School Robotics,USA,GA,pch,2020,True,2026,"{'wins': 114, 'losses': 101, 'ties': 0, 'count': 215, 'winrate': 0.5302}","{'current': 1550.0, 'recent': 1530.0, 'mean': 1514.0, 'max': 1561.0}"
2542,8081,UMEI Lightning Robotics,Canada,ON,ont,2020,True,2026,"{'wins': 80, 'losses': 83, 'ties': 0, 'count': 163, 'winrate': 0.4908}","{'current': 1491.0, 'recent': 1556.0, 'mean': 1549.0, 'max': 1588.0}"
2543,8084,ALFA ROBOTICS,Türkiye,,,2020,True,2026,"{'wins': 61, 'losses': 48, 'ties': 0, 'count': 109, 'winrate': 0.5596}","{'current': 1473.0, 'recent': 1513.0, 'mean': 1525.0, 'max': 1584.0}"
2544,8085,MOJO,USA,CT,ne,2020,True,2026,"{'wins': 181, 'losses': 121, 'ties': 0, 'count': 302, 'winrate': 0.5993}","{'current': 1623.0, 'recent': 1610.0, 'mean': 1608.0, 'max': 1687.0}"
2545,8088,Bionic Panthers,USA,TX,fit,2020,True,2026,"{'wins': 115, 'losses': 107, 'ties': 0, 'count': 222, 'winrate': 0.518}","{'current': 1509.0, 'recent': 1558.0, 'mean': 1524.0, 'max': 1601.0}"
2546,8089,Rockway Robotics,Canada,ON,ont,2020,True,2026,"{'wins': 90, 'losses': 116, 'ties': 0, 'count': 206, 'winrate': 0.4369}","{'current': 1522.0, 'recent': 1531.0, 'mean': 1520.0, 'max': 1566.0}"
2547,8092,Greatest of All Times,Türkiye,,,2020,True,2026,"{'wins': 20, 'losses': 25, 'ties': 0, 'count': 45, 'winrate': 0.4444}","{'current': 1381.0, 'recent': 1410.0, 'mean': 1429.0, 'max': 1508.0}"
2548,8096,Cache Money,USA,IL,,2020,True,2026,"{'wins': 70, 'losses': 93, 'ties': 0, 'count': 163, 'winrate': 0.4294}","{'current': 1567.0, 'recent': 1543.0, 'mean': 1524.0, 'max': 1627.0}"
2549,8100,Grayson Robotics,USA,GA,pch,2020,True,2026,"{'wins': 64, 'losses': 96, 'ties': 0, 'count': 160, 'winrate': 0.4}","{'current': 1428.0, 'recent': 1451.0, 'mean': 1451.0, 'max': 1506.0}"
2550,8103,Knight Robotics,USA,IN,fin,2020,True,2026,"{'wins': 83, 'losses': 88, 'ties': 1, 'count': 172, 'winrate': 0.4855}","{'current': 1485.0, 'recent': 1514.0, 'mean': 1499.0, 'max': 1618.0}"
2551,8105,Apollo Black Cat - Peñoles,Mexico,,,2020,True,2026,"{'wins': 34, 'losses': 41, 'ties': 1, 'count': 76, 'winrate': 0.4539}","{'current': 1400.0, 'recent': 1459.0, 'mean': 1459.0, 'max': 1491.0}"
2552,8112,Cyclotrons,USA,KS,,2020,True,2026,"{'wins': 25, 'losses': 57, 'ties': 1, 'count': 83, 'winrate': 0.3072}","{'current': 1418.0, 'recent': 1413.0, 'mean': 1413.0, 'max': 1467.0}"
2553,8114,Rocketeers,USA,TX,fit,2020,True,2026,"{'wins': 74, 'losses': 102, 'ties': 0, 'count': 176, 'winrate': 0.4205}","{'current': 1479.0, 'recent': 1497.0, 'mean': 1499.0, 'max': 1564.0}"
2554,8115,Platinum Peacocks,USA,MI,fim,2020,True,2026,"{'wins': 61, 'losses': 80, 'ties': 0, 'count': 141, 'winrate': 0.4326}","{'current': 1474.0, 'recent': 1496.0, 'mean': 1496.0, 'max': 1552.0}"
2555,8116,Hatchet Robotics,USA,IN,fin,2020,True,2026,"{'wins': 97, 'losses': 107, 'ties': 0, 'count': 204, 'winrate': 0.4755}","{'current': 1597.0, 'recent': 1530.0, 'mean': 1513.0, 'max': 1597.0}"
2556,8117,Easton RoboRovers,USA,PA,fma,2020,True,2026,"{'wins': 68, 'losses': 83, 'ties': 0, 'count': 151, 'winrate': 0.4503}","{'current': 1447.0, 'recent': 1498.0, 'mean': 1498.0, 'max': 1562.0}"
2557,8119,TigerBotics,USA,CA,ca,2020,True,2026,"{'wins': 54, 'losses': 45, 'ties': 0, 'count': 99, 'winrate': 0.5455}","{'current': 1628.0, 'recent': 1514.0, 'mean': 1514.0, 'max': 1628.0}"
2558,8122,Mechanical Mustaches,USA,IL,,2020,True,2026,"{'wins': 92, 'losses': 90, 'ties': 0, 'count': 182, 'winrate': 0.5055}","{'current': 1476.0, 'recent': 1546.0, 'mean': 1547.0, 'max': 1622.0}"
2559,8124,RHS BearBots,USA,MI,fim,2020,True,2026,"{'wins': 39, 'losses': 83, 'ties': 0, 'count': 122, 'winrate': 0.3197}","{'current': 1498.0, 'recent': 1428.0, 'mean': 1428.0, 'max': 1498.0}"
2560,8126,Control Freaks,USA,MI,fim,2020,True,2026,"{'wins': 68, 'losses': 76, 'ties': 1, 'count': 145, 'winrate': 0.4724}","{'current': 1585.0, 'recent': 1521.0, 'mean': 1521.0, 'max': 1585.0}"
2561,8130,Absegami Robotics,USA,NJ,fma,2020,True,2026,"{'wins': 44, 'losses': 69, 'ties': 0, 'count': 113, 'winrate': 0.3894}","{'current': 1388.0, 'recent': 1433.0, 'mean': 1433.0, 'max': 1469.0}"
2562,8132,Sysmik,Canada,QC,,2020,True,2026,"{'wins': 29, 'losses': 21, 'ties': 0, 'count': 50, 'winrate': 0.58}","{'current': 1490.0, 'recent': 1495.0, 'mean': 1495.0, 'max': 1517.0}"
2563,8137,Byting Bulldogs,USA,SC,fsc,2020,True,2026,"{'wins': 75, 'losses': 104, 'ties': 0, 'count': 179, 'winrate': 0.419}","{'current': 1451.0, 'recent': 1432.0, 'mean': 1417.0, 'max': 1451.0}"
2564,8140,RoboManiacs,USA,OH,,2020,True,2026,"{'wins': 20, 'losses': 58, 'ties': 0, 'count': 78, 'winrate': 0.2564}","{'current': 1402.0, 'recent': 1430.0, 'mean': 1430.0, 'max': 1483.0}"
2565,8145,Tech Warriors,USA,OH,,2020,True,2026,"{'wins': 34, 'losses': 69, 'ties': 0, 'count': 103, 'winrate': 0.3301}","{'current': 1493.0, 'recent': 1444.0, 'mean': 1444.0, 'max': 1505.0}"
2566,8151,Wildfire,Türkiye,,,2020,True,2026,"{'wins': 47, 'losses': 58, 'ties': 0, 'count': 105, 'winrate': 0.4476}","{'current': 1517.0, 'recent': 1421.0, 'mean': 1423.0, 'max': 1517.0}"
2567,8152,Escouade,Canada,QC,,2020,True,2026,"{'wins': 23, 'losses': 28, 'ties': 0, 'count': 51, 'winrate': 0.451}","{'current': 1443.0, 'recent': 1458.0, 'mean': 1458.0, 'max': 1508.0}"
2568,8153,Tech4Peace,Türkiye,,,2020,True,2026,"{'wins': 44, 'losses': 52, 'ties': 1, 'count': 97, 'winrate': 0.4588}","{'current': 1505.0, 'recent': 1451.0, 'mean': 1455.0, 'max': 1505.0}"
2569,8158,Bosphorus Robotics,Türkiye,,,2020,True,2026,"{'wins': 31, 'losses': 35, 'ties': 0, 'count': 66, 'winrate': 0.4697}","{'current': 1447.0, 'recent': 1413.0, 'mean': 1422.0, 'max': 1466.0}"
2570,8159,Golden Horn,Türkiye,,,2020,True,2026,"{'wins': 113, 'losses': 90, 'ties': 0, 'count': 203, 'winrate': 0.5567}","{'current': 1704.0, 'recent': 1585.0, 'mean': 1562.0, 'max': 1704.0}"
2571,8166,ROBOCUBE,Türkiye,,,2020,True,2026,"{'wins': 24, 'losses': 28, 'ties': 0, 'count': 52, 'winrate': 0.4615}","{'current': 1445.0, 'recent': 1444.0, 'mean': 1441.0, 'max': 1462.0}"
2572,8169,Aries,Chinese Taipei,,,2020,True,2026,"{'wins': 52, 'losses': 46, 'ties': 0, 'count': 98, 'winrate': 0.5306}","{'current': 1531.0, 'recent': 1514.0, 'mean': 1514.0, 'max': 1531.0}"
2573,8175,Piece of Mind,Israel,,isr,2020,True,2026,"{'wins': 76, 'losses': 91, 'ties': 0, 'count': 167, 'winrate': 0.4551}","{'current': 1498.0, 'recent': 1506.0, 'mean': 1513.0, 'max': 1559.0}"
2574,8177,Vector,USA,TX,fit,2020,True,2026,"{'wins': 154, 'losses': 114, 'ties': 0, 'count': 268, 'winrate': 0.5746}","{'current': 1524.0, 'recent': 1592.0, 'mean': 1584.0, 'max': 1699.0}"
2575,8179,Robo Falcons,USA,MI,fim,2020,True,2026,"{'wins': 90, 'losses': 102, 'ties': 1, 'count': 193, 'winrate': 0.4689}","{'current': 1540.0, 'recent': 1529.0, 'mean': 1513.0, 'max': 1570.0}"
2576,8182,Loth Robotics,Türkiye,,,2020,True,2026,"{'wins': 18, 'losses': 28, 'ties': 1, 'count': 47, 'winrate': 0.3936}","{'current': 1534.0, 'recent': 1455.0, 'mean': 1443.0, 'max': 1534.0}"
2577,8188,Grand Force,USA,ND,,2020,True,2026,"{'wins': 56, 'losses': 63, 'ties': 0, 'count': 119, 'winrate': 0.4706}","{'current': 1416.0, 'recent': 1493.0, 'mean': 1506.0, 'max': 1571.0}"
2578,8193,Steel Stingers,USA,MI,fim,2020,True,2026,"{'wins': 57, 'losses': 72, 'ties': 0, 'count': 129, 'winrate': 0.4419}","{'current': 1401.0, 'recent': 1453.0, 'mean': 1467.0, 'max': 1540.0}"
2579,8205,Mind Over Metal,USA,NC,fnc,2020,True,2026,"{'wins': 63, 'losses': 85, 'ties': 0, 'count': 148, 'winrate': 0.4257}","{'current': 1473.0, 'recent': 1458.0, 'mean': 1458.0, 'max': 1484.0}"
2580,8209,SEZMECH,Türkiye,,,2020,True,2026,"{'wins': 25, 'losses': 35, 'ties': 0, 'count': 60, 'winrate': 0.4167}","{'current': 1477.0, 'recent': 1420.0, 'mean': 1430.0, 'max': 1479.0}"
2581,8214,Cyber Unicorn,China,,,2020,True,2026,"{'wins': 60, 'losses': 24, 'ties': 0, 'count': 84, 'winrate': 0.7143}","{'current': 1791.0, 'recent': 1635.0, 'mean': 1635.0, 'max': 1791.0}"
2582,8220,Space Tigers MBA Robotics,Türkiye,,,2020,True,2026,"{'wins': 37, 'losses': 29, 'ties': 0, 'count': 66, 'winrate': 0.5606}","{'current': 1438.0, 'recent': 1447.0, 'mean': 1450.0, 'max': 1493.0}"
2583,8222,The Argonauts,USA,OH,,2020,True,2026,"{'wins': 31, 'losses': 51, 'ties': 0, 'count': 82, 'winrate': 0.378}","{'current': 1439.0, 'recent': 1452.0, 'mean': 1452.0, 'max': 1515.0}"
2584,8223,Mariners,Israel,,isr,2020,True,2026,"{'wins': 67, 'losses': 99, 'ties': 1, 'count': 167, 'winrate': 0.4042}","{'current': 1503.0, 'recent': 1501.0, 'mean': 1495.0, 'max': 1573.0}"
2585,8224,STEM 4 ALL,Canada,QC,,2020,True,2026,"{'wins': 9, 'losses': 23, 'ties': 0, 'count': 32, 'winrate': 0.2813}","{'current': 1397.0, 'recent': 1395.0, 'mean': 1395.0, 'max': 1401.0}"
2586,8229,Balikbayan Bots,USA,NV,,2020,True,2026,"{'wins': 31, 'losses': 17, 'ties': 0, 'count': 48, 'winrate': 0.6458}","{'current': 1623.0, 'recent': 1608.0, 'mean': 1608.0, 'max': 1623.0}"
2587,8230,KoiBots,USA,VA,fch,2020,True,2026,"{'wins': 93, 'losses': 128, 'ties': 1, 'count': 222, 'winrate': 0.4212}","{'current': 1502.0, 'recent': 1511.0, 'mean': 1505.0, 'max': 1571.0}"
2588,8234,Panthinators,USA,MN,,2020,True,2026,"{'wins': 24, 'losses': 35, 'ties': 0, 'count': 59, 'winrate': 0.4068}","{'current': 1589.0, 'recent': 1470.0, 'mean': 1470.0, 'max': 1589.0}"
2589,8242,Tekno NFL,Türkiye,,,2020,True,2026,"{'wins': 15, 'losses': 18, 'ties': 0, 'count': 33, 'winrate': 0.4545}","{'current': 1457.0, 'recent': 1428.0, 'mean': 1441.0, 'max': 1466.0}"
2590,8243,AstroCircuits,USA,OH,,2020,True,2026,"{'wins': 37, 'losses': 49, 'ties': 1, 'count': 87, 'winrate': 0.431}","{'current': 1523.0, 'recent': 1496.0, 'mean': 1496.0, 'max': 1532.0}"
2591,8248,ChainLynx,USA,WA,pnw,2020,True,2026,"{'wins': 63, 'losses': 101, 'ties': 0, 'count': 164, 'winrate': 0.3841}","{'current': 1553.0, 'recent': 1507.0, 'mean': 1489.0, 'max': 1553.0}"
2592,8255,Robodogs,USA,ND,,2020,True,2026,"{'wins': 45, 'losses': 46, 'ties': 0, 'count': 91, 'winrate': 0.4945}","{'current': 1589.0, 'recent': 1526.0, 'mean': 1527.0, 'max': 1589.0}"
2593,8263,Robin,Türkiye,,,2020,True,2026,"{'wins': 26, 'losses': 28, 'ties': 0, 'count': 54, 'winrate': 0.4815}","{'current': 1421.0, 'recent': 1391.0, 'mean': 1399.0, 'max': 1436.0}"
2594,8264,ATA ROBOTICS,Türkiye,,,2020,True,2026,"{'wins': 29, 'losses': 43, 'ties': 0, 'count': 72, 'winrate': 0.4028}","{'current': 1441.0, 'recent': 1466.0, 'mean': 1470.0, 'max': 1485.0}"
2595,8266,Owlbot - Peñoles,Mexico,,,2020,True,2026,"{'wins': 21, 'losses': 36, 'ties': 0, 'count': 57, 'winrate': 0.3684}","{'current': 1416.0, 'recent': 1425.0, 'mean': 1425.0, 'max': 1512.0}"
2596,8267,Riptide Robotics 8267,USA,NY,,2020,True,2026,"{'wins': 38, 'losses': 28, 'ties': 0, 'count': 66, 'winrate': 0.5758}","{'current': 1625.0, 'recent': 1535.0, 'mean': 1535.0, 'max': 1625.0}"
2597,8276,OPTRON#8276,Brazil,,,2020,True,2026,"{'wins': 18, 'losses': 30, 'ties': 0, 'count': 48, 'winrate': 0.375}","{'current': 1390.0, 'recent': 1424.0, 'mean': 1424.0, 'max': 1476.0}"
2598,8280,K9.0 Robotics,USA,MI,fim,2020,True,2026,"{'wins': 91, 'losses': 96, 'ties': 0, 'count': 187, 'winrate': 0.4866}","{'current': 1653.0, 'recent': 1528.0, 'mean': 1499.0, 'max': 1653.0}"
2599,8285,Bionic Bulldogs,USA,MI,fim,2020,True,2026,"{'wins': 56, 'losses': 68, 'ties': 0, 'count': 124, 'winrate': 0.4516}","{'current': 1453.0, 'recent': 1502.0, 'mean': 1502.0, 'max': 1544.0}"
2600,8286,E.A.G.L.E.S. Robotics,USA,MI,fim,2020,True,2026,"{'wins': 64, 'losses': 66, 'ties': 0, 'count': 130, 'winrate': 0.4923}","{'current': 1470.0, 'recent': 1478.0, 'mean': 1478.0, 'max': 1575.0}"
2601,8290,Jaegers60 - Peñoles,Mexico,,,2020,True,2026,"{'wins': 32, 'losses': 46, 'ties': 0, 'count': 78, 'winrate': 0.4103}","{'current': 1462.0, 'recent': 1416.0, 'mean': 1416.0, 'max': 1464.0}"
2602,8291,Golden Yellow Experience - Peñoles,Mexico,,,2020,True,2026,"{'wins': 32, 'losses': 38, 'ties': 0, 'count': 70, 'winrate': 0.4571}","{'current': 1451.0, 'recent': 1435.0, 'mean': 1435.0, 'max': 1465.0}"
2603,8293,Prepa Tecmilenio - Startech,Mexico,,,2020,True,2026,"{'wins': 24, 'losses': 38, 'ties': 1, 'count': 63, 'winrate': 0.3889}","{'current': 1446.0, 'recent': 1430.0, 'mean': 1432.0, 'max': 1474.0}"
2604,8297,WIHI Robo Wolves,USA,MI,fim,2020,True,2026,"{'wins': 50, 'losses': 71, 'ties': 0, 'count': 121, 'winrate': 0.4132}","{'current': 1491.0, 'recent': 1449.0, 'mean': 1449.0, 'max': 1491.0}"
2605,8300,Titan Robotics,USA,MI,fim,2020,True,2026,"{'wins': 54, 'losses': 91, 'ties': 0, 'count': 145, 'winrate': 0.3724}","{'current': 1478.0, 'recent': 1436.0, 'mean': 1445.0, 'max': 1493.0}"
2606,8302,⚡️ Ｎｉ-ＴＲＯ  ⚡️,USA,WA,pnw,2020,True,2026,"{'wins': 53, 'losses': 75, 'ties': 0, 'count': 128, 'winrate': 0.4141}","{'current': 1478.0, 'recent': 1462.0, 'mean': 1462.0, 'max': 1518.0}"
2607,8303,GatorBytes,USA,WA,pnw,2020,True,2026,"{'wins': 52, 'losses': 81, 'ties': 0, 'count': 133, 'winrate': 0.391}","{'current': 1404.0, 'recent': 1397.0, 'mean': 1397.0, 'max': 1428.0}"
2608,8308,GFLRobotics,Türkiye,,,2020,True,2026,"{'wins': 25, 'losses': 30, 'ties': 0, 'count': 55, 'winrate': 0.4545}","{'current': 1478.0, 'recent': 1433.0, 'mean': 1431.0, 'max': 1478.0}"
2609,8324,MECO Robotics,USA,FL,,2020,True,2026,"{'wins': 50, 'losses': 59, 'ties': 0, 'count': 109, 'winrate': 0.4587}","{'current': 1555.0, 'recent': 1519.0, 'mean': 1519.0, 'max': 1555.0}"
2610,8326,Hopper Robotics,USA,DC,fch,2020,True,2026,"{'wins': 73, 'losses': 87, 'ties': 0, 'count': 160, 'winrate': 0.4563}","{'current': 1411.0, 'recent': 1444.0, 'mean': 1438.0, 'max': 1538.0}"
2611,8331,Carson Graham Secondary,Canada,BC,,2020,True,2026,"{'wins': 25, 'losses': 30, 'ties': 0, 'count': 55, 'winrate': 0.4545}","{'current': 1494.0, 'recent': 1434.0, 'mean': 1450.0, 'max': 1496.0}"
2612,8334,Titan Robotics,USA,CO,,2020,True,2026,"{'wins': 28, 'losses': 34, 'ties': 0, 'count': 62, 'winrate': 0.4516}","{'current': 1484.0, 'recent': 1498.0, 'mean': 1498.0, 'max': 1530.0}"
2613,8338,Bear Force,Canada,BC,,2020,True,2026,"{'wins': 37, 'losses': 58, 'ties': 0, 'count': 95, 'winrate': 0.3895}","{'current': 1494.0, 'recent': 1455.0, 'mean': 1451.0, 'max': 1494.0}"
2614,8339,Penticton Robotics,Canada,BC,,2020,True,2026,"{'wins': 28, 'losses': 42, 'ties': 0, 'count': 70, 'winrate': 0.4}","{'current': 1410.0, 'recent': 1425.0, 'mean': 1428.0, 'max': 1476.0}"
2615,8349,Newbotics,Canada,ON,ont,2020,True,2026,"{'wins': 50, 'losses': 72, 'ties': 1, 'count': 123, 'winrate': 0.4106}","{'current': 1491.0, 'recent': 1490.0, 'mean': 1490.0, 'max': 1521.0}"
2616,8352,CODE Gold,USA,MI,fim,2020,True,2026,"{'wins': 103, 'losses': 81, 'ties': 0, 'count': 184, 'winrate': 0.5598}","{'current': 1545.0, 'recent': 1498.0, 'mean': 1498.0, 'max': 1549.0}"
2617,8362,Circuit Breakers,USA,MI,fim,2020,True,2026,"{'wins': 47, 'losses': 72, 'ties': 0, 'count': 119, 'winrate': 0.395}","{'current': 1395.0, 'recent': 1426.0, 'mean': 1426.0, 'max': 1504.0}"
2618,8364,Rising Stars Academy - Nebulas,USA,MI,fim,2020,True,2026,"{'wins': 43, 'losses': 77, 'ties': 0, 'count': 120, 'winrate': 0.3583}","{'current': 1360.0, 'recent': 1403.0, 'mean': 1403.0, 'max': 1451.0}"
2619,8370,Glow With The Flow,USA,TX,fit,2020,True,2026,"{'wins': 99, 'losses': 118, 'ties': 1, 'count': 218, 'winrate': 0.4564}","{'current': 1440.0, 'recent': 1503.0, 'mean': 1489.0, 'max': 1540.0}"
2620,8372,HCN Storm,USA,MN,,2020,True,2026,"{'wins': 16, 'losses': 31, 'ties': 0, 'count': 47, 'winrate': 0.3404}","{'current': 1460.0, 'recent': 1433.0, 'mean': 1430.0, 'max': 1469.0}"
2621,8373,The Flying Octopi,USA,MI,fim,2020,True,2026,"{'wins': 92, 'losses': 80, 'ties': 0, 'count': 172, 'winrate': 0.5349}","{'current': 1620.0, 'recent': 1542.0, 'mean': 1533.0, 'max': 1620.0}"
2622,8374,Bongo Bots,USA,MI,fim,2020,True,2026,"{'wins': 41, 'losses': 100, 'ties': 0, 'count': 141, 'winrate': 0.2908}","{'current': 1395.0, 'recent': 1435.0, 'mean': 1430.0, 'max': 1493.0}"
2623,8385,Metal Madness,USA,MI,fim,2020,True,2026,"{'wins': 62, 'losses': 80, 'ties': 0, 'count': 142, 'winrate': 0.4366}","{'current': 1478.0, 'recent': 1457.0, 'mean': 1454.0, 'max': 1508.0}"
2624,8387,MECH Mavericks,USA,NV,,2020,True,2026,"{'wins': 18, 'losses': 24, 'ties': 0, 'count': 42, 'winrate': 0.4286}","{'current': 1442.0, 'recent': 1444.0, 'mean': 1444.0, 'max': 1470.0}"
2625,8393,The Giant Diencephalic BrainSTEM Robotics Team,USA,PA,,2020,True,2026,"{'wins': 63, 'losses': 63, 'ties': 1, 'count': 127, 'winrate': 0.5}","{'current': 1564.0, 'recent': 1573.0, 'mean': 1532.0, 'max': 1608.0}"
2626,8397,Astrobots,USA,MI,fim,2020,True,2026,"{'wins': 67, 'losses': 87, 'ties': 0, 'count': 154, 'winrate': 0.4351}","{'current': 1519.0, 'recent': 1486.0, 'mean': 1486.0, 'max': 1578.0}"
2627,8404,SKYWALKERS,USA,CA,ca,2020,True,2026,"{'wins': 67, 'losses': 78, 'ties': 0, 'count': 145, 'winrate': 0.4621}","{'current': 1440.0, 'recent': 1510.0, 'mean': 1510.0, 'max': 1593.0}"
2628,8408,Kiss Kats,USA,TX,fit,2020,True,2026,"{'wins': 45, 'losses': 73, 'ties': 0, 'count': 118, 'winrate': 0.3814}","{'current': 1491.0, 'recent': 1422.0, 'mean': 1422.0, 'max': 1491.0}"
2629,8410,Oyster River Overdrive,USA,NH,ne,2020,True,2026,"{'wins': 66, 'losses': 98, 'ties': 1, 'count': 165, 'winrate': 0.403}","{'current': 1519.0, 'recent': 1541.0, 'mean': 1541.0, 'max': 1581.0}"
2630,8421,CRUSADERS,USA,NH,ne,2020,True,2026,"{'wins': 22, 'losses': 65, 'ties': 0, 'count': 87, 'winrate': 0.2529}","{'current': 1519.0, 'recent': 1431.0, 'mean': 1437.0, 'max': 1519.0}"
2631,8422,Husky Howlers,USA,MN,,2020,True,2026,"{'wins': 41, 'losses': 42, 'ties': 0, 'count': 83, 'winrate': 0.494}","{'current': 1466.0, 'recent': 1502.0, 'mean': 1499.0, 'max': 1535.0}"
2632,8423,Next Express,USA,MI,fim,2020,True,2026,"{'wins': 53, 'losses': 75, 'ties': 1, 'count': 129, 'winrate': 0.4147}","{'current': 1498.0, 'recent': 1490.0, 'mean': 1490.0, 'max': 1511.0}"
2633,8424,Tractor Technicians Next Gen,USA,MI,fim,2020,True,2026,"{'wins': 79, 'losses': 82, 'ties': 0, 'count': 161, 'winrate': 0.4907}","{'current': 1498.0, 'recent': 1488.0, 'mean': 1488.0, 'max': 1538.0}"
2634,8426,Automated Amphibians,USA,MI,fim,2020,True,2026,"{'wins': 79, 'losses': 98, 'ties': 0, 'count': 177, 'winrate': 0.4463}","{'current': 1509.0, 'recent': 1515.0, 'mean': 1515.0, 'max': 1629.0}"
2635,8427,ProtoBots,USA,MI,fim,2020,True,2026,"{'wins': 66, 'losses': 76, 'ties': 0, 'count': 142, 'winrate': 0.4648}","{'current': 1456.0, 'recent': 1459.0, 'mean': 1459.0, 'max': 1540.0}"
2636,8429,Valence Robotics,USA,NC,fnc,2020,True,2026,"{'wins': 119, 'losses': 91, 'ties': 2, 'count': 212, 'winrate': 0.566}","{'current': 1570.0, 'recent': 1538.0, 'mean': 1538.0, 'max': 1579.0}"
2637,8430,The Hatch Batch,USA,IN,fin,2020,True,2026,"{'wins': 61, 'losses': 75, 'ties': 1, 'count': 137, 'winrate': 0.4489}","{'current': 1482.0, 'recent': 1496.0, 'mean': 1496.0, 'max': 1524.0}"
2638,8431,Robo-Knights,USA,IN,fin,2020,True,2026,"{'wins': 19, 'losses': 29, 'ties': 0, 'count': 48, 'winrate': 0.3958}","{'current': 1424.0, 'recent': 1428.0, 'mean': 1428.0, 'max': 1431.0}"
2639,8432,Cyber Knights,USA,IN,fin,2020,True,2026,"{'wins': 8, 'losses': 16, 'ties': 0, 'count': 24, 'winrate': 0.3333}","{'current': 1382.0, 'recent': 1382.0, 'mean': 1382.0, 'max': 1382.0}"
2640,8500,ROBEST Robotics,Türkiye,,,2021,True,2026,"{'wins': 25, 'losses': 36, 'ties': 0, 'count': 61, 'winrate': 0.4098}","{'current': 1397.0, 'recent': 1421.0, 'mean': 1421.0, 'max': 1476.0}"
2641,8503,Raid One,Chinese Taipei,,,2021,True,2026,"{'wins': 53, 'losses': 54, 'ties': 0, 'count': 107, 'winrate': 0.4953}","{'current': 1518.0, 'recent': 1495.0, 'mean': 1495.0, 'max': 1576.0}"
2642,8507,Jagwire Robotics,USA,TX,fit,2021,True,2026,"{'wins': 63, 'losses': 96, 'ties': 0, 'count': 159, 'winrate': 0.3962}","{'current': 1480.0, 'recent': 1442.0, 'mean': 1442.0, 'max': 1480.0}"
2643,8512,Manzano Monarchs,USA,NM,fit,2021,True,2026,"{'wins': 29, 'losses': 36, 'ties': 0, 'count': 65, 'winrate': 0.4462}","{'current': 1435.0, 'recent': 1437.0, 'mean': 1437.0, 'max': 1470.0}"
2644,8513,Sisters 1st,USA,NJ,fma,2021,True,2026,"{'wins': 134, 'losses': 69, 'ties': 0, 'count': 203, 'winrate': 0.6601}","{'current': 1734.0, 'recent': 1603.0, 'mean': 1603.0, 'max': 1734.0}"
2645,8515,Photon,USA,TX,fit,2021,True,2026,"{'wins': 73, 'losses': 79, 'ties': 0, 'count': 152, 'winrate': 0.4803}","{'current': 1600.0, 'recent': 1504.0, 'mean': 1504.0, 'max': 1600.0}"
2646,8516,Wired Up,USA,MN,,2021,True,2026,"{'wins': 44, 'losses': 54, 'ties': 0, 'count': 98, 'winrate': 0.449}","{'current': 1436.0, 'recent': 1514.0, 'mean': 1514.0, 'max': 1572.0}"
2647,8517,Bounty Hunters,USA,MI,fim,2021,True,2026,"{'wins': 123, 'losses': 90, 'ties': 0, 'count': 213, 'winrate': 0.5775}","{'current': 1637.0, 'recent': 1578.0, 'mean': 1578.0, 'max': 1649.0}"
2648,8521,CyberLions,USA,CA,ca,2021,True,2026,"{'wins': 31, 'losses': 68, 'ties': 0, 'count': 99, 'winrate': 0.3131}","{'current': 1448.0, 'recent': 1465.0, 'mean': 1465.0, 'max': 1490.0}"
2649,8528,AstroChimps,USA,NM,fit,2021,True,2026,"{'wins': 70, 'losses': 92, 'ties': 0, 'count': 162, 'winrate': 0.4321}","{'current': 1456.0, 'recent': 1476.0, 'mean': 1476.0, 'max': 1529.0}"
2650,8531,TermiKnightors,USA,WI,win,2021,True,2026,"{'wins': 53, 'losses': 70, 'ties': 2, 'count': 125, 'winrate': 0.432}","{'current': 1460.0, 'recent': 1522.0, 'mean': 1522.0, 'max': 1575.0}"
2651,8532,Classified,USA,OR,pnw,2021,True,2026,"{'wins': 80, 'losses': 100, 'ties': 0, 'count': 180, 'winrate': 0.4444}","{'current': 1538.0, 'recent': 1495.0, 'mean': 1495.0, 'max': 1561.0}"
2652,8533,Rancho Reapers,USA,CA,ca,2021,True,2026,"{'wins': 21, 'losses': 42, 'ties': 0, 'count': 63, 'winrate': 0.3333}","{'current': 1444.0, 'recent': 1409.0, 'mean': 1409.0, 'max': 1444.0}"
2653,8544,Reinforcement,USA,MA,ne,2021,True,2026,"{'wins': 72, 'losses': 111, 'ties': 1, 'count': 184, 'winrate': 0.394}","{'current': 1464.0, 'recent': 1515.0, 'mean': 1515.0, 'max': 1559.0}"
2654,8550,The Ram Bots,USA,ID,,2021,True,2026,"{'wins': 15, 'losses': 31, 'ties': 0, 'count': 46, 'winrate': 0.3261}","{'current': 1452.0, 'recent': 1452.0, 'mean': 1452.0, 'max': 1462.0}"
2655,8551,RoNex,USA,ID,,2021,True,2026,"{'wins': 23, 'losses': 37, 'ties': 0, 'count': 60, 'winrate': 0.3833}","{'current': 1506.0, 'recent': 1461.0, 'mean': 1461.0, 'max': 1506.0}"
2656,8557,ConquEra,Türkiye,,,2021,True,2026,"{'wins': 40, 'losses': 47, 'ties': 2, 'count': 89, 'winrate': 0.4607}","{'current': 1453.0, 'recent': 1469.0, 'mean': 1469.0, 'max': 1524.0}"
2657,8561,Cartesian Robotics,Türkiye,,,2021,True,2026,"{'wins': 40, 'losses': 22, 'ties': 1, 'count': 63, 'winrate': 0.6429}","{'current': 1433.0, 'recent': 1445.0, 'mean': 1445.0, 'max': 1485.0}"
2658,8567,Team Ultraviolet,USA,MA,ne,2021,True,2026,"{'wins': 70, 'losses': 86, 'ties': 2, 'count': 158, 'winrate': 0.4494}","{'current': 1466.0, 'recent': 1526.0, 'mean': 1526.0, 'max': 1576.0}"
2659,8569,Zenith Polaris,Chinese Taipei,,,2021,True,2026,"{'wins': 13, 'losses': 32, 'ties': 0, 'count': 45, 'winrate': 0.2889}","{'current': 1376.0, 'recent': 1437.0, 'mean': 1437.0, 'max': 1503.0}"
2660,8570,Binary-Bolts,India,,,2021,True,2026,"{'wins': 53, 'losses': 29, 'ties': 0, 'count': 82, 'winrate': 0.6463}","{'current': 1560.0, 'recent': 1592.0, 'mean': 1592.0, 'max': 1655.0}"
2661,8573,Rogue-Rangers LEGACY,USA,TX,fit,2021,True,2026,"{'wins': 92, 'losses': 121, 'ties': 1, 'count': 214, 'winrate': 0.4322}","{'current': 1401.0, 'recent': 1488.0, 'mean': 1488.0, 'max': 1531.0}"
2662,8575,The Due Westerners,USA,SC,fsc,2021,True,2026,"{'wins': 144, 'losses': 98, 'ties': 0, 'count': 242, 'winrate': 0.595}","{'current': 1591.0, 'recent': 1572.0, 'mean': 1572.0, 'max': 1598.0}"
2663,8576,Golden Warriors Robotics,USA,TX,fit,2021,True,2026,"{'wins': 136, 'losses': 101, 'ties': 0, 'count': 237, 'winrate': 0.5738}","{'current': 1623.0, 'recent': 1582.0, 'mean': 1582.0, 'max': 1626.0}"
2664,8577,Georgia Cyber Academy Champions,USA,GA,pch,2021,True,2026,"{'wins': 62, 'losses': 92, 'ties': 1, 'count': 155, 'winrate': 0.4032}","{'current': 1501.0, 'recent': 1428.0, 'mean': 1428.0, 'max': 1501.0}"
2665,8581,PizzaByte Robotics,Panama,,,2021,True,2026,"{'wins': 24, 'losses': 28, 'ties': 0, 'count': 52, 'winrate': 0.4615}","{'current': 1515.0, 'recent': 1510.0, 'mean': 1510.0, 'max': 1588.0}"
2666,8584,Infinity Robotics,Chinese Taipei,,,2021,True,2026,"{'wins': 22, 'losses': 33, 'ties': 0, 'count': 55, 'winrate': 0.4}","{'current': 1398.0, 'recent': 1435.0, 'mean': 1435.0, 'max': 1461.0}"
2667,8585,Bombax Leopard,Chinese Taipei,,,2021,True,2026,"{'wins': 23, 'losses': 30, 'ties': 0, 'count': 53, 'winrate': 0.434}","{'current': 1381.0, 'recent': 1425.0, 'mean': 1425.0, 'max': 1466.0}"
2668,8586,Firebirds Robotics,USA,ND,,2021,True,2026,"{'wins': 18, 'losses': 39, 'ties': 0, 'count': 57, 'winrate': 0.3158}","{'current': 1441.0, 'recent': 1402.0, 'mean': 1402.0, 'max': 1472.0}"
2669,8588,Tech Devils,USA,NJ,fma,2021,True,2026,"{'wins': 58, 'losses': 78, 'ties': 0, 'count': 136, 'winrate': 0.4265}","{'current': 1435.0, 'recent': 1432.0, 'mean': 1432.0, 'max': 1500.0}"
2670,8590,Cavbotics,USA,VA,fch,2021,True,2026,"{'wins': 83, 'losses': 88, 'ties': 1, 'count': 172, 'winrate': 0.4855}","{'current': 1478.0, 'recent': 1510.0, 'mean': 1510.0, 'max': 1601.0}"
2671,8591,Archangels,USA,TX,fit,2021,True,2026,"{'wins': 28, 'losses': 42, 'ties': 0, 'count': 70, 'winrate': 0.4}","{'current': 1413.0, 'recent': 1377.0, 'mean': 1377.0, 'max': 1413.0}"
2672,8592,Newton Squared,USA,VA,fch,2021,True,2026,"{'wins': 146, 'losses': 107, 'ties': 1, 'count': 254, 'winrate': 0.5768}","{'current': 1612.0, 'recent': 1620.0, 'mean': 1620.0, 'max': 1698.0}"
2673,8595,This Is How We Play,Chinese Taipei,,,2021,True,2026,"{'wins': 57, 'losses': 49, 'ties': 1, 'count': 107, 'winrate': 0.5374}","{'current': 1680.0, 'recent': 1536.0, 'mean': 1536.0, 'max': 1680.0}"
2674,8608,Alpha Bots,USA,MI,fim,2021,True,2026,"{'wins': 159, 'losses': 68, 'ties': 0, 'count': 227, 'winrate': 0.7004}","{'current': 1691.0, 'recent': 1648.0, 'mean': 1648.0, 'max': 1734.0}"
2675,8611,Cyber Patriots,USA,MI,fim,2021,True,2026,"{'wins': 44, 'losses': 70, 'ties': 0, 'count': 114, 'winrate': 0.386}","{'current': 1452.0, 'recent': 1440.0, 'mean': 1440.0, 'max': 1489.0}"
2676,8612,Calvin Christian Robotics,USA,MI,fim,2021,True,2026,"{'wins': 84, 'losses': 86, 'ties': 0, 'count': 170, 'winrate': 0.4941}","{'current': 1634.0, 'recent': 1542.0, 'mean': 1542.0, 'max': 1634.0}"
2677,8613,Barker Greybacks,Australia,,,2021,True,2026,"{'wins': 46, 'losses': 31, 'ties': 0, 'count': 77, 'winrate': 0.5974}","{'current': 1581.0, 'recent': 1603.0, 'mean': 1603.0, 'max': 1644.0}"
2678,8622,The CyBirds,USA,MD,fch,2021,True,2026,"{'wins': 65, 'losses': 102, 'ties': 1, 'count': 168, 'winrate': 0.3899}","{'current': 1447.0, 'recent': 1448.0, 'mean': 1448.0, 'max': 1489.0}"
2679,8623,Michigan FC,USA,MI,fim,2021,True,2026,"{'wins': 33, 'losses': 62, 'ties': 0, 'count': 95, 'winrate': 0.3474}","{'current': 1367.0, 'recent': 1401.0, 'mean': 1401.0, 'max': 1432.0}"
2680,8624,Sasquatch Robotics,USA,AL,,2021,True,2026,"{'wins': 17, 'losses': 23, 'ties': 0, 'count': 40, 'winrate': 0.425}","{'current': 1358.0, 'recent': 1400.0, 'mean': 1400.0, 'max': 1482.0}"
2681,8626,Cyber Sailors,USA,MA,ne,2021,True,2026,"{'wins': 85, 'losses': 101, 'ties': 1, 'count': 187, 'winrate': 0.4572}","{'current': 1541.0, 'recent': 1522.0, 'mean': 1522.0, 'max': 1575.0}"
2682,8628,Newark School of Global Studies,USA,NJ,fma,2021,True,2026,"{'wins': 38, 'losses': 58, 'ties': 0, 'count': 96, 'winrate': 0.3958}","{'current': 1438.0, 'recent': 1429.0, 'mean': 1429.0, 'max': 1461.0}"
2683,8630,CAP ROBOTICS,USA,NJ,fma,2021,True,2026,"{'wins': 41, 'losses': 90, 'ties': 1, 'count': 132, 'winrate': 0.3144}","{'current': 1469.0, 'recent': 1468.0, 'mean': 1468.0, 'max': 1509.0}"
2684,8700,W.I.R.E.D,USA,WI,win,2022,True,2026,"{'wins': 31, 'losses': 80, 'ties': 0, 'count': 111, 'winrate': 0.2793}","{'current': 1445.0, 'recent': 1445.0, 'mean': 1445.0, 'max': 1491.0}"
2685,8701,GRAFFITI,USA,WI,win,2022,True,2026,"{'wins': 60, 'losses': 81, 'ties': 1, 'count': 142, 'winrate': 0.4261}","{'current': 1473.0, 'recent': 1514.0, 'mean': 1514.0, 'max': 1544.0}"
2686,8704,Void Warranty,USA,NJ,fma,2022,True,2026,"{'wins': 29, 'losses': 69, 'ties': 0, 'count': 98, 'winrate': 0.2959}","{'current': 1358.0, 'recent': 1400.0, 'mean': 1400.0, 'max': 1472.0}"
2687,8705,Sci Tech FRC,USA,PA,,2022,True,2026,"{'wins': 12, 'losses': 24, 'ties': 0, 'count': 36, 'winrate': 0.3333}","{'current': 1425.0, 'recent': 1445.0, 'mean': 1445.0, 'max': 1484.0}"
2688,8706,MXS Bulldog Bots,USA,NJ,fma,2022,True,2026,"{'wins': 52, 'losses': 74, 'ties': 0, 'count': 126, 'winrate': 0.4127}","{'current': 1632.0, 'recent': 1493.0, 'mean': 1493.0, 'max': 1632.0}"
2689,8707,The Newark Circuit Breakers,USA,NJ,fma,2022,True,2026,"{'wins': 43, 'losses': 79, 'ties': 0, 'count': 122, 'winrate': 0.3525}","{'current': 1405.0, 'recent': 1403.0, 'mean': 1403.0, 'max': 1446.0}"
2690,8708,Ov3R1y K0Mp13X,USA,NH,ne,2022,True,2026,"{'wins': 87, 'losses': 122, 'ties': 2, 'count': 211, 'winrate': 0.4171}","{'current': 1431.0, 'recent': 1521.0, 'mean': 1521.0, 'max': 1578.0}"
2691,8709,Pathfinder Tech,USA,MA,ne,2022,True,2026,"{'wins': 78, 'losses': 87, 'ties': 0, 'count': 165, 'winrate': 0.4727}","{'current': 1556.0, 'recent': 1528.0, 'mean': 1528.0, 'max': 1602.0}"
2692,8711,The Midnight Ostrich Runners,USA,OK,,2022,True,2026,"{'wins': 54, 'losses': 92, 'ties': 0, 'count': 146, 'winrate': 0.3699}","{'current': 1397.0, 'recent': 1478.0, 'mean': 1478.0, 'max': 1535.0}"
2693,8713,Nordonia Knights,USA,OH,,2022,True,2026,"{'wins': 25, 'losses': 28, 'ties': 0, 'count': 53, 'winrate': 0.4717}","{'current': 1471.0, 'recent': 1455.0, 'mean': 1455.0, 'max': 1511.0}"
2694,8714,Robo Griffins',USA,NJ,fma,2022,True,2026,"{'wins': 47, 'losses': 75, 'ties': 0, 'count': 122, 'winrate': 0.3852}","{'current': 1394.0, 'recent': 1424.0, 'mean': 1424.0, 'max': 1480.0}"
2695,8717,Cyber Vipers,USA,NV,,2022,True,2026,"{'wins': 36, 'losses': 67, 'ties': 0, 'count': 103, 'winrate': 0.3495}","{'current': 1460.0, 'recent': 1476.0, 'mean': 1476.0, 'max': 1506.0}"
2696,8718,Tigerbotics,USA,OH,,2022,True,2026,"{'wins': 15, 'losses': 34, 'ties': 0, 'count': 49, 'winrate': 0.3061}","{'current': 1436.0, 'recent': 1416.0, 'mean': 1416.0, 'max': 1452.0}"
2697,8719,Oakville Dynamics,USA,MO,,2022,True,2026,"{'wins': 35, 'losses': 52, 'ties': 0, 'count': 87, 'winrate': 0.4023}","{'current': 1395.0, 'recent': 1377.0, 'mean': 1377.0, 'max': 1395.0}"
2698,8721,Code Name M.I.T.,USA,NJ,fma,2022,True,2026,"{'wins': 39, 'losses': 66, 'ties': 1, 'count': 106, 'winrate': 0.3726}","{'current': 1450.0, 'recent': 1453.0, 'mean': 1453.0, 'max': 1493.0}"
2699,8724,Mayhem,USA,NH,ne,2022,True,2026,"{'wins': 108, 'losses': 91, 'ties': 0, 'count': 199, 'winrate': 0.5427}","{'current': 1614.0, 'recent': 1588.0, 'mean': 1588.0, 'max': 1636.0}"
2700,8725,MistyPanther,Chinese Taipei,,,2022,True,2026,"{'wins': 68, 'losses': 31, 'ties': 0, 'count': 99, 'winrate': 0.6869}","{'current': 1693.0, 'recent': 1559.0, 'mean': 1559.0, 'max': 1693.0}"
2701,8726,CryptoHawks,USA,MD,fch,2022,True,2026,"{'wins': 77, 'losses': 100, 'ties': 0, 'count': 177, 'winrate': 0.435}","{'current': 1431.0, 'recent': 1508.0, 'mean': 1508.0, 'max': 1534.0}"
2702,8727,Glitch 2.0,USA,NC,fnc,2022,True,2026,"{'wins': 142, 'losses': 91, 'ties': 0, 'count': 233, 'winrate': 0.6094}","{'current': 1544.0, 'recent': 1580.0, 'mean': 1580.0, 'max': 1646.0}"
2703,8728,Argonauts,USA,MI,fim,2022,True,2026,"{'wins': 87, 'losses': 88, 'ties': 0, 'count': 175, 'winrate': 0.4971}","{'current': 1589.0, 'recent': 1556.0, 'mean': 1556.0, 'max': 1589.0}"
2704,8729,Sparkling H2O,Canada,ON,ont,2022,True,2026,"{'wins': 96, 'losses': 116, 'ties': 1, 'count': 213, 'winrate': 0.4531}","{'current': 1475.0, 'recent': 1530.0, 'mean': 1530.0, 'max': 1575.0}"
2705,8732,Trinity Force,USA,TX,fit,2022,True,2026,"{'wins': 72, 'losses': 109, 'ties': 0, 'count': 181, 'winrate': 0.3978}","{'current': 1418.0, 'recent': 1474.0, 'mean': 1474.0, 'max': 1530.0}"
2706,8736,The Mechanisms,USA,GA,pch,2022,True,2026,"{'wins': 126, 'losses': 101, 'ties': 1, 'count': 228, 'winrate': 0.5548}","{'current': 1458.0, 'recent': 1562.0, 'mean': 1562.0, 'max': 1701.0}"
2707,8737,Rocket Rampage#8737,USA,IA,,2022,True,2026,"{'wins': 14, 'losses': 24, 'ties': 0, 'count': 38, 'winrate': 0.3684}","{'current': 1423.0, 'recent': 1415.0, 'mean': 1415.0, 'max': 1454.0}"
2708,8738,Slice,USA,NC,fnc,2022,True,2026,"{'wins': 132, 'losses': 106, 'ties': 0, 'count': 238, 'winrate': 0.5546}","{'current': 1466.0, 'recent': 1544.0, 'mean': 1544.0, 'max': 1629.0}"
2709,8739,Redhawk Robotics,USA,NY,,2022,True,2026,"{'wins': 47, 'losses': 72, 'ties': 0, 'count': 119, 'winrate': 0.395}","{'current': 1477.0, 'recent': 1498.0, 'mean': 1498.0, 'max': 1523.0}"
2710,8740,Prepa Tecmilenio - Quantum Force,Mexico,,,2022,True,2026,"{'wins': 31, 'losses': 36, 'ties': 0, 'count': 67, 'winrate': 0.4627}","{'current': 1524.0, 'recent': 1393.0, 'mean': 1393.0, 'max': 1524.0}"
2711,8741,Prepa Tecmilenio - Raccoons,Mexico,,,2022,True,2026,"{'wins': 9, 'losses': 28, 'ties': 1, 'count': 38, 'winrate': 0.25}","{'current': 1370.0, 'recent': 1392.0, 'mean': 1392.0, 'max': 1438.0}"
2712,8742,Argyll Attack,USA,IN,fin,2022,True,2026,"{'wins': 59, 'losses': 91, 'ties': 1, 'count': 151, 'winrate': 0.394}","{'current': 1469.0, 'recent': 1492.0, 'mean': 1492.0, 'max': 1514.0}"
2713,8744,Leviathans,USA,WI,win,2022,True,2026,"{'wins': 72, 'losses': 47, 'ties': 0, 'count': 119, 'winrate': 0.605}","{'current': 1585.0, 'recent': 1570.0, 'mean': 1570.0, 'max': 1585.0}"
2714,8746,Knights,USA,NC,fnc,2022,True,2026,"{'wins': 90, 'losses': 92, 'ties': 0, 'count': 182, 'winrate': 0.4945}","{'current': 1456.0, 'recent': 1454.0, 'mean': 1454.0, 'max': 1522.0}"
2715,8747,BLACK SEA ROBOTICS,Türkiye,,,2022,True,2026,"{'wins': 18, 'losses': 19, 'ties': 0, 'count': 37, 'winrate': 0.4865}","{'current': 1368.0, 'recent': 1403.0, 'mean': 1403.0, 'max': 1454.0}"
2716,8749,Farmersville  Robotics,USA,TX,fit,2022,True,2026,"{'wins': 106, 'losses': 105, 'ties': 1, 'count': 212, 'winrate': 0.5024}","{'current': 1551.0, 'recent': 1557.0, 'mean': 1557.0, 'max': 1665.0}"
2717,8750,Tarpontron1cs,USA,TX,fit,2022,True,2026,"{'wins': 48, 'losses': 74, 'ties': 1, 'count': 123, 'winrate': 0.3943}","{'current': 1461.0, 'recent': 1446.0, 'mean': 1446.0, 'max': 1481.0}"
2718,8751,Miramonte Robotics Team,USA,CA,ca,2022,True,2026,"{'wins': 17, 'losses': 29, 'ties': 0, 'count': 46, 'winrate': 0.3696}","{'current': 1368.0, 'recent': 1412.0, 'mean': 1412.0, 'max': 1448.0}"
2719,8753,Spectre,USA,FL,,2022,True,2026,"{'wins': 23, 'losses': 29, 'ties': 0, 'count': 52, 'winrate': 0.4423}","{'current': 1482.0, 'recent': 1443.0, 'mean': 1443.0, 'max': 1482.0}"
2720,8756,Magic Valley Logic Control,USA,ID,,2022,True,2026,"{'wins': 18, 'losses': 36, 'ties': 0, 'count': 54, 'winrate': 0.3333}","{'current': 1444.0, 'recent': 1405.0, 'mean': 1405.0, 'max': 1444.0}"
2721,8757,GeodeBots,USA,NC,fnc,2022,True,2026,"{'wins': 81, 'losses': 116, 'ties': 0, 'count': 197, 'winrate': 0.4112}","{'current': 1442.0, 'recent': 1434.0, 'mean': 1434.0, 'max': 1483.0}"
2722,8758,Tar-Robo Turtles,USA,NC,fnc,2022,True,2026,"{'wins': 45, 'losses': 90, 'ties': 1, 'count': 136, 'winrate': 0.3346}","{'current': 1385.0, 'recent': 1428.0, 'mean': 1428.0, 'max': 1456.0}"
2723,8759,ARPEX,Türkiye,,,2022,True,2026,"{'wins': 14, 'losses': 23, 'ties': 0, 'count': 37, 'winrate': 0.3784}","{'current': 1389.0, 'recent': 1409.0, 'mean': 1409.0, 'max': 1461.0}"
2724,8761,AHS TigerByte8761,USA,GA,pch,2022,True,2026,"{'wins': 36, 'losses': 90, 'ties': 1, 'count': 127, 'winrate': 0.2874}","{'current': 1432.0, 'recent': 1390.0, 'mean': 1390.0, 'max': 1432.0}"
2725,8764,Thunder Robotics,Canada,ON,ont,2022,True,2026,"{'wins': 71, 'losses': 98, 'ties': 0, 'count': 169, 'winrate': 0.4201}","{'current': 1432.0, 'recent': 1508.0, 'mean': 1508.0, 'max': 1554.0}"
2726,8766,The Black Machine,USA,IA,,2022,True,2026,"{'wins': 15, 'losses': 33, 'ties': 0, 'count': 48, 'winrate': 0.3125}","{'current': 1380.0, 'recent': 1393.0, 'mean': 1393.0, 'max': 1447.0}"
2727,8767,Dark Horse Robotics,USA,MI,fim,2022,True,2026,"{'wins': 37, 'losses': 74, 'ties': 0, 'count': 111, 'winrate': 0.3333}","{'current': 1475.0, 'recent': 1456.0, 'mean': 1456.0, 'max': 1478.0}"
2728,8768,CTEC Titans,USA,CA,ca,2022,True,2026,"{'wins': 79, 'losses': 107, 'ties': 0, 'count': 186, 'winrate': 0.4247}","{'current': 1486.0, 'recent': 1530.0, 'mean': 1530.0, 'max': 1572.0}"
2729,8769,G.O.R.T.s,USA,TX,fit,2022,True,2026,"{'wins': 58, 'losses': 80, 'ties': 0, 'count': 138, 'winrate': 0.4203}","{'current': 1518.0, 'recent': 1471.0, 'mean': 1471.0, 'max': 1518.0}"
2730,8770,FireBolts,USA,IA,,2022,True,2026,"{'wins': 17, 'losses': 31, 'ties': 0, 'count': 48, 'winrate': 0.3542}","{'current': 1471.0, 'recent': 1464.0, 'mean': 1464.0, 'max': 1490.0}"
2731,8771,PioTech,USA,NJ,fma,2022,True,2026,"{'wins': 47, 'losses': 80, 'ties': 0, 'count': 127, 'winrate': 0.3701}","{'current': 1449.0, 'recent': 1434.0, 'mean': 1434.0, 'max': 1484.0}"
2732,8777,SafranTech,Türkiye,,,2022,True,2026,"{'wins': 18, 'losses': 15, 'ties': 2, 'count': 35, 'winrate': 0.5429}","{'current': 1447.0, 'recent': 1442.0, 'mean': 1442.0, 'max': 1459.0}"
2733,8778,HSUWerx,USA,FL,,2022,True,2026,"{'wins': 25, 'losses': 37, 'ties': 0, 'count': 62, 'winrate': 0.4032}","{'current': 1395.0, 'recent': 1411.0, 'mean': 1411.0, 'max': 1442.0}"
2734,8780,TED ROBOTICS,Türkiye,,,2022,True,2026,"{'wins': 23, 'losses': 30, 'ties': 0, 'count': 53, 'winrate': 0.434}","{'current': 1356.0, 'recent': 1383.0, 'mean': 1383.0, 'max': 1452.0}"
2735,8782,TroBotics,USA,WI,win,2022,True,2026,"{'wins': 19, 'losses': 38, 'ties': 0, 'count': 57, 'winrate': 0.3333}","{'current': 1498.0, 'recent': 1473.0, 'mean': 1473.0, 'max': 1508.0}"
2736,8783,Apeiron,Türkiye,,,2022,True,2026,"{'wins': 9, 'losses': 24, 'ties': 1, 'count': 34, 'winrate': 0.2794}","{'current': 1340.0, 'recent': 1346.0, 'mean': 1346.0, 'max': 1358.0}"
2737,8784,HEVSEL,Türkiye,,,2022,True,2026,"{'wins': 13, 'losses': 15, 'ties': 0, 'count': 28, 'winrate': 0.4643}","{'current': 1380.0, 'recent': 1411.0, 'mean': 1411.0, 'max': 1482.0}"
2738,8787,Mavericks,USA,MN,,2022,True,2026,"{'wins': 22, 'losses': 26, 'ties': 0, 'count': 48, 'winrate': 0.4583}","{'current': 1424.0, 'recent': 1444.0, 'mean': 1444.0, 'max': 1479.0}"
2739,8789,The Lost 10mm Sockets,Canada,ON,ont,2022,True,2026,"{'wins': 46, 'losses': 80, 'ties': 1, 'count': 127, 'winrate': 0.3661}","{'current': 1462.0, 'recent': 1476.0, 'mean': 1476.0, 'max': 1504.0}"
2740,8790,Departure,Chinese Taipei,,,2022,True,2026,"{'wins': 23, 'losses': 37, 'ties': 0, 'count': 60, 'winrate': 0.3833}","{'current': 1432.0, 'recent': 1437.0, 'mean': 1437.0, 'max': 1467.0}"
2741,8791,Mighty Patriots,USA,FL,,2022,True,2026,"{'wins': 16, 'losses': 34, 'ties': 0, 'count': 50, 'winrate': 0.32}","{'current': 1365.0, 'recent': 1371.0, 'mean': 1371.0, 'max': 1393.0}"
2742,8793,Pumpkin Bots,USA,CA,ca,2022,True,2026,"{'wins': 74, 'losses': 68, 'ties': 0, 'count': 142, 'winrate': 0.5211}","{'current': 1561.0, 'recent': 1518.0, 'mean': 1518.0, 'max': 1568.0}"
2743,8795,The Chaotics,Türkiye,,,2022,True,2026,"{'wins': 21, 'losses': 35, 'ties': 1, 'count': 57, 'winrate': 0.3772}","{'current': 1413.0, 'recent': 1396.0, 'mean': 1396.0, 'max': 1413.0}"
2744,8802,Milwaukee United,USA,WI,win,2022,True,2026,"{'wins': 56, 'losses': 59, 'ties': 0, 'count': 115, 'winrate': 0.487}","{'current': 1466.0, 'recent': 1516.0, 'mean': 1516.0, 'max': 1589.0}"
2745,8803,MechaMarines,USA,WI,win,2022,True,2026,"{'wins': 26, 'losses': 52, 'ties': 0, 'count': 78, 'winrate': 0.3333}","{'current': 1464.0, 'recent': 1459.0, 'mean': 1459.0, 'max': 1523.0}"
2746,8805,NKST36,Chinese Taipei,,,2022,True,2026,"{'wins': 18, 'losses': 27, 'ties': 0, 'count': 45, 'winrate': 0.4}","{'current': 1459.0, 'recent': 1457.0, 'mean': 1457.0, 'max': 1479.0}"
2747,8806,Our Lady of Providence Dream League,Chinese Taipei,,,2022,True,2026,"{'wins': 62, 'losses': 53, 'ties': 1, 'count': 116, 'winrate': 0.5388}","{'current': 1603.0, 'recent': 1532.0, 'mean': 1532.0, 'max': 1626.0}"
2748,8808,SWLA Tech Pirates,USA,LA,,2022,True,2026,"{'wins': 80, 'losses': 67, 'ties': 0, 'count': 147, 'winrate': 0.5442}","{'current': 1640.0, 'recent': 1570.0, 'mean': 1570.0, 'max': 1640.0}"
2749,8810,The Alphabots,China,,,2022,True,2026,"{'wins': 9, 'losses': 9, 'ties': 1, 'count': 19, 'winrate': 0.5}","{'current': 1573.0, 'recent': 1485.0, 'mean': 1485.0, 'max': 1573.0}"
2750,8815,Barnstormers,USA,GA,pch,2022,True,2026,"{'wins': 66, 'losses': 86, 'ties': 0, 'count': 152, 'winrate': 0.4342}","{'current': 1428.0, 'recent': 1420.0, 'mean': 1420.0, 'max': 1448.0}"
2751,8816,Coyotronics,USA,TX,fit,2022,True,2026,"{'wins': 44, 'losses': 71, 'ties': 1, 'count': 116, 'winrate': 0.3836}","{'current': 1471.0, 'recent': 1423.0, 'mean': 1423.0, 'max': 1471.0}"
2752,8817,Buccaneer Robotics,USA,FL,,2022,True,2026,"{'wins': 57, 'losses': 66, 'ties': 1, 'count': 124, 'winrate': 0.4637}","{'current': 1585.0, 'recent': 1513.0, 'mean': 1513.0, 'max': 1585.0}"
2753,8818,The Foe - Foe Engineering Group,USA,TX,fit,2022,True,2026,"{'wins': 54, 'losses': 89, 'ties': 0, 'count': 143, 'winrate': 0.3776}","{'current': 1452.0, 'recent': 1433.0, 'mean': 1433.0, 'max': 1459.0}"
2754,8821,TVRT-Trojanbots,USA,IA,,2022,True,2026,"{'wins': 22, 'losses': 37, 'ties': 0, 'count': 59, 'winrate': 0.3729}","{'current': 1418.0, 'recent': 1445.0, 'mean': 1445.0, 'max': 1505.0}"
2755,8822,Lc3 Thunderbirds,USA,IA,,2022,True,2026,"{'wins': 15, 'losses': 32, 'ties': 0, 'count': 47, 'winrate': 0.3191}","{'current': 1477.0, 'recent': 1462.0, 'mean': 1462.0, 'max': 1486.0}"
2756,8825,Team Eagle Eyed,USA,MO,,2022,True,2026,"{'wins': 63, 'losses': 75, 'ties': 0, 'count': 138, 'winrate': 0.4565}","{'current': 1478.0, 'recent': 1536.0, 'mean': 1536.0, 'max': 1571.0}"
2757,8828,EAL Robotics,Türkiye,,,2022,True,2026,"{'wins': 19, 'losses': 17, 'ties': 0, 'count': 36, 'winrate': 0.5278}","{'current': 1422.0, 'recent': 1439.0, 'mean': 1439.0, 'max': 1482.0}"
2758,8832,AutoDawgs,USA,MI,fim,2022,True,2026,"{'wins': 49, 'losses': 73, 'ties': 0, 'count': 122, 'winrate': 0.4016}","{'current': 1431.0, 'recent': 1425.0, 'mean': 1425.0, 'max': 1441.0}"
2759,8839,Shoshone Robotics,USA,ID,,2022,True,2026,"{'wins': 27, 'losses': 38, 'ties': 0, 'count': 65, 'winrate': 0.4154}","{'current': 1505.0, 'recent': 1501.0, 'mean': 1501.0, 'max': 1550.0}"
2760,8840,Bay Robotics,USA,CA,ca,2022,True,2026,"{'wins': 49, 'losses': 77, 'ties': 0, 'count': 126, 'winrate': 0.3889}","{'current': 1475.0, 'recent': 1483.0, 'mean': 1483.0, 'max': 1551.0}"
2761,8841,OTTER,USA,FL,,2022,True,2026,"{'wins': 80, 'losses': 57, 'ties': 1, 'count': 138, 'winrate': 0.5833}","{'current': 1606.0, 'recent': 1604.0, 'mean': 1604.0, 'max': 1643.0}"
2762,8844,Flamethrowers,Australia,,,2022,True,2026,"{'wins': 17, 'losses': 33, 'ties': 0, 'count': 50, 'winrate': 0.34}","{'current': 1446.0, 'recent': 1400.0, 'mean': 1400.0, 'max': 1446.0}"
2763,8847,Milwaukee Cyber Cheese,USA,WI,win,2022,True,2026,"{'wins': 33, 'losses': 47, 'ties': 1, 'count': 81, 'winrate': 0.4136}","{'current': 1458.0, 'recent': 1500.0, 'mean': 1500.0, 'max': 1570.0}"
2764,8849,Storm Robotics,USA,GA,pch,2022,True,2026,"{'wins': 82, 'losses': 122, 'ties': 0, 'count': 204, 'winrate': 0.402}","{'current': 1322.0, 'recent': 1434.0, 'mean': 1434.0, 'max': 1522.0}"
2765,8850,Ed Bears,Canada,ON,ont,2022,True,2026,"{'wins': 35, 'losses': 61, 'ties': 1, 'count': 97, 'winrate': 0.366}","{'current': 1393.0, 'recent': 1434.0, 'mean': 1434.0, 'max': 1485.0}"
2766,8852,Drew Robotics,USA,CA,ca,2022,True,2026,"{'wins': 65, 'losses': 55, 'ties': 0, 'count': 120, 'winrate': 0.5417}","{'current': 1600.0, 'recent': 1549.0, 'mean': 1549.0, 'max': 1603.0}"
2767,8858,Beast from the East,USA,TX,fit,2022,True,2026,"{'wins': 101, 'losses': 94, 'ties': 0, 'count': 195, 'winrate': 0.5179}","{'current': 1602.0, 'recent': 1558.0, 'mean': 1558.0, 'max': 1602.0}"
2768,8859,Bora Robotics,Türkiye,,,2022,True,2026,"{'wins': 15, 'losses': 25, 'ties': 0, 'count': 40, 'winrate': 0.375}","{'current': 1393.0, 'recent': 1388.0, 'mean': 1388.0, 'max': 1401.0}"
2769,8863,ANATOLIAN DEAF ETERNALS ROBOTICS,Türkiye,,,2022,True,2026,"{'wins': 12, 'losses': 24, 'ties': 0, 'count': 36, 'winrate': 0.3333}","{'current': 1430.0, 'recent': 1402.0, 'mean': 1402.0, 'max': 1434.0}"
2770,8865,Dacula Droids,USA,GA,pch,2022,True,2026,"{'wins': 76, 'losses': 111, 'ties': 2, 'count': 189, 'winrate': 0.4074}","{'current': 1459.0, 'recent': 1448.0, 'mean': 1448.0, 'max': 1491.0}"
2771,8866,Innovation Robotics,USA,GA,pch,2022,True,2026,"{'wins': 110, 'losses': 114, 'ties': 0, 'count': 224, 'winrate': 0.4911}","{'current': 1534.0, 'recent': 1531.0, 'mean': 1531.0, 'max': 1587.0}"
2772,8870,RedCards,USA,CA,ca,2022,True,2026,"{'wins': 20, 'losses': 29, 'ties': 0, 'count': 49, 'winrate': 0.4082}","{'current': 1398.0, 'recent': 1417.0, 'mean': 1417.0, 'max': 1453.0}"
2773,8871,Saber Dynamics,USA,HI,,2022,True,2026,"{'wins': 52, 'losses': 81, 'ties': 0, 'count': 133, 'winrate': 0.391}","{'current': 1447.0, 'recent': 1457.0, 'mean': 1457.0, 'max': 1476.0}"
2774,8873,Rockefeller Robotics,USA,MI,fim,2022,True,2026,"{'wins': 114, 'losses': 90, 'ties': 0, 'count': 204, 'winrate': 0.5588}","{'current': 1577.0, 'recent': 1567.0, 'mean': 1567.0, 'max': 1630.0}"
2775,8878,ArrowBot,USA,MN,,2022,True,2026,"{'wins': 35, 'losses': 51, 'ties': 0, 'count': 86, 'winrate': 0.407}","{'current': 1491.0, 'recent': 1458.0, 'mean': 1458.0, 'max': 1491.0}"
2776,8880,Terra Cyborg,USA,IL,,2022,True,2026,"{'wins': 43, 'losses': 56, 'ties': 0, 'count': 99, 'winrate': 0.4343}","{'current': 1564.0, 'recent': 1513.0, 'mean': 1513.0, 'max': 1564.0}"
2777,8882,INFINITY BR,Brazil,,,2022,True,2026,"{'wins': 34, 'losses': 46, 'ties': 0, 'count': 80, 'winrate': 0.425}","{'current': 1430.0, 'recent': 1461.0, 'mean': 1461.0, 'max': 1517.0}"
2778,8884,Knight Owls,Canada,ON,ont,2022,True,2026,"{'wins': 125, 'losses': 93, 'ties': 1, 'count': 219, 'winrate': 0.5731}","{'current': 1675.0, 'recent': 1602.0, 'mean': 1602.0, 'max': 1726.0}"
2779,8885,Socratic Schematics,USA,UT,,2022,True,2026,"{'wins': 34, 'losses': 55, 'ties': 1, 'count': 90, 'winrate': 0.3833}","{'current': 1386.0, 'recent': 1435.0, 'mean': 1435.0, 'max': 1508.0}"
2780,8887,West Central Area,USA,MN,,2022,True,2026,"{'wins': 12, 'losses': 28, 'ties': 0, 'count': 40, 'winrate': 0.3}","{'current': 1415.0, 'recent': 1417.0, 'mean': 1417.0, 'max': 1453.0}"
2781,8889,Project W,USA,CT,ne,2022,True,2026,"{'wins': 88, 'losses': 97, 'ties': 0, 'count': 185, 'winrate': 0.4757}","{'current': 1543.0, 'recent': 1543.0, 'mean': 1543.0, 'max': 1587.0}"
2782,8891,Wild Raccoons,USA,CA,ca,2022,True,2026,"{'wins': 48, 'losses': 66, 'ties': 0, 'count': 114, 'winrate': 0.4211}","{'current': 1416.0, 'recent': 1466.0, 'mean': 1466.0, 'max': 1534.0}"
2783,8896,Wolf Tech Robotics,USA,WA,pnw,2022,True,2026,"{'wins': 52, 'losses': 89, 'ties': 1, 'count': 142, 'winrate': 0.3697}","{'current': 1428.0, 'recent': 1408.0, 'mean': 1408.0, 'max': 1463.0}"
2784,8898,Royal Rebel Robotics,USA,CA,ca,2022,True,2026,"{'wins': 18, 'losses': 56, 'ties': 0, 'count': 74, 'winrate': 0.2432}","{'current': 1346.0, 'recent': 1387.0, 'mean': 1387.0, 'max': 1452.0}"
2785,8899,CyberEagles,USA,MI,fim,2022,True,2026,"{'wins': 47, 'losses': 61, 'ties': 0, 'count': 108, 'winrate': 0.4352}","{'current': 1417.0, 'recent': 1430.0, 'mean': 1430.0, 'max': 1450.0}"
2786,9001,Delta Force,Romania,,,2023,True,2026,"{'wins': 30, 'losses': 27, 'ties': 0, 'count': 57, 'winrate': 0.5263}","{'current': 1547.0, 'recent': 1508.0, 'mean': 1508.0, 'max': 1547.0}"
2787,9002,Falcon Dynamics - Foothill High School,USA,NV,,2023,True,2026,"{'wins': 12, 'losses': 19, 'ties': 0, 'count': 31, 'winrate': 0.3871}","{'current': 1422.0, 'recent': 1423.0, 'mean': 1423.0, 'max': 1444.0}"
2788,9003,TuTu Turtles,USA,VA,fch,2023,True,2026,"{'wins': 62, 'losses': 72, 'ties': 0, 'count': 134, 'winrate': 0.4627}","{'current': 1555.0, 'recent': 1507.0, 'mean': 1507.0, 'max': 1555.0}"
2789,9005,Avian Robotics,USA,NC,fnc,2023,True,2026,"{'wins': 60, 'losses': 90, 'ties': 0, 'count': 150, 'winrate': 0.4}","{'current': 1421.0, 'recent': 1456.0, 'mean': 1456.0, 'max': 1506.0}"
2790,9007,MIT (Muskogee's Innovative Team),USA,OK,,2023,True,2026,"{'wins': 23, 'losses': 39, 'ties': 0, 'count': 62, 'winrate': 0.371}","{'current': 1459.0, 'recent': 1451.0, 'mean': 1451.0, 'max': 1495.0}"
2791,9012,Team Waffles,USA,HI,,2023,True,2026,"{'wins': 25, 'losses': 35, 'ties': 0, 'count': 60, 'winrate': 0.4167}","{'current': 1340.0, 'recent': 1428.0, 'mean': 1428.0, 'max': 1482.0}"
2792,9014,Vulcan Mechanics,USA,PA,fma,2023,True,2026,"{'wins': 45, 'losses': 68, 'ties': 0, 'count': 113, 'winrate': 0.3982}","{'current': 1519.0, 'recent': 1469.0, 'mean': 1469.0, 'max': 1519.0}"
2793,9015,Questionable Engineering,USA,NJ,fma,2023,True,2026,"{'wins': 99, 'losses': 90, 'ties': 0, 'count': 189, 'winrate': 0.5238}","{'current': 1495.0, 'recent': 1567.0, 'mean': 1567.0, 'max': 1626.0}"
2794,9016,Syosset SuperSonics,USA,NY,,2023,True,2026,"{'wins': 66, 'losses': 60, 'ties': 1, 'count': 127, 'winrate': 0.5236}","{'current': 1497.0, 'recent': 1542.0, 'mean': 1542.0, 'max': 1588.0}"
2795,9018,ElRobotiKO,USA,NV,,2023,True,2026,"{'wins': 9, 'losses': 22, 'ties': 1, 'count': 32, 'winrate': 0.2969}","{'current': 1454.0, 'recent': 1432.0, 'mean': 1432.0, 'max': 1469.0}"
2796,9019,Ko'olaupoko,USA,HI,,2023,True,2026,"{'wins': 15, 'losses': 43, 'ties': 0, 'count': 58, 'winrate': 0.2586}","{'current': 1377.0, 'recent': 1380.0, 'mean': 1380.0, 'max': 1395.0}"
2797,9020,MCT Galatasaray Robotics,Türkiye,,,2023,True,2026,"{'wins': 22, 'losses': 32, 'ties': 0, 'count': 54, 'winrate': 0.4074}","{'current': 1415.0, 'recent': 1402.0, 'mean': 1402.0, 'max': 1418.0}"
2798,9021,uSELESScASE,Türkiye,,,2023,True,2026,"{'wins': 14, 'losses': 15, 'ties': 0, 'count': 29, 'winrate': 0.4828}","{'current': 1464.0, 'recent': 1465.0, 'mean': 1465.0, 'max': 1488.0}"
2799,9022,MC Robotics,USA,PA,,2023,True,2026,"{'wins': 18, 'losses': 27, 'ties': 0, 'count': 45, 'winrate': 0.4}","{'current': 1539.0, 'recent': 1503.0, 'mean': 1503.0, 'max': 1544.0}"
2800,9023,Future Martians,USA,WA,pnw,2023,True,2026,"{'wins': 120, 'losses': 79, 'ties': 0, 'count': 199, 'winrate': 0.603}","{'current': 1785.0, 'recent': 1669.0, 'mean': 1669.0, 'max': 1785.0}"
2801,9024,Callister,Türkiye,,,2023,True,2026,"{'wins': 42, 'losses': 42, 'ties': 0, 'count': 84, 'winrate': 0.5}","{'current': 1475.0, 'recent': 1479.0, 'mean': 1479.0, 'max': 1507.0}"
2802,9025,Mechameleons,Türkiye,,,2023,True,2026,"{'wins': 36, 'losses': 30, 'ties': 0, 'count': 66, 'winrate': 0.5455}","{'current': 1587.0, 'recent': 1460.0, 'mean': 1460.0, 'max': 1587.0}"
2803,9026,Aero,Türkiye,,,2023,True,2026,"{'wins': 13, 'losses': 21, 'ties': 0, 'count': 34, 'winrate': 0.3824}","{'current': 1468.0, 'recent': 1390.0, 'mean': 1390.0, 'max': 1468.0}"
2804,9027,PATH to Domination,USA,PA,fma,2023,True,2026,"{'wins': 60, 'losses': 68, 'ties': 0, 'count': 128, 'winrate': 0.4688}","{'current': 1512.0, 'recent': 1507.0, 'mean': 1507.0, 'max': 1534.0}"
2805,9028,GFORCE,Türkiye,,,2023,True,2026,"{'wins': 12, 'losses': 29, 'ties': 0, 'count': 41, 'winrate': 0.2927}","{'current': 1496.0, 'recent': 1443.0, 'mean': 1443.0, 'max': 1496.0}"
2806,9029,Team NF,Türkiye,,,2023,True,2026,"{'wins': 40, 'losses': 34, 'ties': 1, 'count': 75, 'winrate': 0.54}","{'current': 1577.0, 'recent': 1469.0, 'mean': 1469.0, 'max': 1577.0}"
2807,9030,Qarabagh MecHack,Azerbaijan,,,2023,True,2026,"{'wins': 18, 'losses': 20, 'ties': 0, 'count': 38, 'winrate': 0.4737}","{'current': 1453.0, 'recent': 1460.0, 'mean': 1460.0, 'max': 1477.0}"
2808,9031,Wildbots,USA,MO,,2023,True,2026,"{'wins': 34, 'losses': 59, 'ties': 0, 'count': 93, 'winrate': 0.3656}","{'current': 1401.0, 'recent': 1451.0, 'mean': 1451.0, 'max': 1507.0}"
2809,9032,RoboWhales,USA,NC,fnc,2023,True,2026,"{'wins': 102, 'losses': 66, 'ties': 0, 'count': 168, 'winrate': 0.6071}","{'current': 1765.0, 'recent': 1610.0, 'mean': 1610.0, 'max': 1765.0}"
2810,9033,Ocebots,USA,VA,fch,2023,True,2026,"{'wins': 58, 'losses': 72, 'ties': 1, 'count': 131, 'winrate': 0.4466}","{'current': 1537.0, 'recent': 1510.0, 'mean': 1510.0, 'max': 1537.0}"
2811,9034,The Space Dolphins,USA,TX,fit,2023,True,2026,"{'wins': 51, 'losses': 76, 'ties': 0, 'count': 127, 'winrate': 0.4016}","{'current': 1422.0, 'recent': 1466.0, 'mean': 1466.0, 'max': 1514.0}"
2812,9036,Ramen Robotics,USA,WA,pnw,2023,True,2026,"{'wins': 74, 'losses': 81, 'ties': 1, 'count': 156, 'winrate': 0.4776}","{'current': 1578.0, 'recent': 1573.0, 'mean': 1573.0, 'max': 1615.0}"
2813,9037,HHS Black Ops,USA,UT,,2023,True,2026,"{'wins': 26, 'losses': 47, 'ties': 1, 'count': 74, 'winrate': 0.3581}","{'current': 1501.0, 'recent': 1511.0, 'mean': 1511.0, 'max': 1542.0}"
2814,9038,SF UNITY,USA,CA,ca,2023,True,2026,"{'wins': 42, 'losses': 55, 'ties': 0, 'count': 97, 'winrate': 0.433}","{'current': 1521.0, 'recent': 1543.0, 'mean': 1543.0, 'max': 1590.0}"
2815,9040,Sunset Robo Knights,USA,FL,,2023,True,2026,"{'wins': 17, 'losses': 27, 'ties': 0, 'count': 44, 'winrate': 0.3864}","{'current': 1417.0, 'recent': 1413.0, 'mean': 1413.0, 'max': 1434.0}"
2816,9042,SOARIN,USA,NC,fnc,2023,True,2026,"{'wins': 44, 'losses': 64, 'ties': 0, 'count': 108, 'winrate': 0.4074}","{'current': 1502.0, 'recent': 1430.0, 'mean': 1430.0, 'max': 1502.0}"
2817,9043,Valkyrie,Türkiye,,,2023,True,2026,"{'wins': 26, 'losses': 37, 'ties': 0, 'count': 63, 'winrate': 0.4127}","{'current': 1411.0, 'recent': 1368.0, 'mean': 1368.0, 'max': 1415.0}"
2818,9045,North Lions SESI/SENAI,Brazil,,,2023,True,2026,"{'wins': 14, 'losses': 24, 'ties': 0, 'count': 38, 'winrate': 0.3684}","{'current': 1430.0, 'recent': 1419.0, 'mean': 1419.0, 'max': 1452.0}"
2819,9046,SESI SENAI BBTECH,Brazil,,,2023,True,2026,"{'wins': 12, 'losses': 24, 'ties': 0, 'count': 36, 'winrate': 0.3333}","{'current': 1411.0, 'recent': 1427.0, 'mean': 1427.0, 'max': 1491.0}"
2820,9047,TECHMAKER ROBOTICS,Brazil,,,2023,True,2026,"{'wins': 38, 'losses': 19, 'ties': 0, 'count': 57, 'winrate': 0.6667}","{'current': 1584.0, 'recent': 1513.0, 'mean': 1513.0, 'max': 1584.0}"
2821,9048,SESI/SENAI P0T1BAT (Potibat),Brazil,,,2023,True,2026,"{'wins': 12, 'losses': 23, 'ties': 0, 'count': 35, 'winrate': 0.3429}","{'current': 1412.0, 'recent': 1432.0, 'mean': 1432.0, 'max': 1476.0}"
2822,9049,SESI SENAI STEAMPUNK MONKEY FRC,Brazil,,,2023,True,2026,"{'wins': 16, 'losses': 23, 'ties': 0, 'count': 39, 'winrate': 0.4103}","{'current': 1448.0, 'recent': 1422.0, 'mean': 1422.0, 'max': 1448.0}"
2823,9050,Tucanus,Brazil,,,2023,True,2026,"{'wins': 21, 'losses': 19, 'ties': 0, 'count': 40, 'winrate': 0.525}","{'current': 1498.0, 'recent': 1485.0, 'mean': 1485.0, 'max': 1507.0}"
2824,9053,Prepa Tecmilenio - Iron Hawks,Mexico,,,2023,True,2026,"{'wins': 18, 'losses': 26, 'ties': 0, 'count': 44, 'winrate': 0.4091}","{'current': 1343.0, 'recent': 1363.0, 'mean': 1363.0, 'max': 1409.0}"
2825,9055,Knights of Katahdin (Ka TAH din),USA,ME,ne,2023,True,2026,"{'wins': 59, 'losses': 75, 'ties': 1, 'count': 135, 'winrate': 0.4407}","{'current': 1499.0, 'recent': 1483.0, 'mean': 1483.0, 'max': 1499.0}"
2826,9056,CyberHuskies 9056,USA,ME,ne,2023,True,2026,"{'wins': 33, 'losses': 51, 'ties': 0, 'count': 84, 'winrate': 0.3929}","{'current': 1462.0, 'recent': 1432.0, 'mean': 1432.0, 'max': 1462.0}"
2827,9057,G.I.R.L.,USA,GA,pch,2023,True,2026,"{'wins': 41, 'losses': 64, 'ties': 1, 'count': 106, 'winrate': 0.3915}","{'current': 1375.0, 'recent': 1391.0, 'mean': 1391.0, 'max': 1411.0}"
2828,9059,COLTech Robotics,USA,AZ,,2023,True,2026,"{'wins': 45, 'losses': 56, 'ties': 0, 'count': 101, 'winrate': 0.4455}","{'current': 1415.0, 'recent': 1449.0, 'mean': 1449.0, 'max': 1478.0}"
2829,9060,Prepa Tecmilenio - Desert Robotics,Mexico,,,2023,True,2026,"{'wins': 13, 'losses': 28, 'ties': 0, 'count': 41, 'winrate': 0.3171}","{'current': 1430.0, 'recent': 1398.0, 'mean': 1398.0, 'max': 1430.0}"
2830,9061,Mechanical Mutts,USA,IA,,2023,True,2026,"{'wins': 13, 'losses': 23, 'ties': 0, 'count': 36, 'winrate': 0.3611}","{'current': 1364.0, 'recent': 1442.0, 'mean': 1442.0, 'max': 1489.0}"
2831,9062,Critical Circuits,Canada,ON,ont,2023,True,2026,"{'wins': 67, 'losses': 88, 'ties': 0, 'count': 155, 'winrate': 0.4323}","{'current': 1474.0, 'recent': 1516.0, 'mean': 1516.0, 'max': 1595.0}"
2832,9066,Cavalo Vendado,Brazil,,,2023,True,2026,"{'wins': 20, 'losses': 20, 'ties': 0, 'count': 40, 'winrate': 0.5}","{'current': 1466.0, 'recent': 1443.0, 'mean': 1443.0, 'max': 1473.0}"
2833,9067,The Goonies,USA,AR,,2023,True,2026,"{'wins': 38, 'losses': 57, 'ties': 0, 'count': 95, 'winrate': 0.4}","{'current': 1503.0, 'recent': 1533.0, 'mean': 1533.0, 'max': 1566.0}"
2834,9068,The Chargers,USA,CO,,2023,True,2026,"{'wins': 38, 'losses': 24, 'ties': 0, 'count': 62, 'winrate': 0.6129}","{'current': 1729.0, 'recent': 1567.0, 'mean': 1567.0, 'max': 1729.0}"
2835,9071,SlicerTech,USA,IN,fin,2023,True,2026,"{'wins': 38, 'losses': 73, 'ties': 0, 'count': 111, 'winrate': 0.3423}","{'current': 1413.0, 'recent': 1434.0, 'mean': 1434.0, 'max': 1499.0}"
2836,9072,TigerBots,USA,MD,fch,2023,True,2026,"{'wins': 133, 'losses': 78, 'ties': 0, 'count': 211, 'winrate': 0.6303}","{'current': 1765.0, 'recent': 1650.0, 'mean': 1650.0, 'max': 1765.0}"
2837,9073,Skol Robotics,USA,TN,,2023,True,2026,"{'wins': 29, 'losses': 46, 'ties': 0, 'count': 75, 'winrate': 0.3867}","{'current': 1425.0, 'recent': 1418.0, 'mean': 1418.0, 'max': 1465.0}"
2838,9074,Roboant,Türkiye,,,2023,True,2026,"{'wins': 7, 'losses': 12, 'ties': 0, 'count': 19, 'winrate': 0.3684}","{'current': 1375.0, 'recent': 1367.0, 'mean': 1367.0, 'max': 1399.0}"
2839,9075,Redskin Robotics,USA,OH,,2023,True,2026,"{'wins': 25, 'losses': 36, 'ties': 0, 'count': 61, 'winrate': 0.4098}","{'current': 1513.0, 'recent': 1483.0, 'mean': 1483.0, 'max': 1513.0}"
2840,9077,The Crown,Türkiye,,,2023,True,2026,"{'wins': 47, 'losses': 37, 'ties': 1, 'count': 85, 'winrate': 0.5588}","{'current': 1528.0, 'recent': 1506.0, 'mean': 1506.0, 'max': 1545.0}"
2841,9079,Mechanic  storm,Chinese Taipei,,,2023,True,2026,"{'wins': 23, 'losses': 43, 'ties': 0, 'count': 66, 'winrate': 0.3485}","{'current': 1467.0, 'recent': 1480.0, 'mean': 1480.0, 'max': 1492.0}"
2842,9080,ENIGMA,USA,NM,fit,2023,True,2026,"{'wins': 61, 'losses': 78, 'ties': 0, 'count': 139, 'winrate': 0.4388}","{'current': 1418.0, 'recent': 1465.0, 'mean': 1465.0, 'max': 1504.0}"
2843,9082,No Limit,USA,IA,,2023,True,2026,"{'wins': 43, 'losses': 61, 'ties': 0, 'count': 104, 'winrate': 0.4135}","{'current': 1550.0, 'recent': 1519.0, 'mean': 1519.0, 'max': 1550.0}"
2844,9084,Octobots,USA,CA,ca,2023,True,2026,"{'wins': 93, 'losses': 56, 'ties': 1, 'count': 150, 'winrate': 0.6233}","{'current': 1614.0, 'recent': 1656.0, 'mean': 1656.0, 'max': 1710.0}"
2845,9085,SESI SENAI MEGA HARPY,Brazil,,,2023,True,2026,"{'wins': 54, 'losses': 59, 'ties': 0, 'count': 113, 'winrate': 0.4779}","{'current': 1586.0, 'recent': 1524.0, 'mean': 1524.0, 'max': 1586.0}"
2846,9086,Wildcat Robotics,USA,GA,pch,2023,True,2026,"{'wins': 41, 'losses': 73, 'ties': 0, 'count': 114, 'winrate': 0.3596}","{'current': 1436.0, 'recent': 1422.0, 'mean': 1422.0, 'max': 1443.0}"
2847,9089,ACS Phoenix,Bulgaria,,,2023,True,2026,"{'wins': 14, 'losses': 25, 'ties': 1, 'count': 40, 'winrate': 0.3625}","{'current': 1532.0, 'recent': 1443.0, 'mean': 1443.0, 'max': 1532.0}"
2848,9091,A.W.E.,USA,AZ,,2023,True,2026,"{'wins': 19, 'losses': 25, 'ties': 0, 'count': 44, 'winrate': 0.4318}","{'current': 1348.0, 'recent': 1403.0, 'mean': 1403.0, 'max': 1426.0}"
2849,9092,Tower Robotics,USA,IA,,2023,True,2026,"{'wins': 39, 'losses': 35, 'ties': 0, 'count': 74, 'winrate': 0.527}","{'current': 1549.0, 'recent': 1569.0, 'mean': 1569.0, 'max': 1596.0}"
2850,9094,The Earthquakers,USA,PA,fma,2023,True,2026,"{'wins': 96, 'losses': 69, 'ties': 1, 'count': 166, 'winrate': 0.5813}","{'current': 1683.0, 'recent': 1616.0, 'mean': 1616.0, 'max': 1683.0}"
2851,9096,Bad Weather,USA,VT,ne,2023,True,2026,"{'wins': 37, 'losses': 72, 'ties': 0, 'count': 109, 'winrate': 0.3394}","{'current': 1437.0, 'recent': 1435.0, 'mean': 1435.0, 'max': 1475.0}"
2852,9097,MachBusters,USA,OH,,2023,True,2026,"{'wins': 31, 'losses': 55, 'ties': 1, 'count': 87, 'winrate': 0.3621}","{'current': 1515.0, 'recent': 1450.0, 'mean': 1450.0, 'max': 1515.0}"
2853,9098,FireHawks,Canada,ON,ont,2023,True,2026,"{'wins': 118, 'losses': 69, 'ties': 1, 'count': 188, 'winrate': 0.6303}","{'current': 1688.0, 'recent': 1652.0, 'mean': 1652.0, 'max': 1688.0}"
2854,9100,Robo Roses,USA,NJ,fma,2023,True,2026,"{'wins': 48, 'losses': 71, 'ties': 0, 'count': 119, 'winrate': 0.4034}","{'current': 1514.0, 'recent': 1473.0, 'mean': 1473.0, 'max': 1514.0}"
2855,9101,Green Mountain Robotics,USA,VT,ne,2023,True,2026,"{'wins': 64, 'losses': 96, 'ties': 1, 'count': 161, 'winrate': 0.4006}","{'current': 1468.0, 'recent': 1532.0, 'mean': 1532.0, 'max': 1580.0}"
2856,9102,CyborgBulls,France,,,2023,True,2026,"{'wins': 20, 'losses': 27, 'ties': 0, 'count': 47, 'winrate': 0.4255}","{'current': 1435.0, 'recent': 1465.0, 'mean': 1465.0, 'max': 1518.0}"
2857,9105,TechnoTalons,USA,TX,fit,2023,True,2026,"{'wins': 110, 'losses': 87, 'ties': 0, 'count': 197, 'winrate': 0.5584}","{'current': 1457.0, 'recent': 1576.0, 'mean': 1576.0, 'max': 1661.0}"
2858,9106,Spires,USA,MI,fim,2023,True,2026,"{'wins': 48, 'losses': 59, 'ties': 0, 'count': 107, 'winrate': 0.4486}","{'current': 1492.0, 'recent': 1487.0, 'mean': 1487.0, 'max': 1518.0}"
2859,9110,SESI SENAI ATOMIIC,Brazil,,,2023,True,2026,"{'wins': 32, 'losses': 39, 'ties': 0, 'count': 71, 'winrate': 0.4507}","{'current': 1556.0, 'recent': 1481.0, 'mean': 1481.0, 'max': 1556.0}"
2860,9111,Pyro Mechanics,USA,CA,ca,2023,True,2026,"{'wins': 23, 'losses': 39, 'ties': 0, 'count': 62, 'winrate': 0.371}","{'current': 1508.0, 'recent': 1468.0, 'mean': 1468.0, 'max': 1508.0}"
2861,9114,Rotationaries,USA,CA,ca,2023,True,2026,"{'wins': 64, 'losses': 70, 'ties': 1, 'count': 135, 'winrate': 0.4778}","{'current': 1441.0, 'recent': 1467.0, 'mean': 1467.0, 'max': 1537.0}"
2862,9116,The Canucks & Bolts,USA,NJ,fma,2023,True,2026,"{'wins': 50, 'losses': 80, 'ties': 0, 'count': 130, 'winrate': 0.3846}","{'current': 1412.0, 'recent': 1476.0, 'mean': 1476.0, 'max': 1508.0}"
2863,9119,Iron Legends,USA,IN,fin,2023,True,2026,"{'wins': 41, 'losses': 63, 'ties': 0, 'count': 104, 'winrate': 0.3942}","{'current': 1529.0, 'recent': 1451.0, 'mean': 1451.0, 'max': 1529.0}"
2864,9120,Silverbot - Fresnillo PLC,Mexico,,,2023,True,2026,"{'wins': 25, 'losses': 35, 'ties': 0, 'count': 60, 'winrate': 0.4167}","{'current': 1484.0, 'recent': 1436.0, 'mean': 1436.0, 'max': 1484.0}"
2865,9121,Mavericks,USA,TX,fit,2023,True,2026,"{'wins': 57, 'losses': 87, 'ties': 0, 'count': 144, 'winrate': 0.3958}","{'current': 1423.0, 'recent': 1436.0, 'mean': 1436.0, 'max': 1519.0}"
2866,9125,Mechanical Magicians,USA,CA,ca,2023,True,2026,"{'wins': 52, 'losses': 83, 'ties': 0, 'count': 135, 'winrate': 0.3852}","{'current': 1412.0, 'recent': 1484.0, 'mean': 1484.0, 'max': 1584.0}"
2867,9126,Silver Hawks,Chinese Taipei,,,2023,True,2026,"{'wins': 44, 'losses': 32, 'ties': 0, 'count': 76, 'winrate': 0.5789}","{'current': 1592.0, 'recent': 1550.0, 'mean': 1550.0, 'max': 1592.0}"
2868,9128,ITKAN Robotics,USA,TX,fit,2023,True,2026,"{'wins': 150, 'losses': 72, 'ties': 0, 'count': 222, 'winrate': 0.6757}","{'current': 1850.0, 'recent': 1715.0, 'mean': 1715.0, 'max': 1850.0}"
2869,9132,Roborsa Başakşehir,Türkiye,,,2023,True,2026,"{'wins': 20, 'losses': 21, 'ties': 1, 'count': 42, 'winrate': 0.4881}","{'current': 1422.0, 'recent': 1447.0, 'mean': 1447.0, 'max': 1474.0}"
2870,9134,Tecmilenio - DEVOLT,Mexico,,,2023,True,2026,"{'wins': 69, 'losses': 59, 'ties': 0, 'count': 128, 'winrate': 0.5391}","{'current': 1574.0, 'recent': 1540.0, 'mean': 1540.0, 'max': 1588.0}"
2871,9136,Rampage,USA,TX,fit,2023,True,2026,"{'wins': 81, 'losses': 81, 'ties': 0, 'count': 162, 'winrate': 0.5}","{'current': 1496.0, 'recent': 1565.0, 'mean': 1565.0, 'max': 1620.0}"
2872,9137,Bionic Vipers,USA,TX,fit,2023,True,2026,"{'wins': 49, 'losses': 73, 'ties': 0, 'count': 122, 'winrate': 0.4016}","{'current': 1454.0, 'recent': 1430.0, 'mean': 1430.0, 'max': 1538.0}"
2873,9138,Robo Hawks,USA,UT,,2023,True,2026,"{'wins': 31, 'losses': 31, 'ties': 0, 'count': 62, 'winrate': 0.5}","{'current': 1425.0, 'recent': 1447.0, 'mean': 1447.0, 'max': 1496.0}"
2874,9139,Reserve Robotics,USA,OH,,2023,True,2026,"{'wins': 11, 'losses': 27, 'ties': 0, 'count': 38, 'winrate': 0.2895}","{'current': 1477.0, 'recent': 1467.0, 'mean': 1467.0, 'max': 1489.0}"
2875,9140,The Robobots,USA,TX,fit,2023,True,2026,"{'wins': 116, 'losses': 87, 'ties': 0, 'count': 203, 'winrate': 0.5714}","{'current': 1584.0, 'recent': 1615.0, 'mean': 1615.0, 'max': 1659.0}"
2876,9146,Burnouts,Australia,,,2023,True,2026,"{'wins': 20, 'losses': 28, 'ties': 0, 'count': 48, 'winrate': 0.4167}","{'current': 1432.0, 'recent': 1451.0, 'mean': 1451.0, 'max': 1477.0}"
2877,9147,The Joebots,Australia,,,2023,True,2026,"{'wins': 23, 'losses': 28, 'ties': 0, 'count': 51, 'winrate': 0.451}","{'current': 1440.0, 'recent': 1454.0, 'mean': 1454.0, 'max': 1484.0}"
2878,9148,Atlas Robotics,USA,MI,fim,2023,True,2026,"{'wins': 31, 'losses': 75, 'ties': 0, 'count': 106, 'winrate': 0.2925}","{'current': 1454.0, 'recent': 1425.0, 'mean': 1425.0, 'max': 1454.0}"
2879,9149,RoboCats,USA,WI,win,2023,True,2026,"{'wins': 24, 'losses': 32, 'ties': 0, 'count': 56, 'winrate': 0.4286}","{'current': 1489.0, 'recent': 1427.0, 'mean': 1427.0, 'max': 1489.0}"
2880,9150,Labyrinth Robotics,USA,NC,fnc,2023,True,2026,"{'wins': 57, 'losses': 87, 'ties': 0, 'count': 144, 'winrate': 0.3958}","{'current': 1450.0, 'recent': 1448.0, 'mean': 1448.0, 'max': 1482.0}"
2881,9151,RoboLynx,USA,NV,,2023,True,2026,"{'wins': 10, 'losses': 22, 'ties': 0, 'count': 32, 'winrate': 0.3125}","{'current': 1446.0, 'recent': 1451.0, 'mean': 1451.0, 'max': 1481.0}"
2882,9152,Rat Fight,USA,KY,,2023,True,2026,"{'wins': 24, 'losses': 38, 'ties': 0, 'count': 62, 'winrate': 0.3871}","{'current': 1460.0, 'recent': 1440.0, 'mean': 1440.0, 'max': 1464.0}"
2883,9153,Bearcat Robotics,USA,LA,,2023,True,2026,"{'wins': 35, 'losses': 48, 'ties': 0, 'count': 83, 'winrate': 0.4217}","{'current': 1389.0, 'recent': 1439.0, 'mean': 1439.0, 'max': 1486.0}"
2884,9155,New Tech Kraken,Poland,,,2023,True,2026,"{'wins': 11, 'losses': 16, 'ties': 0, 'count': 27, 'winrate': 0.4074}","{'current': 1466.0, 'recent': 1451.0, 'mean': 1451.0, 'max': 1480.0}"
2885,9157,Iconic Panthers,USA,MN,,2023,True,2026,"{'wins': 10, 'losses': 28, 'ties': 0, 'count': 38, 'winrate': 0.2632}","{'current': 1418.0, 'recent': 1414.0, 'mean': 1414.0, 'max': 1431.0}"
2886,9160,YAL THUNDERS,Türkiye,,,2023,True,2026,"{'wins': 10, 'losses': 23, 'ties': 0, 'count': 33, 'winrate': 0.303}","{'current': 1446.0, 'recent': 1407.0, 'mean': 1407.0, 'max': 1446.0}"
2887,9162,ALL MIGHT,Brazil,,,2023,True,2026,"{'wins': 25, 'losses': 22, 'ties': 0, 'count': 47, 'winrate': 0.5319}","{'current': 1525.0, 'recent': 1443.0, 'mean': 1443.0, 'max': 1525.0}"
2888,9163,HYDRA,Brazil,,,2023,True,2026,"{'wins': 14, 'losses': 21, 'ties': 0, 'count': 35, 'winrate': 0.4}","{'current': 1385.0, 'recent': 1423.0, 'mean': 1423.0, 'max': 1456.0}"
2889,9164,Tech Vikings,Brazil,,,2023,True,2026,"{'wins': 14, 'losses': 25, 'ties': 0, 'count': 39, 'winrate': 0.359}","{'current': 1483.0, 'recent': 1479.0, 'mean': 1479.0, 'max': 1528.0}"
2890,9166,TecRobot,Brazil,,,2023,True,2026,"{'wins': 18, 'losses': 21, 'ties': 0, 'count': 39, 'winrate': 0.4615}","{'current': 1444.0, 'recent': 1430.0, 'mean': 1430.0, 'max': 1444.0}"
2891,9168,AGROBOT,Brazil,,,2023,True,2026,"{'wins': 38, 'losses': 35, 'ties': 0, 'count': 73, 'winrate': 0.5205}","{'current': 1509.0, 'recent': 1502.0, 'mean': 1502.0, 'max': 1528.0}"
2892,9169,AGROTECH,Brazil,,,2023,True,2026,"{'wins': 31, 'losses': 46, 'ties': 0, 'count': 77, 'winrate': 0.4026}","{'current': 1548.0, 'recent': 1508.0, 'mean': 1508.0, 'max': 1548.0}"
2893,9175,BrainMachine-FRC,Brazil,,,2023,True,2026,"{'wins': 52, 'losses': 35, 'ties': 0, 'count': 87, 'winrate': 0.5977}","{'current': 1601.0, 'recent': 1502.0, 'mean': 1502.0, 'max': 1601.0}"
2894,9176,Greenspire Steel Sturgeons,USA,MI,fim,2023,True,2026,"{'wins': 58, 'losses': 81, 'ties': 1, 'count': 140, 'winrate': 0.4179}","{'current': 1429.0, 'recent': 1545.0, 'mean': 1545.0, 'max': 1599.0}"
2895,9178,Cyber One,Brazil,,,2023,True,2026,"{'wins': 17, 'losses': 19, 'ties': 0, 'count': 36, 'winrate': 0.4722}","{'current': 1368.0, 'recent': 1435.0, 'mean': 1435.0, 'max': 1464.0}"
2896,9180,Ursa Major Robotics,Canada,BC,,2023,True,2026,"{'wins': 37, 'losses': 31, 'ties': 0, 'count': 68, 'winrate': 0.5441}","{'current': 1472.0, 'recent': 1480.0, 'mean': 1480.0, 'max': 1485.0}"
2897,9181,PlatyPirates,USA,TX,fit,2023,True,2026,"{'wins': 57, 'losses': 87, 'ties': 2, 'count': 146, 'winrate': 0.3973}","{'current': 1448.0, 'recent': 1476.0, 'mean': 1476.0, 'max': 1510.0}"
2898,9182,Tech Tr1be,USA,MI,fim,2023,True,2026,"{'wins': 56, 'losses': 91, 'ties': 2, 'count': 149, 'winrate': 0.3826}","{'current': 1418.0, 'recent': 1491.0, 'mean': 1491.0, 'max': 1543.0}"
2899,9183,RoboComets,USA,MI,fim,2023,True,2026,"{'wins': 36, 'losses': 62, 'ties': 0, 'count': 98, 'winrate': 0.3673}","{'current': 1436.0, 'recent': 1420.0, 'mean': 1420.0, 'max': 1460.0}"
2900,9189,Disastrous Data,Australia,,,2023,True,2026,"{'wins': 18, 'losses': 24, 'ties': 0, 'count': 42, 'winrate': 0.4286}","{'current': 1354.0, 'recent': 1385.0, 'mean': 1385.0, 'max': 1404.0}"
2901,9191,My Chemical Robots,Australia,,,2023,True,2026,"{'wins': 12, 'losses': 14, 'ties': 0, 'count': 26, 'winrate': 0.4615}","{'current': 1469.0, 'recent': 1470.0, 'mean': 1470.0, 'max': 1470.0}"
2902,9193,Short-Circuited Eagles,USA,CT,ne,2023,True,2026,"{'wins': 38, 'losses': 60, 'ties': 0, 'count': 98, 'winrate': 0.3878}","{'current': 1403.0, 'recent': 1426.0, 'mean': 1426.0, 'max': 1501.0}"
2903,9194,Gemin√-1s,USA,OH,,2023,True,2026,"{'wins': 15, 'losses': 33, 'ties': 1, 'count': 49, 'winrate': 0.3163}","{'current': 1438.0, 'recent': 1453.0, 'mean': 1453.0, 'max': 1472.0}"
2904,9195,ProdiXy,Brazil,,,2023,True,2026,"{'wins': 14, 'losses': 22, 'ties': 0, 'count': 36, 'winrate': 0.3889}","{'current': 1432.0, 'recent': 1410.0, 'mean': 1410.0, 'max': 1436.0}"
2905,9198,The Beach Botz,USA,NC,fnc,2023,True,2026,"{'wins': 56, 'losses': 83, 'ties': 0, 'count': 139, 'winrate': 0.4029}","{'current': 1449.0, 'recent': 1455.0, 'mean': 1455.0, 'max': 1503.0}"
2906,9199,SESI SENAI SHARKS,Brazil,,,2023,True,2026,"{'wins': 56, 'losses': 36, 'ties': 0, 'count': 92, 'winrate': 0.6087}","{'current': 1511.0, 'recent': 1525.0, 'mean': 1525.0, 'max': 1585.0}"
2907,9200,SESI SENAI STARDUST,Brazil,,,2023,True,2026,"{'wins': 44, 'losses': 33, 'ties': 0, 'count': 77, 'winrate': 0.5714}","{'current': 1497.0, 'recent': 1508.0, 'mean': 1508.0, 'max': 1538.0}"
2908,9201,TEAM FORCE,Türkiye,,,2023,True,2026,"{'wins': 1, 'losses': 7, 'ties': 0, 'count': 8, 'winrate': 0.125}","{'current': 1411.0, 'recent': 1401.0, 'mean': 1401.0, 'max': 1411.0}"
2909,9203,Quake,USA,MI,fim,2023,True,2026,"{'wins': 37, 'losses': 66, 'ties': 0, 'count': 103, 'winrate': 0.3592}","{'current': 1356.0, 'recent': 1403.0, 'mean': 1403.0, 'max': 1442.0}"
2910,9204,Aluminum Armada,USA,MI,fim,2023,True,2026,"{'wins': 39, 'losses': 70, 'ties': 2, 'count': 111, 'winrate': 0.3604}","{'current': 1462.0, 'recent': 1433.0, 'mean': 1433.0, 'max': 1462.0}"
2911,9205,Technical Marauders1,USA,MI,fim,2023,True,2026,"{'wins': 32, 'losses': 66, 'ties': 0, 'count': 98, 'winrate': 0.3265}","{'current': 1449.0, 'recent': 1437.0, 'mean': 1437.0, 'max': 1449.0}"
2912,9206,GRP Titans,USA,MI,fim,2023,True,2026,"{'wins': 26, 'losses': 58, 'ties': 0, 'count': 84, 'winrate': 0.3095}","{'current': 1464.0, 'recent': 1442.0, 'mean': 1442.0, 'max': 1464.0}"
2913,9207,Redneck Robotics,USA,MI,fim,2023,True,2026,"{'wins': 49, 'losses': 61, 'ties': 0, 'count': 110, 'winrate': 0.4455}","{'current': 1448.0, 'recent': 1490.0, 'mean': 1490.0, 'max': 1541.0}"
2914,9208,Eddies Circuit,USA,MI,fim,2023,True,2026,"{'wins': 68, 'losses': 80, 'ties': 0, 'count': 148, 'winrate': 0.4595}","{'current': 1546.0, 'recent': 1552.0, 'mean': 1552.0, 'max': 1579.0}"
2915,9210,Fighting Falcons,USA,MI,fim,2023,True,2026,"{'wins': 59, 'losses': 48, 'ties': 0, 'count': 107, 'winrate': 0.5514}","{'current': 1638.0, 'recent': 1493.0, 'mean': 1493.0, 'max': 1638.0}"
2916,9212,Infinity,USA,MI,fim,2023,True,2026,"{'wins': 40, 'losses': 62, 'ties': 0, 'count': 102, 'winrate': 0.3922}","{'current': 1453.0, 'recent': 1447.0, 'mean': 1447.0, 'max': 1492.0}"
2917,9213,Tecuani,Mexico,,,2023,True,2026,"{'wins': 18, 'losses': 33, 'ties': 1, 'count': 52, 'winrate': 0.3558}","{'current': 1478.0, 'recent': 1448.0, 'mean': 1448.0, 'max': 1497.0}"
2918,9214,Honking Narwhals,USA,VA,fch,2023,True,2026,"{'wins': 31, 'losses': 33, 'ties': 0, 'count': 64, 'winrate': 0.4844}","{'current': 1419.0, 'recent': 1448.0, 'mean': 1448.0, 'max': 1495.0}"
2919,9215,T-Town Tech,USA,MI,fim,2023,True,2026,"{'wins': 81, 'losses': 71, 'ties': 0, 'count': 152, 'winrate': 0.5329}","{'current': 1572.0, 'recent': 1531.0, 'mean': 1531.0, 'max': 1572.0}"
2920,9218,Alpha #9218,Brazil,,,2023,True,2026,"{'wins': 13, 'losses': 24, 'ties': 0, 'count': 37, 'winrate': 0.3514}","{'current': 1421.0, 'recent': 1389.0, 'mean': 1389.0, 'max': 1425.0}"
2921,9219,Nine Tails,Brazil,,,2023,True,2026,"{'wins': 30, 'losses': 47, 'ties': 0, 'count': 77, 'winrate': 0.3896}","{'current': 1389.0, 'recent': 1454.0, 'mean': 1454.0, 'max': 1497.0}"
2922,9220,Geekos,France,,,2023,True,2026,"{'wins': 17, 'losses': 15, 'ties': 0, 'count': 32, 'winrate': 0.5313}","{'current': 1494.0, 'recent': 1489.0, 'mean': 1489.0, 'max': 1535.0}"
2923,9226,GRemlins,USA,MI,fim,2023,True,2026,"{'wins': 55, 'losses': 76, 'ties': 0, 'count': 131, 'winrate': 0.4198}","{'current': 1509.0, 'recent': 1517.0, 'mean': 1517.0, 'max': 1557.0}"
2924,9231,Haydarpasa Panthers,Türkiye,,,2023,True,2026,"{'wins': 52, 'losses': 34, 'ties': 0, 'count': 86, 'winrate': 0.6047}","{'current': 1525.0, 'recent': 1503.0, 'mean': 1503.0, 'max': 1539.0}"
2925,9232,IBBTECH,Türkiye,,,2023,True,2026,"{'wins': 37, 'losses': 28, 'ties': 1, 'count': 66, 'winrate': 0.5682}","{'current': 1565.0, 'recent': 1489.0, 'mean': 1489.0, 'max': 1565.0}"
2926,9233,Luminous Robotics Team,Türkiye,,,2023,True,2026,"{'wins': 30, 'losses': 25, 'ties': 0, 'count': 55, 'winrate': 0.5455}","{'current': 1476.0, 'recent': 1488.0, 'mean': 1488.0, 'max': 1524.0}"
2927,9234,Les aigles d'or,Canada,QC,,2023,True,2026,"{'wins': 28, 'losses': 22, 'ties': 0, 'count': 50, 'winrate': 0.56}","{'current': 1498.0, 'recent': 1493.0, 'mean': 1493.0, 'max': 1532.0}"
2928,9237,The Dragonators,USA,MI,fim,2023,True,2026,"{'wins': 55, 'losses': 57, 'ties': 0, 'count': 112, 'winrate': 0.4911}","{'current': 1472.0, 'recent': 1508.0, 'mean': 1508.0, 'max': 1560.0}"
2929,9238,Jaybots,USA,MI,fim,2023,True,2026,"{'wins': 30, 'losses': 65, 'ties': 0, 'count': 95, 'winrate': 0.3158}","{'current': 1431.0, 'recent': 1416.0, 'mean': 1416.0, 'max': 1446.0}"
2930,9239,Panthers robotics,USA,MI,fim,2023,True,2026,"{'wins': 38, 'losses': 58, 'ties': 0, 'count': 96, 'winrate': 0.3958}","{'current': 1463.0, 'recent': 1430.0, 'mean': 1430.0, 'max': 1463.0}"
2931,9242,Hamady Hawks,USA,MI,fim,2023,True,2026,"{'wins': 68, 'losses': 67, 'ties': 1, 'count': 136, 'winrate': 0.5037}","{'current': 1487.0, 'recent': 1476.0, 'mean': 1476.0, 'max': 1487.0}"
2932,9244,Belize IT,Belize,,,2023,True,2026,"{'wins': 15, 'losses': 36, 'ties': 0, 'count': 51, 'winrate': 0.2941}","{'current': 1498.0, 'recent': 1456.0, 'mean': 1456.0, 'max': 1498.0}"
2933,9245,Laker Dreadnoughts,USA,MI,fim,2023,True,2026,"{'wins': 103, 'losses': 65, 'ties': 1, 'count': 169, 'winrate': 0.6124}","{'current': 1682.0, 'recent': 1619.0, 'mean': 1619.0, 'max': 1697.0}"
2934,9247,SainTech Robotics,Türkiye,,,2023,True,2026,"{'wins': 26, 'losses': 39, 'ties': 0, 'count': 65, 'winrate': 0.4}","{'current': 1444.0, 'recent': 1402.0, 'mean': 1402.0, 'max': 1444.0}"
2935,9249,Chassell Copper Country Cats,USA,MI,fim,2023,True,2026,"{'wins': 40, 'losses': 49, 'ties': 0, 'count': 89, 'winrate': 0.4494}","{'current': 1443.0, 'recent': 1445.0, 'mean': 1445.0, 'max': 1470.0}"
2936,9251,EliteBots,USA,MI,fim,2023,True,2026,"{'wins': 54, 'losses': 58, 'ties': 0, 'count': 112, 'winrate': 0.4821}","{'current': 1451.0, 'recent': 1458.0, 'mean': 1458.0, 'max': 1505.0}"
2937,9252,Wingspan,USA,MI,fim,2023,True,2026,"{'wins': 37, 'losses': 63, 'ties': 0, 'count': 100, 'winrate': 0.37}","{'current': 1455.0, 'recent': 1451.0, 'mean': 1451.0, 'max': 1497.0}"
2938,9255,Botmasterz,USA,MI,fim,2023,True,2026,"{'wins': 59, 'losses': 77, 'ties': 1, 'count': 137, 'winrate': 0.4343}","{'current': 1499.0, 'recent': 1488.0, 'mean': 1488.0, 'max': 1545.0}"
2939,9262,Humberside Huskies,Canada,ON,ont,2023,True,2026,"{'wins': 49, 'losses': 62, 'ties': 1, 'count': 112, 'winrate': 0.442}","{'current': 1502.0, 'recent': 1465.0, 'mean': 1465.0, 'max': 1513.0}"
2940,9263,ALD Lions,Canada,ON,ont,2023,True,2026,"{'wins': 45, 'losses': 65, 'ties': 0, 'count': 110, 'winrate': 0.4091}","{'current': 1419.0, 'recent': 1429.0, 'mean': 1429.0, 'max': 1451.0}"
2941,9264,HUNTERS ROBOTICS,Türkiye,,,2023,True,2026,"{'wins': 19, 'losses': 17, 'ties': 0, 'count': 36, 'winrate': 0.5278}","{'current': 1460.0, 'recent': 1471.0, 'mean': 1471.0, 'max': 1513.0}"
2942,9271,Cyber Porpoises,USA,CA,ca,2023,True,2026,"{'wins': 30, 'losses': 36, 'ties': 0, 'count': 66, 'winrate': 0.4545}","{'current': 1516.0, 'recent': 1511.0, 'mean': 1511.0, 'max': 1556.0}"
2943,9277,Sparkans,Canada,AB,,2023,True,2026,"{'wins': 27, 'losses': 39, 'ties': 0, 'count': 66, 'winrate': 0.4091}","{'current': 1503.0, 'recent': 1452.0, 'mean': 1452.0, 'max': 1518.0}"
2944,9280,PrepaTec - High Altitude Robotics,Mexico,,,2023,True,2026,"{'wins': 53, 'losses': 74, 'ties': 0, 'count': 127, 'winrate': 0.4173}","{'current': 1460.0, 'recent': 1519.0, 'mean': 1519.0, 'max': 1577.0}"
2945,9282,PrepaTec- SINAVOLT,Mexico,,,2023,True,2026,"{'wins': 33, 'losses': 41, 'ties': 0, 'count': 74, 'winrate': 0.4459}","{'current': 1438.0, 'recent': 1433.0, 'mean': 1433.0, 'max': 1461.0}"
2946,9289,Vikings,USA,TX,fit,2023,True,2026,"{'wins': 40, 'losses': 83, 'ties': 0, 'count': 123, 'winrate': 0.3252}","{'current': 1414.0, 'recent': 1406.0, 'mean': 1406.0, 'max': 1447.0}"
2947,9295,Harlem Rails,USA,NY,,2023,True,2026,"{'wins': 21, 'losses': 19, 'ties': 0, 'count': 40, 'winrate': 0.525}","{'current': 1473.0, 'recent': 1454.0, 'mean': 1454.0, 'max': 1505.0}"
2948,9296,TITANium,USA,NC,fnc,2023,True,2026,"{'wins': 23, 'losses': 48, 'ties': 1, 'count': 72, 'winrate': 0.3264}","{'current': 1458.0, 'recent': 1438.0, 'mean': 1438.0, 'max': 1459.0}"
2949,9297,BOGOBOTS,USA,NC,fnc,2023,True,2026,"{'wins': 84, 'losses': 72, 'ties': 0, 'count': 156, 'winrate': 0.5385}","{'current': 1591.0, 'recent': 1530.0, 'mean': 1530.0, 'max': 1591.0}"
2950,9298,Greenies,USA,NC,fnc,2023,True,2026,"{'wins': 67, 'losses': 79, 'ties': 0, 'count': 146, 'winrate': 0.4589}","{'current': 1444.0, 'recent': 1445.0, 'mean': 1445.0, 'max': 1473.0}"
2951,9300,Olympians,USA,FL,,2023,True,2026,"{'wins': 20, 'losses': 37, 'ties': 0, 'count': 57, 'winrate': 0.3509}","{'current': 1353.0, 'recent': 1384.0, 'mean': 1384.0, 'max': 1431.0}"
2952,9301,PrepaTec - MechRams,Mexico,,,2023,True,2026,"{'wins': 48, 'losses': 42, 'ties': 0, 'count': 90, 'winrate': 0.5333}","{'current': 1632.0, 'recent': 1524.0, 'mean': 1524.0, 'max': 1632.0}"
2953,9302,PARATECH FRC,Brazil,,,2023,True,2026,"{'wins': 9, 'losses': 26, 'ties': 0, 'count': 35, 'winrate': 0.2571}","{'current': 1398.0, 'recent': 1426.0, 'mean': 1426.0, 'max': 1465.0}"
2954,9303,PORTAL,Israel,,isr,2023,True,2026,"{'wins': 29, 'losses': 55, 'ties': 0, 'count': 84, 'winrate': 0.3452}","{'current': 1400.0, 'recent': 1419.0, 'mean': 1419.0, 'max': 1486.0}"
2955,9304,legend's,Israel,,isr,2023,True,2026,"{'wins': 27, 'losses': 51, 'ties': 0, 'count': 78, 'winrate': 0.3462}","{'current': 1435.0, 'recent': 1430.0, 'mean': 1430.0, 'max': 1453.0}"
2956,9305,MonT,Brazil,,,2023,True,2026,"{'wins': 15, 'losses': 26, 'ties': 0, 'count': 41, 'winrate': 0.3659}","{'current': 1412.0, 'recent': 1442.0, 'mean': 1442.0, 'max': 1486.0}"
2957,9307,Spicy Chihuahuas,USA,TX,fit,2023,True,2026,"{'wins': 39, 'losses': 64, 'ties': 0, 'count': 103, 'winrate': 0.3786}","{'current': 1504.0, 'recent': 1449.0, 'mean': 1449.0, 'max': 1504.0}"
2958,9309,Metal Mages,USA,LA,,2023,True,2026,"{'wins': 26, 'losses': 45, 'ties': 0, 'count': 71, 'winrate': 0.3662}","{'current': 1324.0, 'recent': 1402.0, 'mean': 1402.0, 'max': 1454.0}"
2959,9311,Warhorse Robotics,USA,TX,fit,2023,True,2026,"{'wins': 48, 'losses': 59, 'ties': 0, 'count': 107, 'winrate': 0.4486}","{'current': 1443.0, 'recent': 1431.0, 'mean': 1431.0, 'max': 1452.0}"
2960,9312,NERD Spark,USA,MI,fim,2023,True,2026,"{'wins': 128, 'losses': 84, 'ties': 0, 'count': 212, 'winrate': 0.6038}","{'current': 1531.0, 'recent': 1623.0, 'mean': 1623.0, 'max': 1703.0}"
2961,9313,ROBOhana,USA,FL,,2023,True,2026,"{'wins': 26, 'losses': 41, 'ties': 0, 'count': 67, 'winrate': 0.3881}","{'current': 1463.0, 'recent': 1426.0, 'mean': 1426.0, 'max': 1466.0}"
2962,9315,Coding Comets,USA,SC,fsc,2023,True,2026,"{'wins': 39, 'losses': 76, 'ties': 1, 'count': 116, 'winrate': 0.3405}","{'current': 1457.0, 'recent': 1403.0, 'mean': 1403.0, 'max': 1457.0}"
2963,9316,CUBATRONICS,USA,KS,,2023,True,2026,"{'wins': 36, 'losses': 48, 'ties': 0, 'count': 84, 'winrate': 0.4286}","{'current': 1526.0, 'recent': 1488.0, 'mean': 1488.0, 'max': 1526.0}"
2964,9317,SteamRollers,USA,WA,pnw,2023,True,2026,"{'wins': 17, 'losses': 12, 'ties': 0, 'count': 29, 'winrate': 0.5862}","{'current': 1501.0, 'recent': 1501.0, 'mean': 1501.0, 'max': 1501.0}"
2965,9400,BagelBytes,USA,CA,ca,2024,True,2026,"{'wins': 51, 'losses': 44, 'ties': 0, 'count': 95, 'winrate': 0.5368}","{'current': 1626.0, 'recent': 1551.0, 'mean': 1551.0, 'max': 1626.0}"
2966,9401,Midas' Mayhem,USA,MO,,2024,True,2026,"{'wins': 62, 'losses': 38, 'ties': 0, 'count': 100, 'winrate': 0.62}","{'current': 1601.0, 'recent': 1637.0, 'mean': 1637.0, 'max': 1713.0}"
2967,9403,Starstuff,USA,VA,fch,2024,True,2026,"{'wins': 44, 'losses': 62, 'ties': 1, 'count': 107, 'winrate': 0.4159}","{'current': 1467.0, 'recent': 1480.0, 'mean': 1480.0, 'max': 1506.0}"
2968,9404,Forge,USA,FL,,2024,True,2026,"{'wins': 29, 'losses': 42, 'ties': 0, 'count': 71, 'winrate': 0.4085}","{'current': 1464.0, 'recent': 1478.0, 'mean': 1478.0, 'max': 1508.0}"
2969,9405,RouxBots,USA,LA,,2024,True,2026,"{'wins': 24, 'losses': 36, 'ties': 0, 'count': 60, 'winrate': 0.4}","{'current': 1482.0, 'recent': 1464.0, 'mean': 1464.0, 'max': 1482.0}"
2970,9406,TechJunior,Canada,QC,,2024,True,2026,"{'wins': 49, 'losses': 40, 'ties': 0, 'count': 89, 'winrate': 0.5506}","{'current': 1655.0, 'recent': 1581.0, 'mean': 1581.0, 'max': 1655.0}"
2971,9408,Warren Warbots,USA,CA,ca,2024,True,2026,"{'wins': 86, 'losses': 31, 'ties': 0, 'count': 117, 'winrate': 0.735}","{'current': 1782.0, 'recent': 1718.0, 'mean': 1718.0, 'max': 1782.0}"
2972,9410,PowerHouse,USA,MO,,2024,True,2026,"{'wins': 42, 'losses': 37, 'ties': 1, 'count': 80, 'winrate': 0.5313}","{'current': 1606.0, 'recent': 1593.0, 'mean': 1593.0, 'max': 1606.0}"
2973,9415,Westinghouse Robotics,USA,PA,,2024,True,2026,"{'wins': 10, 'losses': 16, 'ties': 0, 'count': 26, 'winrate': 0.3846}","{'current': 1425.0, 'recent': 1434.0, 'mean': 1434.0, 'max': 1475.0}"
2974,9416,International Θperatives of World Affairs,USA,PA,fma,2024,True,2026,"{'wins': 43, 'losses': 68, 'ties': 0, 'count': 111, 'winrate': 0.3874}","{'current': 1411.0, 'recent': 1438.0, 'mean': 1438.0, 'max': 1493.0}"
2975,9418,Pastabots,USA,TX,fit,2024,True,2026,"{'wins': 77, 'losses': 62, 'ties': 0, 'count': 139, 'winrate': 0.554}","{'current': 1526.0, 'recent': 1564.0, 'mean': 1564.0, 'max': 1612.0}"
2976,9419,VULCAN,USA,TX,fit,2024,True,2026,"{'wins': 10, 'losses': 26, 'ties': 0, 'count': 36, 'winrate': 0.2778}","{'current': 1332.0, 'recent': 1377.0, 'mean': 1377.0, 'max': 1413.0}"
2977,9421,Nexus,China,,,2024,True,2026,"{'wins': 16, 'losses': 22, 'ties': 0, 'count': 38, 'winrate': 0.4211}","{'current': 1468.0, 'recent': 1432.0, 'mean': 1432.0, 'max': 1468.0}"
2978,9424,E.O. JAG BOTS,USA,NJ,fma,2024,True,2026,"{'wins': 24, 'losses': 43, 'ties': 0, 'count': 67, 'winrate': 0.3582}","{'current': 1343.0, 'recent': 1395.0, 'mean': 1395.0, 'max': 1464.0}"
2979,9425,Intra Milwaukee,USA,WI,win,2024,True,2026,"{'wins': 15, 'losses': 28, 'ties': 0, 'count': 43, 'winrate': 0.3488}","{'current': 1464.0, 'recent': 1477.0, 'mean': 1477.0, 'max': 1518.0}"
2980,9426,CLAWBOTICS,USA,NV,,2024,True,2026,"{'wins': 9, 'losses': 19, 'ties': 0, 'count': 28, 'winrate': 0.3214}","{'current': 1433.0, 'recent': 1424.0, 'mean': 1424.0, 'max': 1446.0}"
2981,9427,iDeer,Chinese Taipei,,,2024,True,2026,"{'wins': 53, 'losses': 45, 'ties': 0, 'count': 98, 'winrate': 0.5408}","{'current': 1613.0, 'recent': 1547.0, 'mean': 1547.0, 'max': 1613.0}"
2982,9428,The Cashew Chickens @ Springfield Robotics,USA,MO,,2024,True,2026,"{'wins': 21, 'losses': 39, 'ties': 1, 'count': 61, 'winrate': 0.3525}","{'current': 1449.0, 'recent': 1499.0, 'mean': 1499.0, 'max': 1529.0}"
2983,9430,CTEC Robotics,USA,OR,pnw,2024,True,2026,"{'wins': 51, 'losses': 50, 'ties': 0, 'count': 101, 'winrate': 0.505}","{'current': 1596.0, 'recent': 1554.0, 'mean': 1554.0, 'max': 1596.0}"
2984,9431,"Snider Panthers- ""The Gold Standard""",USA,IN,fin,2024,True,2026,"{'wins': 40, 'losses': 63, 'ties': 1, 'count': 104, 'winrate': 0.3894}","{'current': 1552.0, 'recent': 1501.0, 'mean': 1501.0, 'max': 1552.0}"
2985,9433,Lil' Timmy's Big Team,Australia,,,2024,True,2026,"{'wins': 9, 'losses': 11, 'ties': 0, 'count': 20, 'winrate': 0.45}","{'current': 1395.0, 'recent': 1428.0, 'mean': 1428.0, 'max': 1461.0}"
2986,9437,Cosmonauts,USA,NY,,2024,True,2026,"{'wins': 7, 'losses': 11, 'ties': 0, 'count': 18, 'winrate': 0.3889}","{'current': 1418.0, 'recent': 1411.0, 'mean': 1411.0, 'max': 1427.0}"
2987,9438,Leopard Tech,USA,OR,pnw,2024,True,2026,"{'wins': 50, 'losses': 54, 'ties': 1, 'count': 105, 'winrate': 0.481}","{'current': 1422.0, 'recent': 1438.0, 'mean': 1438.0, 'max': 1467.0}"
2988,9439,Knights of Polaris,USA,NJ,fma,2024,True,2026,"{'wins': 14, 'losses': 34, 'ties': 0, 'count': 48, 'winrate': 0.2917}","{'current': 1389.0, 'recent': 1396.0, 'mean': 1396.0, 'max': 1426.0}"
2989,9441,Aero Jr,Türkiye,,,2024,True,2026,"{'wins': 14, 'losses': 17, 'ties': 0, 'count': 31, 'winrate': 0.4516}","{'current': 1444.0, 'recent': 1444.0, 'mean': 1444.0, 'max': 1456.0}"
2990,9442,Miso Mechanics,USA,WA,pnw,2024,True,2026,"{'wins': 73, 'losses': 62, 'ties': 0, 'count': 135, 'winrate': 0.5407}","{'current': 1478.0, 'recent': 1631.0, 'mean': 1631.0, 'max': 1716.0}"
2991,9443,Aluminum Panthers,USA,MA,ne,2024,True,2026,"{'wins': 62, 'losses': 58, 'ties': 1, 'count': 121, 'winrate': 0.5165}","{'current': 1465.0, 'recent': 1545.0, 'mean': 1545.0, 'max': 1613.0}"
2992,9444,Perseverance,USA,TX,fit,2024,True,2026,"{'wins': 29, 'losses': 40, 'ties': 0, 'count': 69, 'winrate': 0.4203}","{'current': 1434.0, 'recent': 1396.0, 'mean': 1396.0, 'max': 1434.0}"
2993,9445,The Brave Bots,USA,KS,,2024,True,2026,"{'wins': 18, 'losses': 28, 'ties': 0, 'count': 46, 'winrate': 0.3913}","{'current': 1406.0, 'recent': 1438.0, 'mean': 1438.0, 'max': 1469.0}"
2994,9446,C Cubed,USA,WA,pnw,2024,True,2026,"{'wins': 54, 'losses': 56, 'ties': 1, 'count': 111, 'winrate': 0.491}","{'current': 1487.0, 'recent': 1512.0, 'mean': 1512.0, 'max': 1527.0}"
2995,9449,Yellowjackets,Canada,AB,,2024,True,2026,"{'wins': 37, 'losses': 32, 'ties': 0, 'count': 69, 'winrate': 0.5362}","{'current': 1581.0, 'recent': 1485.0, 'mean': 1485.0, 'max': 1581.0}"
2996,9450,Velocity Raptors,USA,WA,pnw,2024,True,2026,"{'wins': 86, 'losses': 54, 'ties': 0, 'count': 140, 'winrate': 0.6143}","{'current': 1645.0, 'recent': 1648.0, 'mean': 1648.0, 'max': 1801.0}"
2997,9451,Aydos,Türkiye,,,2024,True,2026,"{'wins': 11, 'losses': 17, 'ties': 0, 'count': 28, 'winrate': 0.3929}","{'current': 1454.0, 'recent': 1402.0, 'mean': 1402.0, 'max': 1454.0}"
2998,9452,LHS Steel Stingers,USA,CA,ca,2024,True,2026,"{'wins': 46, 'losses': 40, 'ties': 1, 'count': 87, 'winrate': 0.5345}","{'current': 1618.0, 'recent': 1592.0, 'mean': 1592.0, 'max': 1618.0}"
2999,9453,Mount Vernon Wildcats,USA,IN,fin,2024,True,2026,"{'wins': 26, 'losses': 58, 'ties': 1, 'count': 85, 'winrate': 0.3118}","{'current': 1414.0, 'recent': 1409.0, 'mean': 1409.0, 'max': 1422.0}"
3000,9455,DinoMights,USA,MI,fim,2024,True,2026,"{'wins': 23, 'losses': 46, 'ties': 1, 'count': 70, 'winrate': 0.3357}","{'current': 1436.0, 'recent': 1439.0, 'mean': 1439.0, 'max': 1495.0}"
3001,9456,Nunez Robotics,USA,LA,,2024,True,2026,"{'wins': 8, 'losses': 18, 'ties': 0, 'count': 26, 'winrate': 0.3077}","{'current': 1316.0, 'recent': 1392.0, 'mean': 1392.0, 'max': 1437.0}"
3002,9457,Robot X,USA,NM,fit,2024,True,2026,"{'wins': 14, 'losses': 25, 'ties': 0, 'count': 39, 'winrate': 0.359}","{'current': 1466.0, 'recent': 1417.0, 'mean': 1417.0, 'max': 1466.0}"
3003,9458,SESI SENAI JACTECH,Brazil,,,2024,True,2026,"{'wins': 33, 'losses': 40, 'ties': 0, 'count': 73, 'winrate': 0.4521}","{'current': 1534.0, 'recent': 1524.0, 'mean': 1524.0, 'max': 1545.0}"
3004,9459,SESI SENAI RPRT HAWKS,Brazil,,,2024,True,2026,"{'wins': 34, 'losses': 31, 'ties': 0, 'count': 65, 'winrate': 0.5231}","{'current': 1413.0, 'recent': 1481.0, 'mean': 1481.0, 'max': 1545.0}"
3005,9460,SESI SENAI STEEL BULLS,Brazil,,,2024,True,2026,"{'wins': 38, 'losses': 29, 'ties': 0, 'count': 67, 'winrate': 0.5672}","{'current': 1497.0, 'recent': 1510.0, 'mean': 1510.0, 'max': 1544.0}"
3006,9461,SESI SENAI MecaChronos,Brazil,,,2024,True,2026,"{'wins': 30, 'losses': 24, 'ties': 0, 'count': 54, 'winrate': 0.5556}","{'current': 1494.0, 'recent': 1491.0, 'mean': 1491.0, 'max': 1513.0}"
3007,9462,Toefur's Titans,USA,OK,,2024,True,2026,"{'wins': 31, 'losses': 38, 'ties': 0, 'count': 69, 'winrate': 0.4493}","{'current': 1541.0, 'recent': 1499.0, 'mean': 1499.0, 'max': 1541.0}"
3008,9465,Imagine High Axolotls,Canada,BC,,2024,True,2026,"{'wins': 7, 'losses': 14, 'ties': 0, 'count': 21, 'winrate': 0.3333}","{'current': 1438.0, 'recent': 1437.0, 'mean': 1437.0, 'max': 1438.0}"
3009,9467,EsRobotik,Türkiye,,,2024,True,2026,"{'wins': 10, 'losses': 11, 'ties': 0, 'count': 21, 'winrate': 0.4762}","{'current': 1330.0, 'recent': 1342.0, 'mean': 1342.0, 'max': 1368.0}"
3010,9468,Team Sirius,Türkiye,,,2024,True,2026,"{'wins': 25, 'losses': 34, 'ties': 0, 'count': 59, 'winrate': 0.4237}","{'current': 1433.0, 'recent': 1458.0, 'mean': 1458.0, 'max': 1487.0}"
3011,9470,Ctrl-Alt-Defeat,USA,CA,ca,2024,True,2026,"{'wins': 57, 'losses': 32, 'ties': 0, 'count': 89, 'winrate': 0.6404}","{'current': 1837.0, 'recent': 1639.0, 'mean': 1639.0, 'max': 1837.0}"
3012,9471,EF Academy,USA,CA,ca,2024,True,2026,"{'wins': 10, 'losses': 24, 'ties': 0, 'count': 34, 'winrate': 0.2941}","{'current': 1395.0, 'recent': 1418.0, 'mean': 1418.0, 'max': 1451.0}"
3013,9472,K2C,USA,OK,,2024,True,2026,"{'wins': 23, 'losses': 43, 'ties': 0, 'count': 66, 'winrate': 0.3485}","{'current': 1431.0, 'recent': 1405.0, 'mean': 1405.0, 'max': 1431.0}"
3014,9473,CYGNUS ROBOTICS,Türkiye,,,2024,True,2026,"{'wins': 6, 'losses': 13, 'ties': 0, 'count': 19, 'winrate': 0.3158}","{'current': 1404.0, 'recent': 1396.0, 'mean': 1396.0, 'max': 1418.0}"
3015,9474,Red River Resistance (3R),Canada,MB,,2024,True,2026,"{'wins': 10, 'losses': 9, 'ties': 0, 'count': 19, 'winrate': 0.5263}","{'current': 1422.0, 'recent': 1459.0, 'mean': 1459.0, 'max': 1495.0}"
3016,9475,Mon Valley Mammoths,USA,PA,,2024,True,2026,"{'wins': 17, 'losses': 20, 'ties': 0, 'count': 37, 'winrate': 0.4595}","{'current': 1466.0, 'recent': 1463.0, 'mean': 1463.0, 'max': 1466.0}"
3017,9477,Lambda (λ),USA,GA,pch,2024,True,2026,"{'wins': 68, 'losses': 72, 'ties': 2, 'count': 142, 'winrate': 0.4859}","{'current': 1506.0, 'recent': 1508.0, 'mean': 1508.0, 'max': 1562.0}"
3018,9478,Robo-Colts HSISL,USA,TX,fit,2024,True,2026,"{'wins': 53, 'losses': 71, 'ties': 1, 'count': 125, 'winrate': 0.428}","{'current': 1434.0, 'recent': 1500.0, 'mean': 1500.0, 'max': 1551.0}"
3019,9479,CREDENTIS,Türkiye,,,2024,True,2026,"{'wins': 11, 'losses': 12, 'ties': 0, 'count': 23, 'winrate': 0.4783}","{'current': 1429.0, 'recent': 1428.0, 'mean': 1428.0, 'max': 1430.0}"
3020,9480,The Gear Bears,USA,GA,pch,2024,True,2026,"{'wins': 59, 'losses': 66, 'ties': 2, 'count': 127, 'winrate': 0.4724}","{'current': 1487.0, 'recent': 1536.0, 'mean': 1536.0, 'max': 1563.0}"
3021,9483,Overcharge,Türkiye,,,2024,True,2026,"{'wins': 103, 'losses': 17, 'ties': 0, 'count': 120, 'winrate': 0.8583}","{'current': 2036.0, 'recent': 1882.0, 'mean': 1882.0, 'max': 2036.0}"
3022,9484,Robot's District,Brazil,,,2024,True,2026,"{'wins': 38, 'losses': 34, 'ties': 0, 'count': 72, 'winrate': 0.5278}","{'current': 1593.0, 'recent': 1548.0, 'mean': 1548.0, 'max': 1593.0}"
3023,9485,HYOBOTS,Brazil,,,2024,True,2026,"{'wins': 19, 'losses': 19, 'ties': 0, 'count': 38, 'winrate': 0.5}","{'current': 1397.0, 'recent': 1473.0, 'mean': 1473.0, 'max': 1528.0}"
3024,9486,ALPHASTORM FRC,Brazil,,,2024,True,2026,"{'wins': 18, 'losses': 16, 'ties': 0, 'count': 34, 'winrate': 0.5294}","{'current': 1442.0, 'recent': 1445.0, 'mean': 1445.0, 'max': 1474.0}"
3025,9487,KRYPTON FRC,Brazil,,,2024,True,2026,"{'wins': 20, 'losses': 12, 'ties': 0, 'count': 32, 'winrate': 0.625}","{'current': 1545.0, 'recent': 1506.0, 'mean': 1506.0, 'max': 1545.0}"
3026,9491,Crypto Creek,USA,IN,fin,2024,True,2026,"{'wins': 40, 'losses': 54, 'ties': 0, 'count': 94, 'winrate': 0.4255}","{'current': 1477.0, 'recent': 1493.0, 'mean': 1493.0, 'max': 1506.0}"
3027,9492,LadyTalons,USA,TX,fit,2024,True,2026,"{'wins': 62, 'losses': 60, 'ties': 0, 'count': 122, 'winrate': 0.5082}","{'current': 1463.0, 'recent': 1532.0, 'mean': 1532.0, 'max': 1629.0}"
3028,9493,TechWasps923,USA,FL,,2024,True,2026,"{'wins': 4, 'losses': 14, 'ties': 0, 'count': 18, 'winrate': 0.2222}","{'current': 1368.0, 'recent': 1379.0, 'mean': 1379.0, 'max': 1412.0}"
3029,9494,Hanabi,Japan,,,2024,True,2026,"{'wins': 7, 'losses': 16, 'ties': 0, 'count': 23, 'winrate': 0.3043}","{'current': 1380.0, 'recent': 1393.0, 'mean': 1393.0, 'max': 1445.0}"
3030,9496,LYNK,USA,NC,fnc,2024,True,2026,"{'wins': 193, 'losses': 30, 'ties': 2, 'count': 225, 'winrate': 0.8622}","{'current': 1831.0, 'recent': 1783.0, 'mean': 1783.0, 'max': 1831.0}"
3031,9497,NIMBLE PANTHER,Türkiye,,,2024,True,2026,"{'wins': 7, 'losses': 19, 'ties': 0, 'count': 26, 'winrate': 0.2692}","{'current': 1447.0, 'recent': 1436.0, 'mean': 1436.0, 'max': 1447.0}"
3032,9498,ZENSHIN Robotics,Japan,,,2024,True,2026,"{'wins': 15, 'losses': 30, 'ties': 1, 'count': 46, 'winrate': 0.337}","{'current': 1487.0, 'recent': 1479.0, 'mean': 1479.0, 'max': 1487.0}"
3033,9499,KANARITECH - FRESNILLO PLC,Mexico,,,2024,True,2026,"{'wins': 16, 'losses': 28, 'ties': 1, 'count': 45, 'winrate': 0.3667}","{'current': 1503.0, 'recent': 1462.0, 'mean': 1462.0, 'max': 1503.0}"
3034,9501,Sidereal Envoy,Chinese Taipei,,,2024,True,2026,"{'wins': 47, 'losses': 37, 'ties': 0, 'count': 84, 'winrate': 0.5595}","{'current': 1524.0, 'recent': 1540.0, 'mean': 1540.0, 'max': 1565.0}"
3035,9502,Idigna,Türkiye,,,2024,True,2026,"{'wins': 6, 'losses': 12, 'ties': 0, 'count': 18, 'winrate': 0.3333}","{'current': 1396.0, 'recent': 1397.0, 'mean': 1397.0, 'max': 1401.0}"
3036,9503,EF5 CHAOS,USA,MS,,2024,True,2026,"{'wins': 10, 'losses': 20, 'ties': 1, 'count': 31, 'winrate': 0.3387}","{'current': 1446.0, 'recent': 1388.0, 'mean': 1388.0, 'max': 1446.0}"
3037,9505,Vyserions,USA,CA,ca,2024,True,2026,"{'wins': 19, 'losses': 43, 'ties': 0, 'count': 62, 'winrate': 0.3065}","{'current': 1409.0, 'recent': 1436.0, 'mean': 1436.0, 'max': 1463.0}"
3038,9506,Conspiracy Robotics,USA,TX,fit,2024,True,2026,"{'wins': 42, 'losses': 55, 'ties': 0, 'count': 97, 'winrate': 0.433}","{'current': 1551.0, 'recent': 1503.0, 'mean': 1503.0, 'max': 1551.0}"
3039,9509,Cybears,USA,NY,,2024,True,2026,"{'wins': 6, 'losses': 12, 'ties': 0, 'count': 18, 'winrate': 0.3333}","{'current': 1416.0, 'recent': 1415.0, 'mean': 1415.0, 'max': 1419.0}"
3040,9512,Horsepower,USA,TX,fit,2024,True,2026,"{'wins': 50, 'losses': 63, 'ties': 0, 'count': 113, 'winrate': 0.4425}","{'current': 1597.0, 'recent': 1534.0, 'mean': 1534.0, 'max': 1597.0}"
3041,9513,Circuit Crew 9513 - Caterpillar,Mexico,,,2024,True,2026,"{'wins': 24, 'losses': 33, 'ties': 2, 'count': 59, 'winrate': 0.4237}","{'current': 1455.0, 'recent': 1483.0, 'mean': 1483.0, 'max': 1519.0}"
3042,9519,RoboMasters,Türkiye,,,2024,True,2026,"{'wins': 14, 'losses': 24, 'ties': 0, 'count': 38, 'winrate': 0.3684}","{'current': 1540.0, 'recent': 1505.0, 'mean': 1505.0, 'max': 1540.0}"
3043,9520,Rock-it Robotics,USA,CA,ca,2024,True,2026,"{'wins': 21, 'losses': 21, 'ties': 0, 'count': 42, 'winrate': 0.5}","{'current': 1474.0, 'recent': 1447.0, 'mean': 1447.0, 'max': 1474.0}"
3044,9521,Humble Rumble,USA,TX,fit,2024,True,2026,"{'wins': 24, 'losses': 40, 'ties': 0, 'count': 64, 'winrate': 0.375}","{'current': 1415.0, 'recent': 1438.0, 'mean': 1438.0, 'max': 1478.0}"
3045,9522,Archimedes,USA,GA,pch,2024,True,2026,"{'wins': 46, 'losses': 64, 'ties': 2, 'count': 112, 'winrate': 0.4196}","{'current': 1426.0, 'recent': 1449.0, 'mean': 1449.0, 'max': 1461.0}"
3046,9523,Archers,Türkiye,,,2024,True,2026,"{'wins': 31, 'losses': 21, 'ties': 0, 'count': 52, 'winrate': 0.5962}","{'current': 1458.0, 'recent': 1462.0, 'mean': 1462.0, 'max': 1474.0}"
3047,9528,The Wolf Pack,USA,MI,fim,2024,True,2026,"{'wins': 21, 'losses': 49, 'ties': 1, 'count': 71, 'winrate': 0.3028}","{'current': 1452.0, 'recent': 1439.0, 'mean': 1439.0, 'max': 1452.0}"
3048,9530,John Adams Robotics,USA,IN,fin,2024,True,2026,"{'wins': 28, 'losses': 44, 'ties': 0, 'count': 72, 'winrate': 0.3889}","{'current': 1458.0, 'recent': 1424.0, 'mean': 1424.0, 'max': 1458.0}"
3049,9532,Messy Bees,USA,MN,,2024,True,2026,"{'wins': 12, 'losses': 20, 'ties': 0, 'count': 32, 'winrate': 0.375}","{'current': 1496.0, 'recent': 1468.0, 'mean': 1468.0, 'max': 1496.0}"
3050,9534,Wolves Robotics (Basic HS),USA,NV,,2024,True,2026,"{'wins': 10, 'losses': 28, 'ties': 1, 'count': 39, 'winrate': 0.2692}","{'current': 1425.0, 'recent': 1433.0, 'mean': 1433.0, 'max': 1450.0}"
3051,9541,M st*e(squared),USA,MI,fim,2024,True,2026,"{'wins': 39, 'losses': 39, 'ties': 0, 'count': 78, 'winrate': 0.5}","{'current': 1511.0, 'recent': 1472.0, 'mean': 1472.0, 'max': 1511.0}"
3052,9542,Technodogs,USA,MI,fim,2024,True,2026,"{'wins': 31, 'losses': 41, 'ties': 0, 'count': 72, 'winrate': 0.4306}","{'current': 1433.0, 'recent': 1436.0, 'mean': 1436.0, 'max': 1443.0}"
3053,9543,Cyclone Robotics,USA,IA,,2024,True,2026,"{'wins': 12, 'losses': 15, 'ties': 0, 'count': 27, 'winrate': 0.4444}","{'current': 1503.0, 'recent': 1472.0, 'mean': 1472.0, 'max': 1503.0}"
3054,9545,Caracal Robotics,Türkiye,,,2024,True,2026,"{'wins': 36, 'losses': 40, 'ties': 0, 'count': 76, 'winrate': 0.4737}","{'current': 1569.0, 'recent': 1513.0, 'mean': 1513.0, 'max': 1569.0}"
3055,9548,Bark River Bronconaughts,USA,MI,fim,2024,True,2026,"{'wins': 34, 'losses': 32, 'ties': 0, 'count': 66, 'winrate': 0.5152}","{'current': 1502.0, 'recent': 1500.0, 'mean': 1500.0, 'max': 1524.0}"
3056,9549,The Mechadogs,USA,MI,fim,2024,True,2026,"{'wins': 17, 'losses': 42, 'ties': 1, 'count': 60, 'winrate': 0.2917}","{'current': 1425.0, 'recent': 1423.0, 'mean': 1423.0, 'max': 1425.0}"
3057,9550,STRIX Robotics,Canada,BC,,2024,True,2026,"{'wins': 10, 'losses': 22, 'ties': 0, 'count': 32, 'winrate': 0.3125}","{'current': 1278.0, 'recent': 1355.0, 'mean': 1355.0, 'max': 1409.0}"
3058,9551,Tiger,USA,KS,,2024,True,2026,"{'wins': 35, 'losses': 39, 'ties': 0, 'count': 74, 'winrate': 0.473}","{'current': 1548.0, 'recent': 1537.0, 'mean': 1537.0, 'max': 1548.0}"
3059,9552,Rambotics,USA,CO,,2024,True,2026,"{'wins': 8, 'losses': 11, 'ties': 0, 'count': 19, 'winrate': 0.4211}","{'current': 1467.0, 'recent': 1472.0, 'mean': 1472.0, 'max': 1483.0}"
3060,9554,Portage Pythons,USA,IN,fin,2024,True,2026,"{'wins': 34, 'losses': 46, 'ties': 0, 'count': 80, 'winrate': 0.425}","{'current': 1424.0, 'recent': 1439.0, 'mean': 1439.0, 'max': 1469.0}"
3061,9555,TEAM HELIOS,Türkiye,,,2024,True,2026,"{'wins': 6, 'losses': 10, 'ties': 0, 'count': 16, 'winrate': 0.375}","{'current': 1402.0, 'recent': 1442.0, 'mean': 1442.0, 'max': 1482.0}"
3062,9558,The Steel Vipers,USA,MI,fim,2024,True,2026,"{'wins': 60, 'losses': 63, 'ties': 0, 'count': 123, 'winrate': 0.4878}","{'current': 1514.0, 'recent': 1544.0, 'mean': 1544.0, 'max': 1585.0}"
3063,9559,EagleTron,USA,NC,fnc,2024,True,2026,"{'wins': 20, 'losses': 34, 'ties': 1, 'count': 55, 'winrate': 0.3727}","{'current': 1455.0, 'recent': 1420.0, 'mean': 1420.0, 'max': 1455.0}"
3064,9561,Dawson Dinos,USA,GA,pch,2024,True,2026,"{'wins': 34, 'losses': 49, 'ties': 1, 'count': 84, 'winrate': 0.4107}","{'current': 1418.0, 'recent': 1378.0, 'mean': 1378.0, 'max': 1418.0}"
3065,9562,Royal Robotics,Canada,ON,ont,2024,True,2026,"{'wins': 32, 'losses': 66, 'ties': 1, 'count': 99, 'winrate': 0.3283}","{'current': 1430.0, 'recent': 1451.0, 'mean': 1451.0, 'max': 1464.0}"
3066,9566,Red Storm Rookies,USA,MI,fim,2024,True,2026,"{'wins': 42, 'losses': 50, 'ties': 0, 'count': 92, 'winrate': 0.4565}","{'current': 1459.0, 'recent': 1502.0, 'mean': 1502.0, 'max': 1527.0}"
3067,9567,StormBreakers,USA,WA,pnw,2024,True,2026,"{'wins': 48, 'losses': 51, 'ties': 0, 'count': 99, 'winrate': 0.4848}","{'current': 1475.0, 'recent': 1499.0, 'mean': 1499.0, 'max': 1524.0}"
3068,9568,AstroBots,USA,MI,fim,2024,True,2026,"{'wins': 30, 'losses': 42, 'ties': 0, 'count': 72, 'winrate': 0.4167}","{'current': 1459.0, 'recent': 1431.0, 'mean': 1431.0, 'max': 1459.0}"
3069,9569,Milliken Mills Silver Knights,Canada,ON,ont,2024,True,2026,"{'wins': 49, 'losses': 62, 'ties': 0, 'count': 111, 'winrate': 0.4414}","{'current': 1540.0, 'recent': 1522.0, 'mean': 1522.0, 'max': 1540.0}"
3070,9570,Valiant,USA,NE,,2024,True,2026,"{'wins': 16, 'losses': 21, 'ties': 0, 'count': 37, 'winrate': 0.4324}","{'current': 1493.0, 'recent': 1462.0, 'mean': 1462.0, 'max': 1493.0}"
3071,9572,CC Shambytes,USA,MI,fim,2024,True,2026,"{'wins': 50, 'losses': 53, 'ties': 0, 'count': 103, 'winrate': 0.4854}","{'current': 1641.0, 'recent': 1550.0, 'mean': 1550.0, 'max': 1641.0}"
3072,9573,MarauderTech,USA,CA,ca,2024,True,2026,"{'wins': 11, 'losses': 30, 'ties': 0, 'count': 41, 'winrate': 0.2683}","{'current': 1418.0, 'recent': 1438.0, 'mean': 1438.0, 'max': 1473.0}"
3073,9574,Rock Bots,Australia,,,2024,True,2026,"{'wins': 11, 'losses': 12, 'ties': 0, 'count': 23, 'winrate': 0.4783}","{'current': 1496.0, 'recent': 1488.0, 'mean': 1488.0, 'max': 1496.0}"
3074,9575,Silver Robotics,Canada,ON,ont,2024,True,2026,"{'wins': 40, 'losses': 46, 'ties': 0, 'count': 86, 'winrate': 0.4651}","{'current': 1460.0, 'recent': 1479.0, 'mean': 1479.0, 'max': 1516.0}"
3075,9577,Recoil,USA,TX,fit,2024,True,2026,"{'wins': 36, 'losses': 47, 'ties': 0, 'count': 83, 'winrate': 0.4337}","{'current': 1482.0, 'recent': 1447.0, 'mean': 1447.0, 'max': 1482.0}"
3076,9578,Player One,USA,WI,win,2024,True,2026,"{'wins': 22, 'losses': 35, 'ties': 0, 'count': 57, 'winrate': 0.386}","{'current': 1472.0, 'recent': 1475.0, 'mean': 1475.0, 'max': 1490.0}"
3077,9579,Tech Devils,USA,IA,,2024,True,2026,"{'wins': 11, 'losses': 25, 'ties': 0, 'count': 36, 'winrate': 0.3056}","{'current': 1428.0, 'recent': 1444.0, 'mean': 1444.0, 'max': 1485.0}"
3078,9580,Grizzly Gears,Canada,ON,ont,2024,True,2026,"{'wins': 56, 'losses': 60, 'ties': 0, 'count': 116, 'winrate': 0.4828}","{'current': 1452.0, 'recent': 1482.0, 'mean': 1482.0, 'max': 1502.0}"
3079,9582,HHS NASA Snaggbotics,USA,GA,pch,2024,True,2026,"{'wins': 17, 'losses': 32, 'ties': 0, 'count': 49, 'winrate': 0.3469}","{'current': 1412.0, 'recent': 1405.0, 'mean': 1405.0, 'max': 1412.0}"
3080,9583,Lavender Robotics,Türkiye,,,2024,True,2026,"{'wins': 42, 'losses': 55, 'ties': 0, 'count': 97, 'winrate': 0.433}","{'current': 1387.0, 'recent': 1439.0, 'mean': 1439.0, 'max': 1484.0}"
3081,9584,Spartan Squared,USA,CA,ca,2024,True,2026,"{'wins': 40, 'losses': 42, 'ties': 0, 'count': 82, 'winrate': 0.4878}","{'current': 1543.0, 'recent': 1516.0, 'mean': 1516.0, 'max': 1543.0}"
3082,9585,RobUL,Czech Republic,,,2024,True,2026,"{'wins': 4, 'losses': 15, 'ties': 0, 'count': 19, 'winrate': 0.2105}","{'current': 1484.0, 'recent': 1499.0, 'mean': 1499.0, 'max': 1529.0}"
3083,9586,Denbot,USA,CO,,2024,True,2026,"{'wins': 16, 'losses': 26, 'ties': 1, 'count': 43, 'winrate': 0.3837}","{'current': 1459.0, 'recent': 1479.0, 'mean': 1479.0, 'max': 1497.0}"
3084,9589,Arcade Robotics,Canada,ON,ont,2024,True,2026,"{'wins': 27, 'losses': 52, 'ties': 0, 'count': 79, 'winrate': 0.3418}","{'current': 1455.0, 'recent': 1420.0, 'mean': 1420.0, 'max': 1455.0}"
3085,9591,DESTAN,Türkiye,,,2024,True,2026,"{'wins': 10, 'losses': 21, 'ties': 0, 'count': 31, 'winrate': 0.3226}","{'current': 1371.0, 'recent': 1399.0, 'mean': 1399.0, 'max': 1442.0}"
3086,9592,Blues Robotics,Canada,ON,ont,2024,True,2026,"{'wins': 30, 'losses': 36, 'ties': 0, 'count': 66, 'winrate': 0.4545}","{'current': 1449.0, 'recent': 1438.0, 'mean': 1438.0, 'max': 1455.0}"
3087,9593,Rhinos,Mexico,,,2024,True,2026,"{'wins': 31, 'losses': 47, 'ties': 1, 'count': 79, 'winrate': 0.3987}","{'current': 1462.0, 'recent': 1452.0, 'mean': 1452.0, 'max': 1475.0}"
3088,9594,Ashley  Bears,USA,MI,fim,2024,True,2026,"{'wins': 32, 'losses': 44, 'ties': 0, 'count': 76, 'winrate': 0.4211}","{'current': 1502.0, 'recent': 1472.0, 'mean': 1472.0, 'max': 1502.0}"
3089,9595,ECHO,Türkiye,,,2024,True,2026,"{'wins': 4, 'losses': 8, 'ties': 0, 'count': 12, 'winrate': 0.3333}","{'current': 1477.0, 'recent': 1477.0, 'mean': 1477.0, 'max': 1477.0}"
3090,9597,Luban Robotics,China,,,2024,True,2026,"{'wins': 38, 'losses': 27, 'ties': 1, 'count': 66, 'winrate': 0.5833}","{'current': 1671.0, 'recent': 1606.0, 'mean': 1606.0, 'max': 1671.0}"
3091,9600,X-Flare Robotics,USA,OR,pnw,2024,True,2026,"{'wins': 34, 'losses': 54, 'ties': 0, 'count': 88, 'winrate': 0.3864}","{'current': 1554.0, 'recent': 1527.0, 'mean': 1527.0, 'max': 1554.0}"
3092,9601,BageTech,Türkiye,,,2024,True,2026,"{'wins': 22, 'losses': 28, 'ties': 0, 'count': 50, 'winrate': 0.44}","{'current': 1368.0, 'recent': 1381.0, 'mean': 1381.0, 'max': 1406.0}"
3093,9602,CANINTECH,Brazil,,,2024,True,2026,"{'wins': 22, 'losses': 29, 'ties': 0, 'count': 51, 'winrate': 0.4314}","{'current': 1384.0, 'recent': 1433.0, 'mean': 1433.0, 'max': 1498.0}"
3094,9603,MTECH,Brazil,,,2024,True,2026,"{'wins': 13, 'losses': 13, 'ties': 0, 'count': 26, 'winrate': 0.5}","{'current': 1464.0, 'recent': 1481.0, 'mean': 1481.0, 'max': 1530.0}"
3095,9604,TUIUTECH,Brazil,,,2024,True,2026,"{'wins': 19, 'losses': 15, 'ties': 0, 'count': 34, 'winrate': 0.5588}","{'current': 1464.0, 'recent': 1479.0, 'mean': 1479.0, 'max': 1538.0}"
3096,9605,Creek Commanders,USA,NC,fnc,2024,True,2026,"{'wins': 36, 'losses': 47, 'ties': 0, 'count': 83, 'winrate': 0.4337}","{'current': 1451.0, 'recent': 1426.0, 'mean': 1426.0, 'max': 1451.0}"
3097,9607,RJR Cyber Demons,USA,NC,fnc,2024,True,2026,"{'wins': 37, 'losses': 48, 'ties': 1, 'count': 86, 'winrate': 0.436}","{'current': 1444.0, 'recent': 1448.0, 'mean': 1448.0, 'max': 1480.0}"
3098,9609,Paraducks,India,,,2024,True,2026,"{'wins': 59, 'losses': 16, 'ties': 0, 'count': 75, 'winrate': 0.7867}","{'current': 1575.0, 'recent': 1637.0, 'mean': 1637.0, 'max': 1683.0}"
3099,9610,Blue Ivy,Türkiye,,,2024,True,2026,"{'wins': 11, 'losses': 28, 'ties': 0, 'count': 39, 'winrate': 0.2821}","{'current': 1383.0, 'recent': 1364.0, 'mean': 1364.0, 'max': 1392.0}"
3100,9611,SESI SENAI SC CyberRain,Brazil,,,2024,True,2026,"{'wins': 16, 'losses': 24, 'ties': 0, 'count': 40, 'winrate': 0.4}","{'current': 1418.0, 'recent': 1430.0, 'mean': 1430.0, 'max': 1467.0}"
3101,9613,Lion's Byte,USA,WA,pnw,2024,True,2026,"{'wins': 24, 'losses': 66, 'ties': 0, 'count': 90, 'winrate': 0.2667}","{'current': 1446.0, 'recent': 1453.0, 'mean': 1453.0, 'max': 1469.0}"
3102,9614,ROBOSSAUROS,Brazil,,,2024,True,2026,"{'wins': 7, 'losses': 18, 'ties': 0, 'count': 25, 'winrate': 0.28}","{'current': 1351.0, 'recent': 1378.0, 'mean': 1378.0, 'max': 1403.0}"
3103,9615,Redlands Robotics,USA,CA,ca,2024,True,2026,"{'wins': 14, 'losses': 29, 'ties': 0, 'count': 43, 'winrate': 0.3256}","{'current': 1487.0, 'recent': 1477.0, 'mean': 1477.0, 'max': 1487.0}"
3104,9617,Metal Knight,Brazil,,,2024,True,2026,"{'wins': 10, 'losses': 14, 'ties': 0, 'count': 24, 'winrate': 0.4167}","{'current': 1419.0, 'recent': 1430.0, 'mean': 1430.0, 'max': 1456.0}"
3105,9618,Tronarchs,USA,MI,fim,2024,True,2026,"{'wins': 46, 'losses': 57, 'ties': 0, 'count': 103, 'winrate': 0.4466}","{'current': 1475.0, 'recent': 1482.0, 'mean': 1482.0, 'max': 1492.0}"
3106,9622,GRIDLOCK,USA,OH,,2024,True,2026,"{'wins': 16, 'losses': 22, 'ties': 1, 'count': 39, 'winrate': 0.4231}","{'current': 1401.0, 'recent': 1449.0, 'mean': 1449.0, 'max': 1477.0}"
3107,9624,Dynamiques 9624,Canada,QC,,2024,True,2026,"{'wins': 36, 'losses': 31, 'ties': 0, 'count': 67, 'winrate': 0.5373}","{'current': 1505.0, 'recent': 1524.0, 'mean': 1524.0, 'max': 1537.0}"
3108,9626,JagWire Robotics,USA,KS,,2024,True,2026,"{'wins': 17, 'losses': 21, 'ties': 0, 'count': 38, 'winrate': 0.4474}","{'current': 1506.0, 'recent': 1472.0, 'mean': 1472.0, 'max': 1506.0}"
3109,9627,Yellow Haze,USA,FL,,2024,True,2026,"{'wins': 8, 'losses': 20, 'ties': 0, 'count': 28, 'winrate': 0.2857}","{'current': 1431.0, 'recent': 1435.0, 'mean': 1435.0, 'max': 1460.0}"
3110,9631,Chargers,USA,OK,,2024,True,2026,"{'wins': 6, 'losses': 22, 'ties': 1, 'count': 29, 'winrate': 0.2241}","{'current': 1475.0, 'recent': 1435.0, 'mean': 1435.0, 'max': 1475.0}"
3111,9635,Cyber Rabbit,China,,,2024,True,2026,"{'wins': 40, 'losses': 31, 'ties': 0, 'count': 71, 'winrate': 0.5634}","{'current': 1628.0, 'recent': 1553.0, 'mean': 1553.0, 'max': 1628.0}"
3112,9636,Space Junk,USA,NY,,2024,True,2026,"{'wins': 16, 'losses': 34, 'ties': 0, 'count': 50, 'winrate': 0.32}","{'current': 1459.0, 'recent': 1454.0, 'mean': 1454.0, 'max': 1472.0}"
3113,9638,"Tigers, Bro!",USA,MI,fim,2024,True,2026,"{'wins': 17, 'losses': 44, 'ties': 1, 'count': 62, 'winrate': 0.2823}","{'current': 1404.0, 'recent': 1431.0, 'mean': 1431.0, 'max': 1450.0}"
3114,9642,I.N.T. Robotics,USA,NY,,2024,True,2026,"{'wins': 47, 'losses': 32, 'ties': 0, 'count': 79, 'winrate': 0.5949}","{'current': 1494.0, 'recent': 1559.0, 'mean': 1559.0, 'max': 1598.0}"
3115,9643,Lady Voltage,USA,OH,,2024,True,2026,"{'wins': 15, 'losses': 24, 'ties': 0, 'count': 39, 'winrate': 0.3846}","{'current': 1389.0, 'recent': 1409.0, 'mean': 1409.0, 'max': 1449.0}"
3116,9644,NEIA Robotics,USA,MA,ne,2024,True,2026,"{'wins': 66, 'losses': 62, 'ties': 0, 'count': 128, 'winrate': 0.5156}","{'current': 1579.0, 'recent': 1587.0, 'mean': 1587.0, 'max': 1616.0}"
3117,9646,The Marinators,USA,NY,,2024,True,2026,"{'wins': 16, 'losses': 18, 'ties': 0, 'count': 34, 'winrate': 0.4706}","{'current': 1494.0, 'recent': 1445.0, 'mean': 1445.0, 'max': 1494.0}"
3118,9648,Circuit Breakers,USA,MI,fim,2024,True,2026,"{'wins': 36, 'losses': 47, 'ties': 1, 'count': 84, 'winrate': 0.4345}","{'current': 1481.0, 'recent': 1485.0, 'mean': 1485.0, 'max': 1507.0}"
3119,9649,Mulgrave Robotics,Canada,BC,,2024,True,2026,"{'wins': 16, 'losses': 24, 'ties': 0, 'count': 40, 'winrate': 0.4}","{'current': 1383.0, 'recent': 1408.0, 'mean': 1408.0, 'max': 1447.0}"
3120,9650,Mio Thunderbotz,USA,MI,fim,2024,True,2026,"{'wins': 43, 'losses': 52, 'ties': 0, 'count': 95, 'winrate': 0.4526}","{'current': 1370.0, 'recent': 1415.0, 'mean': 1415.0, 'max': 1485.0}"
3121,9651,Ecorse Robo Raiders,USA,MI,fim,2024,True,2026,"{'wins': 31, 'losses': 51, 'ties': 0, 'count': 82, 'winrate': 0.378}","{'current': 1418.0, 'recent': 1391.0, 'mean': 1391.0, 'max': 1418.0}"
3122,9653,O.V.R.T.,USA,OH,,2024,True,2026,"{'wins': 14, 'losses': 14, 'ties': 0, 'count': 28, 'winrate': 0.5}","{'current': 1488.0, 'recent': 1439.0, 'mean': 1439.0, 'max': 1488.0}"
3123,9657,SESI SENAI IPÊV4,Brazil,,,2024,True,2026,"{'wins': 12, 'losses': 14, 'ties': 0, 'count': 26, 'winrate': 0.4615}","{'current': 1469.0, 'recent': 1436.0, 'mean': 1436.0, 'max': 1469.0}"
3124,9658,Camber,USA,TX,fit,2024,True,2026,"{'wins': 35, 'losses': 40, 'ties': 1, 'count': 76, 'winrate': 0.4671}","{'current': 1437.0, 'recent': 1443.0, 'mean': 1443.0, 'max': 1487.0}"
3125,9659,Vanier Vikings,Canada,ON,ont,2024,True,2026,"{'wins': 53, 'losses': 69, 'ties': 0, 'count': 122, 'winrate': 0.4344}","{'current': 1472.0, 'recent': 1490.0, 'mean': 1490.0, 'max': 1517.0}"
3126,9660,Delgado Community College Dolphinbots,USA,LA,,2024,True,2026,"{'wins': 8, 'losses': 18, 'ties': 0, 'count': 26, 'winrate': 0.3077}","{'current': 1462.0, 'recent': 1425.0, 'mean': 1425.0, 'max': 1462.0}"
3127,9661,Huskie STEAM,USA,MI,fim,2024,True,2026,"{'wins': 32, 'losses': 50, 'ties': 0, 'count': 82, 'winrate': 0.3902}","{'current': 1493.0, 'recent': 1448.0, 'mean': 1448.0, 'max': 1493.0}"
3128,9662,Valley Lutheran Chargers,USA,MI,fim,2024,True,2026,"{'wins': 30, 'losses': 41, 'ties': 0, 'count': 71, 'winrate': 0.4225}","{'current': 1430.0, 'recent': 1471.0, 'mean': 1471.0, 'max': 1496.0}"
3129,9668,Malfunctionz,USA,TN,,2024,True,2026,"{'wins': 21, 'losses': 31, 'ties': 0, 'count': 52, 'winrate': 0.4038}","{'current': 1468.0, 'recent': 1432.0, 'mean': 1432.0, 'max': 1468.0}"
3130,9669,Regina Riveters,USA,IL,,2024,True,2026,"{'wins': 10, 'losses': 22, 'ties': 0, 'count': 32, 'winrate': 0.3125}","{'current': 1398.0, 'recent': 1416.0, 'mean': 1416.0, 'max': 1429.0}"
3131,9670,The Gadgeteers of St. Johns County,USA,FL,,2024,True,2026,"{'wins': 14, 'losses': 18, 'ties': 1, 'count': 33, 'winrate': 0.4394}","{'current': 1490.0, 'recent': 1480.0, 'mean': 1480.0, 'max': 1502.0}"
3132,9671,Robosnacks,USA,MI,fim,2024,True,2026,"{'wins': 23, 'losses': 43, 'ties': 0, 'count': 66, 'winrate': 0.3485}","{'current': 1483.0, 'recent': 1462.0, 'mean': 1462.0, 'max': 1489.0}"
3133,9672,Colon Magi Robotics,USA,MI,fim,2024,True,2026,"{'wins': 34, 'losses': 42, 'ties': 0, 'count': 76, 'winrate': 0.4474}","{'current': 1415.0, 'recent': 1435.0, 'mean': 1435.0, 'max': 1446.0}"
3134,9673,Volt Vespids,USA,MI,fim,2024,True,2026,"{'wins': 39, 'losses': 49, 'ties': 0, 'count': 88, 'winrate': 0.4432}","{'current': 1458.0, 'recent': 1500.0, 'mean': 1500.0, 'max': 1533.0}"
3135,9674,Trojan Power Robotics,USA,MI,fim,2024,True,2026,"{'wins': 23, 'losses': 46, 'ties': 0, 'count': 69, 'winrate': 0.3333}","{'current': 1546.0, 'recent': 1494.0, 'mean': 1494.0, 'max': 1546.0}"
3136,9679,Madison Eagles,USA,MI,fim,2024,True,2026,"{'wins': 36, 'losses': 45, 'ties': 0, 'count': 81, 'winrate': 0.4444}","{'current': 1445.0, 'recent': 1436.0, 'mean': 1436.0, 'max': 1445.0}"
3137,9682,Norway Robotics,USA,MI,fim,2024,True,2026,"{'wins': 15, 'losses': 21, 'ties': 0, 'count': 36, 'winrate': 0.4167}","{'current': 1390.0, 'recent': 1387.0, 'mean': 1387.0, 'max': 1390.0}"
3138,9685,Crystal Oscillators,USA,MI,fim,2024,True,2026,"{'wins': 36, 'losses': 54, 'ties': 0, 'count': 90, 'winrate': 0.4}","{'current': 1497.0, 'recent': 1464.0, 'mean': 1464.0, 'max': 1499.0}"
3139,9692,Sigma,India,,,2024,True,2026,"{'wins': 56, 'losses': 45, 'ties': 1, 'count': 102, 'winrate': 0.5539}","{'current': 1553.0, 'recent': 1590.0, 'mean': 1590.0, 'max': 1651.0}"
3140,9694,TUBITECH,Türkiye,,,2024,True,2026,"{'wins': 28, 'losses': 31, 'ties': 0, 'count': 59, 'winrate': 0.4746}","{'current': 1404.0, 'recent': 1404.0, 'mean': 1404.0, 'max': 1441.0}"
3141,9696,Hamichanics,USA,CA,ca,2024,True,2026,"{'wins': 10, 'losses': 22, 'ties': 0, 'count': 32, 'winrate': 0.3125}","{'current': 1414.0, 'recent': 1397.0, 'mean': 1397.0, 'max': 1414.0}"
3142,9697,Bionic Bucs,USA,MI,fim,2024,True,2026,"{'wins': 18, 'losses': 40, 'ties': 0, 'count': 58, 'winrate': 0.3103}","{'current': 1391.0, 'recent': 1401.0, 'mean': 1401.0, 'max': 1440.0}"
3143,9698,Zipbombs of BGCNF,USA,FL,,2024,True,2026,"{'wins': 7, 'losses': 11, 'ties': 0, 'count': 18, 'winrate': 0.3889}","{'current': 1389.0, 'recent': 1399.0, 'mean': 1399.0, 'max': 1443.0}"
3144,9699,Bayou Crusaders,USA,LA,,2024,True,2026,"{'wins': 7, 'losses': 10, 'ties': 0, 'count': 17, 'winrate': 0.4118}","{'current': 1488.0, 'recent': 1462.0, 'mean': 1462.0, 'max': 1488.0}"
3145,9703,Q_Bots,USA,MI,fim,2024,True,2026,"{'wins': 23, 'losses': 50, 'ties': 1, 'count': 74, 'winrate': 0.3176}","{'current': 1416.0, 'recent': 1440.0, 'mean': 1440.0, 'max': 1464.0}"
3146,9704,IgKnighted,USA,AZ,,2024,True,2026,"{'wins': 31, 'losses': 38, 'ties': 0, 'count': 69, 'winrate': 0.4493}","{'current': 1404.0, 'recent': 1444.0, 'mean': 1444.0, 'max': 1476.0}"
3147,9706,R^3   (Redwood Ranger Robotics),USA,CA,ca,2024,True,2026,"{'wins': 22, 'losses': 33, 'ties': 0, 'count': 55, 'winrate': 0.4}","{'current': 1407.0, 'recent': 1448.0, 'mean': 1448.0, 'max': 1489.0}"
3148,9708,Supersonic Circuit Breakers,USA,LA,,2024,True,2026,"{'wins': 12, 'losses': 14, 'ties': 0, 'count': 26, 'winrate': 0.4615}","{'current': 1475.0, 'recent': 1430.0, 'mean': 1430.0, 'max': 1475.0}"
3149,9709,Isotope Robotics,USA,VA,fch,2024,True,2026,"{'wins': 49, 'losses': 58, 'ties': 0, 'count': 107, 'winrate': 0.4579}","{'current': 1434.0, 'recent': 1464.0, 'mean': 1464.0, 'max': 1548.0}"
3150,9710,Discovery Polybotz,USA,MA,ne,2024,True,2026,"{'wins': 48, 'losses': 66, 'ties': 0, 'count': 114, 'winrate': 0.4211}","{'current': 1485.0, 'recent': 1494.0, 'mean': 1494.0, 'max': 1509.0}"
3151,9715,Tsinelas',Philippines,,,2024,True,2026,"{'wins': 17, 'losses': 29, 'ties': 0, 'count': 46, 'winrate': 0.3696}","{'current': 1359.0, 'recent': 1380.0, 'mean': 1380.0, 'max': 1421.0}"
3152,9717,Poultronix,USA,MS,,2024,True,2026,"{'wins': 37, 'losses': 47, 'ties': 1, 'count': 85, 'winrate': 0.4412}","{'current': 1501.0, 'recent': 1509.0, 'mean': 1509.0, 'max': 1590.0}"
3153,9719,ThunderTech Robotics,Canada,BC,,2024,True,2026,"{'wins': 15, 'losses': 19, 'ties': 0, 'count': 34, 'winrate': 0.4412}","{'current': 1453.0, 'recent': 1398.0, 'mean': 1398.0, 'max': 1453.0}"
3154,9720,Metal Head Robotics,USA,FL,,2024,True,2026,"{'wins': 6, 'losses': 13, 'ties': 0, 'count': 19, 'winrate': 0.3158}","{'current': 1343.0, 'recent': 1363.0, 'mean': 1363.0, 'max': 1420.0}"
3155,9721,Red Hawk Robotics,USA,MI,fim,2024,True,2026,"{'wins': 20, 'losses': 39, 'ties': 0, 'count': 59, 'winrate': 0.339}","{'current': 1414.0, 'recent': 1470.0, 'mean': 1470.0, 'max': 1519.0}"
3156,9722,Polar Robotics,USA,MI,fim,2024,True,2026,"{'wins': 26, 'losses': 42, 'ties': 0, 'count': 68, 'winrate': 0.3824}","{'current': 1430.0, 'recent': 1467.0, 'mean': 1467.0, 'max': 1513.0}"
3157,9726,Notus Pirates,USA,ID,,2024,True,2026,"{'wins': 16, 'losses': 31, 'ties': 0, 'count': 47, 'winrate': 0.3404}","{'current': 1508.0, 'recent': 1452.0, 'mean': 1452.0, 'max': 1508.0}"
3158,9727,Warrior Robotics,USA,MI,fim,2024,True,2026,"{'wins': 17, 'losses': 31, 'ties': 0, 'count': 48, 'winrate': 0.3542}","{'current': 1420.0, 'recent': 1395.0, 'mean': 1395.0, 'max': 1420.0}"
3159,9728,Rebel Robotics-BGCCF Joe R Lee Branch,USA,FL,,2024,True,2026,"{'wins': 8, 'losses': 9, 'ties': 0, 'count': 17, 'winrate': 0.4706}","{'current': 1442.0, 'recent': 1436.0, 'mean': 1436.0, 'max': 1442.0}"
3160,9729,Knights,USA,MA,ne,2024,True,2026,"{'wins': 36, 'losses': 55, 'ties': 0, 'count': 91, 'winrate': 0.3956}","{'current': 1491.0, 'recent': 1505.0, 'mean': 1505.0, 'max': 1542.0}"
3161,9730,Metal Maniacs,USA,CA,ca,2024,True,2026,"{'wins': 13, 'losses': 29, 'ties': 0, 'count': 42, 'winrate': 0.3095}","{'current': 1478.0, 'recent': 1432.0, 'mean': 1432.0, 'max': 1478.0}"
3162,9731,All Saints Range Precision,USA,MI,fim,2024,True,2026,"{'wins': 18, 'losses': 42, 'ties': 0, 'count': 60, 'winrate': 0.3}","{'current': 1386.0, 'recent': 1420.0, 'mean': 1420.0, 'max': 1457.0}"
3163,9733,Gold Diggers,USA,MI,fim,2024,True,2026,"{'wins': 18, 'losses': 42, 'ties': 0, 'count': 60, 'winrate': 0.3}","{'current': 1376.0, 'recent': 1400.0, 'mean': 1400.0, 'max': 1463.0}"
3164,9734,Jasper County Devil Dogs,USA,MS,,2024,True,2026,"{'wins': 9, 'losses': 22, 'ties': 0, 'count': 31, 'winrate': 0.2903}","{'current': 1405.0, 'recent': 1407.0, 'mean': 1407.0, 'max': 1421.0}"
3165,9735,Electric Dragons,USA,MI,fim,2024,True,2026,"{'wins': 18, 'losses': 54, 'ties': 0, 'count': 72, 'winrate': 0.25}","{'current': 1433.0, 'recent': 1419.0, 'mean': 1419.0, 'max': 1448.0}"
3166,9736,Tawas Braves,USA,MI,fim,2024,True,2026,"{'wins': 21, 'losses': 36, 'ties': 1, 'count': 58, 'winrate': 0.3707}","{'current': 1473.0, 'recent': 1420.0, 'mean': 1420.0, 'max': 1473.0}"
3167,9738,Ionic Bond,Israel,,isr,2024,True,2026,"{'wins': 36, 'losses': 43, 'ties': 0, 'count': 79, 'winrate': 0.4557}","{'current': 1494.0, 'recent': 1511.0, 'mean': 1511.0, 'max': 1530.0}"
3168,9739,Firefly,Israel,,isr,2024,True,2026,"{'wins': 34, 'losses': 35, 'ties': 1, 'count': 70, 'winrate': 0.4929}","{'current': 1458.0, 'recent': 1469.0, 'mean': 1469.0, 'max': 1508.0}"
3169,9740,CANBus in memory of Roney Tal,Israel,,isr,2024,True,2026,"{'wins': 29, 'losses': 47, 'ties': 0, 'count': 76, 'winrate': 0.3816}","{'current': 1497.0, 'recent': 1513.0, 'mean': 1513.0, 'max': 1524.0}"
3170,9743,MV TITANS,USA,MI,fim,2024,True,2026,"{'wins': 44, 'losses': 50, 'ties': 0, 'count': 94, 'winrate': 0.4681}","{'current': 1549.0, 'recent': 1498.0, 'mean': 1498.0, 'max': 1549.0}"
3171,9745,Lazer Sharkz,USA,MN,,2024,True,2026,"{'wins': 12, 'losses': 19, 'ties': 0, 'count': 31, 'winrate': 0.3871}","{'current': 1438.0, 'recent': 1493.0, 'mean': 1493.0, 'max': 1538.0}"
3172,9747,ElectroPanthers II,USA,MI,fim,2024,True,2026,"{'wins': 31, 'losses': 41, 'ties': 0, 'count': 72, 'winrate': 0.4306}","{'current': 1502.0, 'recent': 1454.0, 'mean': 1454.0, 'max': 1502.0}"
3173,9750,ED Robotics,Sweden,,,2024,True,2026,"{'wins': 8, 'losses': 9, 'ties': 0, 'count': 17, 'winrate': 0.4706}","{'current': 1444.0, 'recent': 1475.0, 'mean': 1475.0, 'max': 1505.0}"
3174,9751,OIA PantherBots,USA,MI,fim,2024,True,2026,"{'wins': 28, 'losses': 46, 'ties': 1, 'count': 75, 'winrate': 0.38}","{'current': 1453.0, 'recent': 1423.0, 'mean': 1423.0, 'max': 1453.0}"
3175,9753,Team Success,USA,MI,fim,2024,True,2026,"{'wins': 15, 'losses': 45, 'ties': 0, 'count': 60, 'winrate': 0.25}","{'current': 1405.0, 'recent': 1399.0, 'mean': 1399.0, 'max': 1423.0}"
3176,9754,Vestabots,USA,MI,fim,2024,True,2026,"{'wins': 28, 'losses': 56, 'ties': 0, 'count': 84, 'winrate': 0.3333}","{'current': 1449.0, 'recent': 1443.0, 'mean': 1443.0, 'max': 1465.0}"
3177,9755,Red Devil Robotics,USA,MI,fim,2024,True,2026,"{'wins': 22, 'losses': 42, 'ties': 1, 'count': 65, 'winrate': 0.3462}","{'current': 1408.0, 'recent': 1446.0, 'mean': 1446.0, 'max': 1491.0}"
3178,9756,Robo Panthers,USA,MI,fim,2024,True,2026,"{'wins': 26, 'losses': 37, 'ties': 0, 'count': 63, 'winrate': 0.4127}","{'current': 1494.0, 'recent': 1481.0, 'mean': 1481.0, 'max': 1494.0}"
3179,9757,Mecha Marauders,USA,MI,fim,2024,True,2026,"{'wins': 40, 'losses': 36, 'ties': 0, 'count': 76, 'winrate': 0.5263}","{'current': 1595.0, 'recent': 1492.0, 'mean': 1492.0, 'max': 1595.0}"
3180,9758,Pantron-X,USA,MI,fim,2024,True,2026,"{'wins': 38, 'losses': 52, 'ties': 1, 'count': 91, 'winrate': 0.4231}","{'current': 1478.0, 'recent': 1491.0, 'mean': 1491.0, 'max': 1522.0}"
3181,9759,Forge of Falcon,USA,MI,fim,2024,True,2026,"{'wins': 17, 'losses': 45, 'ties': 0, 'count': 62, 'winrate': 0.2742}","{'current': 1371.0, 'recent': 1373.0, 'mean': 1373.0, 'max': 1399.0}"
3182,9760,Cristo Rey Jesuit Trailblazers,USA,WI,win,2024,True,2026,"{'wins': 20, 'losses': 30, 'ties': 0, 'count': 50, 'winrate': 0.4}","{'current': 1496.0, 'recent': 1453.0, 'mean': 1453.0, 'max': 1496.0}"
3183,9761,LSMSA Robotics,USA,LA,,2024,True,2026,"{'wins': 7, 'losses': 18, 'ties': 0, 'count': 25, 'winrate': 0.28}","{'current': 1423.0, 'recent': 1419.0, 'mean': 1419.0, 'max': 1446.0}"
3184,9762,Raccoon Robotics,USA,NC,fnc,2024,True,2026,"{'wins': 30, 'losses': 51, 'ties': 0, 'count': 81, 'winrate': 0.3704}","{'current': 1403.0, 'recent': 1405.0, 'mean': 1405.0, 'max': 1427.0}"
3185,9767,Magnificat MagnifiBots,USA,OH,,2024,True,2026,"{'wins': 26, 'losses': 35, 'ties': 0, 'count': 61, 'winrate': 0.4262}","{'current': 1470.0, 'recent': 1463.0, 'mean': 1463.0, 'max': 1481.0}"
3186,9768,ROBOKNIGHTS,USA,LA,,2024,True,2026,"{'wins': 8, 'losses': 21, 'ties': 0, 'count': 29, 'winrate': 0.2759}","{'current': 1334.0, 'recent': 1408.0, 'mean': 1408.0, 'max': 1459.0}"
3187,9770,Victory Church of Christ Robo Knights,USA,GA,pch,2024,True,2026,"{'wins': 20, 'losses': 50, 'ties': 2, 'count': 72, 'winrate': 0.2917}","{'current': 1411.0, 'recent': 1412.0, 'mean': 1412.0, 'max': 1418.0}"
3188,9771,FPRO,USA,MI,fim,2024,True,2026,"{'wins': 33, 'losses': 39, 'ties': 1, 'count': 73, 'winrate': 0.4589}","{'current': 1471.0, 'recent': 1482.0, 'mean': 1482.0, 'max': 1493.0}"
3189,9772,Titans Robotics,USA,CA,ca,2024,True,2026,"{'wins': 20, 'losses': 37, 'ties': 0, 'count': 57, 'winrate': 0.3509}","{'current': 1436.0, 'recent': 1446.0, 'mean': 1446.0, 'max': 1478.0}"
3190,9773,Cardinal Robotics,USA,MI,fim,2024,True,2026,"{'wins': 36, 'losses': 32, 'ties': 0, 'count': 68, 'winrate': 0.5294}","{'current': 1503.0, 'recent': 1487.0, 'mean': 1487.0, 'max': 1503.0}"
3191,9776,Gator Gears,USA,MI,fim,2024,True,2026,"{'wins': 51, 'losses': 43, 'ties': 0, 'count': 94, 'winrate': 0.5426}","{'current': 1498.0, 'recent': 1504.0, 'mean': 1504.0, 'max': 1565.0}"
3192,9777,Knights of the Lab Table,USA,AZ,,2024,True,2026,"{'wins': 25, 'losses': 31, 'ties': 0, 'count': 56, 'winrate': 0.4464}","{'current': 1458.0, 'recent': 1489.0, 'mean': 1489.0, 'max': 1511.0}"
3193,9779,Gladiator Robotics,USA,FL,,2024,True,2026,"{'wins': 9, 'losses': 13, 'ties': 0, 'count': 22, 'winrate': 0.4091}","{'current': 1450.0, 'recent': 1447.0, 'mean': 1447.0, 'max': 1458.0}"
3194,9782,Wextech Titans,Canada,ON,ont,2024,True,2026,"{'wins': 47, 'losses': 58, 'ties': 1, 'count': 106, 'winrate': 0.4481}","{'current': 1401.0, 'recent': 1443.0, 'mean': 1443.0, 'max': 1509.0}"
3195,9785,Alectrona,Canada,ON,ont,2024,True,2026,"{'wins': 96, 'losses': 64, 'ties': 0, 'count': 160, 'winrate': 0.6}","{'current': 1685.0, 'recent': 1650.0, 'mean': 1650.0, 'max': 1685.0}"
3196,9786,MHS Wolfpack Team 9786,USA,TX,fit,2024,True,2026,"{'wins': 35, 'losses': 62, 'ties': 0, 'count': 97, 'winrate': 0.3608}","{'current': 1443.0, 'recent': 1423.0, 'mean': 1423.0, 'max': 1465.0}"
3197,9787,Fathom Robotics,USA,FL,,2024,True,2026,"{'wins': 27, 'losses': 29, 'ties': 0, 'count': 56, 'winrate': 0.4821}","{'current': 1466.0, 'recent': 1485.0, 'mean': 1485.0, 'max': 1515.0}"
3198,9788,R.A.M.,USA,NC,fnc,2024,True,2026,"{'wins': 23, 'losses': 45, 'ties': 0, 'count': 68, 'winrate': 0.3382}","{'current': 1439.0, 'recent': 1436.0, 'mean': 1436.0, 'max': 1454.0}"
3199,9789,Platinum Ringleaders,USA,NC,fnc,2024,True,2026,"{'wins': 29, 'losses': 49, 'ties': 0, 'count': 78, 'winrate': 0.3718}","{'current': 1467.0, 'recent': 1427.0, 'mean': 1427.0, 'max': 1467.0}"
3200,9790,Crypto Creek II,USA,IN,fin,2024,True,2026,"{'wins': 21, 'losses': 31, 'ties': 0, 'count': 52, 'winrate': 0.4038}","{'current': 1410.0, 'recent': 1446.0, 'mean': 1446.0, 'max': 1481.0}"
3201,9990,Off-Season Demo Team 9990,USA,NH,,2017,True,2026,"{'wins': 0, 'losses': 10, 'ties': 0, 'count': 10, 'winrate': 0.0}","{'current': 1446.0, 'recent': 1445.0, 'mean': 1445.0, 'max': 1446.0}"
3202,9991,Off-Season Demo Team 9991,USA,NH,,2017,True,2026,"{'wins': 0, 'losses': 9, 'ties': 1, 'count': 10, 'winrate': 0.05}","{'current': 1452.0, 'recent': 1451.0, 'mean': 1451.0, 'max': 1453.0}"
3203,9992,Off-Season Demo Team 9992,USA,NH,,2017,True,2026,"{'wins': 0, 'losses': 9, 'ties': 1, 'count': 10, 'winrate': 0.05}","{'current': 1452.0, 'recent': 1451.0, 'mean': 1451.0, 'max': 1453.0}"
3204,9993,Off-Season Demo Team 9993,USA,NH,,2017,True,2026,"{'wins': 0, 'losses': 6, 'ties': 1, 'count': 7, 'winrate': 0.0714}","{'current': 1453.0, 'recent': 1454.0, 'mean': 1454.0, 'max': 1454.0}"
3205,9994,Off-Season Demo Team 9994,USA,NH,,2017,True,2026,"{'wins': 0, 'losses': 4, 'ties': 1, 'count': 5, 'winrate': 0.1}","{'current': 1453.0, 'recent': 1454.0, 'mean': 1454.0, 'max': 1454.0}"
3206,9995,Off-Season Demo Team 9995,USA,NH,,2017,True,2026,"{'wins': 0, 'losses': 4, 'ties': 0, 'count': 4, 'winrate': 0.0}","{'current': 1453.0, 'recent': 1454.0, 'mean': 1454.0, 'max': 1454.0}"
3207,9996,Off-Season Demo Team 9996,USA,NH,,2017,True,2026,"{'wins': 0, 'losses': 2, 'ties': 0, 'count': 2, 'winrate': 0.0}","{'current': 1453.0, 'recent': 1454.0, 'mean': 1454.0, 'max': 1454.0}"
3208,9997,Off-Season Demo Team 9997,USA,NH,,2017,True,2026,"{'wins': 0, 'losses': 6, 'ties': 0, 'count': 6, 'winrate': 0.0}","{'current': 1448.0, 'recent': 1447.0, 'mean': 1447.0, 'max': 1450.0}"
3209,9998,Off-Season Demo Team 9998,USA,NH,,2017,True,2026,"{'wins': 0, 'losses': 6, 'ties': 1, 'count': 7, 'winrate': 0.0714}","{'current': 1448.0, 'recent': 1447.0, 'mean': 1447.0, 'max': 1450.0}"
3210,9999,Off-Season Demo Team 9999,USA,NH,,2017,True,2026,"{'wins': 0, 'losses': 5, 'ties': 1, 'count': 6, 'winrate': 0.0833}","{'current': 1448.0, 'recent': 1447.0, 'mean': 1447.0, 'max': 1450.0}"
3211,10000,Neutron Star,China,,,2025,True,2026,"{'wins': 7, 'losses': 8, 'ties': 0, 'count': 15, 'winrate': 0.4667}","{'current': 1417.0, 'recent': 1425.0, 'mean': 1425.0, 'max': 1432.0}"
3212,10002,BotBuilders,Australia,,,2025,True,2026,"{'wins': 14, 'losses': 13, 'ties': 0, 'count': 27, 'winrate': 0.5185}","{'current': 1561.0, 'recent': 1521.0, 'mean': 1521.0, 'max': 1561.0}"
3213,10004,SCAROB (Star City Area Robotics),USA,VA,fch,2025,True,2026,"{'wins': 23, 'losses': 33, 'ties': 1, 'count': 57, 'winrate': 0.4123}","{'current': 1512.0, 'recent': 1451.0, 'mean': 1451.0, 'max': 1512.0}"
3214,10011,Gridrunners,USA,OH,,2025,True,2026,"{'wins': 26, 'losses': 36, 'ties': 0, 'count': 62, 'winrate': 0.4194}","{'current': 1550.0, 'recent': 1523.0, 'mean': 1523.0, 'max': 1550.0}"
3215,10014,REBELLION,USA,TX,fit,2025,True,2026,"{'wins': 45, 'losses': 47, 'ties': 1, 'count': 93, 'winrate': 0.4892}","{'current': 1549.0, 'recent': 1569.0, 'mean': 1569.0, 'max': 1588.0}"
3216,10015,Bubbles,Canada,ON,ont,2025,True,2026,"{'wins': 47, 'losses': 42, 'ties': 0, 'count': 89, 'winrate': 0.5281}","{'current': 1684.0, 'recent': 1585.0, 'mean': 1585.0, 'max': 1684.0}"
3217,10016,Absolute Zero,China,,,2025,True,2026,"{'wins': 8, 'losses': 7, 'ties': 0, 'count': 15, 'winrate': 0.5333}","{'current': 1475.0, 'recent': 1475.0, 'mean': 1475.0, 'max': 1475.0}"
3218,10017,GPS Robotics,USA,FL,,2025,True,2026,"{'wins': 7, 'losses': 19, 'ties': 2, 'count': 28, 'winrate': 0.2857}","{'current': 1425.0, 'recent': 1409.0, 'mean': 1409.0, 'max': 1425.0}"
3219,10019,SESI SENAI MINERSKILLS,Brazil,,,2025,True,2026,"{'wins': 9, 'losses': 13, 'ties': 0, 'count': 22, 'winrate': 0.4091}","{'current': 1465.0, 'recent': 1479.0, 'mean': 1479.0, 'max': 1492.0}"
3220,10021,Guerin Catholic Golden Gears,USA,IN,fin,2025,True,2026,"{'wins': 52, 'losses': 39, 'ties': 0, 'count': 91, 'winrate': 0.5714}","{'current': 1671.0, 'recent': 1633.0, 'mean': 1633.0, 'max': 1671.0}"
3221,10029,The Portotypes,USA,IN,fin,2025,True,2026,"{'wins': 16, 'losses': 35, 'ties': 0, 'count': 51, 'winrate': 0.3137}","{'current': 1333.0, 'recent': 1384.0, 'mean': 1384.0, 'max': 1435.0}"
3222,10032,Singularity,USA,TX,fit,2025,True,2026,"{'wins': 29, 'losses': 41, 'ties': 0, 'count': 70, 'winrate': 0.4143}","{'current': 1472.0, 'recent': 1462.0, 'mean': 1462.0, 'max': 1472.0}"
3223,10034,GammaLand,Chinese Taipei,,,2025,True,2026,"{'wins': 5, 'losses': 6, 'ties': 0, 'count': 11, 'winrate': 0.4545}","{'current': 1442.0, 'recent': 1439.0, 'mean': 1439.0, 'max': 1442.0}"
3224,10043,Conscius Robotics,Türkiye,,,2025,True,2026,"{'wins': 12, 'losses': 16, 'ties': 1, 'count': 29, 'winrate': 0.431}","{'current': 1446.0, 'recent': 1407.0, 'mean': 1407.0, 'max': 1446.0}"
3225,10045,Casque Robotics,Türkiye,,,2025,True,2026,"{'wins': 4, 'losses': 6, 'ties': 0, 'count': 10, 'winrate': 0.4}","{'current': 1415.0, 'recent': 1406.0, 'mean': 1406.0, 'max': 1415.0}"
3226,10050,Sea Dragons,Türkiye,,,2025,True,2026,"{'wins': 10, 'losses': 11, 'ties': 0, 'count': 21, 'winrate': 0.4762}","{'current': 1439.0, 'recent': 1388.0, 'mean': 1388.0, 'max': 1439.0}"
3227,10059,Tech On Titans,USA,CA,ca,2025,True,2026,"{'wins': 15, 'losses': 27, 'ties': 0, 'count': 42, 'winrate': 0.3571}","{'current': 1481.0, 'recent': 1437.0, 'mean': 1437.0, 'max': 1481.0}"
3228,10063,S.C.R.A.P.,USA,MA,ne,2025,True,2026,"{'wins': 25, 'losses': 30, 'ties': 0, 'count': 55, 'winrate': 0.4545}","{'current': 1500.0, 'recent': 1491.0, 'mean': 1491.0, 'max': 1500.0}"
3229,10064,HanniBal,Türkiye,,,2025,True,2026,"{'wins': 16, 'losses': 29, 'ties': 0, 'count': 45, 'winrate': 0.3556}","{'current': 1425.0, 'recent': 1411.0, 'mean': 1411.0, 'max': 1425.0}"
3230,10066,CephaloSquad,USA,VT,ne,2025,True,2026,"{'wins': 27, 'losses': 38, 'ties': 0, 'count': 65, 'winrate': 0.4154}","{'current': 1523.0, 'recent': 1522.0, 'mean': 1522.0, 'max': 1523.0}"
3231,10070,Ghost Bots,USA,PA,fma,2025,True,2026,"{'wins': 25, 'losses': 35, 'ties': 0, 'count': 60, 'winrate': 0.4167}","{'current': 1498.0, 'recent': 1496.0, 'mean': 1496.0, 'max': 1498.0}"
3232,10072,WhirlyBots,USA,NC,fnc,2025,True,2026,"{'wins': 22, 'losses': 29, 'ties': 1, 'count': 52, 'winrate': 0.4327}","{'current': 1429.0, 'recent': 1455.0, 'mean': 1455.0, 'max': 1480.0}"
3233,10077,The H.E.I.S.T.,USA,NC,fnc,2025,True,2026,"{'wins': 36, 'losses': 46, 'ties': 0, 'count': 82, 'winrate': 0.439}","{'current': 1449.0, 'recent': 1483.0, 'mean': 1483.0, 'max': 1516.0}"
3234,10079,Arrowdynamics,USA,WA,pnw,2025,True,2026,"{'wins': 44, 'losses': 40, 'ties': 1, 'count': 85, 'winrate': 0.5235}","{'current': 1658.0, 'recent': 1641.0, 'mean': 1641.0, 'max': 1658.0}"
3235,10101,Critical Hit,USA,AL,,2025,True,2026,"{'wins': 21, 'losses': 29, 'ties': 0, 'count': 50, 'winrate': 0.42}","{'current': 1477.0, 'recent': 1456.0, 'mean': 1456.0, 'max': 1477.0}"
3236,10107,ThunderBirdz,USA,NC,fnc,2025,True,2026,"{'wins': 22, 'losses': 36, 'ties': 0, 'count': 58, 'winrate': 0.3793}","{'current': 1479.0, 'recent': 1470.0, 'mean': 1470.0, 'max': 1479.0}"
3237,10108,Hazard5,USA,VT,ne,2025,True,2026,"{'wins': 14, 'losses': 22, 'ties': 0, 'count': 36, 'winrate': 0.3889}","{'current': 1437.0, 'recent': 1453.0, 'mean': 1453.0, 'max': 1468.0}"
3238,10114,Phantom Talons,Chinese Taipei,,,2025,True,2026,"{'wins': 30, 'losses': 27, 'ties': 0, 'count': 57, 'winrate': 0.5263}","{'current': 1514.0, 'recent': 1494.0, 'mean': 1494.0, 'max': 1514.0}"
3239,10118,Robonauts EveryBot,USA,TX,fit,2025,True,2026,"{'wins': 57, 'losses': 51, 'ties': 2, 'count': 110, 'winrate': 0.5273}","{'current': 1515.0, 'recent': 1511.0, 'mean': 1511.0, 'max': 1515.0}"
3240,10120,Wulfa the Wolf,China,,,2025,True,2026,"{'wins': 29, 'losses': 27, 'ties': 0, 'count': 56, 'winrate': 0.5179}","{'current': 1551.0, 'recent': 1557.0, 'mean': 1557.0, 'max': 1563.0}"
3241,10121,TMSA MechaTiger,USA,NC,fnc,2025,True,2026,"{'wins': 28, 'losses': 35, 'ties': 0, 'count': 63, 'winrate': 0.4444}","{'current': 1413.0, 'recent': 1429.0, 'mean': 1429.0, 'max': 1444.0}"
3242,10131,Royal Turtles,China,,,2025,True,2026,"{'wins': 38, 'losses': 23, 'ties': 1, 'count': 62, 'winrate': 0.621}","{'current': 1769.0, 'recent': 1611.0, 'mean': 1611.0, 'max': 1769.0}"
3243,10132,Kuanta Robotics,Türkiye,,,2025,True,2026,"{'wins': 6, 'losses': 11, 'ties': 0, 'count': 17, 'winrate': 0.3529}","{'current': 1498.0, 'recent': 1457.0, 'mean': 1457.0, 'max': 1498.0}"
3244,10133,Manhattan Monsters,USA,CT,ne,2025,True,2026,"{'wins': 16, 'losses': 37, 'ties': 0, 'count': 53, 'winrate': 0.3019}","{'current': 1492.0, 'recent': 1501.0, 'mean': 1501.0, 'max': 1509.0}"
3245,10137,RoboKats,USA,KY,,2025,True,2026,"{'wins': 9, 'losses': 12, 'ties': 0, 'count': 21, 'winrate': 0.4286}","{'current': 1439.0, 'recent': 1429.0, 'mean': 1429.0, 'max': 1439.0}"
3246,10138,VikingBot,USA,VT,ne,2025,True,2026,"{'wins': 10, 'losses': 26, 'ties': 0, 'count': 36, 'winrate': 0.2778}","{'current': 1412.0, 'recent': 1447.0, 'mean': 1447.0, 'max': 1481.0}"
3247,10139,Tsunami,Israel,,isr,2025,True,2026,"{'wins': 10, 'losses': 13, 'ties': 1, 'count': 24, 'winrate': 0.4375}","{'current': 1448.0, 'recent': 1447.0, 'mean': 1447.0, 'max': 1448.0}"
3248,10141,Turing Robotics,Türkiye,,,2025,True,2026,"{'wins': 14, 'losses': 12, 'ties': 0, 'count': 26, 'winrate': 0.5385}","{'current': 1422.0, 'recent': 1403.0, 'mean': 1403.0, 'max': 1422.0}"
3249,10142,ANDROMEDA,Türkiye,,,2025,True,2026,"{'wins': 10, 'losses': 5, 'ties': 1, 'count': 16, 'winrate': 0.6563}","{'current': 1441.0, 'recent': 1438.0, 'mean': 1438.0, 'max': 1441.0}"
3250,10143,Northeast Vikings,USA,PA,fma,2025,True,2026,"{'wins': 28, 'losses': 41, 'ties': 1, 'count': 70, 'winrate': 0.4071}","{'current': 1493.0, 'recent': 1500.0, 'mean': 1500.0, 'max': 1506.0}"
3251,10146,ROBIS,Türkiye,,,2025,True,2026,"{'wins': 5, 'losses': 6, 'ties': 1, 'count': 12, 'winrate': 0.4583}","{'current': 1416.0, 'recent': 1416.0, 'mean': 1416.0, 'max': 1416.0}"
3252,10147,ArmBots,USA,CA,ca,2025,True,2026,"{'wins': 16, 'losses': 26, 'ties': 0, 'count': 42, 'winrate': 0.381}","{'current': 1324.0, 'recent': 1398.0, 'mean': 1398.0, 'max': 1471.0}"
3253,10152,Orbotics,USA,NY,,2025,True,2026,"{'wins': 9, 'losses': 10, 'ties': 0, 'count': 19, 'winrate': 0.4737}","{'current': 1488.0, 'recent': 1467.0, 'mean': 1467.0, 'max': 1488.0}"
3254,10156,Marshy Machines,USA,MA,ne,2025,True,2026,"{'wins': 20, 'losses': 28, 'ties': 0, 'count': 48, 'winrate': 0.4167}","{'current': 1451.0, 'recent': 1441.0, 'mean': 1441.0, 'max': 1451.0}"
3255,10157,Roman Robotics,USA,PA,fma,2025,True,2026,"{'wins': 38, 'losses': 49, 'ties': 0, 'count': 87, 'winrate': 0.4368}","{'current': 1488.0, 'recent': 1491.0, 'mean': 1491.0, 'max': 1494.0}"
3256,10159,PHS MAC-ros,USA,FL,,2025,True,2026,"{'wins': 4, 'losses': 5, 'ties': 0, 'count': 9, 'winrate': 0.4444}","{'current': 1447.0, 'recent': 1446.0, 'mean': 1446.0, 'max': 1447.0}"
3257,10162,Viking Robotics,USA,FL,,2025,True,2026,"{'wins': 2, 'losses': 6, 'ties': 1, 'count': 9, 'winrate': 0.2778}","{'current': 1431.0, 'recent': 1425.0, 'mean': 1425.0, 'max': 1431.0}"
3258,10166,Thunder Vikes,USA,CA,ca,2025,True,2026,"{'wins': 14, 'losses': 18, 'ties': 0, 'count': 32, 'winrate': 0.4375}","{'current': 1368.0, 'recent': 1383.0, 'mean': 1383.0, 'max': 1398.0}"
3259,10167,Jeunes Sans Frontières,Canada,ON,ont,2025,True,2026,"{'wins': 26, 'losses': 44, 'ties': 1, 'count': 71, 'winrate': 0.3732}","{'current': 1461.0, 'recent': 1479.0, 'mean': 1479.0, 'max': 1497.0}"
3260,10170,ND Robotics,USA,NJ,fma,2025,True,2026,"{'wins': 20, 'losses': 31, 'ties': 0, 'count': 51, 'winrate': 0.3922}","{'current': 1387.0, 'recent': 1386.0, 'mean': 1386.0, 'max': 1387.0}"
3261,10172,Apex Archers,USA,IN,fin,2025,True,2026,"{'wins': 14, 'losses': 34, 'ties': 0, 'count': 48, 'winrate': 0.2917}","{'current': 1441.0, 'recent': 1443.0, 'mean': 1443.0, 'max': 1445.0}"
3262,10173,Minot Syber-Sentinels,USA,ND,,2025,True,2026,"{'wins': 9, 'losses': 18, 'ties': 0, 'count': 27, 'winrate': 0.3333}","{'current': 1372.0, 'recent': 1426.0, 'mean': 1426.0, 'max': 1479.0}"
3263,10180,ÇOROBOT,Türkiye,,,2025,True,2026,"{'wins': 4, 'losses': 6, 'ties': 0, 'count': 10, 'winrate': 0.4}","{'current': 1460.0, 'recent': 1464.0, 'mean': 1464.0, 'max': 1468.0}"
3264,10181,ProtoWarriors,USA,MI,fim,2025,True,2026,"{'wins': 14, 'losses': 28, 'ties': 0, 'count': 42, 'winrate': 0.3333}","{'current': 1411.0, 'recent': 1430.0, 'mean': 1430.0, 'max': 1448.0}"
3265,10183,ARC,USA,NV,,2025,True,2026,"{'wins': 8, 'losses': 13, 'ties': 0, 'count': 21, 'winrate': 0.381}","{'current': 1525.0, 'recent': 1499.0, 'mean': 1499.0, 'max': 1525.0}"
3266,10185,Nexify Robotics,Türkiye,,,2025,True,2026,"{'wins': 6, 'losses': 12, 'ties': 0, 'count': 18, 'winrate': 0.3333}","{'current': 1415.0, 'recent': 1428.0, 'mean': 1428.0, 'max': 1440.0}"
3267,10186,feenx,USA,NV,,2025,True,2026,"{'wins': 6, 'losses': 4, 'ties': 0, 'count': 10, 'winrate': 0.6}","{'current': 1443.0, 'recent': 1441.0, 'mean': 1441.0, 'max': 1443.0}"
3268,10190,UNIMATE - SESI SENAI SC,Brazil,,,2025,True,2026,"{'wins': 11, 'losses': 9, 'ties': 0, 'count': 20, 'winrate': 0.55}","{'current': 1485.0, 'recent': 1473.0, 'mean': 1473.0, 'max': 1485.0}"
3269,10202,NOVATRON,Türkiye,,,2025,True,2026,"{'wins': 18, 'losses': 17, 'ties': 0, 'count': 35, 'winrate': 0.5143}","{'current': 1514.0, 'recent': 1530.0, 'mean': 1530.0, 'max': 1546.0}"
3270,10203,LANCE,Türkiye,,,2025,True,2026,"{'wins': 4, 'losses': 11, 'ties': 0, 'count': 15, 'winrate': 0.2667}","{'current': 1472.0, 'recent': 1453.0, 'mean': 1453.0, 'max': 1472.0}"
3271,10205,MAGNETAR,Türkiye,,,2025,True,2026,"{'wins': 8, 'losses': 10, 'ties': 0, 'count': 18, 'winrate': 0.4444}","{'current': 1398.0, 'recent': 1420.0, 'mean': 1420.0, 'max': 1441.0}"
3272,10207,Doomsday Engineering,USA,OH,,2025,True,2026,"{'wins': 14, 'losses': 25, 'ties': 0, 'count': 39, 'winrate': 0.359}","{'current': 1497.0, 'recent': 1493.0, 'mean': 1493.0, 'max': 1497.0}"
3273,10208,Mayhem Manufacturing,USA,OH,,2025,True,2026,"{'wins': 22, 'losses': 26, 'ties': 0, 'count': 48, 'winrate': 0.4583}","{'current': 1467.0, 'recent': 1482.0, 'mean': 1482.0, 'max': 1497.0}"
3274,10211,Cyber Colts,Panama,,,2025,True,2026,"{'wins': 8, 'losses': 15, 'ties': 0, 'count': 23, 'winrate': 0.3478}","{'current': 1464.0, 'recent': 1428.0, 'mean': 1428.0, 'max': 1464.0}"
3275,10212,Circuit Bakers,USA,CA,ca,2025,True,2026,"{'wins': 18, 'losses': 29, 'ties': 0, 'count': 47, 'winrate': 0.383}","{'current': 1444.0, 'recent': 1438.0, 'mean': 1438.0, 'max': 1444.0}"
3276,10213,BALTA,Türkiye,,,2025,True,2026,"{'wins': 35, 'losses': 19, 'ties': 0, 'count': 54, 'winrate': 0.6481}","{'current': 1674.0, 'recent': 1603.0, 'mean': 1603.0, 'max': 1674.0}"
3277,10214,Team Doritos,China,,,2025,True,2026,"{'wins': 8, 'losses': 21, 'ties': 0, 'count': 29, 'winrate': 0.2759}","{'current': 1307.0, 'recent': 1389.0, 'mean': 1389.0, 'max': 1471.0}"
3278,10216,QUANTUMBEE,Türkiye,,,2025,True,2026,"{'wins': 8, 'losses': 6, 'ties': 1, 'count': 15, 'winrate': 0.5667}","{'current': 1449.0, 'recent': 1448.0, 'mean': 1448.0, 'max': 1449.0}"
3279,10217,Catahoula Blue Dogs,USA,LA,,2025,True,2026,"{'wins': 19, 'losses': 17, 'ties': 0, 'count': 36, 'winrate': 0.5278}","{'current': 1541.0, 'recent': 1527.0, 'mean': 1527.0, 'max': 1541.0}"
3280,10219,Bathtub Chickens,USA,FL,,2025,True,2026,"{'wins': 15, 'losses': 19, 'ties': 1, 'count': 35, 'winrate': 0.4429}","{'current': 1490.0, 'recent': 1499.0, 'mean': 1499.0, 'max': 1508.0}"
3281,10221,#1 Sea Bass,USA,CA,ca,2025,True,2026,"{'wins': 8, 'losses': 25, 'ties': 0, 'count': 33, 'winrate': 0.2424}","{'current': 1473.0, 'recent': 1436.0, 'mean': 1436.0, 'max': 1473.0}"
3282,10223,Crimson Jewels,USA,NY,,2025,True,2026,"{'wins': 9, 'losses': 8, 'ties': 1, 'count': 18, 'winrate': 0.5278}","{'current': 1479.0, 'recent': 1484.0, 'mean': 1484.0, 'max': 1489.0}"
3283,10224,MAV MECHANICS (NASA),USA,VA,fch,2025,True,2026,"{'wins': 45, 'losses': 39, 'ties': 1, 'count': 85, 'winrate': 0.5353}","{'current': 1559.0, 'recent': 1564.0, 'mean': 1564.0, 'max': 1569.0}"
3284,10225,Prepa Tecmilenio - PYROX,Mexico,,,2025,True,2026,"{'wins': 10, 'losses': 19, 'ties': 1, 'count': 30, 'winrate': 0.35}","{'current': 1462.0, 'recent': 1440.0, 'mean': 1440.0, 'max': 1462.0}"
3285,10228,Phoenix Robotics,USA,FL,,2025,True,2026,"{'wins': 5, 'losses': 13, 'ties': 0, 'count': 18, 'winrate': 0.2778}","{'current': 1221.0, 'recent': 1289.0, 'mean': 1289.0, 'max': 1357.0}"
3286,10229,Event Horizon,USA,NY,,2025,True,2026,"{'wins': 18, 'losses': 19, 'ties': 0, 'count': 37, 'winrate': 0.4865}","{'current': 1465.0, 'recent': 1438.0, 'mean': 1438.0, 'max': 1465.0}"
3287,10231,Midnight Circuits,USA,SC,fsc,2025,True,2026,"{'wins': 28, 'losses': 44, 'ties': 0, 'count': 72, 'winrate': 0.3889}","{'current': 1461.0, 'recent': 1457.0, 'mean': 1457.0, 'max': 1461.0}"
3288,10232,Killer Kardinals 2,USA,NJ,fma,2025,True,2026,"{'wins': 11, 'losses': 25, 'ties': 0, 'count': 36, 'winrate': 0.3056}","{'current': 1414.0, 'recent': 1414.0, 'mean': 1414.0, 'max': 1414.0}"
3289,10234,TEDRA,Türkiye,,,2025,True,2026,"{'wins': 22, 'losses': 24, 'ties': 0, 'count': 46, 'winrate': 0.4783}","{'current': 1452.0, 'recent': 1469.0, 'mean': 1469.0, 'max': 1486.0}"
3290,10236,REXTED,Türkiye,,,2025,True,2026,"{'wins': 8, 'losses': 8, 'ties': 0, 'count': 16, 'winrate': 0.5}","{'current': 1449.0, 'recent': 1401.0, 'mean': 1401.0, 'max': 1449.0}"
3291,10243,Yücel Boru ANATOLIAN WOLVES,Türkiye,,,2025,True,2026,"{'wins': 4, 'losses': 11, 'ties': 0, 'count': 15, 'winrate': 0.2667}","{'current': 1403.0, 'recent': 1411.0, 'mean': 1411.0, 'max': 1418.0}"
3292,10244,WOLFS ROBOTICS,Türkiye,,,2025,True,2026,"{'wins': 13, 'losses': 16, 'ties': 0, 'count': 29, 'winrate': 0.4483}","{'current': 1416.0, 'recent': 1412.0, 'mean': 1412.0, 'max': 1416.0}"
3293,10245,WAMS,USA,CT,ne,2025,True,2026,"{'wins': 25, 'losses': 29, 'ties': 0, 'count': 54, 'winrate': 0.463}","{'current': 1486.0, 'recent': 1471.0, 'mean': 1471.0, 'max': 1486.0}"
3294,10246,ISTAF Team Infinitech,Türkiye,,,2025,True,2026,"{'wins': 5, 'losses': 4, 'ties': 0, 'count': 9, 'winrate': 0.5556}","{'current': 1456.0, 'recent': 1458.0, 'mean': 1458.0, 'max': 1460.0}"
3295,10247,RedFox,Türkiye,,,2025,True,2026,"{'wins': 6, 'losses': 8, 'ties': 0, 'count': 14, 'winrate': 0.4286}","{'current': 1391.0, 'recent': 1379.0, 'mean': 1379.0, 'max': 1391.0}"
3296,10248,Iron Byrds,USA,NC,fnc,2025,True,2026,"{'wins': 29, 'losses': 31, 'ties': 0, 'count': 60, 'winrate': 0.4833}","{'current': 1435.0, 'recent': 1427.0, 'mean': 1427.0, 'max': 1435.0}"
3297,10251,Chimera,Türkiye,,,2025,True,2026,"{'wins': 4, 'losses': 12, 'ties': 0, 'count': 16, 'winrate': 0.25}","{'current': 1364.0, 'recent': 1373.0, 'mean': 1373.0, 'max': 1381.0}"
3298,10252,Mecha Lions,USA,CA,ca,2025,True,2026,"{'wins': 19, 'losses': 33, 'ties': 0, 'count': 52, 'winrate': 0.3654}","{'current': 1465.0, 'recent': 1461.0, 'mean': 1461.0, 'max': 1465.0}"
3299,10254,Regal Seagulls,USA,MA,ne,2025,True,2026,"{'wins': 44, 'losses': 35, 'ties': 0, 'count': 79, 'winrate': 0.557}","{'current': 1715.0, 'recent': 1625.0, 'mean': 1625.0, 'max': 1715.0}"
3300,10256,Team Scrap Metal,USA,AZ,,2025,True,2026,"{'wins': 8, 'losses': 8, 'ties': 0, 'count': 16, 'winrate': 0.5}","{'current': 1454.0, 'recent': 1456.0, 'mean': 1456.0, 'max': 1457.0}"
3301,10257,Vector Space,USA,VA,fch,2025,True,2026,"{'wins': 22, 'losses': 31, 'ties': 1, 'count': 54, 'winrate': 0.4167}","{'current': 1515.0, 'recent': 1485.0, 'mean': 1485.0, 'max': 1515.0}"
3302,10260,RoboJags,USA,NC,fnc,2025,True,2026,"{'wins': 33, 'losses': 43, 'ties': 0, 'count': 76, 'winrate': 0.4342}","{'current': 1457.0, 'recent': 1459.0, 'mean': 1459.0, 'max': 1461.0}"
3303,10261,PYRONEERS,Greece,,,2025,True,2026,"{'wins': 8, 'losses': 13, 'ties': 0, 'count': 21, 'winrate': 0.381}","{'current': 1344.0, 'recent': 1375.0, 'mean': 1375.0, 'max': 1405.0}"
3304,10262,Bionic Buzzers,USA,NY,,2025,True,2026,"{'wins': 14, 'losses': 10, 'ties': 0, 'count': 24, 'winrate': 0.5833}","{'current': 1544.0, 'recent': 1504.0, 'mean': 1504.0, 'max': 1544.0}"
3305,10263,Temari Robotics,Brazil,,,2025,True,2026,"{'wins': 10, 'losses': 13, 'ties': 0, 'count': 23, 'winrate': 0.4348}","{'current': 1456.0, 'recent': 1473.0, 'mean': 1473.0, 'max': 1489.0}"
3306,10264,STORM,USA,WI,win,2025,True,2026,"{'wins': 24, 'losses': 19, 'ties': 0, 'count': 43, 'winrate': 0.5581}","{'current': 1541.0, 'recent': 1491.0, 'mean': 1491.0, 'max': 1541.0}"
3307,10266,Hopkins Galvanized Goats,USA,CT,ne,2025,True,2026,"{'wins': 14, 'losses': 34, 'ties': 0, 'count': 48, 'winrate': 0.2917}","{'current': 1342.0, 'recent': 1365.0, 'mean': 1365.0, 'max': 1387.0}"
3308,10281,MechaWolves,USA,CA,ca,2025,True,2026,"{'wins': 21, 'losses': 22, 'ties': 0, 'count': 43, 'winrate': 0.4884}","{'current': 1508.0, 'recent': 1494.0, 'mean': 1494.0, 'max': 1508.0}"
3309,10285,Sacred Heart Outlanders,USA,MI,fim,2025,True,2026,"{'wins': 15, 'losses': 32, 'ties': 1, 'count': 48, 'winrate': 0.3229}","{'current': 1397.0, 'recent': 1414.0, 'mean': 1414.0, 'max': 1431.0}"
3310,10287,Kingdom Prep RC,USA,WI,win,2025,True,2026,"{'wins': 12, 'losses': 22, 'ties': 0, 'count': 34, 'winrate': 0.3529}","{'current': 1466.0, 'recent': 1492.0, 'mean': 1492.0, 'max': 1517.0}"
3311,10291,MUTUM-X,Brazil,,,2025,True,2026,"{'wins': 19, 'losses': 22, 'ties': 0, 'count': 41, 'winrate': 0.4634}","{'current': 1522.0, 'recent': 1531.0, 'mean': 1531.0, 'max': 1540.0}"
3312,10295,FOREST GUARDIANS,Brazil,,,2025,True,2026,"{'wins': 7, 'losses': 16, 'ties': 0, 'count': 23, 'winrate': 0.3043}","{'current': 1432.0, 'recent': 1471.0, 'mean': 1471.0, 'max': 1509.0}"
3313,10297,PANTANALBOTS,Brazil,,,2025,True,2026,"{'wins': 5, 'losses': 16, 'ties': 0, 'count': 21, 'winrate': 0.2381}","{'current': 1390.0, 'recent': 1373.0, 'mean': 1373.0, 'max': 1390.0}"
3314,10298,LUVER CONTROL,Brazil,,,2025,True,2026,"{'wins': 9, 'losses': 16, 'ties': 0, 'count': 25, 'winrate': 0.36}","{'current': 1493.0, 'recent': 1455.0, 'mean': 1455.0, 'max': 1493.0}"
3315,10300,Obama FRC,USA,PA,,2025,True,2026,"{'wins': 3, 'losses': 5, 'ties': 0, 'count': 8, 'winrate': 0.375}","{'current': 1409.0, 'recent': 1409.0, 'mean': 1409.0, 'max': 1409.0}"
3316,10302,Byte Force,USA,NC,fnc,2025,True,2026,"{'wins': 29, 'losses': 31, 'ties': 1, 'count': 61, 'winrate': 0.4836}","{'current': 1490.0, 'recent': 1483.0, 'mean': 1483.0, 'max': 1490.0}"
3317,10304,Circuit Breakers,USA,NC,fnc,2025,True,2026,"{'wins': 22, 'losses': 31, 'ties': 2, 'count': 55, 'winrate': 0.4182}","{'current': 1445.0, 'recent': 1448.0, 'mean': 1448.0, 'max': 1451.0}"
3318,10308,HiveMind,Türkiye,,,2025,True,2026,"{'wins': 9, 'losses': 12, 'ties': 2, 'count': 23, 'winrate': 0.4348}","{'current': 1482.0, 'recent': 1464.0, 'mean': 1464.0, 'max': 1482.0}"
3319,10309,Jayhawks Robotics,USA,MS,,2025,True,2026,"{'wins': 8, 'losses': 13, 'ties': 1, 'count': 22, 'winrate': 0.3864}","{'current': 1374.0, 'recent': 1395.0, 'mean': 1395.0, 'max': 1416.0}"
3320,10312,ByteForce,USA,TX,fit,2025,True,2026,"{'wins': 22, 'losses': 33, 'ties': 0, 'count': 55, 'winrate': 0.4}","{'current': 1465.0, 'recent': 1461.0, 'mean': 1461.0, 'max': 1465.0}"
3321,10317,CIA Robotics Presents: BIG Furious George,USA,MO,,2025,True,2026,"{'wins': 9, 'losses': 10, 'ties': 1, 'count': 20, 'winrate': 0.475}","{'current': 1487.0, 'recent': 1479.0, 'mean': 1479.0, 'max': 1487.0}"
3322,10322,Beyond the Bell,USA,IL,,2025,True,2026,"{'wins': 12, 'losses': 11, 'ties': 0, 'count': 23, 'winrate': 0.5217}","{'current': 1446.0, 'recent': 1429.0, 'mean': 1429.0, 'max': 1446.0}"
3323,10323,DeMolay Dynamics,USA,FL,,2025,True,2026,"{'wins': 17, 'losses': 27, 'ties': 0, 'count': 44, 'winrate': 0.3864}","{'current': 1479.0, 'recent': 1499.0, 'mean': 1499.0, 'max': 1518.0}"
3324,10332,Carroll Charger Robotics,USA,IN,fin,2025,True,2026,"{'wins': 29, 'losses': 41, 'ties': 0, 'count': 70, 'winrate': 0.4143}","{'current': 1484.0, 'recent': 1462.0, 'mean': 1462.0, 'max': 1484.0}"
3325,10333,Elevation,USA,CO,,2025,True,2026,"{'wins': 19, 'losses': 33, 'ties': 0, 'count': 52, 'winrate': 0.3654}","{'current': 1391.0, 'recent': 1442.0, 'mean': 1442.0, 'max': 1492.0}"
3326,10336,BHA Tigers,USA,CA,ca,2025,True,2026,"{'wins': 12, 'losses': 20, 'ties': 0, 'count': 32, 'winrate': 0.375}","{'current': 1464.0, 'recent': 1433.0, 'mean': 1433.0, 'max': 1464.0}"
3327,10338,10338 - CircuitMakers,USA,GA,pch,2025,True,2026,"{'wins': 15, 'losses': 36, 'ties': 1, 'count': 52, 'winrate': 0.2981}","{'current': 1405.0, 'recent': 1400.0, 'mean': 1400.0, 'max': 1405.0}"
3328,10339,BrainShift,USA,CA,ca,2025,True,2026,"{'wins': 24, 'losses': 39, 'ties': 1, 'count': 64, 'winrate': 0.3828}","{'current': 1457.0, 'recent': 1442.0, 'mean': 1442.0, 'max': 1457.0}"
3329,10340,ITKAN Girls,USA,TX,fit,2025,True,2026,"{'wins': 61, 'losses': 32, 'ties': 1, 'count': 94, 'winrate': 0.6543}","{'current': 1810.0, 'recent': 1704.0, 'mean': 1704.0, 'max': 1810.0}"
3330,10342,Lost in Translation,Australia,,,2025,True,2026,"{'wins': 8, 'losses': 13, 'ties': 0, 'count': 21, 'winrate': 0.381}","{'current': 1468.0, 'recent': 1466.0, 'mean': 1466.0, 'max': 1468.0}"
3331,10343,Tera Robotics,Brazil,,,2025,True,2026,"{'wins': 9, 'losses': 9, 'ties': 0, 'count': 18, 'winrate': 0.5}","{'current': 1448.0, 'recent': 1456.0, 'mean': 1456.0, 'max': 1464.0}"
3332,10345,Sirius,Brazil,,,2025,True,2026,"{'wins': 12, 'losses': 15, 'ties': 0, 'count': 27, 'winrate': 0.4444}","{'current': 1446.0, 'recent': 1423.0, 'mean': 1423.0, 'max': 1446.0}"
3333,10349,Pontiac Firebirds,USA,MI,fim,2025,True,2026,"{'wins': 42, 'losses': 33, 'ties': 0, 'count': 75, 'winrate': 0.56}","{'current': 1609.0, 'recent': 1573.0, 'mean': 1573.0, 'max': 1609.0}"
3334,10350,Canberra CIPHER,Australia,,,2025,True,2026,"{'wins': 7, 'losses': 14, 'ties': 0, 'count': 21, 'winrate': 0.3333}","{'current': 1351.0, 'recent': 1367.0, 'mean': 1367.0, 'max': 1383.0}"
3335,10353,HATAY ROBOTICS,Türkiye,,,2025,True,2026,"{'wins': 3, 'losses': 5, 'ties': 0, 'count': 8, 'winrate': 0.375}","{'current': 1422.0, 'recent': 1414.0, 'mean': 1414.0, 'max': 1422.0}"
3336,10354,Sting,USA,NC,fnc,2025,True,2026,"{'wins': 19, 'losses': 22, 'ties': 0, 'count': 41, 'winrate': 0.4634}","{'current': 1445.0, 'recent': 1425.0, 'mean': 1425.0, 'max': 1445.0}"
3337,10356,Capitech,Brazil,,,2025,True,2026,"{'wins': 7, 'losses': 10, 'ties': 0, 'count': 17, 'winrate': 0.4118}","{'current': 1423.0, 'recent': 1441.0, 'mean': 1441.0, 'max': 1459.0}"
3338,10361,Gatorbots,USA,SC,fsc,2025,True,2026,"{'wins': 22, 'losses': 33, 'ties': 0, 'count': 55, 'winrate': 0.4}","{'current': 1439.0, 'recent': 1413.0, 'mean': 1413.0, 'max': 1439.0}"
3339,10366,Builder Bears,USA,NJ,fma,2025,True,2026,"{'wins': 8, 'losses': 28, 'ties': 0, 'count': 36, 'winrate': 0.2222}","{'current': 1380.0, 'recent': 1358.0, 'mean': 1358.0, 'max': 1380.0}"
3340,10367,Category 4 Storm Surge,USA,SC,fsc,2025,True,2026,"{'wins': 28, 'losses': 48, 'ties': 0, 'count': 76, 'winrate': 0.3684}","{'current': 1488.0, 'recent': 1460.0, 'mean': 1460.0, 'max': 1488.0}"
3341,10370,Squatch Watch,USA,VA,fch,2025,True,2026,"{'wins': 17, 'losses': 20, 'ties': 0, 'count': 37, 'winrate': 0.4595}","{'current': 1500.0, 'recent': 1484.0, 'mean': 1484.0, 'max': 1500.0}"
3342,10372,THE ANTS,USA,CA,ca,2025,True,2026,"{'wins': 12, 'losses': 24, 'ties': 0, 'count': 36, 'winrate': 0.3333}","{'current': 1443.0, 'recent': 1438.0, 'mean': 1438.0, 'max': 1443.0}"
3343,10376,Plutonium Panthers,USA,GA,pch,2025,True,2026,"{'wins': 35, 'losses': 38, 'ties': 0, 'count': 73, 'winrate': 0.4795}","{'current': 1475.0, 'recent': 1471.0, 'mean': 1471.0, 'max': 1475.0}"
3344,10377,Aughtonauts,USA,OK,,2025,True,2026,"{'wins': 7, 'losses': 23, 'ties': 0, 'count': 30, 'winrate': 0.2333}","{'current': 1392.0, 'recent': 1394.0, 'mean': 1394.0, 'max': 1396.0}"
3345,10380,The Dragon Hunters,USA,AZ,,2025,True,2026,"{'wins': 8, 'losses': 12, 'ties': 0, 'count': 20, 'winrate': 0.4}","{'current': 1377.0, 'recent': 1427.0, 'mean': 1427.0, 'max': 1476.0}"
3346,10383,Robistim,Türkiye,,,2025,True,2026,"{'wins': 10, 'losses': 18, 'ties': 0, 'count': 28, 'winrate': 0.3571}","{'current': 1442.0, 'recent': 1443.0, 'mean': 1443.0, 'max': 1443.0}"
3347,10384,Sparkanovas,Canada,AB,,2025,True,2026,"{'wins': 17, 'losses': 20, 'ties': 0, 'count': 37, 'winrate': 0.4595}","{'current': 1409.0, 'recent': 1440.0, 'mean': 1440.0, 'max': 1471.0}"
3348,10385,Cycle-Breakers,USA,TX,fit,2025,True,2026,"{'wins': 38, 'losses': 38, 'ties': 2, 'count': 78, 'winrate': 0.5}","{'current': 1528.0, 'recent': 1503.0, 'mean': 1503.0, 'max': 1528.0}"
3349,10388,The Iron Wolverine Angels,USA,SC,fsc,2025,True,2026,"{'wins': 27, 'losses': 39, 'ties': 1, 'count': 67, 'winrate': 0.4104}","{'current': 1384.0, 'recent': 1389.0, 'mean': 1389.0, 'max': 1393.0}"
3350,10390,GOOGIRL,Chinese Taipei,,,2025,True,2026,"{'wins': 6, 'losses': 16, 'ties': 0, 'count': 22, 'winrate': 0.2727}","{'current': 1441.0, 'recent': 1438.0, 'mean': 1438.0, 'max': 1441.0}"
3351,10392,Brawley Robocats,USA,CA,ca,2025,True,2026,"{'wins': 11, 'losses': 11, 'ties': 0, 'count': 22, 'winrate': 0.5}","{'current': 1424.0, 'recent': 1439.0, 'mean': 1439.0, 'max': 1453.0}"
3352,10393,Foxborough High School,USA,MA,ne,2025,True,2026,"{'wins': 21, 'losses': 31, 'ties': 0, 'count': 52, 'winrate': 0.4038}","{'current': 1424.0, 'recent': 1448.0, 'mean': 1448.0, 'max': 1471.0}"
3353,10396,Mostra,Türkiye,,,2025,True,2026,"{'wins': 19, 'losses': 19, 'ties': 0, 'count': 38, 'winrate': 0.5}","{'current': 1491.0, 'recent': 1495.0, 'mean': 1495.0, 'max': 1498.0}"
3354,10400,DART Doane Academy Robotics Team,USA,NJ,fma,2025,True,2026,"{'wins': 27, 'losses': 28, 'ties': 0, 'count': 55, 'winrate': 0.4909}","{'current': 1431.0, 'recent': 1438.0, 'mean': 1438.0, 'max': 1445.0}"
3355,10411,G-Code Generals,USA,IN,fin,2025,True,2026,"{'wins': 16, 'losses': 32, 'ties': 0, 'count': 48, 'winrate': 0.3333}","{'current': 1412.0, 'recent': 1444.0, 'mean': 1444.0, 'max': 1475.0}"
3356,10412,TechBotTronics-1RSNC,USA,NC,fnc,2025,True,2026,"{'wins': 17, 'losses': 26, 'ties': 0, 'count': 43, 'winrate': 0.3953}","{'current': 1431.0, 'recent': 1423.0, 'mean': 1423.0, 'max': 1431.0}"
3357,10413,Flux Robotics,USA,NY,,2025,True,2026,"{'wins': 10, 'losses': 15, 'ties': 0, 'count': 25, 'winrate': 0.4}","{'current': 1490.0, 'recent': 1469.0, 'mean': 1469.0, 'max': 1490.0}"
3358,10415,Torchers,Türkiye,,,2025,True,2026,"{'wins': 8, 'losses': 11, 'ties': 0, 'count': 19, 'winrate': 0.4211}","{'current': 1486.0, 'recent': 1445.0, 'mean': 1445.0, 'max': 1486.0}"
3359,10416,Radical Raccoons,USA,WA,pnw,2025,True,2026,"{'wins': 29, 'losses': 42, 'ties': 0, 'count': 71, 'winrate': 0.4085}","{'current': 1552.0, 'recent': 1558.0, 'mean': 1558.0, 'max': 1563.0}"
3360,10421,Coded Dragons,USA,MI,fim,2025,True,2026,"{'wins': 18, 'losses': 28, 'ties': 1, 'count': 47, 'winrate': 0.3936}","{'current': 1460.0, 'recent': 1472.0, 'mean': 1472.0, 'max': 1484.0}"
3361,10423,CB Tech,USA,WA,pnw,2025,True,2026,"{'wins': 22, 'losses': 29, 'ties': 0, 'count': 51, 'winrate': 0.4314}","{'current': 1519.0, 'recent': 1494.0, 'mean': 1494.0, 'max': 1519.0}"
3362,10424,ANKA ROBOTICS,Türkiye,,,2025,True,2026,"{'wins': 7, 'losses': 3, 'ties': 0, 'count': 10, 'winrate': 0.7}","{'current': 1462.0, 'recent': 1467.0, 'mean': 1467.0, 'max': 1471.0}"
3363,10425,WhiteFox,Türkiye,,,2025,True,2026,"{'wins': 11, 'losses': 7, 'ties': 0, 'count': 18, 'winrate': 0.6111}","{'current': 1432.0, 'recent': 1429.0, 'mean': 1429.0, 'max': 1432.0}"
3364,10427,Kitimat Sentinels,Canada,BC,,2025,True,2026,"{'wins': 9, 'losses': 11, 'ties': 0, 'count': 20, 'winrate': 0.45}","{'current': 1429.0, 'recent': 1414.0, 'mean': 1414.0, 'max': 1429.0}"
3365,10428,KAIZEN,India,,,2025,True,2026,"{'wins': 35, 'losses': 28, 'ties': 1, 'count': 64, 'winrate': 0.5547}","{'current': 1531.0, 'recent': 1549.0, 'mean': 1549.0, 'max': 1567.0}"
3366,10430,Solar Chill,USA,WI,win,2025,True,2026,"{'wins': 8, 'losses': 24, 'ties': 2, 'count': 34, 'winrate': 0.2647}","{'current': 1388.0, 'recent': 1411.0, 'mean': 1411.0, 'max': 1433.0}"
3367,10434,CYBEARS,USA,IN,fin,2025,True,2026,"{'wins': 24, 'losses': 36, 'ties': 0, 'count': 60, 'winrate': 0.4}","{'current': 1418.0, 'recent': 1444.0, 'mean': 1444.0, 'max': 1470.0}"
3368,10435,IRS - Intelligent Robotic Systems,USA,IL,,2025,True,2026,"{'wins': 25, 'losses': 28, 'ties': 1, 'count': 54, 'winrate': 0.4722}","{'current': 1659.0, 'recent': 1616.0, 'mean': 1616.0, 'max': 1659.0}"
3369,10437,Amity Robotics Club (ARC),Australia,,,2025,True,2026,"{'wins': 10, 'losses': 11, 'ties': 0, 'count': 21, 'winrate': 0.4762}","{'current': 1443.0, 'recent': 1417.0, 'mean': 1417.0, 'max': 1443.0}"
3370,10439,Wild Wires,USA,IA,,2025,True,2026,"{'wins': 11, 'losses': 10, 'ties': 0, 'count': 21, 'winrate': 0.5238}","{'current': 1482.0, 'recent': 1461.0, 'mean': 1461.0, 'max': 1482.0}"
3371,10444,Ursa Major,USA,OR,pnw,2025,True,2026,"{'wins': 20, 'losses': 32, 'ties': 0, 'count': 52, 'winrate': 0.3846}","{'current': 1399.0, 'recent': 1425.0, 'mean': 1425.0, 'max': 1450.0}"
3372,10445,HYPERVOLT,Türkiye,,,2025,True,2026,"{'wins': 5, 'losses': 11, 'ties': 0, 'count': 16, 'winrate': 0.3125}","{'current': 1385.0, 'recent': 1404.0, 'mean': 1404.0, 'max': 1423.0}"
3373,10446,Circuitron,USA,LA,,2025,True,2026,"{'wins': 5, 'losses': 14, 'ties': 0, 'count': 19, 'winrate': 0.2632}","{'current': 1439.0, 'recent': 1414.0, 'mean': 1414.0, 'max': 1439.0}"
3374,10449,Robo Crusaders 1,USA,MD,fch,2025,True,2026,"{'wins': 13, 'losses': 35, 'ties': 0, 'count': 48, 'winrate': 0.2708}","{'current': 1404.0, 'recent': 1403.0, 'mean': 1403.0, 'max': 1404.0}"
3375,10452,RoboLions,USA,NY,,2025,True,2026,"{'wins': 7, 'losses': 12, 'ties': 0, 'count': 19, 'winrate': 0.3684}","{'current': 1408.0, 'recent': 1434.0, 'mean': 1434.0, 'max': 1459.0}"
3376,10453,Northmen Robotics,USA,MO,,2025,True,2026,"{'wins': 12, 'losses': 23, 'ties': 1, 'count': 36, 'winrate': 0.3472}","{'current': 1436.0, 'recent': 1408.0, 'mean': 1408.0, 'max': 1436.0}"
3377,10454,UPC Raptors,USA,NY,,2025,True,2026,"{'wins': 1, 'losses': 7, 'ties': 1, 'count': 9, 'winrate': 0.1667}","{'current': 1393.0, 'recent': 1381.0, 'mean': 1381.0, 'max': 1393.0}"
3378,10455,Bison Dynamics,USA,WA,pnw,2025,True,2026,"{'wins': 20, 'losses': 30, 'ties': 0, 'count': 50, 'winrate': 0.4}","{'current': 1486.0, 'recent': 1488.0, 'mean': 1488.0, 'max': 1489.0}"
3379,10466,Federal Force,Brazil,,,2025,True,2026,"{'wins': 15, 'losses': 18, 'ties': 0, 'count': 33, 'winrate': 0.4545}","{'current': 1492.0, 'recent': 1505.0, 'mean': 1505.0, 'max': 1518.0}"
3380,10470,Sancar Robotics,Türkiye,,,2025,True,2026,"{'wins': 5, 'losses': 9, 'ties': 1, 'count': 15, 'winrate': 0.3667}","{'current': 1448.0, 'recent': 1447.0, 'mean': 1447.0, 'max': 1448.0}"
3381,10471,Gamarobotics,Türkiye,,,2025,True,2026,"{'wins': 7, 'losses': 4, 'ties': 0, 'count': 11, 'winrate': 0.6364}","{'current': 1437.0, 'recent': 1433.0, 'mean': 1433.0, 'max': 1437.0}"
3382,10472,Bilkent Next,Türkiye,,,2025,True,2026,"{'wins': 6, 'losses': 6, 'ties': 0, 'count': 12, 'winrate': 0.5}","{'current': 1410.0, 'recent': 1400.0, 'mean': 1400.0, 'max': 1410.0}"
3383,10473,Team Lance-B-Bot,USA,MI,fim,2025,True,2026,"{'wins': 24, 'losses': 37, 'ties': 0, 'count': 61, 'winrate': 0.3934}","{'current': 1441.0, 'recent': 1463.0, 'mean': 1463.0, 'max': 1484.0}"
3384,10474,Turcia Machina,USA,MN,,2025,True,2026,"{'wins': 6, 'losses': 14, 'ties': 0, 'count': 20, 'winrate': 0.3}","{'current': 1393.0, 'recent': 1428.0, 'mean': 1428.0, 'max': 1462.0}"
3385,10476,Thunderbots,USA,NE,,2025,True,2026,"{'wins': 11, 'losses': 10, 'ties': 0, 'count': 21, 'winrate': 0.5238}","{'current': 1448.0, 'recent': 1451.0, 'mean': 1451.0, 'max': 1453.0}"
3386,10478,NEO Robotics,Türkiye,,,2025,True,2026,"{'wins': 5, 'losses': 7, 'ties': 0, 'count': 12, 'winrate': 0.4167}","{'current': 1422.0, 'recent': 1414.0, 'mean': 1414.0, 'max': 1422.0}"
3387,10479,Powerhouse,China,,,2025,True,2026,"{'wins': 35, 'losses': 21, 'ties': 0, 'count': 56, 'winrate': 0.625}","{'current': 1577.0, 'recent': 1606.0, 'mean': 1606.0, 'max': 1635.0}"
3388,10482,BuzzBots,USA,GA,pch,2025,True,2026,"{'wins': 35, 'losses': 44, 'ties': 2, 'count': 81, 'winrate': 0.4444}","{'current': 1521.0, 'recent': 1530.0, 'mean': 1530.0, 'max': 1538.0}"
3389,10490,Ely Robotics,USA,MN,,2025,True,2026,"{'wins': 11, 'losses': 21, 'ties': 0, 'count': 32, 'winrate': 0.3438}","{'current': 1495.0, 'recent': 1471.0, 'mean': 1471.0, 'max': 1495.0}"
3390,10497,Bayou Bots,USA,LA,,2025,True,2026,"{'wins': 8, 'losses': 9, 'ties': 0, 'count': 17, 'winrate': 0.4706}","{'current': 1453.0, 'recent': 1478.0, 'mean': 1478.0, 'max': 1502.0}"
3391,10500,Lodestar,USA,CA,ca,2025,True,2026,"{'wins': 10, 'losses': 11, 'ties': 0, 'count': 21, 'winrate': 0.4762}","{'current': 1493.0, 'recent': 1475.0, 'mean': 1475.0, 'max': 1493.0}"
3392,10502,HARPIA ROBOTICS,Türkiye,,,2025,True,2026,"{'wins': 10, 'losses': 9, 'ties': 0, 'count': 19, 'winrate': 0.5263}","{'current': 1437.0, 'recent': 1424.0, 'mean': 1424.0, 'max': 1437.0}"
3393,10506,Crash Test Dummies,USA,AZ,,2025,True,2026,"{'wins': 7, 'losses': 13, 'ties': 0, 'count': 20, 'winrate': 0.35}","{'current': 1441.0, 'recent': 1474.0, 'mean': 1474.0, 'max': 1506.0}"
3394,10512,Beyond Grad Greyhounds,USA,PA,,2025,True,2026,"{'wins': 6, 'losses': 12, 'ties': 0, 'count': 18, 'winrate': 0.3333}","{'current': 1434.0, 'recent': 1451.0, 'mean': 1451.0, 'max': 1468.0}"
3395,10513,Team Humanity Robo Falcons,USA,PA,,2025,True,2026,"{'wins': 8, 'losses': 11, 'ties': 0, 'count': 19, 'winrate': 0.4211}","{'current': 1483.0, 'recent': 1461.0, 'mean': 1461.0, 'max': 1483.0}"
3396,10514,Mixed Métal,Canada,ON,ont,2025,True,2026,"{'wins': 9, 'losses': 31, 'ties': 0, 'count': 40, 'winrate': 0.225}","{'current': 1415.0, 'recent': 1430.0, 'mean': 1430.0, 'max': 1445.0}"
3397,10515,Aluminum Tethys,USA,PA,,2025,True,2026,"{'wins': 7, 'losses': 16, 'ties': 0, 'count': 23, 'winrate': 0.3043}","{'current': 1336.0, 'recent': 1399.0, 'mean': 1399.0, 'max': 1462.0}"
3398,10516,Code Red,USA,PA,,2025,True,2026,"{'wins': 6, 'losses': 11, 'ties': 0, 'count': 17, 'winrate': 0.3529}","{'current': 1456.0, 'recent': 1426.0, 'mean': 1426.0, 'max': 1456.0}"
3399,10517,Ctrl Alt Defeat,USA,PA,,2025,True,2026,"{'wins': 4, 'losses': 4, 'ties': 0, 'count': 8, 'winrate': 0.5}","{'current': 1440.0, 'recent': 1440.0, 'mean': 1440.0, 'max': 1440.0}"
3400,10518,D.A.D.S,USA,TX,fit,2025,True,2026,"{'wins': 38, 'losses': 43, 'ties': 0, 'count': 81, 'winrate': 0.4691}","{'current': 1406.0, 'recent': 1449.0, 'mean': 1449.0, 'max': 1492.0}"
3401,10521,ERA Robotics,Türkiye,,,2025,True,2026,"{'wins': 5, 'losses': 11, 'ties': 0, 'count': 16, 'winrate': 0.3125}","{'current': 1408.0, 'recent': 1390.0, 'mean': 1390.0, 'max': 1408.0}"
3402,10522,Sun Prairie Robotics (SPR),USA,WI,win,2025,True,2026,"{'wins': 15, 'losses': 19, 'ties': 0, 'count': 34, 'winrate': 0.4412}","{'current': 1454.0, 'recent': 1455.0, 'mean': 1455.0, 'max': 1455.0}"
3403,10523,Singularity Robotics,USA,CO,,2025,True,2026,"{'wins': 14, 'losses': 12, 'ties': 0, 'count': 26, 'winrate': 0.5385}","{'current': 1523.0, 'recent': 1572.0, 'mean': 1572.0, 'max': 1620.0}"
3404,10526,Orcas,China,,,2025,True,2026,"{'wins': 16, 'losses': 10, 'ties': 0, 'count': 26, 'winrate': 0.6154}","{'current': 1540.0, 'recent': 1539.0, 'mean': 1539.0, 'max': 1540.0}"
3405,10527,5-Star,Canada,BC,,2025,True,2026,"{'wins': 7, 'losses': 13, 'ties': 0, 'count': 20, 'winrate': 0.35}","{'current': 1467.0, 'recent': 1451.0, 'mean': 1451.0, 'max': 1467.0}"
3406,10529,BATS,Mexico,,,2025,True,2026,"{'wins': 7, 'losses': 12, 'ties': 1, 'count': 20, 'winrate': 0.375}","{'current': 1421.0, 'recent': 1411.0, 'mean': 1411.0, 'max': 1421.0}"
3407,10541,CarbonPulse Robotics,China,,,2025,True,2026,"{'wins': 33, 'losses': 16, 'ties': 0, 'count': 49, 'winrate': 0.6735}","{'current': 1607.0, 'recent': 1589.0, 'mean': 1589.0, 'max': 1607.0}"
3408,10542,EAGLE WARRIORS,Türkiye,,,2025,True,2026,"{'wins': 4, 'losses': 14, 'ties': 0, 'count': 18, 'winrate': 0.2222}","{'current': 1410.0, 'recent': 1418.0, 'mean': 1418.0, 'max': 1425.0}"
3409,10547,United Phoenix,USA,MI,fim,2025,True,2026,"{'wins': 20, 'losses': 30, 'ties': 0, 'count': 50, 'winrate': 0.4}","{'current': 1477.0, 'recent': 1453.0, 'mean': 1453.0, 'max': 1477.0}"
3410,10548,TechTonic Robotics,Türkiye,,,2025,True,2026,"{'wins': 2, 'losses': 6, 'ties': 0, 'count': 8, 'winrate': 0.25}","{'current': 1396.0, 'recent': 1384.0, 'mean': 1384.0, 'max': 1396.0}"
3411,10549,Robocretors Team,Türkiye,,,2025,True,2026,"{'wins': 6, 'losses': 10, 'ties': 0, 'count': 16, 'winrate': 0.375}","{'current': 1422.0, 'recent': 1415.0, 'mean': 1415.0, 'max': 1422.0}"
3412,10550,35 Soaring Roneagles,USA,LA,,2025,True,2026,"{'wins': 3, 'losses': 14, 'ties': 0, 'count': 17, 'winrate': 0.1765}","{'current': 1382.0, 'recent': 1411.0, 'mean': 1411.0, 'max': 1439.0}"
3413,10552,Mazenod Machinists,Australia,,,2025,True,2026,"{'wins': 15, 'losses': 12, 'ties': 0, 'count': 27, 'winrate': 0.5556}","{'current': 1429.0, 'recent': 1423.0, 'mean': 1423.0, 'max': 1429.0}"
3414,10553,Orange Overdrive,USA,WI,win,2025,True,2026,"{'wins': 15, 'losses': 25, 'ties': 1, 'count': 41, 'winrate': 0.378}","{'current': 1512.0, 'recent': 1483.0, 'mean': 1483.0, 'max': 1512.0}"
3415,10554,Team VIPER,Canada,ON,ont,2025,True,2026,"{'wins': 38, 'losses': 38, 'ties': 0, 'count': 76, 'winrate': 0.5}","{'current': 1522.0, 'recent': 1558.0, 'mean': 1558.0, 'max': 1593.0}"
3416,10558,Forté,China,,,2025,True,2026,"{'wins': 6, 'losses': 9, 'ties': 0, 'count': 15, 'winrate': 0.4}","{'current': 1439.0, 'recent': 1440.0, 'mean': 1440.0, 'max': 1441.0}"
3417,10562,STEAMex Scorpions,Mexico,,,2025,True,2026,"{'wins': 6, 'losses': 14, 'ties': 0, 'count': 20, 'winrate': 0.3}","{'current': 1452.0, 'recent': 1414.0, 'mean': 1414.0, 'max': 1452.0}"
3418,10565,FARADAY- Prepa Tecmilenio,Mexico,,,2025,True,2026,"{'wins': 8, 'losses': 15, 'ties': 0, 'count': 23, 'winrate': 0.3478}","{'current': 1444.0, 'recent': 1452.0, 'mean': 1452.0, 'max': 1459.0}"
3419,10576,ASHINA,Türkiye,,,2025,True,2026,"{'wins': 9, 'losses': 12, 'ties': 0, 'count': 21, 'winrate': 0.4286}","{'current': 1453.0, 'recent': 1435.0, 'mean': 1435.0, 'max': 1453.0}"
3420,10577,TARMINATORS,USA,MI,fim,2025,True,2026,"{'wins': 24, 'losses': 31, 'ties': 0, 'count': 55, 'winrate': 0.4364}","{'current': 1473.0, 'recent': 1453.0, 'mean': 1453.0, 'max': 1473.0}"
3421,10582,The Technochauns,USA,OH,,2025,True,2026,"{'wins': 8, 'losses': 19, 'ties': 0, 'count': 27, 'winrate': 0.2963}","{'current': 1419.0, 'recent': 1424.0, 'mean': 1424.0, 'max': 1428.0}"
3422,10583,Stampede,USA,NC,fnc,2025,True,2026,"{'wins': 22, 'losses': 47, 'ties': 0, 'count': 69, 'winrate': 0.3188}","{'current': 1434.0, 'recent': 1466.0, 'mean': 1466.0, 'max': 1498.0}"
3423,10584,Ridge Robotics,USA,PA,fma,2025,True,2026,"{'wins': 26, 'losses': 33, 'ties': 1, 'count': 60, 'winrate': 0.4417}","{'current': 1503.0, 'recent': 1500.0, 'mean': 1500.0, 'max': 1503.0}"
3424,10586,Unearthed,USA,CA,ca,2025,True,2026,"{'wins': 17, 'losses': 23, 'ties': 0, 'count': 40, 'winrate': 0.425}","{'current': 1438.0, 'recent': 1451.0, 'mean': 1451.0, 'max': 1464.0}"
3425,10587,Windover Wing Nuts,USA,MI,fim,2025,True,2026,"{'wins': 16, 'losses': 32, 'ties': 0, 'count': 48, 'winrate': 0.3333}","{'current': 1419.0, 'recent': 1439.0, 'mean': 1439.0, 'max': 1459.0}"
3426,10589,Binary Crows,USA,MI,fim,2025,True,2026,"{'wins': 43, 'losses': 30, 'ties': 2, 'count': 75, 'winrate': 0.5867}","{'current': 1524.0, 'recent': 1601.0, 'mean': 1601.0, 'max': 1678.0}"
3427,10590,Compass Team,USA,MI,fim,2025,True,2026,"{'wins': 18, 'losses': 32, 'ties': 2, 'count': 52, 'winrate': 0.3654}","{'current': 1342.0, 'recent': 1380.0, 'mean': 1380.0, 'max': 1417.0}"
3428,10591,No Cap,USA,SC,fsc,2025,True,2026,"{'wins': 27, 'losses': 46, 'ties': 0, 'count': 73, 'winrate': 0.3699}","{'current': 1388.0, 'recent': 1407.0, 'mean': 1407.0, 'max': 1426.0}"
3429,10592,Stamford Cyber-Hird TSA,USA,CT,ne,2025,True,2026,"{'wins': 24, 'losses': 26, 'ties': 0, 'count': 50, 'winrate': 0.48}","{'current': 1440.0, 'recent': 1445.0, 'mean': 1445.0, 'max': 1449.0}"
3430,10595,Big Bay de Noc Black Bear Bolts,USA,MI,fim,2025,True,2026,"{'wins': 9, 'losses': 27, 'ties': 0, 'count': 36, 'winrate': 0.25}","{'current': 1434.0, 'recent': 1409.0, 'mean': 1409.0, 'max': 1434.0}"
3431,10598,TADroid,Poland,,,2025,True,2026,"{'wins': 26, 'losses': 33, 'ties': 0, 'count': 59, 'winrate': 0.4407}","{'current': 1435.0, 'recent': 1452.0, 'mean': 1452.0, 'max': 1469.0}"
3432,10599,RoboBlazers,USA,SC,fsc,2025,True,2026,"{'wins': 27, 'losses': 36, 'ties': 1, 'count': 64, 'winrate': 0.4297}","{'current': 1446.0, 'recent': 1447.0, 'mean': 1447.0, 'max': 1448.0}"
3433,10600,Two Steps Ahead,USA,NJ,fma,2025,True,2026,"{'wins': 21, 'losses': 36, 'ties': 0, 'count': 57, 'winrate': 0.3684}","{'current': 1383.0, 'recent': 1407.0, 'mean': 1407.0, 'max': 1431.0}"
3434,10604,Demirören Robotics,Türkiye,,,2025,True,2026,"{'wins': 15, 'losses': 10, 'ties': 0, 'count': 25, 'winrate': 0.6}","{'current': 1490.0, 'recent': 1495.0, 'mean': 1495.0, 'max': 1500.0}"
3435,10605,Techno Talons,USA,MI,fim,2025,True,2026,"{'wins': 16, 'losses': 21, 'ties': 0, 'count': 37, 'winrate': 0.4324}","{'current': 1467.0, 'recent': 1477.0, 'mean': 1477.0, 'max': 1487.0}"
3436,10606,The Foley Flare,USA,MI,fim,2025,True,2026,"{'wins': 31, 'losses': 40, 'ties': 0, 'count': 71, 'winrate': 0.4366}","{'current': 1472.0, 'recent': 1520.0, 'mean': 1520.0, 'max': 1567.0}"
3437,10607,DAAS Jaguars,USA,MI,fim,2025,True,2026,"{'wins': 23, 'losses': 43, 'ties': 0, 'count': 66, 'winrate': 0.3485}","{'current': 1411.0, 'recent': 1400.0, 'mean': 1400.0, 'max': 1411.0}"
3438,10611,Gemini Robotics,Canada,ON,ont,2025,True,2026,"{'wins': 26, 'losses': 32, 'ties': 0, 'count': 58, 'winrate': 0.4483}","{'current': 1479.0, 'recent': 1479.0, 'mean': 1479.0, 'max': 1479.0}"
3439,10612,Cougear,USA,MI,fim,2025,True,2026,"{'wins': 25, 'losses': 30, 'ties': 0, 'count': 55, 'winrate': 0.4545}","{'current': 1517.0, 'recent': 1503.0, 'mean': 1503.0, 'max': 1517.0}"
3440,10613,AEA Alterbots,USA,MI,fim,2025,True,2026,"{'wins': 16, 'losses': 32, 'ties': 0, 'count': 48, 'winrate': 0.3333}","{'current': 1439.0, 'recent': 1451.0, 'mean': 1451.0, 'max': 1462.0}"
3441,10614,AEA Robolution,USA,MI,fim,2025,True,2026,"{'wins': 24, 'losses': 29, 'ties': 0, 'count': 53, 'winrate': 0.4528}","{'current': 1466.0, 'recent': 1462.0, 'mean': 1462.0, 'max': 1466.0}"
3442,10615,Spartan110,USA,CA,ca,2025,True,2026,"{'wins': 16, 'losses': 22, 'ties': 0, 'count': 38, 'winrate': 0.4211}","{'current': 1491.0, 'recent': 1464.0, 'mean': 1464.0, 'max': 1491.0}"
3443,10616,Iron Eagle Robotics,USA,FL,,2025,True,2026,"{'wins': 3, 'losses': 7, 'ties': 0, 'count': 10, 'winrate': 0.3}","{'current': 1429.0, 'recent': 1423.0, 'mean': 1423.0, 'max': 1429.0}"
3444,10619,Rana's Rivets,USA,SC,fsc,2025,True,2026,"{'wins': 27, 'losses': 38, 'ties': 1, 'count': 66, 'winrate': 0.4167}","{'current': 1439.0, 'recent': 1443.0, 'mean': 1443.0, 'max': 1447.0}"
3445,10621,Crusaders,USA,NY,,2025,True,2026,"{'wins': 8, 'losses': 11, 'ties': 0, 'count': 19, 'winrate': 0.4211}","{'current': 1425.0, 'recent': 1415.0, 'mean': 1415.0, 'max': 1425.0}"
3446,10622,Gwinn ModelBots,USA,MI,fim,2025,True,2026,"{'wins': 17, 'losses': 19, 'ties': 0, 'count': 36, 'winrate': 0.4722}","{'current': 1477.0, 'recent': 1462.0, 'mean': 1462.0, 'max': 1477.0}"
3447,10623,AY YILDIZ ROBOTİM,Türkiye,,,2025,True,2026,"{'wins': 9, 'losses': 9, 'ties': 0, 'count': 18, 'winrate': 0.5}","{'current': 1437.0, 'recent': 1414.0, 'mean': 1414.0, 'max': 1437.0}"
3448,10625,BuzzFusion,USA,CA,ca,2025,True,2026,"{'wins': 9, 'losses': 12, 'ties': 0, 'count': 21, 'winrate': 0.4286}","{'current': 1458.0, 'recent': 1430.0, 'mean': 1430.0, 'max': 1458.0}"
3449,10626,Smokin Batteries,USA,OK,,2025,True,2026,"{'wins': 8, 'losses': 12, 'ties': 0, 'count': 20, 'winrate': 0.4}","{'current': 1454.0, 'recent': 1459.0, 'mean': 1459.0, 'max': 1464.0}"
3450,10629,Bath High School Bee-Botics,USA,MI,fim,2025,True,2026,"{'wins': 14, 'losses': 33, 'ties': 1, 'count': 48, 'winrate': 0.3021}","{'current': 1397.0, 'recent': 1432.0, 'mean': 1432.0, 'max': 1466.0}"
3451,10633,BeeBotics,USA,MI,fim,2025,True,2026,"{'wins': 37, 'losses': 22, 'ties': 0, 'count': 59, 'winrate': 0.6271}","{'current': 1639.0, 'recent': 1615.0, 'mean': 1615.0, 'max': 1639.0}"
3452,10635,Merengue,Dominican Republic,,,2025,True,2026,"{'wins': 4, 'losses': 5, 'ties': 1, 'count': 10, 'winrate': 0.45}","{'current': 1461.0, 'recent': 1465.0, 'mean': 1465.0, 'max': 1469.0}"
3453,10642,Comstock Colts,USA,MI,fim,2025,True,2026,"{'wins': 19, 'losses': 17, 'ties': 0, 'count': 36, 'winrate': 0.5278}","{'current': 1421.0, 'recent': 1442.0, 'mean': 1442.0, 'max': 1462.0}"
3454,10644,West Coast Warriors,USA,CA,ca,2025,True,2026,"{'wins': 15, 'losses': 23, 'ties': 0, 'count': 38, 'winrate': 0.3947}","{'current': 1512.0, 'recent': 1465.0, 'mean': 1465.0, 'max': 1512.0}"
3455,10650,Robonoles Robotics Team,USA,FL,,2025,True,2026,"{'wins': 6, 'losses': 11, 'ties': 1, 'count': 18, 'winrate': 0.3611}","{'current': 1421.0, 'recent': 1435.0, 'mean': 1435.0, 'max': 1449.0}"
3456,10651,Gear Cats,USA,MI,fim,2025,True,2026,"{'wins': 24, 'losses': 29, 'ties': 0, 'count': 53, 'winrate': 0.4528}","{'current': 1454.0, 'recent': 1456.0, 'mean': 1456.0, 'max': 1458.0}"
3457,10652,Mechanical MacGyvers,USA,MI,fim,2025,True,2026,"{'wins': 28, 'losses': 28, 'ties': 1, 'count': 57, 'winrate': 0.5}","{'current': 1497.0, 'recent': 1491.0, 'mean': 1491.0, 'max': 1497.0}"
3458,10654,Tiger Bytes,USA,MI,fim,2025,True,2026,"{'wins': 37, 'losses': 40, 'ties': 0, 'count': 77, 'winrate': 0.4805}","{'current': 1471.0, 'recent': 1496.0, 'mean': 1496.0, 'max': 1521.0}"
3459,10655,PHS Spartan Synergy,USA,LA,,2025,True,2026,"{'wins': 5, 'losses': 13, 'ties': 0, 'count': 18, 'winrate': 0.2778}","{'current': 1458.0, 'recent': 1451.0, 'mean': 1451.0, 'max': 1458.0}"
3460,10656,RataToaster,USA,MI,fim,2025,True,2026,"{'wins': 19, 'losses': 41, 'ties': 0, 'count': 60, 'winrate': 0.3167}","{'current': 1406.0, 'recent': 1434.0, 'mean': 1434.0, 'max': 1462.0}"
3461,10659,Jaguar Byte,USA,MI,fim,2025,True,2026,"{'wins': 15, 'losses': 32, 'ties': 1, 'count': 48, 'winrate': 0.3229}","{'current': 1360.0, 'recent': 1409.0, 'mean': 1409.0, 'max': 1458.0}"
3462,10661,Blue Phoenix,USA,OK,,2025,True,2026,"{'wins': 30, 'losses': 34, 'ties': 1, 'count': 65, 'winrate': 0.4692}","{'current': 1564.0, 'recent': 1537.0, 'mean': 1537.0, 'max': 1564.0}"
3463,10664,Big Reds,USA,MI,fim,2025,True,2026,"{'wins': 13, 'losses': 23, 'ties': 0, 'count': 36, 'winrate': 0.3611}","{'current': 1493.0, 'recent': 1465.0, 'mean': 1465.0, 'max': 1493.0}"
3464,10665,Unibots,USA,MI,fim,2025,True,2026,"{'wins': 22, 'losses': 33, 'ties': 0, 'count': 55, 'winrate': 0.4}","{'current': 1437.0, 'recent': 1465.0, 'mean': 1465.0, 'max': 1492.0}"
3465,10666,Green MachineZ,USA,MI,fim,2025,True,2026,"{'wins': 43, 'losses': 37, 'ties': 0, 'count': 80, 'winrate': 0.5375}","{'current': 1530.0, 'recent': 1561.0, 'mean': 1561.0, 'max': 1592.0}"
3466,10667,Genesee Wolves,USA,MI,fim,2025,True,2026,"{'wins': 14, 'losses': 22, 'ties': 0, 'count': 36, 'winrate': 0.3889}","{'current': 1476.0, 'recent': 1438.0, 'mean': 1438.0, 'max': 1476.0}"
3467,10672,Trobots,USA,MI,fim,2025,True,2026,"{'wins': 20, 'losses': 28, 'ties': 0, 'count': 48, 'winrate': 0.4167}","{'current': 1483.0, 'recent': 1485.0, 'mean': 1485.0, 'max': 1486.0}"
3468,10675,Energize,Türkiye,,,2025,True,2026,"{'wins': 7, 'losses': 11, 'ties': 0, 'count': 18, 'winrate': 0.3889}","{'current': 1478.0, 'recent': 1448.0, 'mean': 1448.0, 'max': 1478.0}"
3469,10679,The Wirewolves,USA,MD,fch,2025,True,2026,"{'wins': 24, 'losses': 34, 'ties': 0, 'count': 58, 'winrate': 0.4138}","{'current': 1453.0, 'recent': 1472.0, 'mean': 1472.0, 'max': 1490.0}"
3470,10682,Robo-Yotes,USA,KS,,2025,True,2026,"{'wins': 7, 'losses': 15, 'ties': 0, 'count': 22, 'winrate': 0.3182}","{'current': 1363.0, 'recent': 1399.0, 'mean': 1399.0, 'max': 1435.0}"
3471,10686,Northfield Nightbots,USA,CO,,2025,True,2026,"{'wins': 7, 'losses': 2, 'ties': 0, 'count': 9, 'winrate': 0.7778}","{'current': 1474.0, 'recent': 1485.0, 'mean': 1485.0, 'max': 1496.0}"
3472,10689,KAGITHANE TEKNOLOJI TAKIMI,Türkiye,,,2025,True,2026,"{'wins': 6, 'losses': 13, 'ties': 1, 'count': 20, 'winrate': 0.325}","{'current': 1490.0, 'recent': 1436.0, 'mean': 1436.0, 'max': 1490.0}"
3473,10690,ERROR 448,USA,MI,fim,2025,True,2026,"{'wins': 20, 'losses': 32, 'ties': 1, 'count': 53, 'winrate': 0.3868}","{'current': 1464.0, 'recent': 1490.0, 'mean': 1490.0, 'max': 1515.0}"
3474,10692,GOLDEN APPLE,Türkiye,,,2025,True,2026,"{'wins': 7, 'losses': 10, 'ties': 0, 'count': 17, 'winrate': 0.4118}","{'current': 1457.0, 'recent': 1434.0, 'mean': 1434.0, 'max': 1457.0}"
3475,10695,Galileo,Israel,,isr,2025,True,2026,"{'wins': 6, 'losses': 18, 'ties': 0, 'count': 24, 'winrate': 0.25}","{'current': 1431.0, 'recent': 1425.0, 'mean': 1425.0, 'max': 1431.0}"
3476,10704,Storm Surge,USA,NC,fnc,2025,True,2026,"{'wins': 11, 'losses': 17, 'ties': 0, 'count': 28, 'winrate': 0.3929}","{'current': 1466.0, 'recent': 1466.0, 'mean': 1466.0, 'max': 1466.0}"
3477,10711,FORMSHOP,China,,,2025,True,2026,"{'wins': 14, 'losses': 11, 'ties': 0, 'count': 25, 'winrate': 0.56}","{'current': 1503.0, 'recent': 1503.0, 'mean': 1503.0, 'max': 1503.0}"
3478,10714,RAMpage.AI,USA,NY,,2025,True,2026,"{'wins': 3, 'losses': 6, 'ties': 0, 'count': 9, 'winrate': 0.3333}","{'current': 1481.0, 'recent': 1496.0, 'mean': 1496.0, 'max': 1511.0}"
3479,10903,The Ionizers,USA,NV,,2026,True,2026,"{'wins': 7, 'losses': 7, 'ties': 0, 'count': 14, 'winrate': 0.5}","{'current': 1542.0, 'recent': 1542.0, 'mean': 1542.0, 'max': 1542.0}"
3480,10904,The Circuit Sorcerers,USA,TX,fit,2026,True,2026,"{'wins': 10, 'losses': 15, 'ties': 1, 'count': 26, 'winrate': 0.4038}","{'current': 1487.0, 'recent': 1487.0, 'mean': 1487.0, 'max': 1487.0}"
3481,10905,Team LOVE,USA,AZ,,2026,True,2026,"{'wins': 3, 'losses': 6, 'ties': 0, 'count': 9, 'winrate': 0.3333}","{'current': 1390.0, 'recent': 1390.0, 'mean': 1390.0, 'max': 1390.0}"
3482,10906,Lunea Lumen,Türkiye,,,2026,True,2026,"{'wins': 3, 'losses': 6, 'ties': 0, 'count': 9, 'winrate': 0.3333}","{'current': 1339.0, 'recent': 1339.0, 'mean': 1339.0, 'max': 1339.0}"
3483,10907,ROBOLYNX,Türkiye,,,2026,True,2026,"{'wins': 10, 'losses': 8, 'ties': 0, 'count': 18, 'winrate': 0.5556}","{'current': 1445.0, 'recent': 1445.0, 'mean': 1445.0, 'max': 1445.0}"
3484,10909,CuttingEdge,USA,WI,win,2026,True,2026,"{'wins': 15, 'losses': 15, 'ties': 0, 'count': 30, 'winrate': 0.5}","{'current': 1501.0, 'recent': 1501.0, 'mean': 1501.0, 'max': 1501.0}"
3485,10910,The Outlaws,USA,VT,ne,2026,True,2026,"{'wins': 9, 'losses': 17, 'ties': 0, 'count': 26, 'winrate': 0.3462}","{'current': 1503.0, 'recent': 1503.0, 'mean': 1503.0, 'max': 1503.0}"
3486,10912,Dragons,USA,MA,ne,2026,True,2026,"{'wins': 9, 'losses': 15, 'ties': 0, 'count': 24, 'winrate': 0.375}","{'current': 1449.0, 'recent': 1449.0, 'mean': 1449.0, 'max': 1449.0}"
3487,10913,Robot Wranglers,USA,TX,fit,2026,True,2026,"{'wins': 14, 'losses': 14, 'ties': 0, 'count': 28, 'winrate': 0.5}","{'current': 1466.0, 'recent': 1466.0, 'mean': 1466.0, 'max': 1466.0}"
3488,10914,Team Variant,Türkiye,,,2026,True,2026,"{'wins': 4, 'losses': 10, 'ties': 0, 'count': 14, 'winrate': 0.2857}","{'current': 1444.0, 'recent': 1444.0, 'mean': 1444.0, 'max': 1444.0}"
3489,10917,M.A.P.L.E.,Brazil,,,2026,True,2026,"{'wins': 5, 'losses': 4, 'ties': 0, 'count': 9, 'winrate': 0.5556}","{'current': 1484.0, 'recent': 1484.0, 'mean': 1484.0, 'max': 1484.0}"
3490,10918,Bluesteel Dragons,USA,PA,fma,2026,True,2026,"{'wins': 10, 'losses': 19, 'ties': 0, 'count': 29, 'winrate': 0.3448}","{'current': 1480.0, 'recent': 1480.0, 'mean': 1480.0, 'max': 1480.0}"
3491,10920,F²,Türkiye,,,2026,True,2026,"{'wins': 6, 'losses': 9, 'ties': 0, 'count': 15, 'winrate': 0.4}","{'current': 1429.0, 'recent': 1429.0, 'mean': 1429.0, 'max': 1429.0}"
3492,10922,Amped,Chinese Taipei,,,2026,True,2026,"{'wins': 21, 'losses': 12, 'ties': 0, 'count': 33, 'winrate': 0.6364}","{'current': 1560.0, 'recent': 1560.0, 'mean': 1560.0, 'max': 1560.0}"
3493,10929,Tarpon Robotics,USA,LA,,2026,True,2026,"{'wins': 9, 'losses': 8, 'ties': 0, 'count': 17, 'winrate': 0.5294}","{'current': 1415.0, 'recent': 1415.0, 'mean': 1415.0, 'max': 1415.0}"
3494,10931,Silver Talon,Mexico,,,2026,True,2026,"{'wins': 3, 'losses': 7, 'ties': 0, 'count': 10, 'winrate': 0.3}","{'current': 1363.0, 'recent': 1363.0, 'mean': 1363.0, 'max': 1363.0}"
3495,10932,Tulpar,Türkiye,,,2026,True,2026,"{'wins': 5, 'losses': 6, 'ties': 0, 'count': 11, 'winrate': 0.4545}","{'current': 1454.0, 'recent': 1454.0, 'mean': 1454.0, 'max': 1454.0}"
3496,10933,Tie Dye Samurai,USA,AZ,,2026,True,2026,"{'wins': 5, 'losses': 7, 'ties': 0, 'count': 12, 'winrate': 0.4167}","{'current': 1444.0, 'recent': 1444.0, 'mean': 1444.0, 'max': 1444.0}"
3497,10935,Krono,Israel,,isr,2026,True,2026,"{'wins': 0, 'losses': 0, 'ties': 0, 'count': 0, 'winrate': 0.0}","{'current': 1450.0, 'recent': 1450.0, 'mean': 1450.0, 'max': 1450.0}"
3498,10936,Hooverstan,USA,CA,ca,2026,True,2026,"{'wins': 7, 'losses': 17, 'ties': 0, 'count': 24, 'winrate': 0.2917}","{'current': 1406.0, 'recent': 1406.0, 'mean': 1406.0, 'max': 1406.0}"
3499,10937,River Valley RADs+,USA,VT,ne,2026,True,2026,"{'wins': 7, 'losses': 17, 'ties': 0, 'count': 24, 'winrate': 0.2917}","{'current': 1273.0, 'recent': 1273.0, 'mean': 1273.0, 'max': 1273.0}"
3500,10940,AVIATRONIX,Türkiye,,,2026,True,2026,"{'wins': 0, 'losses': 0, 'ties': 0, 'count': 0, 'winrate': 0.0}","{'current': 1450.0, 'recent': 1450.0, 'mean': 1450.0, 'max': 1450.0}"
3501,10943,WJH RoboStangs,USA,MS,,2026,True,2026,"{'wins': 8, 'losses': 9, 'ties': 0, 'count': 17, 'winrate': 0.4706}","{'current': 1483.0, 'recent': 1483.0, 'mean': 1483.0, 'max': 1483.0}"
3502,10945,ELP's Mad CAD-ers,USA,VT,ne,2026,True,2026,"{'wins': 5, 'losses': 19, 'ties': 0, 'count': 24, 'winrate': 0.2083}","{'current': 1377.0, 'recent': 1377.0, 'mean': 1377.0, 'max': 1377.0}"
3503,10947,Antioch Rising,Türkiye,,,2026,True,2026,"{'wins': 3, 'losses': 8, 'ties': 0, 'count': 11, 'winrate': 0.2727}","{'current': 1453.0, 'recent': 1453.0, 'mean': 1453.0, 'max': 1453.0}"
3504,10949,Metalheads,USA,PA,fma,2026,True,2026,"{'wins': 16, 'losses': 16, 'ties': 0, 'count': 32, 'winrate': 0.5}","{'current': 1439.0, 'recent': 1439.0, 'mean': 1439.0, 'max': 1439.0}"
3505,10950,The Northern Knights,USA,AK,,2026,True,2026,"{'wins': 10, 'losses': 5, 'ties': 0, 'count': 15, 'winrate': 0.6667}","{'current': 1491.0, 'recent': 1491.0, 'mean': 1491.0, 'max': 1491.0}"
3506,10951,Saigon South Dragons,Vietnam,,,2026,True,2026,"{'wins': 11, 'losses': 14, 'ties': 0, 'count': 25, 'winrate': 0.44}","{'current': 1551.0, 'recent': 1551.0, 'mean': 1551.0, 'max': 1551.0}"
3507,10953,LYRON,Türkiye,,,2026,True,2026,"{'wins': 3, 'losses': 6, 'ties': 0, 'count': 9, 'winrate': 0.3333}","{'current': 1333.0, 'recent': 1333.0, 'mean': 1333.0, 'max': 1333.0}"
3508,10958,SWing,South Korea,,,2026,True,2026,"{'wins': 5, 'losses': 5, 'ties': 0, 'count': 10, 'winrate': 0.5}","{'current': 1433.0, 'recent': 1433.0, 'mean': 1433.0, 'max': 1433.0}"
3509,10959,ORHANIYE R SPORTS,Türkiye,,,2026,True,2026,"{'wins': 6, 'losses': 4, 'ties': 0, 'count': 10, 'winrate': 0.6}","{'current': 1491.0, 'recent': 1491.0, 'mean': 1491.0, 'max': 1491.0}"
3510,10961,Hyper Wave,USA,AL,,2026,True,2026,"{'wins': 2, 'losses': 7, 'ties': 0, 'count': 9, 'winrate': 0.2222}","{'current': 1438.0, 'recent': 1438.0, 'mean': 1438.0, 'max': 1438.0}"
3511,10973,Sea Raiders,USA,MA,ne,2026,True,2026,"{'wins': 18, 'losses': 13, 'ties': 0, 'count': 31, 'winrate': 0.5806}","{'current': 1531.0, 'recent': 1531.0, 'mean': 1531.0, 'max': 1531.0}"
3512,10978,Complete Robotics,USA,MI,fim,2026,True,2026,"{'wins': 7, 'losses': 8, 'ties': 0, 'count': 15, 'winrate': 0.4667}","{'current': 1480.0, 'recent': 1480.0, 'mean': 1480.0, 'max': 1480.0}"
3513,10979,Tiger Robotics,USA,PA,fma,2026,True,2026,"{'wins': 11, 'losses': 17, 'ties': 0, 'count': 28, 'winrate': 0.3929}","{'current': 1459.0, 'recent': 1459.0, 'mean': 1459.0, 'max': 1459.0}"
3514,10980,The Deadbolts,USA,CO,,2026,True,2026,"{'wins': 15, 'losses': 10, 'ties': 0, 'count': 25, 'winrate': 0.6}","{'current': 1558.0, 'recent': 1558.0, 'mean': 1558.0, 'max': 1558.0}"
3515,10981,Jo-Bees,USA,FL,,2026,True,2026,"{'wins': 4, 'losses': 4, 'ties': 0, 'count': 8, 'winrate': 0.5}","{'current': 1440.0, 'recent': 1440.0, 'mean': 1440.0, 'max': 1440.0}"
3516,10986,Negev Dominion,Israel,,isr,2026,True,2026,"{'wins': 0, 'losses': 0, 'ties': 0, 'count': 0, 'winrate': 0.0}","{'current': 1450.0, 'recent': 1450.0, 'mean': 1450.0, 'max': 1450.0}"
3517,10987,The Legion,USA,KY,,2026,True,2026,"{'wins': 1, 'losses': 8, 'ties': 0, 'count': 9, 'winrate': 0.1111}","{'current': 1470.0, 'recent': 1470.0, 'mean': 1470.0, 'max': 1470.0}"
3518,10988,Desert Storm,USA,AZ,,2026,True,2026,"{'wins': 3, 'losses': 6, 'ties': 0, 'count': 9, 'winrate': 0.3333}","{'current': 1409.0, 'recent': 1409.0, 'mean': 1409.0, 'max': 1409.0}"
3519,10989,Blast Robotics,USA,PA,fma,2026,True,2026,"{'wins': 8, 'losses': 16, 'ties': 0, 'count': 24, 'winrate': 0.3333}","{'current': 1466.0, 'recent': 1466.0, 'mean': 1466.0, 'max': 1466.0}"
3520,10991,PioBytes,USA,OR,pnw,2026,True,2026,"{'wins': 15, 'losses': 19, 'ties': 0, 'count': 34, 'winrate': 0.4412}","{'current': 1503.0, 'recent': 1503.0, 'mean': 1503.0, 'max': 1503.0}"
3521,10993,EP Robotics,USA,PA,fma,2026,True,2026,"{'wins': 12, 'losses': 17, 'ties': 0, 'count': 29, 'winrate': 0.4138}","{'current': 1483.0, 'recent': 1483.0, 'mean': 1483.0, 'max': 1483.0}"
3522,10994,SSES Phenoms,USA,NM,fit,2026,True,2026,"{'wins': 17, 'losses': 18, 'ties': 0, 'count': 35, 'winrate': 0.4857}","{'current': 1447.0, 'recent': 1447.0, 'mean': 1447.0, 'max': 1447.0}"
3523,10995,ACS Eagle Robotics,USA,NJ,fma,2026,True,2026,"{'wins': 11, 'losses': 17, 'ties': 0, 'count': 28, 'winrate': 0.3929}","{'current': 1417.0, 'recent': 1417.0, 'mean': 1417.0, 'max': 1417.0}"
3524,10996,SRC Robotics,USA,FL,,2026,True,2026,"{'wins': 0, 'losses': 0, 'ties': 0, 'count': 0, 'winrate': 0.0}","{'current': 1450.0, 'recent': 1450.0, 'mean': 1450.0, 'max': 1450.0}"
3525,10997,St. George,USA,NJ,fma,2026,True,2026,"{'wins': 7, 'losses': 20, 'ties': 0, 'count': 27, 'winrate': 0.2593}","{'current': 1445.0, 'recent': 1445.0, 'mean': 1445.0, 'max': 1445.0}"
3526,10998,VOLTARIA ROBOTICS,Türkiye,,,2026,True,2026,"{'wins': 0, 'losses': 0, 'ties': 0, 'count': 0, 'winrate': 0.0}","{'current': 1450.0, 'recent': 1450.0, 'mean': 1450.0, 'max': 1450.0}"
3527,10999,Cezeri Robotics,Türkiye,,,2026,True,2026,"{'wins': 3, 'losses': 6, 'ties': 0, 'count': 9, 'winrate': 0.3333}","{'current': 1453.0, 'recent': 1453.0, 'mean': 1453.0, 'max': 1453.0}"
3528,11000,NEOCHIRON,Türkiye,,,2026,True,2026,"{'wins': 12, 'losses': 12, 'ties': 0, 'count': 24, 'winrate': 0.5}","{'current': 1452.0, 'recent': 1452.0, 'mean': 1452.0, 'max': 1452.0}"
3529,11002,Montcalm Robotics,Canada,ON,ont,2026,True,2026,"{'wins': 6, 'losses': 6, 'ties': 0, 'count': 12, 'winrate': 0.5}","{'current': 1374.0, 'recent': 1374.0, 'mean': 1374.0, 'max': 1374.0}"
3530,11010,Bobcats,Türkiye,,,2026,True,2026,"{'wins': 8, 'losses': 16, 'ties': 0, 'count': 24, 'winrate': 0.3333}","{'current': 1447.0, 'recent': 1447.0, 'mean': 1447.0, 'max': 1447.0}"
3531,11019,X.PLORE,China,,,2026,True,2026,"{'wins': 23, 'losses': 5, 'ties': 0, 'count': 28, 'winrate': 0.8214}","{'current': 1665.0, 'recent': 1665.0, 'mean': 1665.0, 'max': 1665.0}"
3532,11022,RISING STAR ROBOTIC TEAM,Türkiye,,,2026,True,2026,"{'wins': 0, 'losses': 0, 'ties': 0, 'count': 0, 'winrate': 0.0}","{'current': 1450.0, 'recent': 1450.0, 'mean': 1450.0, 'max': 1450.0}"
3533,11024,HYPERNOVA,USA,CA,ca,2026,True,2026,"{'wins': 16, 'losses': 18, 'ties': 0, 'count': 34, 'winrate': 0.4706}","{'current': 1430.0, 'recent': 1442.0, 'mean': 1442.0, 'max': 1454.0}"
3534,11025,Garage Gang,USA,MT,,2026,True,2026,"{'wins': 5, 'losses': 7, 'ties': 0, 'count': 12, 'winrate': 0.4167}","{'current': 1440.0, 'recent': 1440.0, 'mean': 1440.0, 'max': 1440.0}"
3535,11030,Bonac Bots,USA,NY,,2026,True,2026,"{'wins': 4, 'losses': 5, 'ties': 0, 'count': 9, 'winrate': 0.4444}","{'current': 1515.0, 'recent': 1515.0, 'mean': 1515.0, 'max': 1515.0}"
3536,11031,Golden STEAMex,Mexico,,,2026,True,2026,"{'wins': 4, 'losses': 6, 'ties': 0, 'count': 10, 'winrate': 0.4}","{'current': 1413.0, 'recent': 1413.0, 'mean': 1413.0, 'max': 1413.0}"
3537,11036,ALEV ROBOTICS,Türkiye,,,2026,True,2026,"{'wins': 6, 'losses': 7, 'ties': 1, 'count': 14, 'winrate': 0.4643}","{'current': 1443.0, 'recent': 1443.0, 'mean': 1443.0, 'max': 1443.0}"
3538,11037,Clarksville Cyber Storm,USA,TN,,2026,True,2026,"{'wins': 0, 'losses': 0, 'ties': 0, 'count': 0, 'winrate': 0.0}","{'current': 1450.0, 'recent': 1450.0, 'mean': 1450.0, 'max': 1450.0}"
3539,11040,Aria STEAMex,Mexico,,,2026,True,2026,"{'wins': 2, 'losses': 7, 'ties': 1, 'count': 10, 'winrate': 0.25}","{'current': 1409.0, 'recent': 1409.0, 'mean': 1409.0, 'max': 1409.0}"
3540,11064,ASTERIA,Türkiye,,,2026,True,2026,"{'wins': 0, 'losses': 0, 'ties': 0, 'count': 0, 'winrate': 0.0}","{'current': 1450.0, 'recent': 1450.0, 'mean': 1450.0, 'max': 1450.0}"
3541,11065,STEAMex Overheat,Mexico,,,2026,True,2026,"{'wins': 6, 'losses': 6, 'ties': 0, 'count': 12, 'winrate': 0.5}","{'current': 1523.0, 'recent': 1523.0, 'mean': 1523.0, 'max': 1523.0}"
3542,11068,Thronex,Türkiye,,,2026,True,2026,"{'wins': 0, 'losses': 0, 'ties': 0, 'count': 0, 'winrate': 0.0}","{'current': 1450.0, 'recent': 1450.0, 'mean': 1450.0, 'max': 1450.0}"
3543,11070,RoboRex,Israel,,isr,2026,True,2026,"{'wins': 0, 'losses': 0, 'ties': 0, 'count': 0, 'winrate': 0.0}","{'current': 1450.0, 'recent': 1450.0, 'mean': 1450.0, 'max': 1450.0}"
3544,11090,Kronos,Türkiye,,,2026,True,2026,"{'wins': 0, 'losses': 0, 'ties': 0, 'count': 0, 'winrate': 0.0}","{'current': 1450.0, 'recent': 1450.0, 'mean': 1450.0, 'max': 1450.0}"
3545,11095,The Flying Cats,Türkiye,,,2026,True,2026,"{'wins': 7, 'losses': 8, 'ties': 0, 'count': 15, 'winrate': 0.4667}","{'current': 1458.0, 'recent': 1458.0, 'mean': 1458.0, 'max': 1458.0}"
3546,11096,Δt,USA,CA,ca,2026,True,2026,"{'wins': 12, 'losses': 10, 'ties': 1, 'count': 23, 'winrate': 0.5435}","{'current': 1449.0, 'recent': 1449.0, 'mean': 1449.0, 'max': 1449.0}"
3547,11097,TROPICAL FORCE,Panama,,,2026,True,2026,"{'wins': 4, 'losses': 3, 'ties': 1, 'count': 8, 'winrate': 0.5625}","{'current': 1447.0, 'recent': 1447.0, 'mean': 1447.0, 'max': 1447.0}"
3548,11098,MATRIX,Morocco,,,2026,True,2026,"{'wins': 0, 'losses': 0, 'ties': 0, 'count': 0, 'winrate': 0.0}","{'current': 1450.0, 'recent': 1450.0, 'mean': 1450.0, 'max': 1450.0}"
3549,11099,Capella Robotics,Türkiye,,,2026,True,2026,"{'wins': 0, 'losses': 0, 'ties': 0, 'count': 0, 'winrate': 0.0}","{'current': 1450.0, 'recent': 1450.0, 'mean': 1450.0, 'max': 1450.0}"
3550,11100,Team Epsilon,USA,AZ,,2026,True,2026,"{'wins': 3, 'losses': 6, 'ties': 0, 'count': 9, 'winrate': 0.3333}","{'current': 1495.0, 'recent': 1495.0, 'mean': 1495.0, 'max': 1495.0}"
3551,11102,Real Steel,USA,AR,,2026,True,2026,"{'wins': 8, 'losses': 9, 'ties': 0, 'count': 17, 'winrate': 0.4706}","{'current': 1378.0, 'recent': 1378.0, 'mean': 1378.0, 'max': 1378.0}"
3552,11103,Redshift Robotics,USA,FL,,2026,True,2026,"{'wins': 5, 'losses': 3, 'ties': 0, 'count': 8, 'winrate': 0.625}","{'current': 1343.0, 'recent': 1343.0, 'mean': 1343.0, 'max': 1343.0}"
3553,11104,Phoenix Phanatics,USA,NJ,fma,2026,True,2026,"{'wins': 4, 'losses': 8, 'ties': 0, 'count': 12, 'winrate': 0.3333}","{'current': 1420.0, 'recent': 1420.0, 'mean': 1420.0, 'max': 1420.0}"
3554,11105,GC 4 Tomorrow,Brazil,,,2026,True,2026,"{'wins': 5, 'losses': 14, 'ties': 0, 'count': 19, 'winrate': 0.2632}","{'current': 1412.0, 'recent': 1412.0, 'mean': 1412.0, 'max': 1412.0}"
3555,11107,FARMBots,USA,LA,,2026,True,2026,"{'wins': 2, 'losses': 7, 'ties': 0, 'count': 9, 'winrate': 0.2222}","{'current': 1412.0, 'recent': 1412.0, 'mean': 1412.0, 'max': 1412.0}"
3556,11118,The Baybies,China,,,2026,True,2026,"{'wins': 7, 'losses': 5, 'ties': 0, 'count': 12, 'winrate': 0.5833}","{'current': 1572.0, 'recent': 1572.0, 'mean': 1572.0, 'max': 1572.0}"
3557,11120,Frostbite Robotics,Türkiye,,,2026,True,2026,"{'wins': 6, 'losses': 5, 'ties': 0, 'count': 11, 'winrate': 0.5455}","{'current': 1507.0, 'recent': 1507.0, 'mean': 1507.0, 'max': 1507.0}"
3558,11130,Totally Clucked Robotics,Australia,,,2026,True,2026,"{'wins': 3, 'losses': 7, 'ties': 0, 'count': 10, 'winrate': 0.3}","{'current': 1449.0, 'recent': 1449.0, 'mean': 1449.0, 'max': 1449.0}"
3559,11131,Brainstorm,USA,ME,ne,2026,True,2026,"{'wins': 14, 'losses': 15, 'ties': 0, 'count': 29, 'winrate': 0.4828}","{'current': 1488.0, 'recent': 1488.0, 'mean': 1488.0, 'max': 1488.0}"
3560,11132,"Rambotics, Inc.",USA,TX,fit,2026,True,2026,"{'wins': 8, 'losses': 15, 'ties': 1, 'count': 24, 'winrate': 0.3542}","{'current': 1478.0, 'recent': 1478.0, 'mean': 1478.0, 'max': 1478.0}"
3561,11138,TEKNOROB,Türkiye,,,2026,True,2026,"{'wins': 0, 'losses': 0, 'ties': 0, 'count': 0, 'winrate': 0.0}","{'current': 1450.0, 'recent': 1450.0, 'mean': 1450.0, 'max': 1450.0}"
3562,11139,Blackhawk Robotics #11139,USA,WI,win,2026,True,2026,"{'wins': 11, 'losses': 15, 'ties': 0, 'count': 26, 'winrate': 0.4231}","{'current': 1470.0, 'recent': 1470.0, 'mean': 1470.0, 'max': 1470.0}"
3563,11141,AlphaZ,Romania,,,2026,True,2026,"{'wins': 0, 'losses': 0, 'ties': 0, 'count': 0, 'winrate': 0.0}","{'current': 1450.0, 'recent': 1450.0, 'mean': 1450.0, 'max': 1450.0}"
3564,11146,CitrusDuckz,USA,NC,fnc,2026,True,2026,"{'wins': 14, 'losses': 15, 'ties': 0, 'count': 29, 'winrate': 0.4828}","{'current': 1417.0, 'recent': 1417.0, 'mean': 1417.0, 'max': 1417.0}"
3565,11149,Blue Lightning,Canada,BC,,2026,True,2026,"{'wins': 4, 'losses': 8, 'ties': 0, 'count': 12, 'winrate': 0.3333}","{'current': 1464.0, 'recent': 1464.0, 'mean': 1464.0, 'max': 1464.0}"
3566,11154,XR-Boot,Türkiye,,,2026,True,2026,"{'wins': 0, 'losses': 0, 'ties': 0, 'count': 0, 'winrate': 0.0}","{'current': 1450.0, 'recent': 1450.0, 'mean': 1450.0, 'max': 1450.0}"
3567,11157,Winnacunnet,USA,NH,ne,2026,True,2026,"{'wins': 12, 'losses': 13, 'ties': 0, 'count': 25, 'winrate': 0.48}","{'current': 1473.0, 'recent': 1473.0, 'mean': 1473.0, 'max': 1473.0}"
3568,11158,Superior Robotics,USA,WI,win,2026,True,2026,"{'wins': 9, 'losses': 15, 'ties': 0, 'count': 24, 'winrate': 0.375}","{'current': 1448.0, 'recent': 1448.0, 'mean': 1448.0, 'max': 1448.0}"
3569,11161,SkyForge Griffins,USA,NC,fnc,2026,True,2026,"{'wins': 10, 'losses': 14, 'ties': 0, 'count': 24, 'winrate': 0.4167}","{'current': 1422.0, 'recent': 1422.0, 'mean': 1422.0, 'max': 1422.0}"
3570,11164,Byte Robotics,Türkiye,,,2026,True,2026,"{'wins': 5, 'losses': 8, 'ties': 0, 'count': 13, 'winrate': 0.3846}","{'current': 1442.0, 'recent': 1442.0, 'mean': 1442.0, 'max': 1442.0}"
3571,11166,LionTECH,Türkiye,,,2026,True,2026,"{'wins': 10, 'losses': 7, 'ties': 0, 'count': 17, 'winrate': 0.5882}","{'current': 1455.0, 'recent': 1455.0, 'mean': 1455.0, 'max': 1455.0}"
3572,11167,Team Titan,USA,SC,fsc,2026,True,2026,"{'wins': 14, 'losses': 15, 'ties': 0, 'count': 29, 'winrate': 0.4828}","{'current': 1501.0, 'recent': 1501.0, 'mean': 1501.0, 'max': 1501.0}"
3573,11169,ERA Delta,USA,TX,fit,2026,True,2026,"{'wins': 19, 'losses': 15, 'ties': 0, 'count': 34, 'winrate': 0.5588}","{'current': 1459.0, 'recent': 1459.0, 'mean': 1459.0, 'max': 1459.0}"
3574,11171,Hi Gear,USA,MO,,2026,True,2026,"{'wins': 1, 'losses': 9, 'ties': 0, 'count': 10, 'winrate': 0.1}","{'current': 1493.0, 'recent': 1493.0, 'mean': 1493.0, 'max': 1493.0}"
3575,11173,STAR FORCE,USA,IL,,2026,True,2026,"{'wins': 2, 'losses': 8, 'ties': 0, 'count': 10, 'winrate': 0.2}","{'current': 1373.0, 'recent': 1373.0, 'mean': 1373.0, 'max': 1373.0}"
3576,11174,Danes Robotics,USA,GA,pch,2026,True,2026,"{'wins': 17, 'losses': 14, 'ties': 0, 'count': 31, 'winrate': 0.5484}","{'current': 1447.0, 'recent': 1447.0, 'mean': 1447.0, 'max': 1447.0}"
3577,11175,Tidal Shock,USA,VT,ne,2026,True,2026,"{'wins': 15, 'losses': 15, 'ties': 1, 'count': 31, 'winrate': 0.5}","{'current': 1474.0, 'recent': 1474.0, 'mean': 1474.0, 'max': 1474.0}"
3578,11176,RoboRabbits,USA,AZ,,2026,True,2026,"{'wins': 3, 'losses': 6, 'ties': 0, 'count': 9, 'winrate': 0.3333}","{'current': 1403.0, 'recent': 1403.0, 'mean': 1403.0, 'max': 1403.0}"
3579,11177,HCSH Leopard Cat,Chinese Taipei,,,2026,True,2026,"{'wins': 6, 'losses': 9, 'ties': 0, 'count': 15, 'winrate': 0.4}","{'current': 1485.0, 'recent': 1485.0, 'mean': 1485.0, 'max': 1485.0}"
3580,11178,Revelation,USA,TX,fit,2026,True,2026,"{'wins': 16, 'losses': 10, 'ties': 0, 'count': 26, 'winrate': 0.6154}","{'current': 1488.0, 'recent': 1488.0, 'mean': 1488.0, 'max': 1488.0}"
3581,11179,The Power of Friendship,USA,NC,fnc,2026,True,2026,"{'wins': 18, 'losses': 15, 'ties': 0, 'count': 33, 'winrate': 0.5455}","{'current': 1495.0, 'recent': 1495.0, 'mean': 1495.0, 'max': 1495.0}"
3582,11188,SAR Dynamics,Brazil,,,2026,True,2026,"{'wins': 2, 'losses': 8, 'ties': 0, 'count': 10, 'winrate': 0.2}","{'current': 1422.0, 'recent': 1422.0, 'mean': 1422.0, 'max': 1422.0}"
3583,11195,VOLT Robotics,USA,IL,,2026,True,2026,"{'wins': 7, 'losses': 5, 'ties': 0, 'count': 12, 'winrate': 0.5833}","{'current': 1506.0, 'recent': 1506.0, 'mean': 1506.0, 'max': 1506.0}"
3584,11200,Panther Prime,USA,TX,fit,2026,True,2026,"{'wins': 18, 'losses': 17, 'ties': 0, 'count': 35, 'winrate': 0.5143}","{'current': 1474.0, 'recent': 1474.0, 'mean': 1474.0, 'max': 1474.0}"
3585,11201,MangTech,Brazil,,,2026,True,2026,"{'wins': 4, 'losses': 6, 'ties': 0, 'count': 10, 'winrate': 0.4}","{'current': 1460.0, 'recent': 1460.0, 'mean': 1460.0, 'max': 1460.0}"
3586,11210,MACHS Raiders 1,USA,IA,,2026,True,2026,"{'wins': 4, 'losses': 4, 'ties': 0, 'count': 8, 'winrate': 0.5}","{'current': 1506.0, 'recent': 1506.0, 'mean': 1506.0, 'max': 1506.0}"
3587,11211,Apex Dimension,USA,MD,fch,2026,True,2026,"{'wins': 10, 'losses': 14, 'ties': 0, 'count': 24, 'winrate': 0.4167}","{'current': 1465.0, 'recent': 1465.0, 'mean': 1465.0, 'max': 1465.0}"
3588,11214,[CY]BEARCATS robotics,USA,GA,pch,2026,True,2026,"{'wins': 14, 'losses': 19, 'ties': 0, 'count': 33, 'winrate': 0.4242}","{'current': 1402.0, 'recent': 1402.0, 'mean': 1402.0, 'max': 1402.0}"
3589,11215,Les Panthères,Canada,ON,ont,2026,True,2026,"{'wins': 0, 'losses': 0, 'ties': 0, 'count': 0, 'winrate': 0.0}","{'current': 1450.0, 'recent': 1450.0, 'mean': 1450.0, 'max': 1450.0}"
3590,11216,FLAZIA ROBOTICS,Türkiye,,,2026,True,2026,"{'wins': 19, 'losses': 10, 'ties': 0, 'count': 29, 'winrate': 0.6552}","{'current': 1711.0, 'recent': 1711.0, 'mean': 1711.0, 'max': 1711.0}"
3591,11219,North Union Robotics,USA,IA,,2026,True,2026,"{'wins': 5, 'losses': 5, 'ties': 0, 'count': 10, 'winrate': 0.5}","{'current': 1459.0, 'recent': 1459.0, 'mean': 1459.0, 'max': 1459.0}"
3592,11220,The Royal Guard,USA,CO,,2026,True,2026,"{'wins': 6, 'losses': 7, 'ties': 0, 'count': 13, 'winrate': 0.4615}","{'current': 1460.0, 'recent': 1460.0, 'mean': 1460.0, 'max': 1460.0}"
3593,11222,"STAXX, Sponsored by NASA",USA,FL,,2026,True,2026,"{'wins': 3, 'losses': 5, 'ties': 0, 'count': 8, 'winrate': 0.375}","{'current': 1438.0, 'recent': 1438.0, 'mean': 1438.0, 'max': 1438.0}"
3594,11223,The Whistlepunks,USA,MN,,2026,True,2026,"{'wins': 8, 'losses': 6, 'ties': 0, 'count': 14, 'winrate': 0.5714}","{'current': 1513.0, 'recent': 1484.0, 'mean': 1484.0, 'max': 1513.0}"
3595,11224,Azreal,USA,TX,fit,2026,True,2026,"{'wins': 9, 'losses': 17, 'ties': 0, 'count': 26, 'winrate': 0.3462}","{'current': 1446.0, 'recent': 1446.0, 'mean': 1446.0, 'max': 1446.0}"
3596,11225,Wolfimus,USA,NJ,fma,2026,True,2026,"{'wins': 5, 'losses': 7, 'ties': 0, 'count': 12, 'winrate': 0.4167}","{'current': 1454.0, 'recent': 1454.0, 'mean': 1454.0, 'max': 1454.0}"
3597,11227,Goose Goose Duck,Canada,ON,ont,2026,True,2026,"{'wins': 9, 'losses': 19, 'ties': 0, 'count': 28, 'winrate': 0.3214}","{'current': 1526.0, 'recent': 1526.0, 'mean': 1526.0, 'max': 1526.0}"
3598,11229,Open Circuit,Chinese Taipei,,,2026,True,2026,"{'wins': 6, 'losses': 9, 'ties': 0, 'count': 15, 'winrate': 0.4}","{'current': 1458.0, 'recent': 1458.0, 'mean': 1458.0, 'max': 1458.0}"
3599,11230,White Hat Hackers,USA,CA,ca,2026,True,2026,"{'wins': 8, 'losses': 16, 'ties': 0, 'count': 24, 'winrate': 0.3333}","{'current': 1442.0, 'recent': 1442.0, 'mean': 1442.0, 'max': 1442.0}"
3600,11235,Golden Ratio,USA,NV,,2026,True,2026,"{'wins': 0, 'losses': 0, 'ties': 0, 'count': 0, 'winrate': 0.0}","{'current': 1450.0, 'recent': 1450.0, 'mean': 1450.0, 'max': 1450.0}"
3601,11240,Rotatech,Türkiye,,,2026,True,2026,"{'wins': 3, 'losses': 6, 'ties': 0, 'count': 9, 'winrate': 0.3333}","{'current': 1475.0, 'recent': 1475.0, 'mean': 1475.0, 'max': 1475.0}"
3602,11241,PRAIRIE,USA,IA,,2026,True,2026,"{'wins': 1, 'losses': 7, 'ties': 0, 'count': 8, 'winrate': 0.125}","{'current': 1401.0, 'recent': 1401.0, 'mean': 1401.0, 'max': 1401.0}"
3603,11242,Golden Eagle Mechanics,USA,TX,fit,2026,True,2026,"{'wins': 14, 'losses': 15, 'ties': 1, 'count': 30, 'winrate': 0.4833}","{'current': 1521.0, 'recent': 1521.0, 'mean': 1521.0, 'max': 1521.0}"
3604,11243,Cyber Knights,USA,CA,ca,2026,True,2026,"{'wins': 10, 'losses': 14, 'ties': 0, 'count': 24, 'winrate': 0.4167}","{'current': 1455.0, 'recent': 1455.0, 'mean': 1455.0, 'max': 1455.0}"
3605,11244,Avrasya Robotics,Türkiye,,,2026,True,2026,"{'wins': 13, 'losses': 4, 'ties': 0, 'count': 17, 'winrate': 0.7647}","{'current': 1487.0, 'recent': 1487.0, 'mean': 1487.0, 'max': 1487.0}"
3606,11246,Tiger Botz,USA,IA,,2026,True,2026,"{'wins': 2, 'losses': 9, 'ties': 0, 'count': 11, 'winrate': 0.1818}","{'current': 1460.0, 'recent': 1460.0, 'mean': 1460.0, 'max': 1460.0}"
3607,11247,Alisal High School Robotics Team,USA,CA,ca,2026,True,2026,"{'wins': 7, 'losses': 17, 'ties': 0, 'count': 24, 'winrate': 0.2917}","{'current': 1411.0, 'recent': 1411.0, 'mean': 1411.0, 'max': 1411.0}"
3608,11252,1st ACT,USA,VA,fch,2026,True,2026,"{'wins': 7, 'losses': 18, 'ties': 0, 'count': 25, 'winrate': 0.28}","{'current': 1453.0, 'recent': 1453.0, 'mean': 1453.0, 'max': 1453.0}"
3609,11254,FIRST Ignition,USA,SC,fsc,2026,True,2026,"{'wins': 12, 'losses': 18, 'ties': 0, 'count': 30, 'winrate': 0.4}","{'current': 1481.0, 'recent': 1481.0, 'mean': 1481.0, 'max': 1481.0}"
3610,11255,KAR Robotics,Türkiye,,,2026,True,2026,"{'wins': 5, 'losses': 9, 'ties': 0, 'count': 14, 'winrate': 0.3571}","{'current': 1497.0, 'recent': 1497.0, 'mean': 1497.0, 'max': 1497.0}"
3611,11256,Satellites,China,,,2026,True,2026,"{'wins': 3, 'losses': 4, 'ties': 0, 'count': 7, 'winrate': 0.4286}","{'current': 1457.0, 'recent': 1457.0, 'mean': 1457.0, 'max': 1457.0}"
3612,11257,Hi-Sac,Türkiye,,,2026,True,2026,"{'wins': 0, 'losses': 0, 'ties': 0, 'count': 0, 'winrate': 0.0}","{'current': 1450.0, 'recent': 1450.0, 'mean': 1450.0, 'max': 1450.0}"
3613,11258,Honey Badgers,USA,WI,win,2026,True,2026,"{'wins': 9, 'losses': 16, 'ties': 0, 'count': 25, 'winrate': 0.36}","{'current': 1444.0, 'recent': 1444.0, 'mean': 1444.0, 'max': 1444.0}"
3614,11260,Ursuline Robotics,USA,LA,,2026,True,2026,"{'wins': 4, 'losses': 4, 'ties': 0, 'count': 8, 'winrate': 0.5}","{'current': 1454.0, 'recent': 1454.0, 'mean': 1454.0, 'max': 1454.0}"
3615,11265,Rockbotics -FRC,USA,MS,,2026,True,2026,"{'wins': 3, 'losses': 6, 'ties': 0, 'count': 9, 'winrate': 0.3333}","{'current': 1386.0, 'recent': 1386.0, 'mean': 1386.0, 'max': 1386.0}"
3616,11266,Finaltech,Türkiye,,,2026,True,2026,"{'wins': 4, 'losses': 8, 'ties': 0, 'count': 12, 'winrate': 0.3333}","{'current': 1458.0, 'recent': 1458.0, 'mean': 1458.0, 'max': 1458.0}"
3617,11267,MASAL,Türkiye,,,2026,True,2026,"{'wins': 0, 'losses': 0, 'ties': 0, 'count': 0, 'winrate': 0.0}","{'current': 1450.0, 'recent': 1450.0, 'mean': 1450.0, 'max': 1450.0}"
3618,11269,Batteries Not Included,USA,VT,ne,2026,True,2026,"{'wins': 10, 'losses': 14, 'ties': 0, 'count': 24, 'winrate': 0.4167}","{'current': 1425.0, 'recent': 1425.0, 'mean': 1425.0, 'max': 1425.0}"
3619,11270,Nova,Canada,ON,ont,2026,True,2026,"{'wins': 21, 'losses': 12, 'ties': 0, 'count': 33, 'winrate': 0.6364}","{'current': 1681.0, 'recent': 1681.0, 'mean': 1681.0, 'max': 1681.0}"
3620,11274,Warrior Robotics,USA,CA,ca,2026,True,2026,"{'wins': 9, 'losses': 15, 'ties': 0, 'count': 24, 'winrate': 0.375}","{'current': 1470.0, 'recent': 1462.0, 'mean': 1462.0, 'max': 1470.0}"
3621,11275,Defenders 1,USA,KY,,2026,True,2026,"{'wins': 3, 'losses': 7, 'ties': 0, 'count': 10, 'winrate': 0.3}","{'current': 1424.0, 'recent': 1424.0, 'mean': 1424.0, 'max': 1424.0}"
3622,11276,Kenner BruhBots,USA,LA,,2026,True,2026,"{'wins': 3, 'losses': 5, 'ties': 0, 'count': 8, 'winrate': 0.375}","{'current': 1504.0, 'recent': 1504.0, 'mean': 1504.0, 'max': 1504.0}"
3623,11277,ARC,USA,TX,fit,2026,True,2026,"{'wins': 12, 'losses': 17, 'ties': 0, 'count': 29, 'winrate': 0.4138}","{'current': 1440.0, 'recent': 1440.0, 'mean': 1440.0, 'max': 1440.0}"
3624,11281,Phoenix Robotics,Türkiye,,,2026,True,2026,"{'wins': 9, 'losses': 6, 'ties': 0, 'count': 15, 'winrate': 0.6}","{'current': 1474.0, 'recent': 1474.0, 'mean': 1474.0, 'max': 1474.0}"
3625,11282,Tri-Force,USA,FL,,2026,True,2026,"{'wins': 3, 'losses': 5, 'ties': 0, 'count': 8, 'winrate': 0.375}","{'current': 1447.0, 'recent': 1447.0, 'mean': 1447.0, 'max': 1447.0}"
3626,11283,Melrose Gear Grinders,USA,MN,,2026,True,2026,"{'wins': 8, 'losses': 3, 'ties': 0, 'count': 11, 'winrate': 0.7273}","{'current': 1570.0, 'recent': 1570.0, 'mean': 1570.0, 'max': 1570.0}"
3627,11285,Purple Autobots,USA,NC,fnc,2026,True,2026,"{'wins': 12, 'losses': 14, 'ties': 0, 'count': 26, 'winrate': 0.4615}","{'current': 1428.0, 'recent': 1428.0, 'mean': 1428.0, 'max': 1428.0}"
3628,11287,Canton Rising Stars,USA,MS,,2026,True,2026,"{'wins': 3, 'losses': 6, 'ties': 0, 'count': 9, 'winrate': 0.3333}","{'current': 1432.0, 'recent': 1432.0, 'mean': 1432.0, 'max': 1432.0}"
3629,11288,Trident Force,China,,,2026,True,2026,"{'wins': 3, 'losses': 4, 'ties': 0, 'count': 7, 'winrate': 0.4286}","{'current': 1426.0, 'recent': 1426.0, 'mean': 1426.0, 'max': 1426.0}"
3630,11292,Icebots,USA,MN,,2026,True,2026,"{'wins': 5, 'losses': 6, 'ties': 0, 'count': 11, 'winrate': 0.4545}","{'current': 1468.0, 'recent': 1468.0, 'mean': 1468.0, 'max': 1468.0}"
3631,11296,Merced Fusion Robotics,USA,CA,ca,2026,True,2026,"{'wins': 12, 'losses': 14, 'ties': 0, 'count': 26, 'winrate': 0.4615}","{'current': 1479.0, 'recent': 1479.0, 'mean': 1479.0, 'max': 1479.0}"
3632,11297,Iron Corsairs,USA,NC,fnc,2026,True,2026,"{'wins': 9, 'losses': 15, 'ties': 0, 'count': 24, 'winrate': 0.375}","{'current': 1464.0, 'recent': 1464.0, 'mean': 1464.0, 'max': 1464.0}"
3633,11300,ZENITH,Türkiye,,,2026,True,2026,"{'wins': 9, 'losses': 7, 'ties': 0, 'count': 16, 'winrate': 0.5625}","{'current': 1442.0, 'recent': 1442.0, 'mean': 1442.0, 'max': 1442.0}"
3634,11302,Hot Rods,Canada,BC,,2026,True,2026,"{'wins': 1, 'losses': 9, 'ties': 0, 'count': 10, 'winrate': 0.1}","{'current': 1358.0, 'recent': 1358.0, 'mean': 1358.0, 'max': 1358.0}"
3635,11303,BEZOAR ROBOTICS,Türkiye,,,2026,True,2026,"{'wins': 4, 'losses': 7, 'ties': 0, 'count': 11, 'winrate': 0.3636}","{'current': 1456.0, 'recent': 1456.0, 'mean': 1456.0, 'max': 1456.0}"
3636,11304,Meowbotics - Fresnillo PLC,Mexico,,,2026,True,2026,"{'wins': 7, 'losses': 9, 'ties': 0, 'count': 16, 'winrate': 0.4375}","{'current': 1418.0, 'recent': 1418.0, 'mean': 1418.0, 'max': 1418.0}"
3637,11308,Daniel Morgan Patriots,USA,SC,fsc,2026,True,2026,"{'wins': 18, 'losses': 12, 'ties': 1, 'count': 31, 'winrate': 0.5968}","{'current': 1481.0, 'recent': 1481.0, 'mean': 1481.0, 'max': 1481.0}"
3638,11309,Gear Owls,USA,TX,fit,2026,True,2026,"{'wins': 11, 'losses': 17, 'ties': 0, 'count': 28, 'winrate': 0.3929}","{'current': 1436.0, 'recent': 1436.0, 'mean': 1436.0, 'max': 1436.0}"
3639,11312,Royal Flush,USA,IA,,2026,True,2026,"{'wins': 5, 'losses': 3, 'ties': 0, 'count': 8, 'winrate': 0.625}","{'current': 1474.0, 'recent': 1474.0, 'mean': 1474.0, 'max': 1474.0}"
3640,11313,tROBOmakEr,Chinese Taipei,,,2026,True,2026,"{'wins': 0, 'losses': 0, 'ties': 0, 'count': 0, 'winrate': 0.0}","{'current': 1450.0, 'recent': 1450.0, 'mean': 1450.0, 'max': 1450.0}"
3641,11318,Freedom Robotics,USA,VA,fch,2026,True,2026,"{'wins': 17, 'losses': 14, 'ties': 0, 'count': 31, 'winrate': 0.5484}","{'current': 1547.0, 'recent': 1547.0, 'mean': 1547.0, 'max': 1547.0}"
3642,11319,Polaris,China,,,2026,True,2026,"{'wins': 3, 'losses': 4, 'ties': 0, 'count': 7, 'winrate': 0.4286}","{'current': 1519.0, 'recent': 1519.0, 'mean': 1519.0, 'max': 1519.0}"
3643,11328,SIA,China,,,2026,True,2026,"{'wins': 5, 'losses': 5, 'ties': 0, 'count': 10, 'winrate': 0.5}","{'current': 1567.0, 'recent': 1567.0, 'mean': 1567.0, 'max': 1567.0}"
3644,11329,G-Force,Israel,,isr,2026,True,2026,"{'wins': 0, 'losses': 0, 'ties': 0, 'count': 0, 'winrate': 0.0}","{'current': 1450.0, 'recent': 1450.0, 'mean': 1450.0, 'max': 1450.0}"
3645,11331,TarryBots,USA,NY,,2026,True,2026,"{'wins': 6, 'losses': 4, 'ties': 0, 'count': 10, 'winrate': 0.6}","{'current': 1402.0, 'recent': 1402.0, 'mean': 1402.0, 'max': 1402.0}"
3646,11332,Sunrise,Israel,,isr,2026,True,2026,"{'wins': 0, 'losses': 0, 'ties': 0, 'count': 0, 'winrate': 0.0}","{'current': 1450.0, 'recent': 1450.0, 'mean': 1450.0, 'max': 1450.0}"
3647,11335,MARETECH,Türkiye,,,2026,True,2026,"{'wins': 5, 'losses': 2, 'ties': 0, 'count': 7, 'winrate': 0.7143}","{'current': 1484.0, 'recent': 1484.0, 'mean': 1484.0, 'max': 1484.0}"
3648,11336,Anomaly,USA,ME,ne,2026,True,2026,"{'wins': 11, 'losses': 19, 'ties': 0, 'count': 30, 'winrate': 0.3667}","{'current': 1525.0, 'recent': 1525.0, 'mean': 1525.0, 'max': 1525.0}"
3649,11337,Mystery Machines,USA,TN,,2026,True,2026,"{'wins': 4, 'losses': 6, 'ties': 0, 'count': 10, 'winrate': 0.4}","{'current': 1463.0, 'recent': 1463.0, 'mean': 1463.0, 'max': 1463.0}"
3650,11339,Cibatronic,Dominican Republic,,,2026,True,2026,"{'wins': 4, 'losses': 5, 'ties': 1, 'count': 10, 'winrate': 0.45}","{'current': 1458.0, 'recent': 1458.0, 'mean': 1458.0, 'max': 1458.0}"
3651,11342,StingVille Robotics Team,USA,LA,,2026,True,2026,"{'wins': 3, 'losses': 5, 'ties': 0, 'count': 8, 'winrate': 0.375}","{'current': 1397.0, 'recent': 1397.0, 'mean': 1397.0, 'max': 1397.0}"
3652,11343,SoulCity Circuits (JPS Robotics),USA,MS,,2026,True,2026,"{'wins': 2, 'losses': 7, 'ties': 0, 'count': 9, 'winrate': 0.2222}","{'current': 1383.0, 'recent': 1383.0, 'mean': 1383.0, 'max': 1383.0}"
3653,11345,Long Beach RoboBearcats,USA,MS,,2026,True,2026,"{'wins': 4, 'losses': 5, 'ties': 0, 'count': 9, 'winrate': 0.4444}","{'current': 1395.0, 'recent': 1395.0, 'mean': 1395.0, 'max': 1395.0}"
3654,11347,Bronco Brigade,USA,WA,pnw,2026,True,2026,"{'wins': 7, 'losses': 17, 'ties': 0, 'count': 24, 'winrate': 0.2917}","{'current': 1501.0, 'recent': 1501.0, 'mean': 1501.0, 'max': 1501.0}"
3655,11350,Guilford Gearheads,USA,MD,fch,2026,True,2026,"{'wins': 13, 'losses': 14, 'ties': 0, 'count': 27, 'winrate': 0.4815}","{'current': 1397.0, 'recent': 1397.0, 'mean': 1397.0, 'max': 1397.0}"
3656,11351,LYNTECH - Fresnillo PLC,Mexico,,,2026,True,2026,"{'wins': 5, 'losses': 7, 'ties': 0, 'count': 12, 'winrate': 0.4167}","{'current': 1446.0, 'recent': 1446.0, 'mean': 1446.0, 'max': 1446.0}"
3657,11352,Flying Tiger,China,,,2026,True,2026,"{'wins': 1, 'losses': 6, 'ties': 0, 'count': 7, 'winrate': 0.1429}","{'current': 1397.0, 'recent': 1397.0, 'mean': 1397.0, 'max': 1397.0}"
3658,11353,Visionary Sparks,USA,NC,fnc,2026,True,2026,"{'wins': 19, 'losses': 14, 'ties': 1, 'count': 34, 'winrate': 0.5735}","{'current': 1447.0, 'recent': 1447.0, 'mean': 1447.0, 'max': 1447.0}"
3659,11354,Access2Innovate Foundation,Canada,BC,,2026,True,2026,"{'wins': 5, 'losses': 5, 'ties': 0, 'count': 10, 'winrate': 0.5}","{'current': 1452.0, 'recent': 1452.0, 'mean': 1452.0, 'max': 1452.0}"
3660,11361,ORA Raven Bots,USA,MI,fim,2026,True,2026,"{'wins': 9, 'losses': 15, 'ties': 0, 'count': 24, 'winrate': 0.375}","{'current': 1445.0, 'recent': 1445.0, 'mean': 1445.0, 'max': 1445.0}"
3661,11362,RoBumpers,Canada,ON,ont,2026,True,2026,"{'wins': 8, 'losses': 11, 'ties': 0, 'count': 19, 'winrate': 0.4211}","{'current': 1387.0, 'recent': 1387.0, 'mean': 1387.0, 'max': 1387.0}"
3662,11363,Pickle Squad,USA,FL,,2026,True,2026,"{'wins': 4, 'losses': 4, 'ties': 0, 'count': 8, 'winrate': 0.5}","{'current': 1452.0, 'recent': 1452.0, 'mean': 1452.0, 'max': 1452.0}"
3663,11365,Ignite Robotics,Türkiye,,,2026,True,2026,"{'wins': 5, 'losses': 7, 'ties': 0, 'count': 12, 'winrate': 0.4167}","{'current': 1436.0, 'recent': 1436.0, 'mean': 1436.0, 'max': 1436.0}"
3664,11366,Red Devil's Redemption,USA,PA,fma,2026,True,2026,"{'wins': 10, 'losses': 16, 'ties': 0, 'count': 26, 'winrate': 0.3846}","{'current': 1400.0, 'recent': 1400.0, 'mean': 1400.0, 'max': 1400.0}"
3665,11368,SCTC ZettaBots,USA,SC,fsc,2026,True,2026,"{'wins': 10, 'losses': 18, 'ties': 0, 'count': 28, 'winrate': 0.3571}","{'current': 1468.0, 'recent': 1468.0, 'mean': 1468.0, 'max': 1468.0}"
3666,11371,Odyssey,Türkiye,,,2026,True,2026,"{'wins': 8, 'losses': 11, 'ties': 0, 'count': 19, 'winrate': 0.4211}","{'current': 1416.0, 'recent': 1416.0, 'mean': 1416.0, 'max': 1416.0}"
3667,11377,Knightmare Robotics,USA,NC,fnc,2026,True,2026,"{'wins': 16, 'losses': 15, 'ties': 0, 'count': 31, 'winrate': 0.5161}","{'current': 1495.0, 'recent': 1495.0, 'mean': 1495.0, 'max': 1495.0}"
3668,11379,TURTLESS,South Korea,,,2026,True,2026,"{'wins': 5, 'losses': 7, 'ties': 0, 'count': 12, 'winrate': 0.4167}","{'current': 1407.0, 'recent': 1407.0, 'mean': 1407.0, 'max': 1407.0}"
3669,11380,CECYBOTS - Peñoles,Mexico,,,2026,True,2026,"{'wins': 7, 'losses': 5, 'ties': 0, 'count': 12, 'winrate': 0.5833}","{'current': 1416.0, 'recent': 1416.0, 'mean': 1416.0, 'max': 1416.0}"
3670,11382,INTERHERMES,Türkiye,,,2026,True,2026,"{'wins': 4, 'losses': 11, 'ties': 0, 'count': 15, 'winrate': 0.2667}","{'current': 1375.0, 'recent': 1375.0, 'mean': 1375.0, 'max': 1375.0}"
3671,11386,Climax-Scotts PantherBots,USA,MI,fim,2026,True,2026,"{'wins': 18, 'losses': 14, 'ties': 0, 'count': 32, 'winrate': 0.5625}","{'current': 1536.0, 'recent': 1536.0, 'mean': 1536.0, 'max': 1536.0}"
3672,11387,G.L.E.A.M. - Grass Lake Engineering and Mechanics,USA,MI,fim,2026,True,2026,"{'wins': 12, 'losses': 12, 'ties': 0, 'count': 24, 'winrate': 0.5}","{'current': 1483.0, 'recent': 1483.0, 'mean': 1483.0, 'max': 1483.0}"
3673,11388,STEAM & IRON ROBOTICS,Türkiye,,,2026,True,2026,"{'wins': 4, 'losses': 3, 'ties': 0, 'count': 7, 'winrate': 0.5714}","{'current': 1491.0, 'recent': 1491.0, 'mean': 1491.0, 'max': 1491.0}"
3674,11389,ŞAL RoboRage,Türkiye,,,2026,True,2026,"{'wins': 3, 'losses': 6, 'ties': 0, 'count': 9, 'winrate': 0.3333}","{'current': 1426.0, 'recent': 1426.0, 'mean': 1426.0, 'max': 1426.0}"
3675,11390,Habsor,Israel,,isr,2026,True,2026,"{'wins': 0, 'losses': 0, 'ties': 0, 'count': 0, 'winrate': 0.0}","{'current': 1450.0, 'recent': 1450.0, 'mean': 1450.0, 'max': 1450.0}"
3676,11391,Hypatia,Canada,BC,,2026,True,2026,"{'wins': 4, 'losses': 6, 'ties': 0, 'count': 10, 'winrate': 0.4}","{'current': 1430.0, 'recent': 1430.0, 'mean': 1430.0, 'max': 1430.0}"
3677,11392,Gulf Tech,Türkiye,,,2026,True,2026,"{'wins': 3, 'losses': 4, 'ties': 0, 'count': 7, 'winrate': 0.4286}","{'current': 1383.0, 'recent': 1383.0, 'mean': 1383.0, 'max': 1383.0}"
3678,11398,Shark Bytes,USA,SC,fsc,2026,True,2026,"{'wins': 13, 'losses': 18, 'ties': 0, 'count': 31, 'winrate': 0.4194}","{'current': 1469.0, 'recent': 1469.0, 'mean': 1469.0, 'max': 1469.0}"
3679,11399,Timber Tech,USA,MI,fim,2026,True,2026,"{'wins': 6, 'losses': 6, 'ties': 0, 'count': 12, 'winrate': 0.5}","{'current': 1420.0, 'recent': 1420.0, 'mean': 1420.0, 'max': 1420.0}"
3680,11401,Glorious Robotics,Türkiye,,,2026,True,2026,"{'wins': 7, 'losses': 9, 'ties': 0, 'count': 16, 'winrate': 0.4375}","{'current': 1444.0, 'recent': 1444.0, 'mean': 1444.0, 'max': 1444.0}"
3681,11404,The Power of Skopje,Macedonia,,,2026,True,2026,"{'wins': 3, 'losses': 6, 'ties': 0, 'count': 9, 'winrate': 0.3333}","{'current': 1326.0, 'recent': 1326.0, 'mean': 1326.0, 'max': 1326.0}"
3682,11407,Sturgis Trojans,USA,MI,fim,2026,True,2026,"{'wins': 8, 'losses': 16, 'ties': 0, 'count': 24, 'winrate': 0.3333}","{'current': 1444.0, 'recent': 1444.0, 'mean': 1444.0, 'max': 1444.0}"
3683,11409,Alchemist's Return,USA,CT,ne,2026,True,2026,"{'wins': 9, 'losses': 17, 'ties': 0, 'count': 26, 'winrate': 0.3462}","{'current': 1429.0, 'recent': 1429.0, 'mean': 1429.0, 'max': 1429.0}"
3684,11410,WGSS Delta Lab,Canada,BC,,2026,True,2026,"{'wins': 6, 'losses': 4, 'ties': 0, 'count': 10, 'winrate': 0.6}","{'current': 1386.0, 'recent': 1386.0, 'mean': 1386.0, 'max': 1386.0}"
3685,11415,Storm Surge,USA,VA,fch,2026,True,2026,"{'wins': 17, 'losses': 13, 'ties': 0, 'count': 30, 'winrate': 0.5667}","{'current': 1656.0, 'recent': 1656.0, 'mean': 1656.0, 'max': 1656.0}"
3686,11416,Raptoris Robotics,Türkiye,,,2026,True,2026,"{'wins': 7, 'losses': 7, 'ties': 1, 'count': 15, 'winrate': 0.5}","{'current': 1468.0, 'recent': 1468.0, 'mean': 1468.0, 'max': 1468.0}"
3687,11417,Nano Knights,USA,NC,fnc,2026,True,2026,"{'wins': 11, 'losses': 18, 'ties': 0, 'count': 29, 'winrate': 0.3793}","{'current': 1458.0, 'recent': 1458.0, 'mean': 1458.0, 'max': 1458.0}"
3688,11423,Team IIA,USA,MI,fim,2026,True,2026,"{'wins': 11, 'losses': 14, 'ties': 0, 'count': 25, 'winrate': 0.44}","{'current': 1423.0, 'recent': 1423.0, 'mean': 1423.0, 'max': 1423.0}"
3689,11424,Boa Constructors,USA,SC,fsc,2026,True,2026,"{'wins': 19, 'losses': 15, 'ties': 0, 'count': 34, 'winrate': 0.5588}","{'current': 1476.0, 'recent': 1476.0, 'mean': 1476.0, 'max': 1476.0}"
3690,11425,Byteforge,USA,VA,fch,2026,True,2026,"{'wins': 12, 'losses': 22, 'ties': 0, 'count': 34, 'winrate': 0.3529}","{'current': 1487.0, 'recent': 1487.0, 'mean': 1487.0, 'max': 1487.0}"
3691,11428,Corpus Christi,Canada,ON,ont,2026,True,2026,"{'wins': 5, 'losses': 7, 'ties': 0, 'count': 12, 'winrate': 0.4167}","{'current': 1468.0, 'recent': 1468.0, 'mean': 1468.0, 'max': 1468.0}"
3692,11429,NEW AI,Australia,,,2026,True,2026,"{'wins': 2, 'losses': 8, 'ties': 0, 'count': 10, 'winrate': 0.2}","{'current': 1341.0, 'recent': 1341.0, 'mean': 1341.0, 'max': 1341.0}"
3693,11431,TechnoTigers,USA,MI,fim,2026,True,2026,"{'wins': 10, 'losses': 14, 'ties': 0, 'count': 24, 'winrate': 0.4167}","{'current': 1484.0, 'recent': 1484.0, 'mean': 1484.0, 'max': 1484.0}"
3694,11435,St. Peter's High School RaiderBots,USA,MI,fim,2026,True,2026,"{'wins': 6, 'losses': 6, 'ties': 0, 'count': 12, 'winrate': 0.5}","{'current': 1364.0, 'recent': 1364.0, 'mean': 1364.0, 'max': 1364.0}"
3695,11436,CougarBots,USA,FL,,2026,True,2026,"{'wins': 0, 'losses': 0, 'ties': 0, 'count': 0, 'winrate': 0.0}","{'current': 1450.0, 'recent': 1450.0, 'mean': 1450.0, 'max': 1450.0}"
3696,11437,The ARC - Addison Robotics Club,USA,MI,fim,2026,True,2026,"{'wins': 10, 'losses': 16, 'ties': 0, 'count': 26, 'winrate': 0.3846}","{'current': 1484.0, 'recent': 1484.0, 'mean': 1484.0, 'max': 1484.0}"
3697,11440,Casman EObots,USA,MI,fim,2026,True,2026,"{'wins': 8, 'losses': 16, 'ties': 0, 'count': 24, 'winrate': 0.3333}","{'current': 1379.0, 'recent': 1379.0, 'mean': 1379.0, 'max': 1379.0}"
3698,11442,FEKAL ROBOTICS,Türkiye,,,2026,True,2026,"{'wins': 6, 'losses': 4, 'ties': 0, 'count': 10, 'winrate': 0.6}","{'current': 1532.0, 'recent': 1532.0, 'mean': 1532.0, 'max': 1532.0}"
3699,11443,Ferrum Nexus,USA,VA,fch,2026,True,2026,"{'wins': 5, 'losses': 7, 'ties': 0, 'count': 12, 'winrate': 0.4167}","{'current': 1498.0, 'recent': 1498.0, 'mean': 1498.0, 'max': 1498.0}"
3700,11444,Cougar Claw Robotics,USA,MI,fim,2026,True,2026,"{'wins': 10, 'losses': 14, 'ties': 0, 'count': 24, 'winrate': 0.4167}","{'current': 1431.0, 'recent': 1431.0, 'mean': 1431.0, 'max': 1431.0}"
3701,11453,FutureX Robotics,Türkiye,,,2026,True,2026,"{'wins': 2, 'losses': 4, 'ties': 1, 'count': 7, 'winrate': 0.3571}","{'current': 1487.0, 'recent': 1487.0, 'mean': 1487.0, 'max': 1487.0}"
3702,11455,The Iron Patriots,USA,MI,fim,2026,True,2026,"{'wins': 11, 'losses': 15, 'ties': 0, 'count': 26, 'winrate': 0.4231}","{'current': 1485.0, 'recent': 1485.0, 'mean': 1485.0, 'max': 1485.0}"
3703,11456,UMWACC Ruff Creek RoboMiners,USA,PA,,2026,True,2026,"{'wins': 1, 'losses': 7, 'ties': 0, 'count': 8, 'winrate': 0.125}","{'current': 1367.0, 'recent': 1367.0, 'mean': 1367.0, 'max': 1367.0}"
3704,11457,INVEST,USA,MI,fim,2026,True,2026,"{'wins': 10, 'losses': 14, 'ties': 0, 'count': 24, 'winrate': 0.4167}","{'current': 1419.0, 'recent': 1419.0, 'mean': 1419.0, 'max': 1419.0}"
3705,11458,Mechcats,USA,MI,fim,2026,True,2026,"{'wins': 12, 'losses': 14, 'ties': 0, 'count': 26, 'winrate': 0.4615}","{'current': 1466.0, 'recent': 1466.0, 'mean': 1466.0, 'max': 1466.0}"
3706,11459,St. Augustine Robotics,USA,CA,ca,2026,True,2026,"{'wins': 7, 'losses': 6, 'ties': 0, 'count': 13, 'winrate': 0.5385}","{'current': 1455.0, 'recent': 1455.0, 'mean': 1455.0, 'max': 1455.0}"
3707,11460,Olivet Eaglebots,USA,MI,fim,2026,True,2026,"{'wins': 13, 'losses': 13, 'ties': 0, 'count': 26, 'winrate': 0.5}","{'current': 1436.0, 'recent': 1436.0, 'mean': 1436.0, 'max': 1436.0}"
3708,11461,SW Phoenix,USA,MI,fim,2026,True,2026,"{'wins': 7, 'losses': 17, 'ties': 0, 'count': 24, 'winrate': 0.2917}","{'current': 1424.0, 'recent': 1424.0, 'mean': 1424.0, 'max': 1424.0}"
3709,11462,Morenci Miswired,USA,MI,fim,2026,True,2026,"{'wins': 12, 'losses': 14, 'ties': 0, 'count': 26, 'winrate': 0.4615}","{'current': 1461.0, 'recent': 1461.0, 'mean': 1461.0, 'max': 1461.0}"
3710,11463,SHC Robotics,USA,CA,ca,2026,True,2026,"{'wins': 7, 'losses': 17, 'ties': 0, 'count': 24, 'winrate': 0.2917}","{'current': 1449.0, 'recent': 1449.0, 'mean': 1449.0, 'max': 1449.0}"
3711,11464,Lancer Nation Robotics,USA,CT,ne,2026,True,2026,"{'wins': 10, 'losses': 14, 'ties': 0, 'count': 24, 'winrate': 0.4167}","{'current': 1476.0, 'recent': 1476.0, 'mean': 1476.0, 'max': 1476.0}"
3712,11466,Mega-CAPs,USA,MI,fim,2026,True,2026,"{'wins': 5, 'losses': 7, 'ties': 0, 'count': 12, 'winrate': 0.4167}","{'current': 1444.0, 'recent': 1444.0, 'mean': 1444.0, 'max': 1444.0}"
3713,11468,Lisbon Panther Robotics,USA,NH,ne,2026,True,2026,"{'wins': 6, 'losses': 7, 'ties': 0, 'count': 13, 'winrate': 0.4615}","{'current': 1449.0, 'recent': 1449.0, 'mean': 1449.0, 'max': 1449.0}"
3714,11469,Ignis Mechanica,USA,TX,fit,2026,True,2026,"{'wins': 11, 'losses': 18, 'ties': 0, 'count': 29, 'winrate': 0.3793}","{'current': 1459.0, 'recent': 1459.0, 'mean': 1459.0, 'max': 1459.0}"
3715,11471,Neon,Israel,,isr,2026,True,2026,"{'wins': 0, 'losses': 0, 'ties': 0, 'count': 0, 'winrate': 0.0}","{'current': 1450.0, 'recent': 1450.0, 'mean': 1450.0, 'max': 1450.0}"
3716,11473,Wixom Christian Warrior Robotics,USA,MI,fim,2026,True,2026,"{'wins': 10, 'losses': 14, 'ties': 0, 'count': 24, 'winrate': 0.4167}","{'current': 1458.0, 'recent': 1458.0, 'mean': 1458.0, 'max': 1458.0}"
3717,11474,SEED Bulldogs Byte!,USA,FL,,2026,True,2026,"{'wins': 0, 'losses': 0, 'ties': 0, 'count': 0, 'winrate': 0.0}","{'current': 1450.0, 'recent': 1450.0, 'mean': 1450.0, 'max': 1450.0}"
3718,11475,DawgBots,USA,SC,fsc,2026,True,2026,"{'wins': 9, 'losses': 15, 'ties': 0, 'count': 24, 'winrate': 0.375}","{'current': 1432.0, 'recent': 1432.0, 'mean': 1432.0, 'max': 1432.0}"
3719,11478,KasimTec,Israel,,isr,2026,True,2026,"{'wins': 0, 'losses': 0, 'ties': 0, 'count': 0, 'winrate': 0.0}","{'current': 1450.0, 'recent': 1450.0, 'mean': 1450.0, 'max': 1450.0}"
3720,11479,Formosa Robotics,Chinese Taipei,,,2026,True,2026,"{'wins': 6, 'losses': 4, 'ties': 0, 'count': 10, 'winrate': 0.6}","{'current': 1476.0, 'recent': 1476.0, 'mean': 1476.0, 'max': 1476.0}"
3721,11480,EXODUS,Israel,,isr,2026,True,2026,"{'wins': 0, 'losses': 0, 'ties': 0, 'count': 0, 'winrate': 0.0}","{'current': 1450.0, 'recent': 1450.0, 'mean': 1450.0, 'max': 1450.0}"
3722,11483,Red Line Robotics,USA,MA,ne,2026,True,2026,"{'wins': 17, 'losses': 13, 'ties': 0, 'count': 30, 'winrate': 0.5667}","{'current': 1496.0, 'recent': 1496.0, 'mean': 1496.0, 'max': 1496.0}"
3723,11485,Bestarian NextGEN,Malaysia,,,2026,True,2026,"{'wins': 2, 'losses': 5, 'ties': 0, 'count': 7, 'winrate': 0.2857}","{'current': 1449.0, 'recent': 1449.0, 'mean': 1449.0, 'max': 1449.0}"
3724,11486,Chesterton Saints,USA,MI,fim,2026,True,2026,"{'wins': 11, 'losses': 13, 'ties': 0, 'count': 24, 'winrate': 0.4583}","{'current': 1489.0, 'recent': 1489.0, 'mean': 1489.0, 'max': 1489.0}"
3725,11490,The Southwest Sparks,USA,MI,fim,2026,True,2026,"{'wins': 14, 'losses': 12, 'ties': 0, 'count': 26, 'winrate': 0.5385}","{'current': 1466.0, 'recent': 1466.0, 'mean': 1466.0, 'max': 1466.0}"
3726,11491,Bloomingdale Cardinals,USA,MI,fim,2026,True,2026,"{'wins': 9, 'losses': 15, 'ties': 0, 'count': 24, 'winrate': 0.375}","{'current': 1422.0, 'recent': 1422.0, 'mean': 1422.0, 'max': 1422.0}"
3727,11493,Pixel Knights,USA,MI,fim,2026,True,2026,"{'wins': 15, 'losses': 13, 'ties': 0, 'count': 28, 'winrate': 0.5357}","{'current': 1503.0, 'recent': 1503.0, 'mean': 1503.0, 'max': 1503.0}"
3728,11496,Jurassic JayHawks,USA,MI,fim,2026,True,2026,"{'wins': 15, 'losses': 12, 'ties': 0, 'count': 27, 'winrate': 0.5556}","{'current': 1496.0, 'recent': 1496.0, 'mean': 1496.0, 'max': 1496.0}"
3729,11503,TALONS,USA,MI,fim,2026,True,2026,"{'wins': 14, 'losses': 18, 'ties': 0, 'count': 32, 'winrate': 0.4375}","{'current': 1491.0, 'recent': 1491.0, 'mean': 1491.0, 'max': 1491.0}"
3730,11505,Kensington Woods Robotics,USA,MI,fim,2026,True,2026,"{'wins': 12, 'losses': 14, 'ties': 0, 'count': 26, 'winrate': 0.4615}","{'current': 1407.0, 'recent': 1407.0, 'mean': 1407.0, 'max': 1407.0}"
3731,11511,GearHeads,USA,MI,fim,2026,True,2026,"{'wins': 10, 'losses': 15, 'ties': 0, 'count': 25, 'winrate': 0.4}","{'current': 1449.0, 'recent': 1449.0, 'mean': 1449.0, 'max': 1449.0}"
3732,11522,Union HS,USA,MI,fim,2026,True,2026,"{'wins': 10, 'losses': 14, 'ties': 0, 'count': 24, 'winrate': 0.4167}","{'current': 1483.0, 'recent': 1483.0, 'mean': 1483.0, 'max': 1483.0}"
3733,11527,FCCA Chrome Crew,USA,MI,fim,2026,True,2026,"{'wins': 9, 'losses': 15, 'ties': 0, 'count': 24, 'winrate': 0.375}","{'current': 1450.0, 'recent': 1450.0, 'mean': 1450.0, 'max': 1450.0}"
